ISO-10303-21;
HEADER;
FILE_DESCRIPTION(('Open CASCADE Model'),'2;1');
FILE_NAME('Open CASCADE Shape Model','2026-09-24T23:24:40',('Author'),(
    'Open CASCADE'),'Open CASCADE STEP processor 7.8','Open CASCADE 7.8'
  ,'Unknown');
FILE_SCHEMA(('AUTOMOTIVE_DESIGN { 1 0 10303 214 1 1 1 1 }'));
ENDSEC;
DATA;
#1 = APPLICATION_PROTOCOL_DEFINITION('international standard',
  'automotive_design',2000,#2);
#2 = APPLICATION_CONTEXT(
  'core data for automotive mechanical design processes');
#3 = SHAPE_DEFINITION_REPRESENTATION(#4,#10);
#4 = PRODUCT_DEFINITION_SHAPE('','',#5);
#5 = PRODUCT_DEFINITION('design','',#6,#9);
#6 = PRODUCT_DEFINITION_FORMATION('','',#7);
#7 = PRODUCT('Open CASCADE STEP translator 7.8 1',
  'Open CASCADE STEP translator 7.8 1','',(#8));
#8 = PRODUCT_CONTEXT('',#2,'mechanical');
#9 = PRODUCT_DEFINITION_CONTEXT('part definition',#2,'design');
#10 = ADVANCED_BREP_SHAPE_REPRESENTATION('',(#11,#15),#13411);
#11 = AXIS2_PLACEMENT_3D('',#12,#13,#14);
#12 = CARTESIAN_POINT('',(0.,0.,0.));
#13 = DIRECTION('',(0.,0.,1.));
#14 = DIRECTION('',(1.,0.,-0.));
#15 = MANIFOLD_SOLID_BREP('',#16);
#16 = CLOSED_SHELL('',(#17,#249,#325,#374,#423,#560,#609,#658,#707,#841,
    #2680,#2730,#2780,#2879,#3302,#3329,#3484,#3516,#3569,#3622,#3653,
    #3684,#3737,#3790,#3821,#3852,#3905,#3958,#3989,#4020,#4073,#4126,
    #4157,#4188,#4241,#4294,#4325,#4356,#4409,#4462,#4493,#4524,#4577,
    #4630,#4661,#4692,#4745,#4798,#4829,#4860,#4913,#4966,#4997,#5028,
    #5081,#5134,#5165,#5196,#5249,#5302,#5333,#5364,#5417,#5470,#5501,
    #5532,#5585,#5638,#5669,#5700,#5753,#5806,#5837,#5868,#5918,#5945,
    #5998,#6005,#6055,#6082,#6109,#6142,#6174,#6181,#6257,#6306,#6355,
    #6404,#6453,#6480,#6507,#6534,#6592,#6645,#6698,#6751,#6804,#6857,
    #6910,#6963,#7016,#7069,#7122,#7175,#7228,#7281,#7334,#7387,#7440,
    #7493,#7546,#7599,#7652,#7705,#7758,#7811,#7864,#7917,#7970,#8023,
    #8076,#8129,#8182,#8235,#8288,#8341,#8394,#8447,#8500,#8553,#8606,
    #8659,#8712,#8765,#8818,#8871,#8924,#8977,#9030,#9083,#9136,#9189,
    #9242,#9295,#9348,#9401,#9454,#9502,#9542,#9573,#9604,#9635,#9666,
    #9697,#9728,#9759,#9790,#9821,#9852,#9883,#9914,#9945,#9976,#10007,
    #10038,#10069,#10100,#10131,#10162,#10193,#10224,#10255,#10286,
    #10317,#10348,#10379,#10410,#10441,#10472,#10503,#10534,#10565,
    #10596,#10627,#10658,#10689,#10720,#10751,#10782,#10813,#10844,
    #10875,#10906,#10937,#10968,#10999,#11030,#11061,#11092,#11123,
    #11154,#11185,#11216,#11247,#11278,#11333,#11381,#11427,#11451,
    #11477,#11525,#11571,#11595,#11621,#11669,#11715,#11739,#11765,
    #11813,#11859,#11883,#11909,#11957,#12003,#12027,#12053,#12101,
    #12147,#12171,#12197,#12245,#12291,#12315,#12341,#12389,#12435,
    #12459,#12485,#12533,#12579,#12603,#12629,#12677,#12723,#12747,
    #12773,#12821,#12867,#12891,#12917,#12965,#13011,#13035,#13061,
    #13109,#13155,#13179,#13205,#13253,#13299,#13323,#13349));
#17 = ADVANCED_FACE('',(#18),#32,.F.);
#18 = FACE_BOUND('',#19,.F.);
#19 = EDGE_LOOP('',(#20,#55,#83,#111,#139,#167,#195,#223));
#20 = ORIENTED_EDGE('',*,*,#21,.F.);
#21 = EDGE_CURVE('',#22,#24,#26,.T.);
#22 = VERTEX_POINT('',#23);
#23 = CARTESIAN_POINT('',(119.5,-44.,0.));
#24 = VERTEX_POINT('',#25);
#25 = CARTESIAN_POINT('',(119.5,-44.,3.));
#26 = SURFACE_CURVE('',#27,(#31,#43),.PCURVE_S1.);
#27 = LINE('',#28,#29);
#28 = CARTESIAN_POINT('',(119.5,-44.,0.));
#29 = VECTOR('',#30,1.);
#30 = DIRECTION('',(0.,0.,1.));
#31 = PCURVE('',#32,#37);
#32 = PLANE('',#33);
#33 = AXIS2_PLACEMENT_3D('',#34,#35,#36);
#34 = CARTESIAN_POINT('',(119.5,-44.,1.));
#35 = DIRECTION('',(1.,0.,0.));
#36 = DIRECTION('',(0.,0.,1.));
#37 = DEFINITIONAL_REPRESENTATION('',(#38),#42);
#38 = LINE('',#39,#40);
#39 = CARTESIAN_POINT('',(-1.,0.));
#40 = VECTOR('',#41,1.);
#41 = DIRECTION('',(1.,0.));
#42 = ( GEOMETRIC_REPRESENTATION_CONTEXT(2) 
PARAMETRIC_REPRESENTATION_CONTEXT() REPRESENTATION_CONTEXT('2D SPACE',''
  ) );
#43 = PCURVE('',#44,#49);
#44 = PLANE('',#45);
#45 = AXIS2_PLACEMENT_3D('',#46,#47,#48);
#46 = CARTESIAN_POINT('',(119.5,-44.,1.));
#47 = DIRECTION('',(0.,1.,0.));
#48 = DIRECTION('',(0.,0.,1.));
#49 = DEFINITIONAL_REPRESENTATION('',(#50),#54);
#50 = LINE('',#51,#52);
#51 = CARTESIAN_POINT('',(-1.,0.));
#52 = VECTOR('',#53,1.);
#53 = DIRECTION('',(1.,0.));
#54 = ( GEOMETRIC_REPRESENTATION_CONTEXT(2) 
PARAMETRIC_REPRESENTATION_CONTEXT() REPRESENTATION_CONTEXT('2D SPACE',''
  ) );
#55 = ORIENTED_EDGE('',*,*,#56,.T.);
#56 = EDGE_CURVE('',#22,#57,#59,.T.);
#57 = VERTEX_POINT('',#58);
#58 = CARTESIAN_POINT('',(119.5,-36.,0.));
#59 = SURFACE_CURVE('',#60,(#64,#71),.PCURVE_S1.);
#60 = LINE('',#61,#62);
#61 = CARTESIAN_POINT('',(119.5,-44.,0.));
#62 = VECTOR('',#63,1.);
#63 = DIRECTION('',(0.,1.,0.));
#64 = PCURVE('',#32,#65);
#65 = DEFINITIONAL_REPRESENTATION('',(#66),#70);
#66 = LINE('',#67,#68);
#67 = CARTESIAN_POINT('',(-1.,0.));
#68 = VECTOR('',#69,1.);
#69 = DIRECTION('',(0.,-1.));
#70 = ( GEOMETRIC_REPRESENTATION_CONTEXT(2) 
PARAMETRIC_REPRESENTATION_CONTEXT() REPRESENTATION_CONTEXT('2D SPACE',''
  ) );
#71 = PCURVE('',#72,#77);
#72 = PLANE('',#73);
#73 = AXIS2_PLACEMENT_3D('',#74,#75,#76);
#74 = CARTESIAN_POINT('',(119.5,-44.,0.));
#75 = DIRECTION('',(0.,0.,1.));
#76 = DIRECTION('',(1.,0.,0.));
#77 = DEFINITIONAL_REPRESENTATION('',(#78),#82);
#78 = LINE('',#79,#80);
#79 = CARTESIAN_POINT('',(0.,0.));
#80 = VECTOR('',#81,1.);
#81 = DIRECTION('',(0.,1.));
#82 = ( GEOMETRIC_REPRESENTATION_CONTEXT(2) 
PARAMETRIC_REPRESENTATION_CONTEXT() REPRESENTATION_CONTEXT('2D SPACE',''
  ) );
#83 = ORIENTED_EDGE('',*,*,#84,.T.);
#84 = EDGE_CURVE('',#57,#85,#87,.T.);
#85 = VERTEX_POINT('',#86);
#86 = CARTESIAN_POINT('',(119.5,-36.,1.));
#87 = SURFACE_CURVE('',#88,(#92,#99),.PCURVE_S1.);
#88 = LINE('',#89,#90);
#89 = CARTESIAN_POINT('',(119.5,-36.,0.));
#90 = VECTOR('',#91,1.);
#91 = DIRECTION('',(0.,0.,1.));
#92 = PCURVE('',#32,#93);
#93 = DEFINITIONAL_REPRESENTATION('',(#94),#98);
#94 = LINE('',#95,#96);
#95 = CARTESIAN_POINT('',(-1.,-8.));
#96 = VECTOR('',#97,1.);
#97 = DIRECTION('',(1.,0.));
#98 = ( GEOMETRIC_REPRESENTATION_CONTEXT(2) 
PARAMETRIC_REPRESENTATION_CONTEXT() REPRESENTATION_CONTEXT('2D SPACE',''
  ) );
#99 = PCURVE('',#100,#105);
#100 = PLANE('',#101);
#101 = AXIS2_PLACEMENT_3D('',#102,#103,#104);
#102 = CARTESIAN_POINT('',(119.5,-36.,0.));
#103 = DIRECTION('',(0.,1.,0.));
#104 = DIRECTION('',(0.,0.,1.));
#105 = DEFINITIONAL_REPRESENTATION('',(#106),#110);
#106 = LINE('',#107,#108);
#107 = CARTESIAN_POINT('',(0.,0.));
#108 = VECTOR('',#109,1.);
#109 = DIRECTION('',(1.,0.));
#110 = ( GEOMETRIC_REPRESENTATION_CONTEXT(2) 
PARAMETRIC_REPRESENTATION_CONTEXT() REPRESENTATION_CONTEXT('2D SPACE',''
  ) );
#111 = ORIENTED_EDGE('',*,*,#112,.T.);
#112 = EDGE_CURVE('',#85,#113,#115,.T.);
#113 = VERTEX_POINT('',#114);
#114 = CARTESIAN_POINT('',(119.5,32.,1.));
#115 = SURFACE_CURVE('',#116,(#120,#127),.PCURVE_S1.);
#116 = LINE('',#117,#118);
#117 = CARTESIAN_POINT('',(119.5,-44.,1.));
#118 = VECTOR('',#119,1.);
#119 = DIRECTION('',(0.,1.,0.));
#120 = PCURVE('',#32,#121);
#121 = DEFINITIONAL_REPRESENTATION('',(#122),#126);
#122 = LINE('',#123,#124);
#123 = CARTESIAN_POINT('',(0.,0.));
#124 = VECTOR('',#125,1.);
#125 = DIRECTION('',(0.,-1.));
#126 = ( GEOMETRIC_REPRESENTATION_CONTEXT(2) 
PARAMETRIC_REPRESENTATION_CONTEXT() REPRESENTATION_CONTEXT('2D SPACE',''
  ) );
#127 = PCURVE('',#128,#133);
#128 = PLANE('',#129);
#129 = AXIS2_PLACEMENT_3D('',#130,#131,#132);
#130 = CARTESIAN_POINT('',(119.5,-44.,1.));
#131 = DIRECTION('',(0.,0.,1.));
#132 = DIRECTION('',(1.,0.,0.));
#133 = DEFINITIONAL_REPRESENTATION('',(#134),#138);
#134 = LINE('',#135,#136);
#135 = CARTESIAN_POINT('',(0.,0.));
#136 = VECTOR('',#137,1.);
#137 = DIRECTION('',(0.,1.));
#138 = ( GEOMETRIC_REPRESENTATION_CONTEXT(2) 
PARAMETRIC_REPRESENTATION_CONTEXT() REPRESENTATION_CONTEXT('2D SPACE',''
  ) );
#139 = ORIENTED_EDGE('',*,*,#140,.F.);
#140 = EDGE_CURVE('',#141,#113,#143,.T.);
#141 = VERTEX_POINT('',#142);
#142 = CARTESIAN_POINT('',(119.5,32.,0.));
#143 = SURFACE_CURVE('',#144,(#148,#155),.PCURVE_S1.);
#144 = LINE('',#145,#146);
#145 = CARTESIAN_POINT('',(119.5,32.,0.));
#146 = VECTOR('',#147,1.);
#147 = DIRECTION('',(0.,0.,1.));
#148 = PCURVE('',#32,#149);
#149 = DEFINITIONAL_REPRESENTATION('',(#150),#154);
#150 = LINE('',#151,#152);
#151 = CARTESIAN_POINT('',(-1.,-76.));
#152 = VECTOR('',#153,1.);
#153 = DIRECTION('',(1.,0.));
#154 = ( GEOMETRIC_REPRESENTATION_CONTEXT(2) 
PARAMETRIC_REPRESENTATION_CONTEXT() REPRESENTATION_CONTEXT('2D SPACE',''
  ) );
#155 = PCURVE('',#156,#161);
#156 = PLANE('',#157);
#157 = AXIS2_PLACEMENT_3D('',#158,#159,#160);
#158 = CARTESIAN_POINT('',(119.5,32.,0.));
#159 = DIRECTION('',(0.,1.,0.));
#160 = DIRECTION('',(0.,0.,1.));
#161 = DEFINITIONAL_REPRESENTATION('',(#162),#166);
#162 = LINE('',#163,#164);
#163 = CARTESIAN_POINT('',(0.,0.));
#164 = VECTOR('',#165,1.);
#165 = DIRECTION('',(1.,0.));
#166 = ( GEOMETRIC_REPRESENTATION_CONTEXT(2) 
PARAMETRIC_REPRESENTATION_CONTEXT() REPRESENTATION_CONTEXT('2D SPACE',''
  ) );
#167 = ORIENTED_EDGE('',*,*,#168,.T.);
#168 = EDGE_CURVE('',#141,#169,#171,.T.);
#169 = VERTEX_POINT('',#170);
#170 = CARTESIAN_POINT('',(119.5,40.,0.));
#171 = SURFACE_CURVE('',#172,(#176,#183),.PCURVE_S1.);
#172 = LINE('',#173,#174);
#173 = CARTESIAN_POINT('',(119.5,32.,0.));
#174 = VECTOR('',#175,1.);
#175 = DIRECTION('',(0.,1.,0.));
#176 = PCURVE('',#32,#177);
#177 = DEFINITIONAL_REPRESENTATION('',(#178),#182);
#178 = LINE('',#179,#180);
#179 = CARTESIAN_POINT('',(-1.,-76.));
#180 = VECTOR('',#181,1.);
#181 = DIRECTION('',(0.,-1.));
#182 = ( GEOMETRIC_REPRESENTATION_CONTEXT(2) 
PARAMETRIC_REPRESENTATION_CONTEXT() REPRESENTATION_CONTEXT('2D SPACE',''
  ) );
#183 = PCURVE('',#184,#189);
#184 = PLANE('',#185);
#185 = AXIS2_PLACEMENT_3D('',#186,#187,#188);
#186 = CARTESIAN_POINT('',(119.5,32.,0.));
#187 = DIRECTION('',(0.,0.,1.));
#188 = DIRECTION('',(1.,0.,0.));
#189 = DEFINITIONAL_REPRESENTATION('',(#190),#194);
#190 = LINE('',#191,#192);
#191 = CARTESIAN_POINT('',(0.,0.));
#192 = VECTOR('',#193,1.);
#193 = DIRECTION('',(0.,1.));
#194 = ( GEOMETRIC_REPRESENTATION_CONTEXT(2) 
PARAMETRIC_REPRESENTATION_CONTEXT() REPRESENTATION_CONTEXT('2D SPACE',''
  ) );
#195 = ORIENTED_EDGE('',*,*,#196,.F.);
#196 = EDGE_CURVE('',#197,#169,#199,.T.);
#197 = VERTEX_POINT('',#198);
#198 = CARTESIAN_POINT('',(119.5,40.,3.));
#199 = SURFACE_CURVE('',#200,(#204,#211),.PCURVE_S1.);
#200 = LINE('',#201,#202);
#201 = CARTESIAN_POINT('',(119.5,40.,3.));
#202 = VECTOR('',#203,1.);
#203 = DIRECTION('',(0.,0.,-1.));
#204 = PCURVE('',#32,#205);
#205 = DEFINITIONAL_REPRESENTATION('',(#206),#210);
#206 = LINE('',#207,#208);
#207 = CARTESIAN_POINT('',(2.,-84.));
#208 = VECTOR('',#209,1.);
#209 = DIRECTION('',(-1.,0.));
#210 = ( GEOMETRIC_REPRESENTATION_CONTEXT(2) 
PARAMETRIC_REPRESENTATION_CONTEXT() REPRESENTATION_CONTEXT('2D SPACE',''
  ) );
#211 = PCURVE('',#212,#217);
#212 = PLANE('',#213);
#213 = AXIS2_PLACEMENT_3D('',#214,#215,#216);
#214 = CARTESIAN_POINT('',(119.5,40.,1.));
#215 = DIRECTION('',(0.,1.,0.));
#216 = DIRECTION('',(0.,0.,1.));
#217 = DEFINITIONAL_REPRESENTATION('',(#218),#222);
#218 = LINE('',#219,#220);
#219 = CARTESIAN_POINT('',(2.,0.));
#220 = VECTOR('',#221,1.);
#221 = DIRECTION('',(-1.,0.));
#222 = ( GEOMETRIC_REPRESENTATION_CONTEXT(2) 
PARAMETRIC_REPRESENTATION_CONTEXT() REPRESENTATION_CONTEXT('2D SPACE',''
  ) );
#223 = ORIENTED_EDGE('',*,*,#224,.F.);
#224 = EDGE_CURVE('',#24,#197,#225,.T.);
#225 = SURFACE_CURVE('',#226,(#230,#237),.PCURVE_S1.);
#226 = LINE('',#227,#228);
#227 = CARTESIAN_POINT('',(119.5,-44.,3.));
#228 = VECTOR('',#229,1.);
#229 = DIRECTION('',(0.,1.,0.));
#230 = PCURVE('',#32,#231);
#231 = DEFINITIONAL_REPRESENTATION('',(#232),#236);
#232 = LINE('',#233,#234);
#233 = CARTESIAN_POINT('',(2.,0.));
#234 = VECTOR('',#235,1.);
#235 = DIRECTION('',(0.,-1.));
#236 = ( GEOMETRIC_REPRESENTATION_CONTEXT(2) 
PARAMETRIC_REPRESENTATION_CONTEXT() REPRESENTATION_CONTEXT('2D SPACE',''
  ) );
#237 = PCURVE('',#238,#243);
#238 = PLANE('',#239);
#239 = AXIS2_PLACEMENT_3D('',#240,#241,#242);
#240 = CARTESIAN_POINT('',(119.5,-44.,3.));
#241 = DIRECTION('',(0.,0.,1.));
#242 = DIRECTION('',(1.,0.,0.));
#243 = DEFINITIONAL_REPRESENTATION('',(#244),#248);
#244 = LINE('',#245,#246);
#245 = CARTESIAN_POINT('',(0.,0.));
#246 = VECTOR('',#247,1.);
#247 = DIRECTION('',(0.,1.));
#248 = ( GEOMETRIC_REPRESENTATION_CONTEXT(2) 
PARAMETRIC_REPRESENTATION_CONTEXT() REPRESENTATION_CONTEXT('2D SPACE',''
  ) );
#249 = ADVANCED_FACE('',(#250),#44,.F.);
#250 = FACE_BOUND('',#251,.F.);
#251 = EDGE_LOOP('',(#252,#282,#303,#304));
#252 = ORIENTED_EDGE('',*,*,#253,.F.);
#253 = EDGE_CURVE('',#254,#256,#258,.T.);
#254 = VERTEX_POINT('',#255);
#255 = CARTESIAN_POINT('',(161.345,-44.,0.));
#256 = VERTEX_POINT('',#257);
#257 = CARTESIAN_POINT('',(161.345,-44.,3.));
#258 = SURFACE_CURVE('',#259,(#263,#270),.PCURVE_S1.);
#259 = LINE('',#260,#261);
#260 = CARTESIAN_POINT('',(161.345,-44.,0.));
#261 = VECTOR('',#262,1.);
#262 = DIRECTION('',(0.,0.,1.));
#263 = PCURVE('',#44,#264);
#264 = DEFINITIONAL_REPRESENTATION('',(#265),#269);
#265 = LINE('',#266,#267);
#266 = CARTESIAN_POINT('',(-1.,41.845));
#267 = VECTOR('',#268,1.);
#268 = DIRECTION('',(1.,0.));
#269 = ( GEOMETRIC_REPRESENTATION_CONTEXT(2) 
PARAMETRIC_REPRESENTATION_CONTEXT() REPRESENTATION_CONTEXT('2D SPACE',''
  ) );
#270 = PCURVE('',#271,#276);
#271 = PLANE('',#272);
#272 = AXIS2_PLACEMENT_3D('',#273,#274,#275);
#273 = CARTESIAN_POINT('',(161.345,-44.,1.));
#274 = DIRECTION('',(1.,0.,0.));
#275 = DIRECTION('',(0.,0.,1.));
#276 = DEFINITIONAL_REPRESENTATION('',(#277),#281);
#277 = LINE('',#278,#279);
#278 = CARTESIAN_POINT('',(-1.,0.));
#279 = VECTOR('',#280,1.);
#280 = DIRECTION('',(1.,0.));
#281 = ( GEOMETRIC_REPRESENTATION_CONTEXT(2) 
PARAMETRIC_REPRESENTATION_CONTEXT() REPRESENTATION_CONTEXT('2D SPACE',''
  ) );
#282 = ORIENTED_EDGE('',*,*,#283,.F.);
#283 = EDGE_CURVE('',#22,#254,#284,.T.);
#284 = SURFACE_CURVE('',#285,(#289,#296),.PCURVE_S1.);
#285 = LINE('',#286,#287);
#286 = CARTESIAN_POINT('',(119.5,-44.,0.));
#287 = VECTOR('',#288,1.);
#288 = DIRECTION('',(1.,0.,0.));
#289 = PCURVE('',#44,#290);
#290 = DEFINITIONAL_REPRESENTATION('',(#291),#295);
#291 = LINE('',#292,#293);
#292 = CARTESIAN_POINT('',(-1.,0.));
#293 = VECTOR('',#294,1.);
#294 = DIRECTION('',(0.,1.));
#295 = ( GEOMETRIC_REPRESENTATION_CONTEXT(2) 
PARAMETRIC_REPRESENTATION_CONTEXT() REPRESENTATION_CONTEXT('2D SPACE',''
  ) );
#296 = PCURVE('',#72,#297);
#297 = DEFINITIONAL_REPRESENTATION('',(#298),#302);
#298 = LINE('',#299,#300);
#299 = CARTESIAN_POINT('',(0.,0.));
#300 = VECTOR('',#301,1.);
#301 = DIRECTION('',(1.,0.));
#302 = ( GEOMETRIC_REPRESENTATION_CONTEXT(2) 
PARAMETRIC_REPRESENTATION_CONTEXT() REPRESENTATION_CONTEXT('2D SPACE',''
  ) );
#303 = ORIENTED_EDGE('',*,*,#21,.T.);
#304 = ORIENTED_EDGE('',*,*,#305,.T.);
#305 = EDGE_CURVE('',#24,#256,#306,.T.);
#306 = SURFACE_CURVE('',#307,(#311,#318),.PCURVE_S1.);
#307 = LINE('',#308,#309);
#308 = CARTESIAN_POINT('',(119.5,-44.,3.));
#309 = VECTOR('',#310,1.);
#310 = DIRECTION('',(1.,0.,0.));
#311 = PCURVE('',#44,#312);
#312 = DEFINITIONAL_REPRESENTATION('',(#313),#317);
#313 = LINE('',#314,#315);
#314 = CARTESIAN_POINT('',(2.,0.));
#315 = VECTOR('',#316,1.);
#316 = DIRECTION('',(0.,1.));
#317 = ( GEOMETRIC_REPRESENTATION_CONTEXT(2) 
PARAMETRIC_REPRESENTATION_CONTEXT() REPRESENTATION_CONTEXT('2D SPACE',''
  ) );
#318 = PCURVE('',#238,#319);
#319 = DEFINITIONAL_REPRESENTATION('',(#320),#324);
#320 = LINE('',#321,#322);
#321 = CARTESIAN_POINT('',(0.,0.));
#322 = VECTOR('',#323,1.);
#323 = DIRECTION('',(1.,0.));
#324 = ( GEOMETRIC_REPRESENTATION_CONTEXT(2) 
PARAMETRIC_REPRESENTATION_CONTEXT() REPRESENTATION_CONTEXT('2D SPACE',''
  ) );
#325 = ADVANCED_FACE('',(#326),#72,.F.);
#326 = FACE_BOUND('',#327,.F.);
#327 = EDGE_LOOP('',(#328,#329,#330,#353));
#328 = ORIENTED_EDGE('',*,*,#56,.F.);
#329 = ORIENTED_EDGE('',*,*,#283,.T.);
#330 = ORIENTED_EDGE('',*,*,#331,.T.);
#331 = EDGE_CURVE('',#254,#332,#334,.T.);
#332 = VERTEX_POINT('',#333);
#333 = CARTESIAN_POINT('',(161.345,-36.,0.));
#334 = SURFACE_CURVE('',#335,(#339,#346),.PCURVE_S1.);
#335 = LINE('',#336,#337);
#336 = CARTESIAN_POINT('',(161.345,-44.,0.));
#337 = VECTOR('',#338,1.);
#338 = DIRECTION('',(0.,1.,0.));
#339 = PCURVE('',#72,#340);
#340 = DEFINITIONAL_REPRESENTATION('',(#341),#345);
#341 = LINE('',#342,#343);
#342 = CARTESIAN_POINT('',(41.845,0.));
#343 = VECTOR('',#344,1.);
#344 = DIRECTION('',(0.,1.));
#345 = ( GEOMETRIC_REPRESENTATION_CONTEXT(2) 
PARAMETRIC_REPRESENTATION_CONTEXT() REPRESENTATION_CONTEXT('2D SPACE',''
  ) );
#346 = PCURVE('',#271,#347);
#347 = DEFINITIONAL_REPRESENTATION('',(#348),#352);
#348 = LINE('',#349,#350);
#349 = CARTESIAN_POINT('',(-1.,0.));
#350 = VECTOR('',#351,1.);
#351 = DIRECTION('',(0.,-1.));
#352 = ( GEOMETRIC_REPRESENTATION_CONTEXT(2) 
PARAMETRIC_REPRESENTATION_CONTEXT() REPRESENTATION_CONTEXT('2D SPACE',''
  ) );
#353 = ORIENTED_EDGE('',*,*,#354,.F.);
#354 = EDGE_CURVE('',#57,#332,#355,.T.);
#355 = SURFACE_CURVE('',#356,(#360,#367),.PCURVE_S1.);
#356 = LINE('',#357,#358);
#357 = CARTESIAN_POINT('',(119.5,-36.,0.));
#358 = VECTOR('',#359,1.);
#359 = DIRECTION('',(1.,0.,0.));
#360 = PCURVE('',#72,#361);
#361 = DEFINITIONAL_REPRESENTATION('',(#362),#366);
#362 = LINE('',#363,#364);
#363 = CARTESIAN_POINT('',(0.,8.));
#364 = VECTOR('',#365,1.);
#365 = DIRECTION('',(1.,0.));
#366 = ( GEOMETRIC_REPRESENTATION_CONTEXT(2) 
PARAMETRIC_REPRESENTATION_CONTEXT() REPRESENTATION_CONTEXT('2D SPACE',''
  ) );
#367 = PCURVE('',#100,#368);
#368 = DEFINITIONAL_REPRESENTATION('',(#369),#373);
#369 = LINE('',#370,#371);
#370 = CARTESIAN_POINT('',(0.,0.));
#371 = VECTOR('',#372,1.);
#372 = DIRECTION('',(0.,1.));
#373 = ( GEOMETRIC_REPRESENTATION_CONTEXT(2) 
PARAMETRIC_REPRESENTATION_CONTEXT() REPRESENTATION_CONTEXT('2D SPACE',''
  ) );
#374 = ADVANCED_FACE('',(#375),#100,.T.);
#375 = FACE_BOUND('',#376,.T.);
#376 = EDGE_LOOP('',(#377,#378,#379,#402));
#377 = ORIENTED_EDGE('',*,*,#354,.F.);
#378 = ORIENTED_EDGE('',*,*,#84,.T.);
#379 = ORIENTED_EDGE('',*,*,#380,.T.);
#380 = EDGE_CURVE('',#85,#381,#383,.T.);
#381 = VERTEX_POINT('',#382);
#382 = CARTESIAN_POINT('',(161.345,-36.,1.));
#383 = SURFACE_CURVE('',#384,(#388,#395),.PCURVE_S1.);
#384 = LINE('',#385,#386);
#385 = CARTESIAN_POINT('',(119.5,-36.,1.));
#386 = VECTOR('',#387,1.);
#387 = DIRECTION('',(1.,0.,0.));
#388 = PCURVE('',#100,#389);
#389 = DEFINITIONAL_REPRESENTATION('',(#390),#394);
#390 = LINE('',#391,#392);
#391 = CARTESIAN_POINT('',(1.,0.));
#392 = VECTOR('',#393,1.);
#393 = DIRECTION('',(0.,1.));
#394 = ( GEOMETRIC_REPRESENTATION_CONTEXT(2) 
PARAMETRIC_REPRESENTATION_CONTEXT() REPRESENTATION_CONTEXT('2D SPACE',''
  ) );
#395 = PCURVE('',#128,#396);
#396 = DEFINITIONAL_REPRESENTATION('',(#397),#401);
#397 = LINE('',#398,#399);
#398 = CARTESIAN_POINT('',(0.,8.));
#399 = VECTOR('',#400,1.);
#400 = DIRECTION('',(1.,0.));
#401 = ( GEOMETRIC_REPRESENTATION_CONTEXT(2) 
PARAMETRIC_REPRESENTATION_CONTEXT() REPRESENTATION_CONTEXT('2D SPACE',''
  ) );
#402 = ORIENTED_EDGE('',*,*,#403,.F.);
#403 = EDGE_CURVE('',#332,#381,#404,.T.);
#404 = SURFACE_CURVE('',#405,(#409,#416),.PCURVE_S1.);
#405 = LINE('',#406,#407);
#406 = CARTESIAN_POINT('',(161.345,-36.,0.));
#407 = VECTOR('',#408,1.);
#408 = DIRECTION('',(0.,0.,1.));
#409 = PCURVE('',#100,#410);
#410 = DEFINITIONAL_REPRESENTATION('',(#411),#415);
#411 = LINE('',#412,#413);
#412 = CARTESIAN_POINT('',(0.,41.845));
#413 = VECTOR('',#414,1.);
#414 = DIRECTION('',(1.,0.));
#415 = ( GEOMETRIC_REPRESENTATION_CONTEXT(2) 
PARAMETRIC_REPRESENTATION_CONTEXT() REPRESENTATION_CONTEXT('2D SPACE',''
  ) );
#416 = PCURVE('',#271,#417);
#417 = DEFINITIONAL_REPRESENTATION('',(#418),#422);
#418 = LINE('',#419,#420);
#419 = CARTESIAN_POINT('',(-1.,-8.));
#420 = VECTOR('',#421,1.);
#421 = DIRECTION('',(1.,0.));
#422 = ( GEOMETRIC_REPRESENTATION_CONTEXT(2) 
PARAMETRIC_REPRESENTATION_CONTEXT() REPRESENTATION_CONTEXT('2D SPACE',''
  ) );
#423 = ADVANCED_FACE('',(#424,#472,#516),#128,.F.);
#424 = FACE_BOUND('',#425,.F.);
#425 = EDGE_LOOP('',(#426,#427,#428,#451));
#426 = ORIENTED_EDGE('',*,*,#112,.F.);
#427 = ORIENTED_EDGE('',*,*,#380,.T.);
#428 = ORIENTED_EDGE('',*,*,#429,.T.);
#429 = EDGE_CURVE('',#381,#430,#432,.T.);
#430 = VERTEX_POINT('',#431);
#431 = CARTESIAN_POINT('',(161.345,32.,1.));
#432 = SURFACE_CURVE('',#433,(#437,#444),.PCURVE_S1.);
#433 = LINE('',#434,#435);
#434 = CARTESIAN_POINT('',(161.345,-44.,1.));
#435 = VECTOR('',#436,1.);
#436 = DIRECTION('',(0.,1.,0.));
#437 = PCURVE('',#128,#438);
#438 = DEFINITIONAL_REPRESENTATION('',(#439),#443);
#439 = LINE('',#440,#441);
#440 = CARTESIAN_POINT('',(41.845,0.));
#441 = VECTOR('',#442,1.);
#442 = DIRECTION('',(0.,1.));
#443 = ( GEOMETRIC_REPRESENTATION_CONTEXT(2) 
PARAMETRIC_REPRESENTATION_CONTEXT() REPRESENTATION_CONTEXT('2D SPACE',''
  ) );
#444 = PCURVE('',#271,#445);
#445 = DEFINITIONAL_REPRESENTATION('',(#446),#450);
#446 = LINE('',#447,#448);
#447 = CARTESIAN_POINT('',(0.,0.));
#448 = VECTOR('',#449,1.);
#449 = DIRECTION('',(0.,-1.));
#450 = ( GEOMETRIC_REPRESENTATION_CONTEXT(2) 
PARAMETRIC_REPRESENTATION_CONTEXT() REPRESENTATION_CONTEXT('2D SPACE',''
  ) );
#451 = ORIENTED_EDGE('',*,*,#452,.F.);
#452 = EDGE_CURVE('',#113,#430,#453,.T.);
#453 = SURFACE_CURVE('',#454,(#458,#465),.PCURVE_S1.);
#454 = LINE('',#455,#456);
#455 = CARTESIAN_POINT('',(119.5,32.,1.));
#456 = VECTOR('',#457,1.);
#457 = DIRECTION('',(1.,0.,0.));
#458 = PCURVE('',#128,#459);
#459 = DEFINITIONAL_REPRESENTATION('',(#460),#464);
#460 = LINE('',#461,#462);
#461 = CARTESIAN_POINT('',(0.,76.));
#462 = VECTOR('',#463,1.);
#463 = DIRECTION('',(1.,0.));
#464 = ( GEOMETRIC_REPRESENTATION_CONTEXT(2) 
PARAMETRIC_REPRESENTATION_CONTEXT() REPRESENTATION_CONTEXT('2D SPACE',''
  ) );
#465 = PCURVE('',#156,#466);
#466 = DEFINITIONAL_REPRESENTATION('',(#467),#471);
#467 = LINE('',#468,#469);
#468 = CARTESIAN_POINT('',(1.,0.));
#469 = VECTOR('',#470,1.);
#470 = DIRECTION('',(0.,1.));
#471 = ( GEOMETRIC_REPRESENTATION_CONTEXT(2) 
PARAMETRIC_REPRESENTATION_CONTEXT() REPRESENTATION_CONTEXT('2D SPACE',''
  ) );
#472 = FACE_BOUND('',#473,.F.);
#473 = EDGE_LOOP('',(#474));
#474 = ORIENTED_EDGE('',*,*,#475,.F.);
#475 = EDGE_CURVE('',#476,#476,#478,.T.);
#476 = VERTEX_POINT('',#477);
#477 = CARTESIAN_POINT('',(151.75,-4.721680180775,1.));
#478 = SURFACE_CURVE('',#479,(#484,#491),.PCURVE_S1.);
#479 = ELLIPSE('',#480,2.278582656051,2.25);
#480 = AXIS2_PLACEMENT_3D('',#481,#482,#483);
#481 = CARTESIAN_POINT('',(149.5,-4.721680180775,1.));
#482 = DIRECTION('',(0.,0.,1.));
#483 = DIRECTION('',(0.,-1.,0.));
#484 = PCURVE('',#128,#485);
#485 = DEFINITIONAL_REPRESENTATION('',(#486),#490);
#486 = ELLIPSE('',#487,2.278582656051,2.25);
#487 = AXIS2_PLACEMENT_2D('',#488,#489);
#488 = CARTESIAN_POINT('',(30.,39.278319819225));
#489 = DIRECTION('',(0.,-1.));
#490 = ( GEOMETRIC_REPRESENTATION_CONTEXT(2) 
PARAMETRIC_REPRESENTATION_CONTEXT() REPRESENTATION_CONTEXT('2D SPACE',''
  ) );
#491 = PCURVE('',#492,#497);
#492 = CYLINDRICAL_SURFACE('',#493,2.25);
#493 = AXIS2_PLACEMENT_3D('',#494,#495,#496);
#494 = CARTESIAN_POINT('',(149.5,5.914914189845,-65.52006648907));
#495 = DIRECTION('',(0.,-0.157894736842,0.987455949437));
#496 = DIRECTION('',(1.,0.,0.));
#497 = DEFINITIONAL_REPRESENTATION('',(#498),#515);
#498 = B_SPLINE_CURVE_WITH_KNOTS('',8,(#499,#500,#501,#502,#503,#504,
    #505,#506,#507,#508,#509,#510,#511,#512,#513,#514),.UNSPECIFIED.,.F.
  ,.F.,(9,7,9),(1.570796326795,4.712388980385,7.853981633974),
  .UNSPECIFIED.);
#499 = CARTESIAN_POINT('',(0.,67.365097680594));
#500 = CARTESIAN_POINT('',(0.392699081699,67.223813893761));
#501 = CARTESIAN_POINT('',(0.785398163398,67.082528980492));
#502 = CARTESIAN_POINT('',(1.17809724509,66.974456512573));
#503 = CARTESIAN_POINT('',(1.570796326803,66.932719156437));
#504 = CARTESIAN_POINT('',(1.963495408489,66.974456512573));
#505 = CARTESIAN_POINT('',(2.356194490193,67.082528980492));
#506 = CARTESIAN_POINT('',(2.748893571891,67.223813893761));
#507 = CARTESIAN_POINT('',(3.534291735289,67.506381467426));
#508 = CARTESIAN_POINT('',(3.926990816989,67.64766638077));
#509 = CARTESIAN_POINT('',(4.319689898666,67.755738848209));
#510 = CARTESIAN_POINT('',(4.712388980399,67.797476205509));
#511 = CARTESIAN_POINT('',(5.105088062061,67.755738848122));
#512 = CARTESIAN_POINT('',(5.497787143787,67.64766638077));
#513 = CARTESIAN_POINT('',(5.890486225481,67.506381467426));
#514 = CARTESIAN_POINT('',(6.28318530718,67.365097680594));
#515 = ( GEOMETRIC_REPRESENTATION_CONTEXT(2) 
PARAMETRIC_REPRESENTATION_CONTEXT() REPRESENTATION_CONTEXT('2D SPACE',''
  ) );
#516 = FACE_BOUND('',#517,.F.);
#517 = EDGE_LOOP('',(#518));
#518 = ORIENTED_EDGE('',*,*,#519,.F.);
#519 = EDGE_CURVE('',#520,#520,#522,.T.);
#520 = VERTEX_POINT('',#521);
#521 = CARTESIAN_POINT('',(151.75,15.532387873008,1.));
#522 = SURFACE_CURVE('',#523,(#528,#535),.PCURVE_S1.);
#523 = ELLIPSE('',#524,2.278582656051,2.25);
#524 = AXIS2_PLACEMENT_3D('',#525,#526,#527);
#525 = CARTESIAN_POINT('',(149.5,15.532387873008,1.));
#526 = DIRECTION('',(0.,0.,1.));
#527 = DIRECTION('',(0.,-1.,0.));
#528 = PCURVE('',#128,#529);
#529 = DEFINITIONAL_REPRESENTATION('',(#530),#534);
#530 = ELLIPSE('',#531,2.278582656051,2.25);
#531 = AXIS2_PLACEMENT_2D('',#532,#533);
#532 = CARTESIAN_POINT('',(30.,59.532387873008));
#533 = DIRECTION('',(0.,-1.));
#534 = ( GEOMETRIC_REPRESENTATION_CONTEXT(2) 
PARAMETRIC_REPRESENTATION_CONTEXT() REPRESENTATION_CONTEXT('2D SPACE',''
  ) );
#535 = PCURVE('',#536,#541);
#536 = CYLINDRICAL_SURFACE('',#537,2.25);
#537 = AXIS2_PLACEMENT_3D('',#538,#539,#540);
#538 = CARTESIAN_POINT('',(149.5,25.664033178576,-62.36217175223));
#539 = DIRECTION('',(0.,-0.157894736842,0.987455949437));
#540 = DIRECTION('',(1.,0.,0.));
#541 = DEFINITIONAL_REPRESENTATION('',(#542),#559);
#542 = B_SPLINE_CURVE_WITH_KNOTS('',8,(#543,#544,#545,#546,#547,#548,
    #549,#550,#551,#552,#553,#554,#555,#556,#557,#558),.UNSPECIFIED.,.F.
  ,.F.,(9,7,9),(1.570796326795,4.712388980385,7.853981633974),
  .UNSPECIFIED.);
#543 = CARTESIAN_POINT('',(0.,64.16708693526));
#544 = CARTESIAN_POINT('',(0.392699081699,64.025803148427));
#545 = CARTESIAN_POINT('',(0.785398163398,63.884518234983));
#546 = CARTESIAN_POINT('',(1.178097245093,63.776445767755));
#547 = CARTESIAN_POINT('',(1.570796326798,63.734708409756));
#548 = CARTESIAN_POINT('',(1.963495408488,63.776445767842));
#549 = CARTESIAN_POINT('',(2.356194490191,63.884518234998));
#550 = CARTESIAN_POINT('',(2.748893571891,64.025803148427));
#551 = CARTESIAN_POINT('',(3.534291735289,64.308370722092));
#552 = CARTESIAN_POINT('',(3.926990816982,64.449655635435));
#553 = CARTESIAN_POINT('',(4.319689898695,64.557728102693));
#554 = CARTESIAN_POINT('',(4.71238898037,64.599465460051));
#555 = CARTESIAN_POINT('',(5.105088062093,64.557728102809));
#556 = CARTESIAN_POINT('',(5.497787143778,64.449655635442));
#557 = CARTESIAN_POINT('',(5.890486225481,64.308370722092));
#558 = CARTESIAN_POINT('',(6.28318530718,64.16708693526));
#559 = ( GEOMETRIC_REPRESENTATION_CONTEXT(2) 
PARAMETRIC_REPRESENTATION_CONTEXT() REPRESENTATION_CONTEXT('2D SPACE',''
  ) );
#560 = ADVANCED_FACE('',(#561),#156,.F.);
#561 = FACE_BOUND('',#562,.F.);
#562 = EDGE_LOOP('',(#563,#586,#587,#588));
#563 = ORIENTED_EDGE('',*,*,#564,.F.);
#564 = EDGE_CURVE('',#141,#565,#567,.T.);
#565 = VERTEX_POINT('',#566);
#566 = CARTESIAN_POINT('',(161.345,32.,0.));
#567 = SURFACE_CURVE('',#568,(#572,#579),.PCURVE_S1.);
#568 = LINE('',#569,#570);
#569 = CARTESIAN_POINT('',(119.5,32.,0.));
#570 = VECTOR('',#571,1.);
#571 = DIRECTION('',(1.,0.,0.));
#572 = PCURVE('',#156,#573);
#573 = DEFINITIONAL_REPRESENTATION('',(#574),#578);
#574 = LINE('',#575,#576);
#575 = CARTESIAN_POINT('',(0.,0.));
#576 = VECTOR('',#577,1.);
#577 = DIRECTION('',(0.,1.));
#578 = ( GEOMETRIC_REPRESENTATION_CONTEXT(2) 
PARAMETRIC_REPRESENTATION_CONTEXT() REPRESENTATION_CONTEXT('2D SPACE',''
  ) );
#579 = PCURVE('',#184,#580);
#580 = DEFINITIONAL_REPRESENTATION('',(#581),#585);
#581 = LINE('',#582,#583);
#582 = CARTESIAN_POINT('',(0.,0.));
#583 = VECTOR('',#584,1.);
#584 = DIRECTION('',(1.,0.));
#585 = ( GEOMETRIC_REPRESENTATION_CONTEXT(2) 
PARAMETRIC_REPRESENTATION_CONTEXT() REPRESENTATION_CONTEXT('2D SPACE',''
  ) );
#586 = ORIENTED_EDGE('',*,*,#140,.T.);
#587 = ORIENTED_EDGE('',*,*,#452,.T.);
#588 = ORIENTED_EDGE('',*,*,#589,.F.);
#589 = EDGE_CURVE('',#565,#430,#590,.T.);
#590 = SURFACE_CURVE('',#591,(#595,#602),.PCURVE_S1.);
#591 = LINE('',#592,#593);
#592 = CARTESIAN_POINT('',(161.345,32.,0.));
#593 = VECTOR('',#594,1.);
#594 = DIRECTION('',(0.,0.,1.));
#595 = PCURVE('',#156,#596);
#596 = DEFINITIONAL_REPRESENTATION('',(#597),#601);
#597 = LINE('',#598,#599);
#598 = CARTESIAN_POINT('',(0.,41.845));
#599 = VECTOR('',#600,1.);
#600 = DIRECTION('',(1.,0.));
#601 = ( GEOMETRIC_REPRESENTATION_CONTEXT(2) 
PARAMETRIC_REPRESENTATION_CONTEXT() REPRESENTATION_CONTEXT('2D SPACE',''
  ) );
#602 = PCURVE('',#271,#603);
#603 = DEFINITIONAL_REPRESENTATION('',(#604),#608);
#604 = LINE('',#605,#606);
#605 = CARTESIAN_POINT('',(-1.,-76.));
#606 = VECTOR('',#607,1.);
#607 = DIRECTION('',(1.,0.));
#608 = ( GEOMETRIC_REPRESENTATION_CONTEXT(2) 
PARAMETRIC_REPRESENTATION_CONTEXT() REPRESENTATION_CONTEXT('2D SPACE',''
  ) );
#609 = ADVANCED_FACE('',(#610),#184,.F.);
#610 = FACE_BOUND('',#611,.F.);
#611 = EDGE_LOOP('',(#612,#613,#614,#637));
#612 = ORIENTED_EDGE('',*,*,#168,.F.);
#613 = ORIENTED_EDGE('',*,*,#564,.T.);
#614 = ORIENTED_EDGE('',*,*,#615,.T.);
#615 = EDGE_CURVE('',#565,#616,#618,.T.);
#616 = VERTEX_POINT('',#617);
#617 = CARTESIAN_POINT('',(161.345,40.,0.));
#618 = SURFACE_CURVE('',#619,(#623,#630),.PCURVE_S1.);
#619 = LINE('',#620,#621);
#620 = CARTESIAN_POINT('',(161.345,32.,0.));
#621 = VECTOR('',#622,1.);
#622 = DIRECTION('',(0.,1.,0.));
#623 = PCURVE('',#184,#624);
#624 = DEFINITIONAL_REPRESENTATION('',(#625),#629);
#625 = LINE('',#626,#627);
#626 = CARTESIAN_POINT('',(41.845,0.));
#627 = VECTOR('',#628,1.);
#628 = DIRECTION('',(0.,1.));
#629 = ( GEOMETRIC_REPRESENTATION_CONTEXT(2) 
PARAMETRIC_REPRESENTATION_CONTEXT() REPRESENTATION_CONTEXT('2D SPACE',''
  ) );
#630 = PCURVE('',#271,#631);
#631 = DEFINITIONAL_REPRESENTATION('',(#632),#636);
#632 = LINE('',#633,#634);
#633 = CARTESIAN_POINT('',(-1.,-76.));
#634 = VECTOR('',#635,1.);
#635 = DIRECTION('',(0.,-1.));
#636 = ( GEOMETRIC_REPRESENTATION_CONTEXT(2) 
PARAMETRIC_REPRESENTATION_CONTEXT() REPRESENTATION_CONTEXT('2D SPACE',''
  ) );
#637 = ORIENTED_EDGE('',*,*,#638,.F.);
#638 = EDGE_CURVE('',#169,#616,#639,.T.);
#639 = SURFACE_CURVE('',#640,(#644,#651),.PCURVE_S1.);
#640 = LINE('',#641,#642);
#641 = CARTESIAN_POINT('',(119.5,40.,0.));
#642 = VECTOR('',#643,1.);
#643 = DIRECTION('',(1.,0.,0.));
#644 = PCURVE('',#184,#645);
#645 = DEFINITIONAL_REPRESENTATION('',(#646),#650);
#646 = LINE('',#647,#648);
#647 = CARTESIAN_POINT('',(0.,8.));
#648 = VECTOR('',#649,1.);
#649 = DIRECTION('',(1.,0.));
#650 = ( GEOMETRIC_REPRESENTATION_CONTEXT(2) 
PARAMETRIC_REPRESENTATION_CONTEXT() REPRESENTATION_CONTEXT('2D SPACE',''
  ) );
#651 = PCURVE('',#212,#652);
#652 = DEFINITIONAL_REPRESENTATION('',(#653),#657);
#653 = LINE('',#654,#655);
#654 = CARTESIAN_POINT('',(-1.,0.));
#655 = VECTOR('',#656,1.);
#656 = DIRECTION('',(0.,1.));
#657 = ( GEOMETRIC_REPRESENTATION_CONTEXT(2) 
PARAMETRIC_REPRESENTATION_CONTEXT() REPRESENTATION_CONTEXT('2D SPACE',''
  ) );
#658 = ADVANCED_FACE('',(#659),#212,.T.);
#659 = FACE_BOUND('',#660,.T.);
#660 = EDGE_LOOP('',(#661,#684,#685,#686));
#661 = ORIENTED_EDGE('',*,*,#662,.T.);
#662 = EDGE_CURVE('',#663,#616,#665,.T.);
#663 = VERTEX_POINT('',#664);
#664 = CARTESIAN_POINT('',(161.345,40.,3.));
#665 = SURFACE_CURVE('',#666,(#670,#677),.PCURVE_S1.);
#666 = LINE('',#667,#668);
#667 = CARTESIAN_POINT('',(161.345,40.,3.));
#668 = VECTOR('',#669,1.);
#669 = DIRECTION('',(0.,0.,-1.));
#670 = PCURVE('',#212,#671);
#671 = DEFINITIONAL_REPRESENTATION('',(#672),#676);
#672 = LINE('',#673,#674);
#673 = CARTESIAN_POINT('',(2.,41.845));
#674 = VECTOR('',#675,1.);
#675 = DIRECTION('',(-1.,0.));
#676 = ( GEOMETRIC_REPRESENTATION_CONTEXT(2) 
PARAMETRIC_REPRESENTATION_CONTEXT() REPRESENTATION_CONTEXT('2D SPACE',''
  ) );
#677 = PCURVE('',#271,#678);
#678 = DEFINITIONAL_REPRESENTATION('',(#679),#683);
#679 = LINE('',#680,#681);
#680 = CARTESIAN_POINT('',(2.,-84.));
#681 = VECTOR('',#682,1.);
#682 = DIRECTION('',(-1.,0.));
#683 = ( GEOMETRIC_REPRESENTATION_CONTEXT(2) 
PARAMETRIC_REPRESENTATION_CONTEXT() REPRESENTATION_CONTEXT('2D SPACE',''
  ) );
#684 = ORIENTED_EDGE('',*,*,#638,.F.);
#685 = ORIENTED_EDGE('',*,*,#196,.F.);
#686 = ORIENTED_EDGE('',*,*,#687,.T.);
#687 = EDGE_CURVE('',#197,#663,#688,.T.);
#688 = SURFACE_CURVE('',#689,(#693,#700),.PCURVE_S1.);
#689 = LINE('',#690,#691);
#690 = CARTESIAN_POINT('',(119.5,40.,3.));
#691 = VECTOR('',#692,1.);
#692 = DIRECTION('',(1.,0.,0.));
#693 = PCURVE('',#212,#694);
#694 = DEFINITIONAL_REPRESENTATION('',(#695),#699);
#695 = LINE('',#696,#697);
#696 = CARTESIAN_POINT('',(2.,0.));
#697 = VECTOR('',#698,1.);
#698 = DIRECTION('',(0.,1.));
#699 = ( GEOMETRIC_REPRESENTATION_CONTEXT(2) 
PARAMETRIC_REPRESENTATION_CONTEXT() REPRESENTATION_CONTEXT('2D SPACE',''
  ) );
#700 = PCURVE('',#238,#701);
#701 = DEFINITIONAL_REPRESENTATION('',(#702),#706);
#702 = LINE('',#703,#704);
#703 = CARTESIAN_POINT('',(0.,84.));
#704 = VECTOR('',#705,1.);
#705 = DIRECTION('',(1.,0.));
#706 = ( GEOMETRIC_REPRESENTATION_CONTEXT(2) 
PARAMETRIC_REPRESENTATION_CONTEXT() REPRESENTATION_CONTEXT('2D SPACE',''
  ) );
#707 = ADVANCED_FACE('',(#708),#238,.T.);
#708 = FACE_BOUND('',#709,.T.);
#709 = EDGE_LOOP('',(#710,#711,#712,#713,#736,#764,#792,#820));
#710 = ORIENTED_EDGE('',*,*,#687,.F.);
#711 = ORIENTED_EDGE('',*,*,#224,.F.);
#712 = ORIENTED_EDGE('',*,*,#305,.T.);
#713 = ORIENTED_EDGE('',*,*,#714,.T.);
#714 = EDGE_CURVE('',#256,#715,#717,.T.);
#715 = VERTEX_POINT('',#716);
#716 = CARTESIAN_POINT('',(161.345,-36.,3.));
#717 = SURFACE_CURVE('',#718,(#722,#729),.PCURVE_S1.);
#718 = LINE('',#719,#720);
#719 = CARTESIAN_POINT('',(161.345,-44.,3.));
#720 = VECTOR('',#721,1.);
#721 = DIRECTION('',(0.,1.,0.));
#722 = PCURVE('',#238,#723);
#723 = DEFINITIONAL_REPRESENTATION('',(#724),#728);
#724 = LINE('',#725,#726);
#725 = CARTESIAN_POINT('',(41.845,0.));
#726 = VECTOR('',#727,1.);
#727 = DIRECTION('',(0.,1.));
#728 = ( GEOMETRIC_REPRESENTATION_CONTEXT(2) 
PARAMETRIC_REPRESENTATION_CONTEXT() REPRESENTATION_CONTEXT('2D SPACE',''
  ) );
#729 = PCURVE('',#271,#730);
#730 = DEFINITIONAL_REPRESENTATION('',(#731),#735);
#731 = LINE('',#732,#733);
#732 = CARTESIAN_POINT('',(2.,0.));
#733 = VECTOR('',#734,1.);
#734 = DIRECTION('',(0.,-1.));
#735 = ( GEOMETRIC_REPRESENTATION_CONTEXT(2) 
PARAMETRIC_REPRESENTATION_CONTEXT() REPRESENTATION_CONTEXT('2D SPACE',''
  ) );
#736 = ORIENTED_EDGE('',*,*,#737,.F.);
#737 = EDGE_CURVE('',#738,#715,#740,.T.);
#738 = VERTEX_POINT('',#739);
#739 = CARTESIAN_POINT('',(145.5,-36.,3.));
#740 = SURFACE_CURVE('',#741,(#745,#752),.PCURVE_S1.);
#741 = LINE('',#742,#743);
#742 = CARTESIAN_POINT('',(145.5,-36.,3.));
#743 = VECTOR('',#744,1.);
#744 = DIRECTION('',(1.,0.,0.));
#745 = PCURVE('',#238,#746);
#746 = DEFINITIONAL_REPRESENTATION('',(#747),#751);
#747 = LINE('',#748,#749);
#748 = CARTESIAN_POINT('',(26.,8.));
#749 = VECTOR('',#750,1.);
#750 = DIRECTION('',(1.,0.));
#751 = ( GEOMETRIC_REPRESENTATION_CONTEXT(2) 
PARAMETRIC_REPRESENTATION_CONTEXT() REPRESENTATION_CONTEXT('2D SPACE',''
  ) );
#752 = PCURVE('',#753,#758);
#753 = PLANE('',#754);
#754 = AXIS2_PLACEMENT_3D('',#755,#756,#757);
#755 = CARTESIAN_POINT('',(145.5,-36.,25.));
#756 = DIRECTION('',(-0.,1.,0.));
#757 = DIRECTION('',(0.,0.,-1.));
#758 = DEFINITIONAL_REPRESENTATION('',(#759),#763);
#759 = LINE('',#760,#761);
#760 = CARTESIAN_POINT('',(22.,0.));
#761 = VECTOR('',#762,1.);
#762 = DIRECTION('',(0.,-1.));
#763 = ( GEOMETRIC_REPRESENTATION_CONTEXT(2) 
PARAMETRIC_REPRESENTATION_CONTEXT() REPRESENTATION_CONTEXT('2D SPACE',''
  ) );
#764 = ORIENTED_EDGE('',*,*,#765,.T.);
#765 = EDGE_CURVE('',#738,#766,#768,.T.);
#766 = VERTEX_POINT('',#767);
#767 = CARTESIAN_POINT('',(145.5,36.,3.));
#768 = SURFACE_CURVE('',#769,(#773,#780),.PCURVE_S1.);
#769 = LINE('',#770,#771);
#770 = CARTESIAN_POINT('',(145.5,-36.,3.));
#771 = VECTOR('',#772,1.);
#772 = DIRECTION('',(0.,1.,0.));
#773 = PCURVE('',#238,#774);
#774 = DEFINITIONAL_REPRESENTATION('',(#775),#779);
#775 = LINE('',#776,#777);
#776 = CARTESIAN_POINT('',(26.,8.));
#777 = VECTOR('',#778,1.);
#778 = DIRECTION('',(0.,1.));
#779 = ( GEOMETRIC_REPRESENTATION_CONTEXT(2) 
PARAMETRIC_REPRESENTATION_CONTEXT() REPRESENTATION_CONTEXT('2D SPACE',''
  ) );
#780 = PCURVE('',#781,#786);
#781 = PLANE('',#782);
#782 = AXIS2_PLACEMENT_3D('',#783,#784,#785);
#783 = CARTESIAN_POINT('',(145.5,1.811857453044,16.672781845386));
#784 = DIRECTION('',(1.,0.,0.));
#785 = DIRECTION('',(-0.,0.,1.));
#786 = DEFINITIONAL_REPRESENTATION('',(#787),#791);
#787 = LINE('',#788,#789);
#788 = CARTESIAN_POINT('',(-13.67278184538,37.811857453044));
#789 = VECTOR('',#790,1.);
#790 = DIRECTION('',(0.,-1.));
#791 = ( GEOMETRIC_REPRESENTATION_CONTEXT(2) 
PARAMETRIC_REPRESENTATION_CONTEXT() REPRESENTATION_CONTEXT('2D SPACE',''
  ) );
#792 = ORIENTED_EDGE('',*,*,#793,.T.);
#793 = EDGE_CURVE('',#766,#794,#796,.T.);
#794 = VERTEX_POINT('',#795);
#795 = CARTESIAN_POINT('',(161.345,36.,3.));
#796 = SURFACE_CURVE('',#797,(#801,#808),.PCURVE_S1.);
#797 = LINE('',#798,#799);
#798 = CARTESIAN_POINT('',(145.5,36.,3.));
#799 = VECTOR('',#800,1.);
#800 = DIRECTION('',(1.,0.,0.));
#801 = PCURVE('',#238,#802);
#802 = DEFINITIONAL_REPRESENTATION('',(#803),#807);
#803 = LINE('',#804,#805);
#804 = CARTESIAN_POINT('',(26.,80.));
#805 = VECTOR('',#806,1.);
#806 = DIRECTION('',(1.,0.));
#807 = ( GEOMETRIC_REPRESENTATION_CONTEXT(2) 
PARAMETRIC_REPRESENTATION_CONTEXT() REPRESENTATION_CONTEXT('2D SPACE',''
  ) );
#808 = PCURVE('',#809,#814);
#809 = PLANE('',#810);
#810 = AXIS2_PLACEMENT_3D('',#811,#812,#813);
#811 = CARTESIAN_POINT('',(145.5,36.,3.));
#812 = DIRECTION('',(0.,-1.,0.));
#813 = DIRECTION('',(0.,0.,1.));
#814 = DEFINITIONAL_REPRESENTATION('',(#815),#819);
#815 = LINE('',#816,#817);
#816 = CARTESIAN_POINT('',(0.,0.));
#817 = VECTOR('',#818,1.);
#818 = DIRECTION('',(0.,-1.));
#819 = ( GEOMETRIC_REPRESENTATION_CONTEXT(2) 
PARAMETRIC_REPRESENTATION_CONTEXT() REPRESENTATION_CONTEXT('2D SPACE',''
  ) );
#820 = ORIENTED_EDGE('',*,*,#821,.T.);
#821 = EDGE_CURVE('',#794,#663,#822,.T.);
#822 = SURFACE_CURVE('',#823,(#827,#834),.PCURVE_S1.);
#823 = LINE('',#824,#825);
#824 = CARTESIAN_POINT('',(161.345,-44.,3.));
#825 = VECTOR('',#826,1.);
#826 = DIRECTION('',(0.,1.,0.));
#827 = PCURVE('',#238,#828);
#828 = DEFINITIONAL_REPRESENTATION('',(#829),#833);
#829 = LINE('',#830,#831);
#830 = CARTESIAN_POINT('',(41.845,0.));
#831 = VECTOR('',#832,1.);
#832 = DIRECTION('',(0.,1.));
#833 = ( GEOMETRIC_REPRESENTATION_CONTEXT(2) 
PARAMETRIC_REPRESENTATION_CONTEXT() REPRESENTATION_CONTEXT('2D SPACE',''
  ) );
#834 = PCURVE('',#271,#835);
#835 = DEFINITIONAL_REPRESENTATION('',(#836),#840);
#836 = LINE('',#837,#838);
#837 = CARTESIAN_POINT('',(2.,0.));
#838 = VECTOR('',#839,1.);
#839 = DIRECTION('',(0.,-1.));
#840 = ( GEOMETRIC_REPRESENTATION_CONTEXT(2) 
PARAMETRIC_REPRESENTATION_CONTEXT() REPRESENTATION_CONTEXT('2D SPACE',''
  ) );
#841 = ADVANCED_FACE('',(#842,#954,#2468,#2574),#271,.T.);
#842 = FACE_BOUND('',#843,.T.);
#843 = EDGE_LOOP('',(#844,#845,#846,#847,#848,#849,#850,#851,#852,#875,
    #904,#932,#953));
#844 = ORIENTED_EDGE('',*,*,#253,.F.);
#845 = ORIENTED_EDGE('',*,*,#331,.T.);
#846 = ORIENTED_EDGE('',*,*,#403,.T.);
#847 = ORIENTED_EDGE('',*,*,#429,.T.);
#848 = ORIENTED_EDGE('',*,*,#589,.F.);
#849 = ORIENTED_EDGE('',*,*,#615,.T.);
#850 = ORIENTED_EDGE('',*,*,#662,.F.);
#851 = ORIENTED_EDGE('',*,*,#821,.F.);
#852 = ORIENTED_EDGE('',*,*,#853,.T.);
#853 = EDGE_CURVE('',#794,#854,#856,.T.);
#854 = VERTEX_POINT('',#855);
#855 = CARTESIAN_POINT('',(161.345,36.,22.033370452904));
#856 = SURFACE_CURVE('',#857,(#861,#868),.PCURVE_S1.);
#857 = LINE('',#858,#859);
#858 = CARTESIAN_POINT('',(161.345,36.,3.));
#859 = VECTOR('',#860,1.);
#860 = DIRECTION('',(0.,0.,1.));
#861 = PCURVE('',#271,#862);
#862 = DEFINITIONAL_REPRESENTATION('',(#863),#867);
#863 = LINE('',#864,#865);
#864 = CARTESIAN_POINT('',(2.,-80.));
#865 = VECTOR('',#866,1.);
#866 = DIRECTION('',(1.,0.));
#867 = ( GEOMETRIC_REPRESENTATION_CONTEXT(2) 
PARAMETRIC_REPRESENTATION_CONTEXT() REPRESENTATION_CONTEXT('2D SPACE',''
  ) );
#868 = PCURVE('',#809,#869);
#869 = DEFINITIONAL_REPRESENTATION('',(#870),#874);
#870 = LINE('',#871,#872);
#871 = CARTESIAN_POINT('',(0.,-15.845));
#872 = VECTOR('',#873,1.);
#873 = DIRECTION('',(1.,0.));
#874 = ( GEOMETRIC_REPRESENTATION_CONTEXT(2) 
PARAMETRIC_REPRESENTATION_CONTEXT() REPRESENTATION_CONTEXT('2D SPACE',''
  ) );
#875 = ORIENTED_EDGE('',*,*,#876,.T.);
#876 = EDGE_CURVE('',#854,#877,#879,.T.);
#877 = VERTEX_POINT('',#878);
#878 = CARTESIAN_POINT('',(161.345,20.582994682643,32.858749261479));
#879 = SURFACE_CURVE('',#880,(#885,#892),.PCURVE_S1.);
#880 = CIRCLE('',#881,15.);
#881 = AXIS2_PLACEMENT_3D('',#882,#883,#884);
#882 = CARTESIAN_POINT('',(161.345,35.,37.));
#883 = DIRECTION('',(1.,-0.,0.));
#884 = DIRECTION('',(0.,6.666666666666E-02,-0.99777530314));
#885 = PCURVE('',#271,#886);
#886 = DEFINITIONAL_REPRESENTATION('',(#887),#891);
#887 = CIRCLE('',#888,15.);
#888 = AXIS2_PLACEMENT_2D('',#889,#890);
#889 = CARTESIAN_POINT('',(36.,-79.));
#890 = DIRECTION('',(-0.99777530314,-6.666666666666E-02));
#891 = ( GEOMETRIC_REPRESENTATION_CONTEXT(2) 
PARAMETRIC_REPRESENTATION_CONTEXT() REPRESENTATION_CONTEXT('2D SPACE',''
  ) );
#892 = PCURVE('',#893,#898);
#893 = CYLINDRICAL_SURFACE('',#894,15.);
#894 = AXIS2_PLACEMENT_3D('',#895,#896,#897);
#895 = CARTESIAN_POINT('',(156.345,35.,37.));
#896 = DIRECTION('',(1.,0.,0.));
#897 = DIRECTION('',(-0.,0.,1.));
#898 = DEFINITIONAL_REPRESENTATION('',(#899),#903);
#899 = LINE('',#900,#901);
#900 = CARTESIAN_POINT('',(3.208308802,5.));
#901 = VECTOR('',#902,1.);
#902 = DIRECTION('',(1.,0.));
#903 = ( GEOMETRIC_REPRESENTATION_CONTEXT(2) 
PARAMETRIC_REPRESENTATION_CONTEXT() REPRESENTATION_CONTEXT('2D SPACE',''
  ) );
#904 = ORIENTED_EDGE('',*,*,#905,.T.);
#905 = EDGE_CURVE('',#877,#906,#908,.T.);
#906 = VERTEX_POINT('',#907);
#907 = CARTESIAN_POINT('',(161.345,-36.,25.));
#908 = SURFACE_CURVE('',#909,(#913,#920),.PCURVE_S1.);
#909 = LINE('',#910,#911);
#910 = CARTESIAN_POINT('',(161.345,36.,35.));
#911 = VECTOR('',#912,1.);
#912 = DIRECTION('',(0.,-0.990492273178,-0.137568371275));
#913 = PCURVE('',#271,#914);
#914 = DEFINITIONAL_REPRESENTATION('',(#915),#919);
#915 = LINE('',#916,#917);
#916 = CARTESIAN_POINT('',(34.,-80.));
#917 = VECTOR('',#918,1.);
#918 = DIRECTION('',(-0.137568371275,0.990492273178));
#919 = ( GEOMETRIC_REPRESENTATION_CONTEXT(2) 
PARAMETRIC_REPRESENTATION_CONTEXT() REPRESENTATION_CONTEXT('2D SPACE',''
  ) );
#920 = PCURVE('',#921,#926);
#921 = PLANE('',#922);
#922 = AXIS2_PLACEMENT_3D('',#923,#924,#925);
#923 = CARTESIAN_POINT('',(145.5,36.,35.));
#924 = DIRECTION('',(0.,0.137568371275,-0.990492273178));
#925 = DIRECTION('',(0.,-0.990492273178,-0.137568371275));
#926 = DEFINITIONAL_REPRESENTATION('',(#927),#931);
#927 = LINE('',#928,#929);
#928 = CARTESIAN_POINT('',(0.,-15.845));
#929 = VECTOR('',#930,1.);
#930 = DIRECTION('',(1.,0.));
#931 = ( GEOMETRIC_REPRESENTATION_CONTEXT(2) 
PARAMETRIC_REPRESENTATION_CONTEXT() REPRESENTATION_CONTEXT('2D SPACE',''
  ) );
#932 = ORIENTED_EDGE('',*,*,#933,.T.);
#933 = EDGE_CURVE('',#906,#715,#934,.T.);
#934 = SURFACE_CURVE('',#935,(#939,#946),.PCURVE_S1.);
#935 = LINE('',#936,#937);
#936 = CARTESIAN_POINT('',(161.345,-36.,25.));
#937 = VECTOR('',#938,1.);
#938 = DIRECTION('',(0.,0.,-1.));
#939 = PCURVE('',#271,#940);
#940 = DEFINITIONAL_REPRESENTATION('',(#941),#945);
#941 = LINE('',#942,#943);
#942 = CARTESIAN_POINT('',(24.,-8.));
#943 = VECTOR('',#944,1.);
#944 = DIRECTION('',(-1.,0.));
#945 = ( GEOMETRIC_REPRESENTATION_CONTEXT(2) 
PARAMETRIC_REPRESENTATION_CONTEXT() REPRESENTATION_CONTEXT('2D SPACE',''
  ) );
#946 = PCURVE('',#753,#947);
#947 = DEFINITIONAL_REPRESENTATION('',(#948),#952);
#948 = LINE('',#949,#950);
#949 = CARTESIAN_POINT('',(0.,-15.845));
#950 = VECTOR('',#951,1.);
#951 = DIRECTION('',(1.,0.));
#952 = ( GEOMETRIC_REPRESENTATION_CONTEXT(2) 
PARAMETRIC_REPRESENTATION_CONTEXT() REPRESENTATION_CONTEXT('2D SPACE',''
  ) );
#953 = ORIENTED_EDGE('',*,*,#714,.F.);
#954 = FACE_BOUND('',#955,.T.);
#955 = EDGE_LOOP('',(#956,#984,#1012,#1038,#1066,#1092,#1120,#1146,#1174
    ,#1200,#1228,#1254,#1282,#1308,#1336,#1362,#1390,#1416,#1444,#1470,
    #1498,#1524,#1552,#1578,#1606,#1632,#1660,#1686,#1714,#1740,#1768,
    #1794,#1822,#1848,#1876,#1902,#1930,#1956,#1984,#2010,#2038,#2064,
    #2092,#2118,#2146,#2172,#2200,#2226,#2254,#2280,#2308,#2334,#2362,
    #2388,#2416,#2442));
#956 = ORIENTED_EDGE('',*,*,#957,.F.);
#957 = EDGE_CURVE('',#958,#960,#962,.T.);
#958 = VERTEX_POINT('',#959);
#959 = CARTESIAN_POINT('',(161.345,49.408827043452,38.623484903498));
#960 = VERTEX_POINT('',#961);
#961 = CARTESIAN_POINT('',(161.345,49.136454726636,40.226553542367));
#962 = SURFACE_CURVE('',#963,(#967,#973),.PCURVE_S1.);
#963 = LINE('',#964,#965);
#964 = CARTESIAN_POINT('',(161.345,51.118965220749,28.558332496642));
#965 = VECTOR('',#966,1.);
#966 = DIRECTION('',(0.,-0.167506223305,0.985871018518));
#967 = PCURVE('',#271,#968);
#968 = DEFINITIONAL_REPRESENTATION('',(#969),#972);
#969 = B_SPLINE_CURVE_WITH_KNOTS('',1,(#970,#971),.UNSPECIFIED.,.F.,.F.,
  (2,2),(10.209400842297,11.835443812175),.PIECEWISE_BEZIER_KNOTS.);
#970 = CARTESIAN_POINT('',(37.623484903498,-93.40882704345));
#971 = CARTESIAN_POINT('',(39.226553542367,-93.13645472663));
#972 = ( GEOMETRIC_REPRESENTATION_CONTEXT(2) 
PARAMETRIC_REPRESENTATION_CONTEXT() REPRESENTATION_CONTEXT('2D SPACE',''
  ) );
#973 = PCURVE('',#974,#979);
#974 = PLANE('',#975);
#975 = AXIS2_PLACEMENT_3D('',#976,#977,#978);
#976 = CARTESIAN_POINT('',(161.71794494238,49.236874894081,
    39.635522768673));
#977 = DIRECTION('',(0.,0.985871018518,0.167506223305));
#978 = DIRECTION('',(0.,-0.167506223305,0.985871018518));
#979 = DEFINITIONAL_REPRESENTATION('',(#980),#983);
#980 = B_SPLINE_CURVE_WITH_KNOTS('',1,(#981,#982),.UNSPECIFIED.,.F.,.F.,
  (2,2),(10.209400842297,11.835443812175),.PIECEWISE_BEZIER_KNOTS.);
#981 = CARTESIAN_POINT('',(-1.02654185605,-0.372944942388));
#982 = CARTESIAN_POINT('',(0.599501113829,-0.372944942388));
#983 = ( GEOMETRIC_REPRESENTATION_CONTEXT(2) 
PARAMETRIC_REPRESENTATION_CONTEXT() REPRESENTATION_CONTEXT('2D SPACE',''
  ) );
#984 = ORIENTED_EDGE('',*,*,#985,.T.);
#985 = EDGE_CURVE('',#958,#986,#988,.T.);
#986 = VERTEX_POINT('',#987);
#987 = CARTESIAN_POINT('',(161.345,49.5,37.));
#988 = SURFACE_CURVE('',#989,(#993,#1000),.PCURVE_S1.);
#989 = LINE('',#990,#991);
#990 = CARTESIAN_POINT('',(161.345,49.408827043452,38.623484903498));
#991 = VECTOR('',#992,1.);
#992 = DIRECTION('',(0.,5.607044723719E-02,-0.998426815018));
#993 = PCURVE('',#271,#994);
#994 = DEFINITIONAL_REPRESENTATION('',(#995),#999);
#995 = LINE('',#996,#997);
#996 = CARTESIAN_POINT('',(37.623484903498,-93.40882704345));
#997 = VECTOR('',#998,1.);
#998 = DIRECTION('',(-0.998426815018,-5.607044723719E-02));
#999 = ( GEOMETRIC_REPRESENTATION_CONTEXT(2) 
PARAMETRIC_REPRESENTATION_CONTEXT() REPRESENTATION_CONTEXT('2D SPACE',''
  ) );
#1000 = PCURVE('',#1001,#1006);
#1001 = PLANE('',#1002);
#1002 = AXIS2_PLACEMENT_3D('',#1003,#1004,#1005);
#1003 = CARTESIAN_POINT('',(161.68394673297,49.466247372799,
    37.601021210551));
#1004 = DIRECTION('',(0.,0.998426815018,5.607044723719E-02));
#1005 = DIRECTION('',(0.,-5.607044723719E-02,0.998426815018));
#1006 = DEFINITIONAL_REPRESENTATION('',(#1007),#1011);
#1007 = LINE('',#1008,#1009);
#1008 = CARTESIAN_POINT('',(1.024074751967,-0.338946732972));
#1009 = VECTOR('',#1010,1.);
#1010 = DIRECTION('',(-1.,0.));
#1011 = ( GEOMETRIC_REPRESENTATION_CONTEXT(2) 
PARAMETRIC_REPRESENTATION_CONTEXT() REPRESENTATION_CONTEXT('2D SPACE',''
  ) );
#1012 = ORIENTED_EDGE('',*,*,#1013,.F.);
#1013 = EDGE_CURVE('',#1014,#986,#1016,.T.);
#1014 = VERTEX_POINT('',#1015);
#1015 = CARTESIAN_POINT('',(161.345,49.408827043452,35.376515096502));
#1016 = SURFACE_CURVE('',#1017,(#1021,#1027),.PCURVE_S1.);
#1017 = LINE('',#1018,#1019);
#1018 = CARTESIAN_POINT('',(161.345,48.328535473539,16.140141488206));
#1019 = VECTOR('',#1020,1.);
#1020 = DIRECTION('',(-0.,5.607044723719E-02,0.998426815018));
#1021 = PCURVE('',#271,#1022);
#1022 = DEFINITIONAL_REPRESENTATION('',(#1023),#1026);
#1023 = B_SPLINE_CURVE_WITH_KNOTS('',1,(#1024,#1025),.UNSPECIFIED.,.F.,
  .F.,(2,2),(19.266683665695,20.892726635574),.PIECEWISE_BEZIER_KNOTS.);
#1024 = CARTESIAN_POINT('',(34.376515096502,-93.40882704345));
#1025 = CARTESIAN_POINT('',(36.,-93.5));
#1026 = ( GEOMETRIC_REPRESENTATION_CONTEXT(2) 
PARAMETRIC_REPRESENTATION_CONTEXT() REPRESENTATION_CONTEXT('2D SPACE',''
  ) );
#1027 = PCURVE('',#1028,#1033);
#1028 = PLANE('',#1029);
#1029 = AXIS2_PLACEMENT_3D('',#1030,#1031,#1032);
#1030 = CARTESIAN_POINT('',(161.71794494238,49.466385704428,
    36.40144201232));
#1031 = DIRECTION('',(0.,0.998426815018,-5.607044723719E-02));
#1032 = DIRECTION('',(0.,5.607044723719E-02,0.998426815018));
#1033 = DEFINITIONAL_REPRESENTATION('',(#1034),#1037);
#1034 = B_SPLINE_CURVE_WITH_KNOTS('',1,(#1035,#1036),.UNSPECIFIED.,.F.,
  .F.,(2,2),(19.266683665695,20.892726635574),.PIECEWISE_BEZIER_KNOTS.);
#1035 = CARTESIAN_POINT('',(-1.02654185605,-0.372944942388));
#1036 = CARTESIAN_POINT('',(0.599501113829,-0.372944942388));
#1037 = ( GEOMETRIC_REPRESENTATION_CONTEXT(2) 
PARAMETRIC_REPRESENTATION_CONTEXT() REPRESENTATION_CONTEXT('2D SPACE',''
  ) );
#1038 = ORIENTED_EDGE('',*,*,#1039,.T.);
#1039 = EDGE_CURVE('',#1014,#1040,#1042,.T.);
#1040 = VERTEX_POINT('',#1041);
#1041 = CARTESIAN_POINT('',(161.345,49.136454726636,33.773446457633));
#1042 = SURFACE_CURVE('',#1043,(#1047,#1054),.PCURVE_S1.);
#1043 = LINE('',#1044,#1045);
#1044 = CARTESIAN_POINT('',(161.345,49.408827043452,35.376515096502));
#1045 = VECTOR('',#1046,1.);
#1046 = DIRECTION('',(0.,-0.167506223305,-0.985871018518));
#1047 = PCURVE('',#271,#1048);
#1048 = DEFINITIONAL_REPRESENTATION('',(#1049),#1053);
#1049 = LINE('',#1050,#1051);
#1050 = CARTESIAN_POINT('',(34.376515096502,-93.40882704345));
#1051 = VECTOR('',#1052,1.);
#1052 = DIRECTION('',(-0.985871018518,0.167506223305));
#1053 = ( GEOMETRIC_REPRESENTATION_CONTEXT(2) 
PARAMETRIC_REPRESENTATION_CONTEXT() REPRESENTATION_CONTEXT('2D SPACE',''
  ) );
#1054 = PCURVE('',#1055,#1060);
#1055 = PLANE('',#1056);
#1056 = AXIS2_PLACEMENT_3D('',#1057,#1058,#1059);
#1057 = CARTESIAN_POINT('',(161.68394673297,49.237288149368,
    34.366909477741));
#1058 = DIRECTION('',(0.,0.985871018518,-0.167506223305));
#1059 = DIRECTION('',(0.,0.167506223305,0.985871018518));
#1060 = DEFINITIONAL_REPRESENTATION('',(#1061),#1065);
#1061 = LINE('',#1062,#1063);
#1062 = CARTESIAN_POINT('',(1.024074751967,-0.338946732972));
#1063 = VECTOR('',#1064,1.);
#1064 = DIRECTION('',(-1.,0.));
#1065 = ( GEOMETRIC_REPRESENTATION_CONTEXT(2) 
PARAMETRIC_REPRESENTATION_CONTEXT() REPRESENTATION_CONTEXT('2D SPACE',''
  ) );
#1066 = ORIENTED_EDGE('',*,*,#1067,.F.);
#1067 = EDGE_CURVE('',#1068,#1040,#1070,.T.);
#1068 = VERTEX_POINT('',#1069);
#1069 = CARTESIAN_POINT('',(161.345,48.686308289471,32.21095360165));
#1070 = SURFACE_CURVE('',#1071,(#1075,#1081),.PCURVE_S1.);
#1071 = LINE('',#1072,#1073);
#1072 = CARTESIAN_POINT('',(161.345,41.125450764742,5.966636437003));
#1073 = VECTOR('',#1074,1.);
#1074 = DIRECTION('',(-0.,0.276835511425,0.960917321945));
#1075 = PCURVE('',#271,#1076);
#1076 = DEFINITIONAL_REPRESENTATION('',(#1077),#1080);
#1077 = B_SPLINE_CURVE_WITH_KNOTS('',1,(#1078,#1079),.UNSPECIFIED.,.F.,
  .F.,(2,2),(27.311732825799,28.937775795677),.PIECEWISE_BEZIER_KNOTS.);
#1078 = CARTESIAN_POINT('',(31.21095360165,-92.68630828947));
#1079 = CARTESIAN_POINT('',(32.773446457633,-93.13645472663));
#1080 = ( GEOMETRIC_REPRESENTATION_CONTEXT(2) 
PARAMETRIC_REPRESENTATION_CONTEXT() REPRESENTATION_CONTEXT('2D SPACE',''
  ) );
#1081 = PCURVE('',#1082,#1087);
#1082 = PLANE('',#1083);
#1083 = AXIS2_PLACEMENT_3D('',#1084,#1085,#1086);
#1084 = CARTESIAN_POINT('',(161.71794494238,48.97049152919,
    33.19737545283));
#1085 = DIRECTION('',(0.,0.960917321945,-0.276835511425));
#1086 = DIRECTION('',(0.,0.276835511425,0.960917321945));
#1087 = DEFINITIONAL_REPRESENTATION('',(#1088),#1091);
#1088 = B_SPLINE_CURVE_WITH_KNOTS('',1,(#1089,#1090),.UNSPECIFIED.,.F.,
  .F.,(2,2),(27.311732825799,28.937775795677),.PIECEWISE_BEZIER_KNOTS.);
#1089 = CARTESIAN_POINT('',(-1.02654185605,-0.372944942388));
#1090 = CARTESIAN_POINT('',(0.599501113829,-0.372944942388));
#1091 = ( GEOMETRIC_REPRESENTATION_CONTEXT(2) 
PARAMETRIC_REPRESENTATION_CONTEXT() REPRESENTATION_CONTEXT('2D SPACE',''
  ) );
#1092 = ORIENTED_EDGE('',*,*,#1093,.T.);
#1093 = EDGE_CURVE('',#1068,#1094,#1096,.T.);
#1094 = VERTEX_POINT('',#1095);
#1095 = CARTESIAN_POINT('',(161.345,48.064048584585,30.708685782795));
#1096 = SURFACE_CURVE('',#1097,(#1101,#1108),.PCURVE_S1.);
#1097 = LINE('',#1098,#1099);
#1098 = CARTESIAN_POINT('',(161.345,48.686308289471,32.21095360165));
#1099 = VECTOR('',#1100,1.);
#1100 = DIRECTION('',(0.,-0.382683432365,-0.923879532511));
#1101 = PCURVE('',#271,#1102);
#1102 = DEFINITIONAL_REPRESENTATION('',(#1103),#1107);
#1103 = LINE('',#1104,#1105);
#1104 = CARTESIAN_POINT('',(31.21095360165,-92.68630828947));
#1105 = VECTOR('',#1106,1.);
#1106 = DIRECTION('',(-0.923879532511,0.382683432365));
#1107 = ( GEOMETRIC_REPRESENTATION_CONTEXT(2) 
PARAMETRIC_REPRESENTATION_CONTEXT() REPRESENTATION_CONTEXT('2D SPACE',''
  ) );
#1108 = PCURVE('',#1109,#1114);
#1109 = PLANE('',#1110);
#1110 = AXIS2_PLACEMENT_3D('',#1111,#1112,#1113);
#1111 = CARTESIAN_POINT('',(161.68394673297,48.29441184839,
    31.264831898546));
#1112 = DIRECTION('',(0.,0.923879532511,-0.382683432365));
#1113 = DIRECTION('',(0.,0.382683432365,0.923879532511));
#1114 = DEFINITIONAL_REPRESENTATION('',(#1115),#1119);
#1115 = LINE('',#1116,#1117);
#1116 = CARTESIAN_POINT('',(1.024074751967,-0.338946732972));
#1117 = VECTOR('',#1118,1.);
#1118 = DIRECTION('',(-1.,0.));
#1119 = ( GEOMETRIC_REPRESENTATION_CONTEXT(2) 
PARAMETRIC_REPRESENTATION_CONTEXT() REPRESENTATION_CONTEXT('2D SPACE',''
  ) );
#1120 = ORIENTED_EDGE('',*,*,#1121,.F.);
#1121 = EDGE_CURVE('',#1122,#1094,#1124,.T.);
#1122 = VERTEX_POINT('',#1123);
#1123 = CARTESIAN_POINT('',(161.345,47.27750088881,29.285534890528));
#1124 = SURFACE_CURVE('',#1125,(#1129,#1135),.PCURVE_S1.);
#1125 = LINE('',#1126,#1127);
#1126 = CARTESIAN_POINT('',(161.345,30.859532372965,-0.42054227181));
#1127 = VECTOR('',#1128,1.);
#1128 = DIRECTION('',(-0.,0.483718887105,0.875223421909));
#1129 = PCURVE('',#271,#1130);
#1130 = DEFINITIONAL_REPRESENTATION('',(#1131),#1134);
#1131 = B_SPLINE_CURVE_WITH_KNOTS('',1,(#1132,#1133),.UNSPECIFIED.,.F.,
  .F.,(2,2),(33.94113596452,35.567178934399),.PIECEWISE_BEZIER_KNOTS.);
#1132 = CARTESIAN_POINT('',(28.285534890528,-91.27750088881));
#1133 = CARTESIAN_POINT('',(29.708685782795,-92.06404858458));
#1134 = ( GEOMETRIC_REPRESENTATION_CONTEXT(2) 
PARAMETRIC_REPRESENTATION_CONTEXT() REPRESENTATION_CONTEXT('2D SPACE',''
  ) );
#1135 = PCURVE('',#1136,#1141);
#1136 = PLANE('',#1137);
#1137 = AXIS2_PLACEMENT_3D('',#1138,#1139,#1140);
#1138 = CARTESIAN_POINT('',(161.71794494238,47.774058572985,
    30.183988366512));
#1139 = DIRECTION('',(0.,0.875223421909,-0.483718887105));
#1140 = DIRECTION('',(0.,0.483718887105,0.875223421909));
#1141 = DEFINITIONAL_REPRESENTATION('',(#1142),#1145);
#1142 = B_SPLINE_CURVE_WITH_KNOTS('',1,(#1143,#1144),.UNSPECIFIED.,.F.,
  .F.,(2,2),(33.94113596452,35.567178934399),.PIECEWISE_BEZIER_KNOTS.);
#1143 = CARTESIAN_POINT('',(-1.02654185605,-0.372944942388));
#1144 = CARTESIAN_POINT('',(0.599501113829,-0.372944942388));
#1145 = ( GEOMETRIC_REPRESENTATION_CONTEXT(2) 
PARAMETRIC_REPRESENTATION_CONTEXT() REPRESENTATION_CONTEXT('2D SPACE',''
  ) );
#1146 = ORIENTED_EDGE('',*,*,#1147,.T.);
#1147 = EDGE_CURVE('',#1122,#1148,#1150,.T.);
#1148 = VERTEX_POINT('',#1149);
#1149 = CARTESIAN_POINT('',(161.345,46.336556495786,27.959397873048));
#1150 = SURFACE_CURVE('',#1151,(#1155,#1162),.PCURVE_S1.);
#1151 = LINE('',#1152,#1153);
#1152 = CARTESIAN_POINT('',(161.345,47.27750088881,29.285534890528));
#1153 = VECTOR('',#1154,1.);
#1154 = DIRECTION('',(0.,-0.57867129618,-0.815560868959));
#1155 = PCURVE('',#271,#1156);
#1156 = DEFINITIONAL_REPRESENTATION('',(#1157),#1161);
#1157 = LINE('',#1158,#1159);
#1158 = CARTESIAN_POINT('',(28.285534890528,-91.27750088881));
#1159 = VECTOR('',#1160,1.);
#1160 = DIRECTION('',(-0.815560868959,0.57867129618));
#1161 = ( GEOMETRIC_REPRESENTATION_CONTEXT(2) 
PARAMETRIC_REPRESENTATION_CONTEXT() REPRESENTATION_CONTEXT('2D SPACE',''
  ) );
#1162 = PCURVE('',#1163,#1168);
#1163 = PLANE('',#1164);
#1164 = AXIS2_PLACEMENT_3D('',#1165,#1166,#1167);
#1165 = CARTESIAN_POINT('',(161.68394673297,46.684898224704,
    28.450339595934));
#1166 = DIRECTION('',(-0.,0.815560868959,-0.57867129618));
#1167 = DIRECTION('',(0.,0.57867129618,0.815560868959));
#1168 = DEFINITIONAL_REPRESENTATION('',(#1169),#1173);
#1169 = LINE('',#1170,#1171);
#1170 = CARTESIAN_POINT('',(1.024074751967,-0.338946732972));
#1171 = VECTOR('',#1172,1.);
#1172 = DIRECTION('',(-1.,0.));
#1173 = ( GEOMETRIC_REPRESENTATION_CONTEXT(2) 
PARAMETRIC_REPRESENTATION_CONTEXT() REPRESENTATION_CONTEXT('2D SPACE',''
  ) );
#1174 = ORIENTED_EDGE('',*,*,#1175,.F.);
#1175 = EDGE_CURVE('',#1176,#1148,#1178,.T.);
#1176 = VERTEX_POINT('',#1177);
#1177 = CARTESIAN_POINT('',(161.345,45.253048327205,26.746951672795));
#1178 = SURFACE_CURVE('',#1179,(#1183,#1189),.PCURVE_S1.);
#1179 = LINE('',#1180,#1181);
#1180 = CARTESIAN_POINT('',(161.345,19.383830209803,-2.200716761519));
#1181 = VECTOR('',#1182,1.);
#1182 = DIRECTION('',(-0.,0.666346577952,0.745642164883));
#1183 = PCURVE('',#271,#1184);
#1184 = DEFINITIONAL_REPRESENTATION('',(#1185),#1188);
#1185 = B_SPLINE_CURVE_WITH_KNOTS('',1,(#1186,#1187),.UNSPECIFIED.,.F.,
  .F.,(2,2),(38.822467126507,40.448510096385),.PIECEWISE_BEZIER_KNOTS.);
#1186 = CARTESIAN_POINT('',(25.746951672795,-89.2530483272));
#1187 = CARTESIAN_POINT('',(26.959397873048,-90.33655649578));
#1188 = ( GEOMETRIC_REPRESENTATION_CONTEXT(2) 
PARAMETRIC_REPRESENTATION_CONTEXT() REPRESENTATION_CONTEXT('2D SPACE',''
  ) );
#1189 = PCURVE('',#1190,#1195);
#1190 = PLANE('',#1191);
#1191 = AXIS2_PLACEMENT_3D('',#1192,#1193,#1194);
#1192 = CARTESIAN_POINT('',(161.71794494238,45.937080980108,
    27.512384564683));
#1193 = DIRECTION('',(-0.,0.745642164883,-0.666346577952));
#1194 = DIRECTION('',(0.,0.666346577952,0.745642164883));
#1195 = DEFINITIONAL_REPRESENTATION('',(#1196),#1199);
#1196 = B_SPLINE_CURVE_WITH_KNOTS('',1,(#1197,#1198),.UNSPECIFIED.,.F.,
  .F.,(2,2),(38.822467126507,40.448510096385),.PIECEWISE_BEZIER_KNOTS.);
#1197 = CARTESIAN_POINT('',(-1.02654185605,-0.372944942388));
#1198 = CARTESIAN_POINT('',(0.599501113829,-0.372944942388));
#1199 = ( GEOMETRIC_REPRESENTATION_CONTEXT(2) 
PARAMETRIC_REPRESENTATION_CONTEXT() REPRESENTATION_CONTEXT('2D SPACE',''
  ) );
#1200 = ORIENTED_EDGE('',*,*,#1201,.T.);
#1201 = EDGE_CURVE('',#1176,#1202,#1204,.T.);
#1202 = VERTEX_POINT('',#1203);
#1203 = CARTESIAN_POINT('',(161.345,44.040602126952,25.663443504214));
#1204 = SURFACE_CURVE('',#1205,(#1209,#1216),.PCURVE_S1.);
#1205 = LINE('',#1206,#1207);
#1206 = CARTESIAN_POINT('',(161.345,45.253048327205,26.746951672795));
#1207 = VECTOR('',#1208,1.);
#1208 = DIRECTION('',(0.,-0.745642164883,-0.666346577952));
#1209 = PCURVE('',#271,#1210);
#1210 = DEFINITIONAL_REPRESENTATION('',(#1211),#1215);
#1211 = LINE('',#1212,#1213);
#1212 = CARTESIAN_POINT('',(25.746951672795,-89.2530483272));
#1213 = VECTOR('',#1214,1.);
#1214 = DIRECTION('',(-0.666346577952,0.745642164883));
#1215 = ( GEOMETRIC_REPRESENTATION_CONTEXT(2) 
PARAMETRIC_REPRESENTATION_CONTEXT() REPRESENTATION_CONTEXT('2D SPACE',''
  ) );
#1216 = PCURVE('',#1217,#1222);
#1217 = PLANE('',#1218);
#1218 = AXIS2_PLACEMENT_3D('',#1219,#1220,#1221);
#1219 = CARTESIAN_POINT('',(161.68394673297,44.489455012146,
    26.064562966255));
#1220 = DIRECTION('',(-0.,0.666346577952,-0.745642164883));
#1221 = DIRECTION('',(0.,-0.745642164883,-0.666346577952));
#1222 = DEFINITIONAL_REPRESENTATION('',(#1223),#1227);
#1223 = LINE('',#1224,#1225);
#1224 = CARTESIAN_POINT('',(-1.024074751967,0.338946732972));
#1225 = VECTOR('',#1226,1.);
#1226 = DIRECTION('',(1.,0.));
#1227 = ( GEOMETRIC_REPRESENTATION_CONTEXT(2) 
PARAMETRIC_REPRESENTATION_CONTEXT() REPRESENTATION_CONTEXT('2D SPACE',''
  ) );
#1228 = ORIENTED_EDGE('',*,*,#1229,.F.);
#1229 = EDGE_CURVE('',#1230,#1202,#1232,.T.);
#1230 = VERTEX_POINT('',#1231);
#1231 = CARTESIAN_POINT('',(161.345,42.714465109472,24.72249911119));
#1232 = SURFACE_CURVE('',#1233,(#1237,#1243),.PCURVE_S1.);
#1233 = LINE('',#1234,#1235);
#1234 = CARTESIAN_POINT('',(161.345,8.696641601524,0.585566146664));
#1235 = VECTOR('',#1236,1.);
#1236 = DIRECTION('',(-0.,0.815560868959,0.57867129618));
#1237 = PCURVE('',#271,#1238);
#1238 = DEFINITIONAL_REPRESENTATION('',(#1239),#1242);
#1239 = B_SPLINE_CURVE_WITH_KNOTS('',1,(#1240,#1241),.UNSPECIFIED.,.F.,
  .F.,(2,2),(41.710955984633,43.336998954511),.PIECEWISE_BEZIER_KNOTS.);
#1240 = CARTESIAN_POINT('',(23.72249911119,-86.71446510947));
#1241 = CARTESIAN_POINT('',(24.663443504214,-88.04060212695));
#1242 = ( GEOMETRIC_REPRESENTATION_CONTEXT(2) 
PARAMETRIC_REPRESENTATION_CONTEXT() REPRESENTATION_CONTEXT('2D SPACE',''
  ) );
#1243 = PCURVE('',#1244,#1249);
#1244 = PLANE('',#1245);
#1245 = AXIS2_PLACEMENT_3D('',#1246,#1247,#1248);
#1246 = CARTESIAN_POINT('',(161.71794494238,43.551672477615,
    25.316529417613));
#1247 = DIRECTION('',(-0.,0.57867129618,-0.815560868959));
#1248 = DIRECTION('',(0.,-0.815560868959,-0.57867129618));
#1249 = DEFINITIONAL_REPRESENTATION('',(#1250),#1253);
#1250 = B_SPLINE_CURVE_WITH_KNOTS('',1,(#1251,#1252),.UNSPECIFIED.,.F.,
  .F.,(2,2),(41.710955984633,43.336998954511),.PIECEWISE_BEZIER_KNOTS.);
#1251 = CARTESIAN_POINT('',(1.02654185605,0.372944942388));
#1252 = CARTESIAN_POINT('',(-0.599501113829,0.372944942388));
#1253 = ( GEOMETRIC_REPRESENTATION_CONTEXT(2) 
PARAMETRIC_REPRESENTATION_CONTEXT() REPRESENTATION_CONTEXT('2D SPACE',''
  ) );
#1254 = ORIENTED_EDGE('',*,*,#1255,.T.);
#1255 = EDGE_CURVE('',#1230,#1256,#1258,.T.);
#1256 = VERTEX_POINT('',#1257);
#1257 = CARTESIAN_POINT('',(161.345,41.291314217205,23.935951415415));
#1258 = SURFACE_CURVE('',#1259,(#1263,#1270),.PCURVE_S1.);
#1259 = LINE('',#1260,#1261);
#1260 = CARTESIAN_POINT('',(161.345,42.714465109472,24.72249911119));
#1261 = VECTOR('',#1262,1.);
#1262 = DIRECTION('',(0.,-0.875223421909,-0.483718887105));
#1263 = PCURVE('',#271,#1264);
#1264 = DEFINITIONAL_REPRESENTATION('',(#1265),#1269);
#1265 = LINE('',#1266,#1267);
#1266 = CARTESIAN_POINT('',(23.72249911119,-86.71446510947));
#1267 = VECTOR('',#1268,1.);
#1268 = DIRECTION('',(-0.483718887105,0.875223421909));
#1269 = ( GEOMETRIC_REPRESENTATION_CONTEXT(2) 
PARAMETRIC_REPRESENTATION_CONTEXT() REPRESENTATION_CONTEXT('2D SPACE',''
  ) );
#1270 = PCURVE('',#1271,#1276);
#1271 = PLANE('',#1272);
#1272 = AXIS2_PLACEMENT_3D('',#1273,#1274,#1275);
#1273 = CARTESIAN_POINT('',(161.68394673297,41.818170900765,
    24.227134811856));
#1274 = DIRECTION('',(2.087213943636E-16,0.483718887105,-0.875223421909)
  );
#1275 = DIRECTION('',(0.,-0.875223421909,-0.483718887105));
#1276 = DEFINITIONAL_REPRESENTATION('',(#1277),#1281);
#1277 = LINE('',#1278,#1279);
#1278 = CARTESIAN_POINT('',(-1.024074751967,0.338946732972));
#1279 = VECTOR('',#1280,1.);
#1280 = DIRECTION('',(1.,-4.067564042546E-31));
#1281 = ( GEOMETRIC_REPRESENTATION_CONTEXT(2) 
PARAMETRIC_REPRESENTATION_CONTEXT() REPRESENTATION_CONTEXT('2D SPACE',''
  ) );
#1282 = ORIENTED_EDGE('',*,*,#1283,.F.);
#1283 = EDGE_CURVE('',#1284,#1256,#1286,.T.);
#1284 = VERTEX_POINT('',#1285);
#1285 = CARTESIAN_POINT('',(161.345,39.78904639835,23.313691710529));
#1286 = SURFACE_CURVE('',#1287,(#1291,#1297),.PCURVE_S1.);
#1287 = LINE('',#1288,#1289);
#1288 = CARTESIAN_POINT('',(161.345,0.559493898986,7.064279019465));
#1289 = VECTOR('',#1290,1.);
#1290 = DIRECTION('',(-0.,0.923879532511,0.382683432365));
#1291 = PCURVE('',#271,#1292);
#1292 = DEFINITIONAL_REPRESENTATION('',(#1293),#1296);
#1293 = B_SPLINE_CURVE_WITH_KNOTS('',1,(#1294,#1295),.UNSPECIFIED.,.F.,
  .F.,(2,2),(42.461761646273,44.087804616152),.PIECEWISE_BEZIER_KNOTS.);
#1294 = CARTESIAN_POINT('',(22.313691710529,-83.78904639835));
#1295 = CARTESIAN_POINT('',(22.935951415415,-85.2913142172));
#1296 = ( GEOMETRIC_REPRESENTATION_CONTEXT(2) 
PARAMETRIC_REPRESENTATION_CONTEXT() REPRESENTATION_CONTEXT('2D SPACE',''
  ) );
#1297 = PCURVE('',#1298,#1303);
#1298 = PLANE('',#1299);
#1299 = AXIS2_PLACEMENT_3D('',#1300,#1301,#1302);
#1300 = CARTESIAN_POINT('',(161.71794494238,40.73744740842,
    23.706532271468));
#1301 = DIRECTION('',(-0.,0.382683432365,-0.923879532511));
#1302 = DIRECTION('',(0.,-0.923879532511,-0.382683432365));
#1303 = DEFINITIONAL_REPRESENTATION('',(#1304),#1307);
#1304 = B_SPLINE_CURVE_WITH_KNOTS('',1,(#1305,#1306),.UNSPECIFIED.,.F.,
  .F.,(2,2),(42.461761646273,44.087804616152),.PIECEWISE_BEZIER_KNOTS.);
#1305 = CARTESIAN_POINT('',(1.02654185605,0.372944942388));
#1306 = CARTESIAN_POINT('',(-0.599501113829,0.372944942388));
#1307 = ( GEOMETRIC_REPRESENTATION_CONTEXT(2) 
PARAMETRIC_REPRESENTATION_CONTEXT() REPRESENTATION_CONTEXT('2D SPACE',''
  ) );
#1308 = ORIENTED_EDGE('',*,*,#1309,.T.);
#1309 = EDGE_CURVE('',#1284,#1310,#1312,.T.);
#1310 = VERTEX_POINT('',#1311);
#1311 = CARTESIAN_POINT('',(161.345,38.226553542367,22.863545273364));
#1312 = SURFACE_CURVE('',#1313,(#1317,#1324),.PCURVE_S1.);
#1313 = LINE('',#1314,#1315);
#1314 = CARTESIAN_POINT('',(161.345,39.78904639835,23.313691710529));
#1315 = VECTOR('',#1316,1.);
#1316 = DIRECTION('',(0.,-0.960917321945,-0.276835511425));
#1317 = PCURVE('',#271,#1318);
#1318 = DEFINITIONAL_REPRESENTATION('',(#1319),#1323);
#1319 = LINE('',#1320,#1321);
#1320 = CARTESIAN_POINT('',(22.313691710529,-83.78904639835));
#1321 = VECTOR('',#1322,1.);
#1322 = DIRECTION('',(-0.276835511425,0.960917321945));
#1323 = ( GEOMETRIC_REPRESENTATION_CONTEXT(2) 
PARAMETRIC_REPRESENTATION_CONTEXT() REPRESENTATION_CONTEXT('2D SPACE',''
  ) );
#1324 = PCURVE('',#1325,#1330);
#1325 = PLANE('',#1326);
#1326 = AXIS2_PLACEMENT_3D('',#1327,#1328,#1329);
#1327 = CARTESIAN_POINT('',(161.68394673297,38.804995230218,
    23.030191452831));
#1328 = DIRECTION('',(-0.,0.276835511425,-0.960917321945));
#1329 = DIRECTION('',(0.,-0.960917321945,-0.276835511425));
#1330 = DEFINITIONAL_REPRESENTATION('',(#1331),#1335);
#1331 = LINE('',#1332,#1333);
#1332 = CARTESIAN_POINT('',(-1.024074751967,0.338946732972));
#1333 = VECTOR('',#1334,1.);
#1334 = DIRECTION('',(1.,0.));
#1335 = ( GEOMETRIC_REPRESENTATION_CONTEXT(2) 
PARAMETRIC_REPRESENTATION_CONTEXT() REPRESENTATION_CONTEXT('2D SPACE',''
  ) );
#1336 = ORIENTED_EDGE('',*,*,#1337,.F.);
#1337 = EDGE_CURVE('',#1338,#1310,#1340,.T.);
#1338 = VERTEX_POINT('',#1339);
#1339 = CARTESIAN_POINT('',(161.345,36.623484903498,22.591172956548));
#1340 = SURFACE_CURVE('',#1341,(#1345,#1351),.PCURVE_S1.);
#1341 = LINE('',#1342,#1343);
#1342 = CARTESIAN_POINT('',(161.345,-3.833936335384,15.717180609598));
#1343 = VECTOR('',#1344,1.);
#1344 = DIRECTION('',(-0.,0.985871018518,0.167506223305));
#1345 = PCURVE('',#271,#1346);
#1346 = DEFINITIONAL_REPRESENTATION('',(#1347),#1350);
#1347 = B_SPLINE_CURVE_WITH_KNOTS('',1,(#1348,#1349),.UNSPECIFIED.,.F.,
  .F.,(2,2),(41.037235580461,42.66327855034),.PIECEWISE_BEZIER_KNOTS.);
#1348 = CARTESIAN_POINT('',(21.591172956548,-80.62348490349));
#1349 = CARTESIAN_POINT('',(21.863545273364,-82.22655354236));
#1350 = ( GEOMETRIC_REPRESENTATION_CONTEXT(2) 
PARAMETRIC_REPRESENTATION_CONTEXT() REPRESENTATION_CONTEXT('2D SPACE',''
  ) );
#1351 = PCURVE('',#1352,#1357);
#1352 = PLANE('',#1353);
#1353 = AXIS2_PLACEMENT_3D('',#1354,#1355,#1356);
#1354 = CARTESIAN_POINT('',(161.71794494238,37.635522768673,
    22.763125105919));
#1355 = DIRECTION('',(-0.,0.167506223305,-0.985871018518));
#1356 = DIRECTION('',(0.,-0.985871018518,-0.167506223305));
#1357 = DEFINITIONAL_REPRESENTATION('',(#1358),#1361);
#1358 = B_SPLINE_CURVE_WITH_KNOTS('',1,(#1359,#1360),.UNSPECIFIED.,.F.,
  .F.,(2,2),(41.037235580461,42.66327855034),.PIECEWISE_BEZIER_KNOTS.);
#1359 = CARTESIAN_POINT('',(1.02654185605,0.372944942388));
#1360 = CARTESIAN_POINT('',(-0.599501113829,0.372944942388));
#1361 = ( GEOMETRIC_REPRESENTATION_CONTEXT(2) 
PARAMETRIC_REPRESENTATION_CONTEXT() REPRESENTATION_CONTEXT('2D SPACE',''
  ) );
#1362 = ORIENTED_EDGE('',*,*,#1363,.T.);
#1363 = EDGE_CURVE('',#1338,#1364,#1366,.T.);
#1364 = VERTEX_POINT('',#1365);
#1365 = CARTESIAN_POINT('',(161.345,35.,22.5));
#1366 = SURFACE_CURVE('',#1367,(#1371,#1378),.PCURVE_S1.);
#1367 = LINE('',#1368,#1369);
#1368 = CARTESIAN_POINT('',(161.345,36.623484903498,22.591172956548));
#1369 = VECTOR('',#1370,1.);
#1370 = DIRECTION('',(0.,-0.998426815018,-5.607044723719E-02));
#1371 = PCURVE('',#271,#1372);
#1372 = DEFINITIONAL_REPRESENTATION('',(#1373),#1377);
#1373 = LINE('',#1374,#1375);
#1374 = CARTESIAN_POINT('',(21.591172956548,-80.62348490349));
#1375 = VECTOR('',#1376,1.);
#1376 = DIRECTION('',(-5.607044723719E-02,0.998426815018));
#1377 = ( GEOMETRIC_REPRESENTATION_CONTEXT(2) 
PARAMETRIC_REPRESENTATION_CONTEXT() REPRESENTATION_CONTEXT('2D SPACE',''
  ) );
#1378 = PCURVE('',#1379,#1384);
#1379 = PLANE('',#1380);
#1380 = AXIS2_PLACEMENT_3D('',#1381,#1382,#1383);
#1381 = CARTESIAN_POINT('',(161.68394673297,35.601021210551,
    22.533752627201));
#1382 = DIRECTION('',(-0.,5.607044723719E-02,-0.998426815018));
#1383 = DIRECTION('',(0.,-0.998426815018,-5.607044723719E-02));
#1384 = DEFINITIONAL_REPRESENTATION('',(#1385),#1389);
#1385 = LINE('',#1386,#1387);
#1386 = CARTESIAN_POINT('',(-1.024074751967,0.338946732972));
#1387 = VECTOR('',#1388,1.);
#1388 = DIRECTION('',(1.,0.));
#1389 = ( GEOMETRIC_REPRESENTATION_CONTEXT(2) 
PARAMETRIC_REPRESENTATION_CONTEXT() REPRESENTATION_CONTEXT('2D SPACE',''
  ) );
#1390 = ORIENTED_EDGE('',*,*,#1391,.F.);
#1391 = EDGE_CURVE('',#1392,#1364,#1394,.T.);
#1392 = VERTEX_POINT('',#1393);
#1393 = CARTESIAN_POINT('',(161.345,33.376515096502,22.591172956548));
#1394 = SURFACE_CURVE('',#1395,(#1399,#1405),.PCURVE_S1.);
#1395 = LINE('',#1396,#1397);
#1396 = CARTESIAN_POINT('',(161.345,-4.073286080176,24.694308679002));
#1397 = VECTOR('',#1398,1.);
#1398 = DIRECTION('',(0.,0.998426815018,-5.607044723719E-02));
#1399 = PCURVE('',#271,#1400);
#1400 = DEFINITIONAL_REPRESENTATION('',(#1401),#1404);
#1401 = B_SPLINE_CURVE_WITH_KNOTS('',1,(#1402,#1403),.UNSPECIFIED.,.F.,
  .F.,(2,2),(37.50880947244,39.134852442318),.PIECEWISE_BEZIER_KNOTS.);
#1402 = CARTESIAN_POINT('',(21.591172956548,-77.3765150965));
#1403 = CARTESIAN_POINT('',(21.5,-79.));
#1404 = ( GEOMETRIC_REPRESENTATION_CONTEXT(2) 
PARAMETRIC_REPRESENTATION_CONTEXT() REPRESENTATION_CONTEXT('2D SPACE',''
  ) );
#1405 = PCURVE('',#1406,#1411);
#1406 = PLANE('',#1407);
#1407 = AXIS2_PLACEMENT_3D('',#1408,#1409,#1410);
#1408 = CARTESIAN_POINT('',(161.71794494238,34.40144201232,
    22.533614295572));
#1409 = DIRECTION('',(-0.,-5.607044723719E-02,-0.998426815018));
#1410 = DIRECTION('',(0.,-0.998426815018,5.607044723719E-02));
#1411 = DEFINITIONAL_REPRESENTATION('',(#1412),#1415);
#1412 = B_SPLINE_CURVE_WITH_KNOTS('',1,(#1413,#1414),.UNSPECIFIED.,.F.,
  .F.,(2,2),(37.50880947244,39.134852442318),.PIECEWISE_BEZIER_KNOTS.);
#1413 = CARTESIAN_POINT('',(1.02654185605,0.372944942388));
#1414 = CARTESIAN_POINT('',(-0.599501113829,0.372944942388));
#1415 = ( GEOMETRIC_REPRESENTATION_CONTEXT(2) 
PARAMETRIC_REPRESENTATION_CONTEXT() REPRESENTATION_CONTEXT('2D SPACE',''
  ) );
#1416 = ORIENTED_EDGE('',*,*,#1417,.T.);
#1417 = EDGE_CURVE('',#1392,#1418,#1420,.T.);
#1418 = VERTEX_POINT('',#1419);
#1419 = CARTESIAN_POINT('',(161.345,31.773446457633,22.863545273364));
#1420 = SURFACE_CURVE('',#1421,(#1425,#1432),.PCURVE_S1.);
#1421 = LINE('',#1422,#1423);
#1422 = CARTESIAN_POINT('',(161.345,33.376515096502,22.591172956548));
#1423 = VECTOR('',#1424,1.);
#1424 = DIRECTION('',(0.,-0.985871018518,0.167506223305));
#1425 = PCURVE('',#271,#1426);
#1426 = DEFINITIONAL_REPRESENTATION('',(#1427),#1431);
#1427 = LINE('',#1428,#1429);
#1428 = CARTESIAN_POINT('',(21.591172956548,-77.3765150965));
#1429 = VECTOR('',#1430,1.);
#1430 = DIRECTION('',(0.167506223305,0.985871018518));
#1431 = ( GEOMETRIC_REPRESENTATION_CONTEXT(2) 
PARAMETRIC_REPRESENTATION_CONTEXT() REPRESENTATION_CONTEXT('2D SPACE',''
  ) );
#1432 = PCURVE('',#1433,#1438);
#1433 = PLANE('',#1434);
#1434 = AXIS2_PLACEMENT_3D('',#1435,#1436,#1437);
#1435 = CARTESIAN_POINT('',(161.68394673297,32.366909477741,
    22.762711850632));
#1436 = DIRECTION('',(-0.,-0.167506223305,-0.985871018518));
#1437 = DIRECTION('',(0.,-0.985871018518,0.167506223305));
#1438 = DEFINITIONAL_REPRESENTATION('',(#1439),#1443);
#1439 = LINE('',#1440,#1441);
#1440 = CARTESIAN_POINT('',(-1.024074751967,0.338946732972));
#1441 = VECTOR('',#1442,1.);
#1442 = DIRECTION('',(1.,0.));
#1443 = ( GEOMETRIC_REPRESENTATION_CONTEXT(2) 
PARAMETRIC_REPRESENTATION_CONTEXT() REPRESENTATION_CONTEXT('2D SPACE',''
  ) );
#1444 = ORIENTED_EDGE('',*,*,#1445,.F.);
#1445 = EDGE_CURVE('',#1446,#1418,#1448,.T.);
#1446 = VERTEX_POINT('',#1447);
#1447 = CARTESIAN_POINT('',(161.345,30.21095360165,23.313691710529));
#1448 = SURFACE_CURVE('',#1449,(#1453,#1459),.PCURVE_S1.);
#1449 = LINE('',#1450,#1451);
#1450 = CARTESIAN_POINT('',(161.345,-0.589726504885,32.187214785611));
#1451 = VECTOR('',#1452,1.);
#1452 = DIRECTION('',(0.,0.960917321945,-0.276835511425));
#1453 = PCURVE('',#271,#1454);
#1454 = DEFINITIONAL_REPRESENTATION('',(#1455),#1458);
#1455 = B_SPLINE_CURVE_WITH_KNOTS('',1,(#1456,#1457),.UNSPECIFIED.,.F.,
  .F.,(2,2),(32.05341334069,33.679456310568),.PIECEWISE_BEZIER_KNOTS.);
#1456 = CARTESIAN_POINT('',(22.313691710529,-74.21095360165));
#1457 = CARTESIAN_POINT('',(21.863545273364,-75.77344645763));
#1458 = ( GEOMETRIC_REPRESENTATION_CONTEXT(2) 
PARAMETRIC_REPRESENTATION_CONTEXT() REPRESENTATION_CONTEXT('2D SPACE',''
  ) );
#1459 = PCURVE('',#1460,#1465);
#1460 = PLANE('',#1461);
#1461 = AXIS2_PLACEMENT_3D('',#1462,#1463,#1464);
#1462 = CARTESIAN_POINT('',(161.71794494238,31.19737545283,
    23.02950847081));
#1463 = DIRECTION('',(-0.,-0.276835511425,-0.960917321945));
#1464 = DIRECTION('',(0.,-0.960917321945,0.276835511425));
#1465 = DEFINITIONAL_REPRESENTATION('',(#1466),#1469);
#1466 = B_SPLINE_CURVE_WITH_KNOTS('',1,(#1467,#1468),.UNSPECIFIED.,.F.,
  .F.,(2,2),(32.05341334069,33.679456310568),.PIECEWISE_BEZIER_KNOTS.);
#1467 = CARTESIAN_POINT('',(1.02654185605,0.372944942388));
#1468 = CARTESIAN_POINT('',(-0.599501113829,0.372944942388));
#1469 = ( GEOMETRIC_REPRESENTATION_CONTEXT(2) 
PARAMETRIC_REPRESENTATION_CONTEXT() REPRESENTATION_CONTEXT('2D SPACE',''
  ) );
#1470 = ORIENTED_EDGE('',*,*,#1471,.T.);
#1471 = EDGE_CURVE('',#1446,#1472,#1474,.T.);
#1472 = VERTEX_POINT('',#1473);
#1473 = CARTESIAN_POINT('',(161.345,28.708685782795,23.935951415415));
#1474 = SURFACE_CURVE('',#1475,(#1479,#1486),.PCURVE_S1.);
#1475 = LINE('',#1476,#1477);
#1476 = CARTESIAN_POINT('',(161.345,30.21095360165,23.313691710529));
#1477 = VECTOR('',#1478,1.);
#1478 = DIRECTION('',(0.,-0.923879532511,0.382683432365));
#1479 = PCURVE('',#271,#1480);
#1480 = DEFINITIONAL_REPRESENTATION('',(#1481),#1485);
#1481 = LINE('',#1482,#1483);
#1482 = CARTESIAN_POINT('',(22.313691710529,-74.21095360165));
#1483 = VECTOR('',#1484,1.);
#1484 = DIRECTION('',(0.382683432365,0.923879532511));
#1485 = ( GEOMETRIC_REPRESENTATION_CONTEXT(2) 
PARAMETRIC_REPRESENTATION_CONTEXT() REPRESENTATION_CONTEXT('2D SPACE',''
  ) );
#1486 = PCURVE('',#1487,#1492);
#1487 = PLANE('',#1488);
#1488 = AXIS2_PLACEMENT_3D('',#1489,#1490,#1491);
#1489 = CARTESIAN_POINT('',(161.68394673297,29.264831898546,
    23.70558815161));
#1490 = DIRECTION('',(-0.,-0.382683432365,-0.923879532511));
#1491 = DIRECTION('',(0.,-0.923879532511,0.382683432365));
#1492 = DEFINITIONAL_REPRESENTATION('',(#1493),#1497);
#1493 = LINE('',#1494,#1495);
#1494 = CARTESIAN_POINT('',(-1.024074751967,0.338946732972));
#1495 = VECTOR('',#1496,1.);
#1496 = DIRECTION('',(1.,0.));
#1497 = ( GEOMETRIC_REPRESENTATION_CONTEXT(2) 
PARAMETRIC_REPRESENTATION_CONTEXT() REPRESENTATION_CONTEXT('2D SPACE',''
  ) );
#1498 = ORIENTED_EDGE('',*,*,#1499,.F.);
#1499 = EDGE_CURVE('',#1500,#1472,#1502,.T.);
#1500 = VERTEX_POINT('',#1501);
#1501 = CARTESIAN_POINT('',(161.345,27.285534890528,24.72249911119));
#1502 = SURFACE_CURVE('',#1503,(#1507,#1513),.PCURVE_S1.);
#1503 = LINE('',#1504,#1505);
#1504 = CARTESIAN_POINT('',(161.345,5.453433633463,36.788674968555));
#1505 = VECTOR('',#1506,1.);
#1506 = DIRECTION('',(0.,0.875223421909,-0.483718887105));
#1507 = PCURVE('',#271,#1508);
#1508 = DEFINITIONAL_REPRESENTATION('',(#1509),#1512);
#1509 = B_SPLINE_CURVE_WITH_KNOTS('',1,(#1510,#1511),.UNSPECIFIED.,.F.,
  .F.,(2,2),(24.944603527007,26.570646496886),.PIECEWISE_BEZIER_KNOTS.);
#1510 = CARTESIAN_POINT('',(23.72249911119,-71.28553489052));
#1511 = CARTESIAN_POINT('',(22.935951415415,-72.70868578279));
#1512 = ( GEOMETRIC_REPRESENTATION_CONTEXT(2) 
PARAMETRIC_REPRESENTATION_CONTEXT() REPRESENTATION_CONTEXT('2D SPACE',''
  ) );
#1513 = PCURVE('',#1514,#1519);
#1514 = PLANE('',#1515);
#1515 = AXIS2_PLACEMENT_3D('',#1516,#1517,#1518);
#1516 = CARTESIAN_POINT('',(161.71794494238,28.183988366512,
    24.225941427015));
#1517 = DIRECTION('',(-0.,-0.483718887105,-0.875223421909));
#1518 = DIRECTION('',(0.,-0.875223421909,0.483718887105));
#1519 = DEFINITIONAL_REPRESENTATION('',(#1520),#1523);
#1520 = B_SPLINE_CURVE_WITH_KNOTS('',1,(#1521,#1522),.UNSPECIFIED.,.F.,
  .F.,(2,2),(24.944603527007,26.570646496886),.PIECEWISE_BEZIER_KNOTS.);
#1521 = CARTESIAN_POINT('',(1.02654185605,0.372944942388));
#1522 = CARTESIAN_POINT('',(-0.599501113829,0.372944942388));
#1523 = ( GEOMETRIC_REPRESENTATION_CONTEXT(2) 
PARAMETRIC_REPRESENTATION_CONTEXT() REPRESENTATION_CONTEXT('2D SPACE',''
  ) );
#1524 = ORIENTED_EDGE('',*,*,#1525,.T.);
#1525 = EDGE_CURVE('',#1500,#1526,#1528,.T.);
#1526 = VERTEX_POINT('',#1527);
#1527 = CARTESIAN_POINT('',(161.345,25.959397873048,25.663443504214));
#1528 = SURFACE_CURVE('',#1529,(#1533,#1540),.PCURVE_S1.);
#1529 = LINE('',#1530,#1531);
#1530 = CARTESIAN_POINT('',(161.345,27.285534890528,24.72249911119));
#1531 = VECTOR('',#1532,1.);
#1532 = DIRECTION('',(0.,-0.815560868959,0.57867129618));
#1533 = PCURVE('',#271,#1534);
#1534 = DEFINITIONAL_REPRESENTATION('',(#1535),#1539);
#1535 = LINE('',#1536,#1537);
#1536 = CARTESIAN_POINT('',(23.72249911119,-71.28553489052));
#1537 = VECTOR('',#1538,1.);
#1538 = DIRECTION('',(0.57867129618,0.815560868959));
#1539 = ( GEOMETRIC_REPRESENTATION_CONTEXT(2) 
PARAMETRIC_REPRESENTATION_CONTEXT() REPRESENTATION_CONTEXT('2D SPACE',''
  ) );
#1540 = PCURVE('',#1541,#1546);
#1541 = PLANE('',#1542);
#1542 = AXIS2_PLACEMENT_3D('',#1543,#1544,#1545);
#1543 = CARTESIAN_POINT('',(161.68394673297,26.450339595934,
    25.315101775296));
#1544 = DIRECTION('',(-0.,-0.57867129618,-0.815560868959));
#1545 = DIRECTION('',(0.,-0.815560868959,0.57867129618));
#1546 = DEFINITIONAL_REPRESENTATION('',(#1547),#1551);
#1547 = LINE('',#1548,#1549);
#1548 = CARTESIAN_POINT('',(-1.024074751967,0.338946732972));
#1549 = VECTOR('',#1550,1.);
#1550 = DIRECTION('',(1.,0.));
#1551 = ( GEOMETRIC_REPRESENTATION_CONTEXT(2) 
PARAMETRIC_REPRESENTATION_CONTEXT() REPRESENTATION_CONTEXT('2D SPACE',''
  ) );
#1552 = ORIENTED_EDGE('',*,*,#1553,.F.);
#1553 = EDGE_CURVE('',#1554,#1526,#1556,.T.);
#1554 = VERTEX_POINT('',#1555);
#1555 = CARTESIAN_POINT('',(161.345,24.746951672795,26.746951672795));
#1556 = SURFACE_CURVE('',#1557,(#1561,#1567),.PCURVE_S1.);
#1557 = LINE('',#1558,#1559);
#1558 = CARTESIAN_POINT('',(161.345,12.414891154801,37.767554734519));
#1559 = VECTOR('',#1560,1.);
#1560 = DIRECTION('',(0.,0.745642164883,-0.666346577952));
#1561 = PCURVE('',#271,#1562);
#1562 = DEFINITIONAL_REPRESENTATION('',(#1563),#1566);
#1563 = B_SPLINE_CURVE_WITH_KNOTS('',1,(#1564,#1565),.UNSPECIFIED.,.F.,
  .F.,(2,2),(16.538845439255,18.164888409133),.PIECEWISE_BEZIER_KNOTS.);
#1564 = CARTESIAN_POINT('',(25.746951672795,-68.74695167279));
#1565 = CARTESIAN_POINT('',(24.663443504214,-69.95939787304));
#1566 = ( GEOMETRIC_REPRESENTATION_CONTEXT(2) 
PARAMETRIC_REPRESENTATION_CONTEXT() REPRESENTATION_CONTEXT('2D SPACE',''
  ) );
#1567 = PCURVE('',#1568,#1573);
#1568 = PLANE('',#1569);
#1569 = AXIS2_PLACEMENT_3D('',#1570,#1571,#1572);
#1570 = CARTESIAN_POINT('',(161.71794494238,25.512384564683,
    26.062919019892));
#1571 = DIRECTION('',(-0.,-0.666346577952,-0.745642164883));
#1572 = DIRECTION('',(0.,-0.745642164883,0.666346577952));
#1573 = DEFINITIONAL_REPRESENTATION('',(#1574),#1577);
#1574 = B_SPLINE_CURVE_WITH_KNOTS('',1,(#1575,#1576),.UNSPECIFIED.,.F.,
  .F.,(2,2),(16.538845439255,18.164888409133),.PIECEWISE_BEZIER_KNOTS.);
#1575 = CARTESIAN_POINT('',(1.02654185605,0.372944942388));
#1576 = CARTESIAN_POINT('',(-0.599501113829,0.372944942388));
#1577 = ( GEOMETRIC_REPRESENTATION_CONTEXT(2) 
PARAMETRIC_REPRESENTATION_CONTEXT() REPRESENTATION_CONTEXT('2D SPACE',''
  ) );
#1578 = ORIENTED_EDGE('',*,*,#1579,.T.);
#1579 = EDGE_CURVE('',#1554,#1580,#1582,.T.);
#1580 = VERTEX_POINT('',#1581);
#1581 = CARTESIAN_POINT('',(161.345,23.663443504214,27.959397873048));
#1582 = SURFACE_CURVE('',#1583,(#1587,#1594),.PCURVE_S1.);
#1583 = LINE('',#1584,#1585);
#1584 = CARTESIAN_POINT('',(161.345,24.746951672795,26.746951672795));
#1585 = VECTOR('',#1586,1.);
#1586 = DIRECTION('',(0.,-0.666346577952,0.745642164883));
#1587 = PCURVE('',#271,#1588);
#1588 = DEFINITIONAL_REPRESENTATION('',(#1589),#1593);
#1589 = LINE('',#1590,#1591);
#1590 = CARTESIAN_POINT('',(25.746951672795,-68.74695167279));
#1591 = VECTOR('',#1592,1.);
#1592 = DIRECTION('',(0.745642164883,0.666346577952));
#1593 = ( GEOMETRIC_REPRESENTATION_CONTEXT(2) 
PARAMETRIC_REPRESENTATION_CONTEXT() REPRESENTATION_CONTEXT('2D SPACE',''
  ) );
#1594 = PCURVE('',#1595,#1600);
#1595 = PLANE('',#1596);
#1596 = AXIS2_PLACEMENT_3D('',#1597,#1598,#1599);
#1597 = CARTESIAN_POINT('',(161.68394673297,24.064562966255,
    27.510544987854));
#1598 = DIRECTION('',(-0.,-0.745642164883,-0.666346577952));
#1599 = DIRECTION('',(0.,0.666346577952,-0.745642164883));
#1600 = DEFINITIONAL_REPRESENTATION('',(#1601),#1605);
#1601 = LINE('',#1602,#1603);
#1602 = CARTESIAN_POINT('',(1.024074751967,-0.338946732972));
#1603 = VECTOR('',#1604,1.);
#1604 = DIRECTION('',(-1.,0.));
#1605 = ( GEOMETRIC_REPRESENTATION_CONTEXT(2) 
PARAMETRIC_REPRESENTATION_CONTEXT() REPRESENTATION_CONTEXT('2D SPACE',''
  ) );
#1606 = ORIENTED_EDGE('',*,*,#1607,.F.);
#1607 = EDGE_CURVE('',#1608,#1580,#1610,.T.);
#1608 = VERTEX_POINT('',#1609);
#1609 = CARTESIAN_POINT('',(161.345,22.72249911119,29.285534890528));
#1610 = SURFACE_CURVE('',#1611,(#1615,#1621),.PCURVE_S1.);
#1611 = LINE('',#1612,#1613);
#1612 = CARTESIAN_POINT('',(161.345,18.522711809047,35.20458116808));
#1613 = VECTOR('',#1614,1.);
#1614 = DIRECTION('',(0.,0.57867129618,-0.815560868959));
#1615 = PCURVE('',#271,#1616);
#1616 = DEFINITIONAL_REPRESENTATION('',(#1617),#1620);
#1617 = B_SPLINE_CURVE_WITH_KNOTS('',1,(#1618,#1619),.UNSPECIFIED.,.F.,
  .F.,(2,2),(7.257638887341,8.88368185722),.PIECEWISE_BEZIER_KNOTS.);
#1618 = CARTESIAN_POINT('',(28.285534890528,-66.72249911119));
#1619 = CARTESIAN_POINT('',(26.959397873048,-67.66344350421));
#1620 = ( GEOMETRIC_REPRESENTATION_CONTEXT(2) 
PARAMETRIC_REPRESENTATION_CONTEXT() REPRESENTATION_CONTEXT('2D SPACE',''
  ) );
#1621 = PCURVE('',#1622,#1627);
#1622 = PLANE('',#1623);
#1623 = AXIS2_PLACEMENT_3D('',#1624,#1625,#1626);
#1624 = CARTESIAN_POINT('',(161.71794494238,23.316529417613,
    28.448327522385));
#1625 = DIRECTION('',(-2.626021306263E-16,-0.815560868959,-0.57867129618
    ));
#1626 = DIRECTION('',(0.,0.57867129618,-0.815560868959));
#1627 = DEFINITIONAL_REPRESENTATION('',(#1628),#1631);
#1628 = B_SPLINE_CURVE_WITH_KNOTS('',1,(#1629,#1630),.UNSPECIFIED.,.F.,
  .F.,(2,2),(7.257638887341,8.88368185722),.PIECEWISE_BEZIER_KNOTS.);
#1629 = CARTESIAN_POINT('',(-1.02654185605,-0.372944942388));
#1630 = CARTESIAN_POINT('',(0.599501113829,-0.372944942388));
#1631 = ( GEOMETRIC_REPRESENTATION_CONTEXT(2) 
PARAMETRIC_REPRESENTATION_CONTEXT() REPRESENTATION_CONTEXT('2D SPACE',''
  ) );
#1632 = ORIENTED_EDGE('',*,*,#1633,.T.);
#1633 = EDGE_CURVE('',#1608,#1634,#1636,.T.);
#1634 = VERTEX_POINT('',#1635);
#1635 = CARTESIAN_POINT('',(161.345,21.935951415415,30.708685782795));
#1636 = SURFACE_CURVE('',#1637,(#1641,#1648),.PCURVE_S1.);
#1637 = LINE('',#1638,#1639);
#1638 = CARTESIAN_POINT('',(161.345,22.72249911119,29.285534890528));
#1639 = VECTOR('',#1640,1.);
#1640 = DIRECTION('',(0.,-0.483718887105,0.875223421909));
#1641 = PCURVE('',#271,#1642);
#1642 = DEFINITIONAL_REPRESENTATION('',(#1643),#1647);
#1643 = LINE('',#1644,#1645);
#1644 = CARTESIAN_POINT('',(28.285534890528,-66.72249911119));
#1645 = VECTOR('',#1646,1.);
#1646 = DIRECTION('',(0.875223421909,0.483718887105));
#1647 = ( GEOMETRIC_REPRESENTATION_CONTEXT(2) 
PARAMETRIC_REPRESENTATION_CONTEXT() REPRESENTATION_CONTEXT('2D SPACE',''
  ) );
#1648 = PCURVE('',#1649,#1654);
#1649 = PLANE('',#1650);
#1650 = AXIS2_PLACEMENT_3D('',#1651,#1652,#1653);
#1651 = CARTESIAN_POINT('',(161.68394673297,22.227134811856,
    30.181829099235));
#1652 = DIRECTION('',(1.448273584366E-16,-0.875223421909,-0.483718887105
    ));
#1653 = DIRECTION('',(0.,0.483718887105,-0.875223421909));
#1654 = DEFINITIONAL_REPRESENTATION('',(#1655),#1659);
#1655 = LINE('',#1656,#1657);
#1656 = CARTESIAN_POINT('',(1.024074751967,-0.338946732972));
#1657 = VECTOR('',#1658,1.);
#1658 = DIRECTION('',(-1.,1.972152263053E-31));
#1659 = ( GEOMETRIC_REPRESENTATION_CONTEXT(2) 
PARAMETRIC_REPRESENTATION_CONTEXT() REPRESENTATION_CONTEXT('2D SPACE',''
  ) );
#1660 = ORIENTED_EDGE('',*,*,#1661,.F.);
#1661 = EDGE_CURVE('',#1662,#1634,#1664,.T.);
#1662 = VERTEX_POINT('',#1663);
#1663 = CARTESIAN_POINT('',(161.345,21.313691710529,32.21095360165));
#1664 = SURFACE_CURVE('',#1665,(#1669,#1675),.PCURVE_S1.);
#1665 = LINE('',#1666,#1667);
#1666 = CARTESIAN_POINT('',(161.345,22.244996876333,29.962584039657));
#1667 = VECTOR('',#1668,1.);
#1668 = DIRECTION('',(0.,0.382683432365,-0.923879532511));
#1669 = PCURVE('',#271,#1670);
#1670 = DEFINITIONAL_REPRESENTATION('',(#1671),#1674);
#1671 = B_SPLINE_CURVE_WITH_KNOTS('',1,(#1672,#1673),.UNSPECIFIED.,.F.,
  .F.,(2,2),(-2.433617677277,-0.807574707398),.PIECEWISE_BEZIER_KNOTS.);
#1672 = CARTESIAN_POINT('',(31.21095360165,-65.31369171052));
#1673 = CARTESIAN_POINT('',(29.708685782795,-65.93595141541));
#1674 = ( GEOMETRIC_REPRESENTATION_CONTEXT(2) 
PARAMETRIC_REPRESENTATION_CONTEXT() REPRESENTATION_CONTEXT('2D SPACE',''
  ) );
#1675 = PCURVE('',#1676,#1681);
#1676 = PLANE('',#1677);
#1677 = AXIS2_PLACEMENT_3D('',#1678,#1679,#1680);
#1678 = CARTESIAN_POINT('',(161.71794494238,21.706532271468,
    31.26255259158));
#1679 = DIRECTION('',(-0.,-0.923879532511,-0.382683432365));
#1680 = DIRECTION('',(0.,0.382683432365,-0.923879532511));
#1681 = DEFINITIONAL_REPRESENTATION('',(#1682),#1685);
#1682 = B_SPLINE_CURVE_WITH_KNOTS('',1,(#1683,#1684),.UNSPECIFIED.,.F.,
  .F.,(2,2),(-2.433617677277,-0.807574707398),.PIECEWISE_BEZIER_KNOTS.);
#1683 = CARTESIAN_POINT('',(-1.02654185605,-0.372944942388));
#1684 = CARTESIAN_POINT('',(0.599501113829,-0.372944942388));
#1685 = ( GEOMETRIC_REPRESENTATION_CONTEXT(2) 
PARAMETRIC_REPRESENTATION_CONTEXT() REPRESENTATION_CONTEXT('2D SPACE',''
  ) );
#1686 = ORIENTED_EDGE('',*,*,#1687,.T.);
#1687 = EDGE_CURVE('',#1662,#1688,#1690,.T.);
#1688 = VERTEX_POINT('',#1689);
#1689 = CARTESIAN_POINT('',(161.345,20.863545273364,33.773446457633));
#1690 = SURFACE_CURVE('',#1691,(#1695,#1702),.PCURVE_S1.);
#1691 = LINE('',#1692,#1693);
#1692 = CARTESIAN_POINT('',(161.345,21.313691710529,32.21095360165));
#1693 = VECTOR('',#1694,1.);
#1694 = DIRECTION('',(0.,-0.276835511425,0.960917321945));
#1695 = PCURVE('',#271,#1696);
#1696 = DEFINITIONAL_REPRESENTATION('',(#1697),#1701);
#1697 = LINE('',#1698,#1699);
#1698 = CARTESIAN_POINT('',(31.21095360165,-65.31369171052));
#1699 = VECTOR('',#1700,1.);
#1700 = DIRECTION('',(0.960917321945,0.276835511425));
#1701 = ( GEOMETRIC_REPRESENTATION_CONTEXT(2) 
PARAMETRIC_REPRESENTATION_CONTEXT() REPRESENTATION_CONTEXT('2D SPACE',''
  ) );
#1702 = PCURVE('',#1703,#1708);
#1703 = PLANE('',#1704);
#1704 = AXIS2_PLACEMENT_3D('',#1705,#1706,#1707);
#1705 = CARTESIAN_POINT('',(161.68394673297,21.030191452831,
    33.195004769782));
#1706 = DIRECTION('',(-0.,-0.960917321945,-0.276835511425));
#1707 = DIRECTION('',(0.,0.276835511425,-0.960917321945));
#1708 = DEFINITIONAL_REPRESENTATION('',(#1709),#1713);
#1709 = LINE('',#1710,#1711);
#1710 = CARTESIAN_POINT('',(1.024074751967,-0.338946732972));
#1711 = VECTOR('',#1712,1.);
#1712 = DIRECTION('',(-1.,0.));
#1713 = ( GEOMETRIC_REPRESENTATION_CONTEXT(2) 
PARAMETRIC_REPRESENTATION_CONTEXT() REPRESENTATION_CONTEXT('2D SPACE',''
  ) );
#1714 = ORIENTED_EDGE('',*,*,#1715,.F.);
#1715 = EDGE_CURVE('',#1716,#1688,#1718,.T.);
#1716 = VERTEX_POINT('',#1717);
#1717 = CARTESIAN_POINT('',(161.345,20.591172956548,35.376515096502));
#1718 = SURFACE_CURVE('',#1719,(#1723,#1729),.PCURVE_S1.);
#1719 = LINE('',#1720,#1721);
#1720 = CARTESIAN_POINT('',(161.345,22.609449441624,23.497790505037));
#1721 = VECTOR('',#1722,1.);
#1722 = DIRECTION('',(0.,0.167506223305,-0.985871018518));
#1723 = PCURVE('',#271,#1724);
#1724 = DEFINITIONAL_REPRESENTATION('',(#1725),#1728);
#1725 = B_SPLINE_CURVE_WITH_KNOTS('',1,(#1726,#1727),.UNSPECIFIED.,.F.,
  .F.,(2,2),(-12.04896418328,-10.4229212134),.PIECEWISE_BEZIER_KNOTS.);
#1726 = CARTESIAN_POINT('',(34.376515096502,-64.59117295654));
#1727 = CARTESIAN_POINT('',(32.773446457633,-64.86354527336));
#1728 = ( GEOMETRIC_REPRESENTATION_CONTEXT(2) 
PARAMETRIC_REPRESENTATION_CONTEXT() REPRESENTATION_CONTEXT('2D SPACE',''
  ) );
#1729 = PCURVE('',#1730,#1735);
#1730 = PLANE('',#1731);
#1731 = AXIS2_PLACEMENT_3D('',#1732,#1733,#1734);
#1732 = CARTESIAN_POINT('',(161.71794494238,20.763125105919,
    34.364477231327));
#1733 = DIRECTION('',(-0.,-0.985871018518,-0.167506223305));
#1734 = DIRECTION('',(0.,0.167506223305,-0.985871018518));
#1735 = DEFINITIONAL_REPRESENTATION('',(#1736),#1739);
#1736 = B_SPLINE_CURVE_WITH_KNOTS('',1,(#1737,#1738),.UNSPECIFIED.,.F.,
  .F.,(2,2),(-12.04896418328,-10.4229212134),.PIECEWISE_BEZIER_KNOTS.);
#1737 = CARTESIAN_POINT('',(-1.02654185605,-0.372944942388));
#1738 = CARTESIAN_POINT('',(0.599501113829,-0.372944942388));
#1739 = ( GEOMETRIC_REPRESENTATION_CONTEXT(2) 
PARAMETRIC_REPRESENTATION_CONTEXT() REPRESENTATION_CONTEXT('2D SPACE',''
  ) );
#1740 = ORIENTED_EDGE('',*,*,#1741,.T.);
#1741 = EDGE_CURVE('',#1716,#1742,#1744,.T.);
#1742 = VERTEX_POINT('',#1743);
#1743 = CARTESIAN_POINT('',(161.345,20.5,37.));
#1744 = SURFACE_CURVE('',#1745,(#1749,#1756),.PCURVE_S1.);
#1745 = LINE('',#1746,#1747);
#1746 = CARTESIAN_POINT('',(161.345,20.591172956548,35.376515096502));
#1747 = VECTOR('',#1748,1.);
#1748 = DIRECTION('',(0.,-5.607044723719E-02,0.998426815018));
#1749 = PCURVE('',#271,#1750);
#1750 = DEFINITIONAL_REPRESENTATION('',(#1751),#1755);
#1751 = LINE('',#1752,#1753);
#1752 = CARTESIAN_POINT('',(34.376515096502,-64.59117295654));
#1753 = VECTOR('',#1754,1.);
#1754 = DIRECTION('',(0.998426815018,5.607044723719E-02));
#1755 = ( GEOMETRIC_REPRESENTATION_CONTEXT(2) 
PARAMETRIC_REPRESENTATION_CONTEXT() REPRESENTATION_CONTEXT('2D SPACE',''
  ) );
#1756 = PCURVE('',#1757,#1762);
#1757 = PLANE('',#1758);
#1758 = AXIS2_PLACEMENT_3D('',#1759,#1760,#1761);
#1759 = CARTESIAN_POINT('',(161.68394673297,20.533752627201,
    36.398978789449));
#1760 = DIRECTION('',(-0.,-0.998426815018,-5.607044723719E-02));
#1761 = DIRECTION('',(0.,5.607044723719E-02,-0.998426815018));
#1762 = DEFINITIONAL_REPRESENTATION('',(#1763),#1767);
#1763 = LINE('',#1764,#1765);
#1764 = CARTESIAN_POINT('',(1.024074751967,-0.338946732972));
#1765 = VECTOR('',#1766,1.);
#1766 = DIRECTION('',(-1.,0.));
#1767 = ( GEOMETRIC_REPRESENTATION_CONTEXT(2) 
PARAMETRIC_REPRESENTATION_CONTEXT() REPRESENTATION_CONTEXT('2D SPACE',''
  ) );
#1768 = ORIENTED_EDGE('',*,*,#1769,.F.);
#1769 = EDGE_CURVE('',#1770,#1742,#1772,.T.);
#1770 = VERTEX_POINT('',#1771);
#1771 = CARTESIAN_POINT('',(161.345,20.591172956548,38.623484903498));
#1772 = SURFACE_CURVE('',#1773,(#1777,#1783),.PCURVE_S1.);
#1773 = LINE('',#1774,#1775);
#1774 = CARTESIAN_POINT('',(161.345,19.407736247385,17.550441927635));
#1775 = VECTOR('',#1776,1.);
#1776 = DIRECTION('',(0.,-5.607044723719E-02,-0.998426815018));
#1777 = PCURVE('',#271,#1778);
#1778 = DEFINITIONAL_REPRESENTATION('',(#1779),#1782);
#1779 = B_SPLINE_CURVE_WITH_KNOTS('',1,(#1780,#1781),.UNSPECIFIED.,.F.,
  .F.,(2,2),(-21.10624700668,-19.4802040368),.PIECEWISE_BEZIER_KNOTS.);
#1780 = CARTESIAN_POINT('',(37.623484903498,-64.59117295654));
#1781 = CARTESIAN_POINT('',(36.,-64.5));
#1782 = ( GEOMETRIC_REPRESENTATION_CONTEXT(2) 
PARAMETRIC_REPRESENTATION_CONTEXT() REPRESENTATION_CONTEXT('2D SPACE',''
  ) );
#1783 = PCURVE('',#1784,#1789);
#1784 = PLANE('',#1785);
#1785 = AXIS2_PLACEMENT_3D('',#1786,#1787,#1788);
#1786 = CARTESIAN_POINT('',(161.71794494238,20.533614295572,
    37.59855798768));
#1787 = DIRECTION('',(-0.,-0.998426815018,5.607044723719E-02));
#1788 = DIRECTION('',(0.,-5.607044723719E-02,-0.998426815018));
#1789 = DEFINITIONAL_REPRESENTATION('',(#1790),#1793);
#1790 = B_SPLINE_CURVE_WITH_KNOTS('',1,(#1791,#1792),.UNSPECIFIED.,.F.,
  .F.,(2,2),(-21.10624700668,-19.4802040368),.PIECEWISE_BEZIER_KNOTS.);
#1791 = CARTESIAN_POINT('',(-1.02654185605,-0.372944942388));
#1792 = CARTESIAN_POINT('',(0.599501113829,-0.372944942388));
#1793 = ( GEOMETRIC_REPRESENTATION_CONTEXT(2) 
PARAMETRIC_REPRESENTATION_CONTEXT() REPRESENTATION_CONTEXT('2D SPACE',''
  ) );
#1794 = ORIENTED_EDGE('',*,*,#1795,.T.);
#1795 = EDGE_CURVE('',#1770,#1796,#1798,.T.);
#1796 = VERTEX_POINT('',#1797);
#1797 = CARTESIAN_POINT('',(161.345,20.863545273364,40.226553542367));
#1798 = SURFACE_CURVE('',#1799,(#1803,#1810),.PCURVE_S1.);
#1799 = LINE('',#1800,#1801);
#1800 = CARTESIAN_POINT('',(161.345,20.591172956548,38.623484903498));
#1801 = VECTOR('',#1802,1.);
#1802 = DIRECTION('',(0.,0.167506223305,0.985871018518));
#1803 = PCURVE('',#271,#1804);
#1804 = DEFINITIONAL_REPRESENTATION('',(#1805),#1809);
#1805 = LINE('',#1806,#1807);
#1806 = CARTESIAN_POINT('',(37.623484903498,-64.59117295654));
#1807 = VECTOR('',#1808,1.);
#1808 = DIRECTION('',(0.985871018518,-0.167506223305));
#1809 = ( GEOMETRIC_REPRESENTATION_CONTEXT(2) 
PARAMETRIC_REPRESENTATION_CONTEXT() REPRESENTATION_CONTEXT('2D SPACE',''
  ) );
#1810 = PCURVE('',#1811,#1816);
#1811 = PLANE('',#1812);
#1812 = AXIS2_PLACEMENT_3D('',#1813,#1814,#1815);
#1813 = CARTESIAN_POINT('',(161.68394673297,20.762711850632,
    39.633090522259));
#1814 = DIRECTION('',(-0.,-0.985871018518,0.167506223305));
#1815 = DIRECTION('',(0.,-0.167506223305,-0.985871018518));
#1816 = DEFINITIONAL_REPRESENTATION('',(#1817),#1821);
#1817 = LINE('',#1818,#1819);
#1818 = CARTESIAN_POINT('',(1.024074751967,-0.338946732972));
#1819 = VECTOR('',#1820,1.);
#1820 = DIRECTION('',(-1.,0.));
#1821 = ( GEOMETRIC_REPRESENTATION_CONTEXT(2) 
PARAMETRIC_REPRESENTATION_CONTEXT() REPRESENTATION_CONTEXT('2D SPACE',''
  ) );
#1822 = ORIENTED_EDGE('',*,*,#1823,.F.);
#1823 = EDGE_CURVE('',#1824,#1796,#1826,.T.);
#1824 = VERTEX_POINT('',#1825);
#1825 = CARTESIAN_POINT('',(161.345,21.313691710529,41.78904639835));
#1826 = SURFACE_CURVE('',#1827,(#1831,#1837),.PCURVE_S1.);
#1827 = LINE('',#1828,#1829);
#1828 = CARTESIAN_POINT('',(161.345,13.243577727499,13.777060954532));
#1829 = VECTOR('',#1830,1.);
#1830 = DIRECTION('',(0.,-0.276835511425,-0.960917321945));
#1831 = PCURVE('',#271,#1832);
#1832 = DEFINITIONAL_REPRESENTATION('',(#1833),#1836);
#1833 = B_SPLINE_CURVE_WITH_KNOTS('',1,(#1834,#1835),.UNSPECIFIED.,.F.,
  .F.,(2,2),(-29.15129616678,-27.5252531969),.PIECEWISE_BEZIER_KNOTS.);
#1834 = CARTESIAN_POINT('',(40.78904639835,-65.31369171052));
#1835 = CARTESIAN_POINT('',(39.226553542367,-64.86354527336));
#1836 = ( GEOMETRIC_REPRESENTATION_CONTEXT(2) 
PARAMETRIC_REPRESENTATION_CONTEXT() REPRESENTATION_CONTEXT('2D SPACE',''
  ) );
#1837 = PCURVE('',#1838,#1843);
#1838 = PLANE('',#1839);
#1839 = AXIS2_PLACEMENT_3D('',#1840,#1841,#1842);
#1840 = CARTESIAN_POINT('',(161.71794494238,21.02950847081,
    40.80262454717));
#1841 = DIRECTION('',(-0.,-0.960917321945,0.276835511425));
#1842 = DIRECTION('',(0.,-0.276835511425,-0.960917321945));
#1843 = DEFINITIONAL_REPRESENTATION('',(#1844),#1847);
#1844 = B_SPLINE_CURVE_WITH_KNOTS('',1,(#1845,#1846),.UNSPECIFIED.,.F.,
  .F.,(2,2),(-29.15129616678,-27.5252531969),.PIECEWISE_BEZIER_KNOTS.);
#1845 = CARTESIAN_POINT('',(-1.02654185605,-0.372944942388));
#1846 = CARTESIAN_POINT('',(0.599501113829,-0.372944942388));
#1847 = ( GEOMETRIC_REPRESENTATION_CONTEXT(2) 
PARAMETRIC_REPRESENTATION_CONTEXT() REPRESENTATION_CONTEXT('2D SPACE',''
  ) );
#1848 = ORIENTED_EDGE('',*,*,#1849,.T.);
#1849 = EDGE_CURVE('',#1824,#1850,#1852,.T.);
#1850 = VERTEX_POINT('',#1851);
#1851 = CARTESIAN_POINT('',(161.345,21.935951415415,43.291314217205));
#1852 = SURFACE_CURVE('',#1853,(#1857,#1864),.PCURVE_S1.);
#1853 = LINE('',#1854,#1855);
#1854 = CARTESIAN_POINT('',(161.345,21.313691710529,41.78904639835));
#1855 = VECTOR('',#1856,1.);
#1856 = DIRECTION('',(0.,0.382683432365,0.923879532511));
#1857 = PCURVE('',#271,#1858);
#1858 = DEFINITIONAL_REPRESENTATION('',(#1859),#1863);
#1859 = LINE('',#1860,#1861);
#1860 = CARTESIAN_POINT('',(40.78904639835,-65.31369171052));
#1861 = VECTOR('',#1862,1.);
#1862 = DIRECTION('',(0.923879532511,-0.382683432365));
#1863 = ( GEOMETRIC_REPRESENTATION_CONTEXT(2) 
PARAMETRIC_REPRESENTATION_CONTEXT() REPRESENTATION_CONTEXT('2D SPACE',''
  ) );
#1864 = PCURVE('',#1865,#1870);
#1865 = PLANE('',#1866);
#1866 = AXIS2_PLACEMENT_3D('',#1867,#1868,#1869);
#1867 = CARTESIAN_POINT('',(161.68394673297,21.70558815161,
    42.735168101454));
#1868 = DIRECTION('',(-0.,-0.923879532511,0.382683432365));
#1869 = DIRECTION('',(0.,-0.382683432365,-0.923879532511));
#1870 = DEFINITIONAL_REPRESENTATION('',(#1871),#1875);
#1871 = LINE('',#1872,#1873);
#1872 = CARTESIAN_POINT('',(1.024074751967,-0.338946732972));
#1873 = VECTOR('',#1874,1.);
#1874 = DIRECTION('',(-1.,0.));
#1875 = ( GEOMETRIC_REPRESENTATION_CONTEXT(2) 
PARAMETRIC_REPRESENTATION_CONTEXT() REPRESENTATION_CONTEXT('2D SPACE',''
  ) );
#1876 = ORIENTED_EDGE('',*,*,#1877,.F.);
#1877 = EDGE_CURVE('',#1878,#1850,#1880,.T.);
#1878 = VERTEX_POINT('',#1879);
#1879 = CARTESIAN_POINT('',(161.345,22.72249911119,44.714465109472));
#1880 = SURFACE_CURVE('',#1881,(#1885,#1891),.PCURVE_S1.);
#1881 = LINE('',#1882,#1883);
#1882 = CARTESIAN_POINT('',(161.345,5.414699063282,13.398359025017));
#1883 = VECTOR('',#1884,1.);
#1884 = DIRECTION('',(0.,-0.483718887105,-0.875223421909));
#1885 = PCURVE('',#271,#1886);
#1886 = DEFINITIONAL_REPRESENTATION('',(#1887),#1890);
#1887 = B_SPLINE_CURVE_WITH_KNOTS('',1,(#1888,#1889),.UNSPECIFIED.,.F.,
  .F.,(2,2),(-35.7806993055,-34.15465633563),.PIECEWISE_BEZIER_KNOTS.);
#1888 = CARTESIAN_POINT('',(43.714465109472,-66.72249911119));
#1889 = CARTESIAN_POINT('',(42.291314217205,-65.93595141541));
#1890 = ( GEOMETRIC_REPRESENTATION_CONTEXT(2) 
PARAMETRIC_REPRESENTATION_CONTEXT() REPRESENTATION_CONTEXT('2D SPACE',''
  ) );
#1891 = PCURVE('',#1892,#1897);
#1892 = PLANE('',#1893);
#1893 = AXIS2_PLACEMENT_3D('',#1894,#1895,#1896);
#1894 = CARTESIAN_POINT('',(161.71794494238,22.225941427015,
    43.816011633488));
#1895 = DIRECTION('',(-0.,-0.875223421909,0.483718887105));
#1896 = DIRECTION('',(0.,-0.483718887105,-0.875223421909));
#1897 = DEFINITIONAL_REPRESENTATION('',(#1898),#1901);
#1898 = B_SPLINE_CURVE_WITH_KNOTS('',1,(#1899,#1900),.UNSPECIFIED.,.F.,
  .F.,(2,2),(-35.7806993055,-34.15465633563),.PIECEWISE_BEZIER_KNOTS.);
#1899 = CARTESIAN_POINT('',(-1.02654185605,-0.372944942388));
#1900 = CARTESIAN_POINT('',(0.599501113829,-0.372944942388));
#1901 = ( GEOMETRIC_REPRESENTATION_CONTEXT(2) 
PARAMETRIC_REPRESENTATION_CONTEXT() REPRESENTATION_CONTEXT('2D SPACE',''
  ) );
#1902 = ORIENTED_EDGE('',*,*,#1903,.T.);
#1903 = EDGE_CURVE('',#1878,#1904,#1906,.T.);
#1904 = VERTEX_POINT('',#1905);
#1905 = CARTESIAN_POINT('',(161.345,23.663443504214,46.040602126952));
#1906 = SURFACE_CURVE('',#1907,(#1911,#1918),.PCURVE_S1.);
#1907 = LINE('',#1908,#1909);
#1908 = CARTESIAN_POINT('',(161.345,22.72249911119,44.714465109472));
#1909 = VECTOR('',#1910,1.);
#1910 = DIRECTION('',(0.,0.57867129618,0.815560868959));
#1911 = PCURVE('',#271,#1912);
#1912 = DEFINITIONAL_REPRESENTATION('',(#1913),#1917);
#1913 = LINE('',#1914,#1915);
#1914 = CARTESIAN_POINT('',(43.714465109472,-66.72249911119));
#1915 = VECTOR('',#1916,1.);
#1916 = DIRECTION('',(0.815560868959,-0.57867129618));
#1917 = ( GEOMETRIC_REPRESENTATION_CONTEXT(2) 
PARAMETRIC_REPRESENTATION_CONTEXT() REPRESENTATION_CONTEXT('2D SPACE',''
  ) );
#1918 = PCURVE('',#1919,#1924);
#1919 = PLANE('',#1920);
#1920 = AXIS2_PLACEMENT_3D('',#1921,#1922,#1923);
#1921 = CARTESIAN_POINT('',(161.68394673297,23.315101775296,
    45.549660404066));
#1922 = DIRECTION('',(1.319217551751E-16,-0.815560868959,0.57867129618)
  );
#1923 = DIRECTION('',(0.,-0.57867129618,-0.815560868959));
#1924 = DEFINITIONAL_REPRESENTATION('',(#1925),#1929);
#1925 = LINE('',#1926,#1927);
#1926 = CARTESIAN_POINT('',(1.024074751967,-0.338946732972));
#1927 = VECTOR('',#1928,1.);
#1928 = DIRECTION('',(-1.,3.821045009664E-31));
#1929 = ( GEOMETRIC_REPRESENTATION_CONTEXT(2) 
PARAMETRIC_REPRESENTATION_CONTEXT() REPRESENTATION_CONTEXT('2D SPACE',''
  ) );
#1930 = ORIENTED_EDGE('',*,*,#1931,.F.);
#1931 = EDGE_CURVE('',#1932,#1904,#1934,.T.);
#1932 = VERTEX_POINT('',#1933);
#1933 = CARTESIAN_POINT('',(161.345,24.746951672795,47.253048327205));
#1934 = SURFACE_CURVE('',#1935,(#1939,#1945),.PCURVE_S1.);
#1935 = LINE('',#1936,#1937);
#1936 = CARTESIAN_POINT('',(161.345,-2.348053181801,16.933723900876));
#1937 = VECTOR('',#1938,1.);
#1938 = DIRECTION('',(0.,-0.666346577952,-0.745642164883));
#1939 = PCURVE('',#271,#1940);
#1940 = DEFINITIONAL_REPRESENTATION('',(#1941),#1944);
#1941 = B_SPLINE_CURVE_WITH_KNOTS('',1,(#1942,#1943),.UNSPECIFIED.,.F.,
  .F.,(2,2),(-40.66203046749,-39.03598749761),.PIECEWISE_BEZIER_KNOTS.);
#1942 = CARTESIAN_POINT('',(46.253048327205,-68.74695167279));
#1943 = CARTESIAN_POINT('',(45.040602126952,-67.66344350421));
#1944 = ( GEOMETRIC_REPRESENTATION_CONTEXT(2) 
PARAMETRIC_REPRESENTATION_CONTEXT() REPRESENTATION_CONTEXT('2D SPACE',''
  ) );
#1945 = PCURVE('',#1946,#1951);
#1946 = PLANE('',#1947);
#1947 = AXIS2_PLACEMENT_3D('',#1948,#1949,#1950);
#1948 = CARTESIAN_POINT('',(161.71794494238,24.062919019892,
    46.487615435317));
#1949 = DIRECTION('',(2.602703614191E-16,-0.745642164883,0.666346577952)
  );
#1950 = DIRECTION('',(0.,-0.666346577952,-0.745642164883));
#1951 = DEFINITIONAL_REPRESENTATION('',(#1952),#1955);
#1952 = B_SPLINE_CURVE_WITH_KNOTS('',1,(#1953,#1954),.UNSPECIFIED.,.F.,
  .F.,(2,2),(-40.66203046749,-39.03598749761),.PIECEWISE_BEZIER_KNOTS.);
#1953 = CARTESIAN_POINT('',(-1.02654185605,-0.372944942388));
#1954 = CARTESIAN_POINT('',(0.599501113829,-0.372944942388));
#1955 = ( GEOMETRIC_REPRESENTATION_CONTEXT(2) 
PARAMETRIC_REPRESENTATION_CONTEXT() REPRESENTATION_CONTEXT('2D SPACE',''
  ) );
#1956 = ORIENTED_EDGE('',*,*,#1957,.T.);
#1957 = EDGE_CURVE('',#1932,#1958,#1960,.T.);
#1958 = VERTEX_POINT('',#1959);
#1959 = CARTESIAN_POINT('',(161.345,25.959397873048,48.336556495786));
#1960 = SURFACE_CURVE('',#1961,(#1965,#1972),.PCURVE_S1.);
#1961 = LINE('',#1962,#1963);
#1962 = CARTESIAN_POINT('',(161.345,24.746951672795,47.253048327205));
#1963 = VECTOR('',#1964,1.);
#1964 = DIRECTION('',(0.,0.745642164883,0.666346577952));
#1965 = PCURVE('',#271,#1966);
#1966 = DEFINITIONAL_REPRESENTATION('',(#1967),#1971);
#1967 = LINE('',#1968,#1969);
#1968 = CARTESIAN_POINT('',(46.253048327205,-68.74695167279));
#1969 = VECTOR('',#1970,1.);
#1970 = DIRECTION('',(0.666346577952,-0.745642164883));
#1971 = ( GEOMETRIC_REPRESENTATION_CONTEXT(2) 
PARAMETRIC_REPRESENTATION_CONTEXT() REPRESENTATION_CONTEXT('2D SPACE',''
  ) );
#1972 = PCURVE('',#1973,#1978);
#1973 = PLANE('',#1974);
#1974 = AXIS2_PLACEMENT_3D('',#1975,#1976,#1977);
#1975 = CARTESIAN_POINT('',(161.68394673297,25.510544987854,
    47.935437033745));
#1976 = DIRECTION('',(2.044833793347E-16,-0.666346577952,0.745642164883)
  );
#1977 = DIRECTION('',(-1.232595164408E-32,0.745642164883,0.666346577952)
  );
#1978 = DEFINITIONAL_REPRESENTATION('',(#1979),#1983);
#1979 = LINE('',#1980,#1981);
#1980 = CARTESIAN_POINT('',(-1.024074751967,0.338946732972));
#1981 = VECTOR('',#1982,1.);
#1982 = DIRECTION('',(1.,1.232595164408E-31));
#1983 = ( GEOMETRIC_REPRESENTATION_CONTEXT(2) 
PARAMETRIC_REPRESENTATION_CONTEXT() REPRESENTATION_CONTEXT('2D SPACE',''
  ) );
#1984 = ORIENTED_EDGE('',*,*,#1985,.F.);
#1985 = EDGE_CURVE('',#1986,#1958,#1988,.T.);
#1986 = VERTEX_POINT('',#1987);
#1987 = CARTESIAN_POINT('',(161.345,27.285534890528,49.27750088881));
#1988 = SURFACE_CURVE('',#1989,(#1993,#1999),.PCURVE_S1.);
#1989 = LINE('',#1990,#1991);
#1990 = CARTESIAN_POINT('',(161.345,-8.232564494303,24.076065421349));
#1991 = VECTOR('',#1992,1.);
#1992 = DIRECTION('',(0.,-0.815560868959,-0.57867129618));
#1993 = PCURVE('',#271,#1994);
#1994 = DEFINITIONAL_REPRESENTATION('',(#1995),#1998);
#1995 = B_SPLINE_CURVE_WITH_KNOTS('',1,(#1996,#1997),.UNSPECIFIED.,.F.,
  .F.,(2,2),(-43.55051932562,-41.92447635574),.PIECEWISE_BEZIER_KNOTS.);
#1996 = CARTESIAN_POINT('',(48.27750088881,-71.28553489052));
#1997 = CARTESIAN_POINT('',(47.336556495786,-69.95939787304));
#1998 = ( GEOMETRIC_REPRESENTATION_CONTEXT(2) 
PARAMETRIC_REPRESENTATION_CONTEXT() REPRESENTATION_CONTEXT('2D SPACE',''
  ) );
#1999 = PCURVE('',#2000,#2005);
#2000 = PLANE('',#2001);
#2001 = AXIS2_PLACEMENT_3D('',#2002,#2003,#2004);
#2002 = CARTESIAN_POINT('',(161.71794494238,26.448327522385,
    48.683470582387));
#2003 = DIRECTION('',(-0.,-0.57867129618,0.815560868959));
#2004 = DIRECTION('',(0.,0.815560868959,0.57867129618));
#2005 = DEFINITIONAL_REPRESENTATION('',(#2006),#2009);
#2006 = B_SPLINE_CURVE_WITH_KNOTS('',1,(#2007,#2008),.UNSPECIFIED.,.F.,
  .F.,(2,2),(-43.55051932562,-41.92447635574),.PIECEWISE_BEZIER_KNOTS.);
#2007 = CARTESIAN_POINT('',(1.02654185605,0.372944942388));
#2008 = CARTESIAN_POINT('',(-0.599501113829,0.372944942388));
#2009 = ( GEOMETRIC_REPRESENTATION_CONTEXT(2) 
PARAMETRIC_REPRESENTATION_CONTEXT() REPRESENTATION_CONTEXT('2D SPACE',''
  ) );
#2010 = ORIENTED_EDGE('',*,*,#2011,.T.);
#2011 = EDGE_CURVE('',#1986,#2012,#2014,.T.);
#2012 = VERTEX_POINT('',#2013);
#2013 = CARTESIAN_POINT('',(161.345,28.708685782795,50.064048584585));
#2014 = SURFACE_CURVE('',#2015,(#2019,#2026),.PCURVE_S1.);
#2015 = LINE('',#2016,#2017);
#2016 = CARTESIAN_POINT('',(161.345,27.285534890528,49.27750088881));
#2017 = VECTOR('',#2018,1.);
#2018 = DIRECTION('',(0.,0.875223421909,0.483718887105));
#2019 = PCURVE('',#271,#2020);
#2020 = DEFINITIONAL_REPRESENTATION('',(#2021),#2025);
#2021 = LINE('',#2022,#2023);
#2022 = CARTESIAN_POINT('',(48.27750088881,-71.28553489052));
#2023 = VECTOR('',#2024,1.);
#2024 = DIRECTION('',(0.483718887105,-0.875223421909));
#2025 = ( GEOMETRIC_REPRESENTATION_CONTEXT(2) 
PARAMETRIC_REPRESENTATION_CONTEXT() REPRESENTATION_CONTEXT('2D SPACE',''
  ) );
#2026 = PCURVE('',#2027,#2032);
#2027 = PLANE('',#2028);
#2028 = AXIS2_PLACEMENT_3D('',#2029,#2030,#2031);
#2029 = CARTESIAN_POINT('',(161.68394673297,28.181829099235,
    49.772865188144));
#2030 = DIRECTION('',(0.,-0.483718887105,0.875223421909));
#2031 = DIRECTION('',(0.,0.875223421909,0.483718887105));
#2032 = DEFINITIONAL_REPRESENTATION('',(#2033),#2037);
#2033 = LINE('',#2034,#2035);
#2034 = CARTESIAN_POINT('',(-1.024074751967,0.338946732972));
#2035 = VECTOR('',#2036,1.);
#2036 = DIRECTION('',(1.,0.));
#2037 = ( GEOMETRIC_REPRESENTATION_CONTEXT(2) 
PARAMETRIC_REPRESENTATION_CONTEXT() REPRESENTATION_CONTEXT('2D SPACE',''
  ) );
#2038 = ORIENTED_EDGE('',*,*,#2039,.F.);
#2039 = EDGE_CURVE('',#2040,#2012,#2042,.T.);
#2040 = VERTEX_POINT('',#2041);
#2041 = CARTESIAN_POINT('',(161.345,30.21095360165,50.686308289471));
#2042 = SURFACE_CURVE('',#2043,(#2047,#2053),.PCURVE_S1.);
#2043 = LINE('',#2044,#2045);
#2044 = CARTESIAN_POINT('',(161.345,-10.71813381721,33.732925185025));
#2045 = VECTOR('',#2046,1.);
#2046 = DIRECTION('',(0.,-0.923879532511,-0.382683432365));
#2047 = PCURVE('',#271,#2048);
#2048 = DEFINITIONAL_REPRESENTATION('',(#2049),#2052);
#2049 = B_SPLINE_CURVE_WITH_KNOTS('',1,(#2050,#2051),.UNSPECIFIED.,.F.,
  .F.,(2,2),(-44.30132498726,-42.67528201738),.PIECEWISE_BEZIER_KNOTS.);
#2050 = CARTESIAN_POINT('',(49.686308289471,-74.21095360165));
#2051 = CARTESIAN_POINT('',(49.064048584585,-72.70868578279));
#2052 = ( GEOMETRIC_REPRESENTATION_CONTEXT(2) 
PARAMETRIC_REPRESENTATION_CONTEXT() REPRESENTATION_CONTEXT('2D SPACE',''
  ) );
#2053 = PCURVE('',#2054,#2059);
#2054 = PLANE('',#2055);
#2055 = AXIS2_PLACEMENT_3D('',#2056,#2057,#2058);
#2056 = CARTESIAN_POINT('',(161.71794494238,29.26255259158,
    50.293467728532));
#2057 = DIRECTION('',(0.,-0.382683432365,0.923879532511));
#2058 = DIRECTION('',(0.,0.923879532511,0.382683432365));
#2059 = DEFINITIONAL_REPRESENTATION('',(#2060),#2063);
#2060 = B_SPLINE_CURVE_WITH_KNOTS('',1,(#2061,#2062),.UNSPECIFIED.,.F.,
  .F.,(2,2),(-44.30132498726,-42.67528201738),.PIECEWISE_BEZIER_KNOTS.);
#2061 = CARTESIAN_POINT('',(1.02654185605,0.372944942388));
#2062 = CARTESIAN_POINT('',(-0.599501113829,0.372944942388));
#2063 = ( GEOMETRIC_REPRESENTATION_CONTEXT(2) 
PARAMETRIC_REPRESENTATION_CONTEXT() REPRESENTATION_CONTEXT('2D SPACE',''
  ) );
#2064 = ORIENTED_EDGE('',*,*,#2065,.T.);
#2065 = EDGE_CURVE('',#2040,#2066,#2068,.T.);
#2066 = VERTEX_POINT('',#2067);
#2067 = CARTESIAN_POINT('',(161.345,31.773446457633,51.136454726636));
#2068 = SURFACE_CURVE('',#2069,(#2073,#2080),.PCURVE_S1.);
#2069 = LINE('',#2070,#2071);
#2070 = CARTESIAN_POINT('',(161.345,30.21095360165,50.686308289471));
#2071 = VECTOR('',#2072,1.);
#2072 = DIRECTION('',(0.,0.960917321945,0.276835511425));
#2073 = PCURVE('',#271,#2074);
#2074 = DEFINITIONAL_REPRESENTATION('',(#2075),#2079);
#2075 = LINE('',#2076,#2077);
#2076 = CARTESIAN_POINT('',(49.686308289471,-74.21095360165));
#2077 = VECTOR('',#2078,1.);
#2078 = DIRECTION('',(0.276835511425,-0.960917321945));
#2079 = ( GEOMETRIC_REPRESENTATION_CONTEXT(2) 
PARAMETRIC_REPRESENTATION_CONTEXT() REPRESENTATION_CONTEXT('2D SPACE',''
  ) );
#2080 = PCURVE('',#2081,#2086);
#2081 = PLANE('',#2082);
#2082 = AXIS2_PLACEMENT_3D('',#2083,#2084,#2085);
#2083 = CARTESIAN_POINT('',(161.68394673297,31.195004769782,
    50.969808547169));
#2084 = DIRECTION('',(0.,-0.276835511425,0.960917321945));
#2085 = DIRECTION('',(0.,0.960917321945,0.276835511425));
#2086 = DEFINITIONAL_REPRESENTATION('',(#2087),#2091);
#2087 = LINE('',#2088,#2089);
#2088 = CARTESIAN_POINT('',(-1.024074751967,0.338946732972));
#2089 = VECTOR('',#2090,1.);
#2090 = DIRECTION('',(1.,0.));
#2091 = ( GEOMETRIC_REPRESENTATION_CONTEXT(2) 
PARAMETRIC_REPRESENTATION_CONTEXT() REPRESENTATION_CONTEXT('2D SPACE',''
  ) );
#2092 = ORIENTED_EDGE('',*,*,#2093,.F.);
#2093 = EDGE_CURVE('',#2094,#2066,#2096,.T.);
#2094 = VERTEX_POINT('',#2095);
#2095 = CARTESIAN_POINT('',(161.345,33.376515096502,51.408827043452));
#2096 = SURFACE_CURVE('',#2097,(#2101,#2107),.PCURVE_S1.);
#2097 = LINE('',#2098,#2099);
#2098 = CARTESIAN_POINT('',(161.345,-8.894478326989,44.226696388723));
#2099 = VECTOR('',#2100,1.);
#2100 = DIRECTION('',(0.,-0.985871018518,-0.167506223305));
#2101 = PCURVE('',#271,#2102);
#2102 = DEFINITIONAL_REPRESENTATION('',(#2103),#2106);
#2103 = B_SPLINE_CURVE_WITH_KNOTS('',1,(#2104,#2105),.UNSPECIFIED.,.F.,
  .F.,(2,2),(-42.87679892145,-41.25075595157),.PIECEWISE_BEZIER_KNOTS.);
#2104 = CARTESIAN_POINT('',(50.408827043452,-77.3765150965));
#2105 = CARTESIAN_POINT('',(50.136454726636,-75.77344645763));
#2106 = ( GEOMETRIC_REPRESENTATION_CONTEXT(2) 
PARAMETRIC_REPRESENTATION_CONTEXT() REPRESENTATION_CONTEXT('2D SPACE',''
  ) );
#2107 = PCURVE('',#2108,#2113);
#2108 = PLANE('',#2109);
#2109 = AXIS2_PLACEMENT_3D('',#2110,#2111,#2112);
#2110 = CARTESIAN_POINT('',(161.71794494238,32.364477231327,
    51.236874894081));
#2111 = DIRECTION('',(0.,-0.167506223305,0.985871018518));
#2112 = DIRECTION('',(0.,0.985871018518,0.167506223305));
#2113 = DEFINITIONAL_REPRESENTATION('',(#2114),#2117);
#2114 = B_SPLINE_CURVE_WITH_KNOTS('',1,(#2115,#2116),.UNSPECIFIED.,.F.,
  .F.,(2,2),(-42.87679892145,-41.25075595157),.PIECEWISE_BEZIER_KNOTS.);
#2115 = CARTESIAN_POINT('',(1.02654185605,0.372944942388));
#2116 = CARTESIAN_POINT('',(-0.599501113829,0.372944942388));
#2117 = ( GEOMETRIC_REPRESENTATION_CONTEXT(2) 
PARAMETRIC_REPRESENTATION_CONTEXT() REPRESENTATION_CONTEXT('2D SPACE',''
  ) );
#2118 = ORIENTED_EDGE('',*,*,#2119,.T.);
#2119 = EDGE_CURVE('',#2094,#2120,#2122,.T.);
#2120 = VERTEX_POINT('',#2121);
#2121 = CARTESIAN_POINT('',(161.345,35.,51.5));
#2122 = SURFACE_CURVE('',#2123,(#2127,#2134),.PCURVE_S1.);
#2123 = LINE('',#2124,#2125);
#2124 = CARTESIAN_POINT('',(161.345,33.376515096502,51.408827043452));
#2125 = VECTOR('',#2126,1.);
#2126 = DIRECTION('',(0.,0.998426815018,5.607044723719E-02));
#2127 = PCURVE('',#271,#2128);
#2128 = DEFINITIONAL_REPRESENTATION('',(#2129),#2133);
#2129 = LINE('',#2130,#2131);
#2130 = CARTESIAN_POINT('',(50.408827043452,-77.3765150965));
#2131 = VECTOR('',#2132,1.);
#2132 = DIRECTION('',(5.607044723719E-02,-0.998426815018));
#2133 = ( GEOMETRIC_REPRESENTATION_CONTEXT(2) 
PARAMETRIC_REPRESENTATION_CONTEXT() REPRESENTATION_CONTEXT('2D SPACE',''
  ) );
#2134 = PCURVE('',#2135,#2140);
#2135 = PLANE('',#2136);
#2136 = AXIS2_PLACEMENT_3D('',#2137,#2138,#2139);
#2137 = CARTESIAN_POINT('',(161.68394673297,34.398978789449,
    51.466247372799));
#2138 = DIRECTION('',(0.,-5.607044723719E-02,0.998426815018));
#2139 = DIRECTION('',(0.,0.998426815018,5.607044723719E-02));
#2140 = DEFINITIONAL_REPRESENTATION('',(#2141),#2145);
#2141 = LINE('',#2142,#2143);
#2142 = CARTESIAN_POINT('',(-1.024074751967,0.338946732972));
#2143 = VECTOR('',#2144,1.);
#2144 = DIRECTION('',(1.,0.));
#2145 = ( GEOMETRIC_REPRESENTATION_CONTEXT(2) 
PARAMETRIC_REPRESENTATION_CONTEXT() REPRESENTATION_CONTEXT('2D SPACE',''
  ) );
#2146 = ORIENTED_EDGE('',*,*,#2147,.F.);
#2147 = EDGE_CURVE('',#2148,#2120,#2150,.T.);
#2148 = VERTEX_POINT('',#2149);
#2149 = CARTESIAN_POINT('',(161.345,36.623484903498,51.408827043452));
#2150 = SURFACE_CURVE('',#2151,(#2155,#2161),.PCURVE_S1.);
#2151 = LINE('',#2152,#2153);
#2152 = CARTESIAN_POINT('',(161.345,-2.662985640747,53.615107905157));
#2153 = VECTOR('',#2154,1.);
#2154 = DIRECTION('',(0.,-0.998426815018,5.607044723719E-02));
#2155 = PCURVE('',#271,#2156);
#2156 = DEFINITIONAL_REPRESENTATION('',(#2157),#2160);
#2157 = B_SPLINE_CURVE_WITH_KNOTS('',1,(#2158,#2159),.UNSPECIFIED.,.F.,
  .F.,(2,2),(-39.34837281342,-37.72232984355),.PIECEWISE_BEZIER_KNOTS.);
#2158 = CARTESIAN_POINT('',(50.408827043452,-80.62348490349));
#2159 = CARTESIAN_POINT('',(50.5,-79.));
#2160 = ( GEOMETRIC_REPRESENTATION_CONTEXT(2) 
PARAMETRIC_REPRESENTATION_CONTEXT() REPRESENTATION_CONTEXT('2D SPACE',''
  ) );
#2161 = PCURVE('',#2162,#2167);
#2162 = PLANE('',#2163);
#2163 = AXIS2_PLACEMENT_3D('',#2164,#2165,#2166);
#2164 = CARTESIAN_POINT('',(161.71794494238,35.59855798768,
    51.466385704428));
#2165 = DIRECTION('',(0.,5.607044723719E-02,0.998426815018));
#2166 = DIRECTION('',(0.,0.998426815018,-5.607044723719E-02));
#2167 = DEFINITIONAL_REPRESENTATION('',(#2168),#2171);
#2168 = B_SPLINE_CURVE_WITH_KNOTS('',1,(#2169,#2170),.UNSPECIFIED.,.F.,
  .F.,(2,2),(-39.34837281342,-37.72232984355),.PIECEWISE_BEZIER_KNOTS.);
#2169 = CARTESIAN_POINT('',(1.02654185605,0.372944942388));
#2170 = CARTESIAN_POINT('',(-0.599501113829,0.372944942388));
#2171 = ( GEOMETRIC_REPRESENTATION_CONTEXT(2) 
PARAMETRIC_REPRESENTATION_CONTEXT() REPRESENTATION_CONTEXT('2D SPACE',''
  ) );
#2172 = ORIENTED_EDGE('',*,*,#2173,.T.);
#2173 = EDGE_CURVE('',#2148,#2174,#2176,.T.);
#2174 = VERTEX_POINT('',#2175);
#2175 = CARTESIAN_POINT('',(161.345,38.226553542367,51.136454726636));
#2176 = SURFACE_CURVE('',#2177,(#2181,#2188),.PCURVE_S1.);
#2177 = LINE('',#2178,#2179);
#2178 = CARTESIAN_POINT('',(161.345,36.623484903498,51.408827043452));
#2179 = VECTOR('',#2180,1.);
#2180 = DIRECTION('',(0.,0.985871018518,-0.167506223305));
#2181 = PCURVE('',#271,#2182);
#2182 = DEFINITIONAL_REPRESENTATION('',(#2183),#2187);
#2183 = LINE('',#2184,#2185);
#2184 = CARTESIAN_POINT('',(50.408827043452,-80.62348490349));
#2185 = VECTOR('',#2186,1.);
#2186 = DIRECTION('',(-0.167506223305,-0.985871018518));
#2187 = ( GEOMETRIC_REPRESENTATION_CONTEXT(2) 
PARAMETRIC_REPRESENTATION_CONTEXT() REPRESENTATION_CONTEXT('2D SPACE',''
  ) );
#2188 = PCURVE('',#2189,#2194);
#2189 = PLANE('',#2190);
#2190 = AXIS2_PLACEMENT_3D('',#2191,#2192,#2193);
#2191 = CARTESIAN_POINT('',(161.68394673297,37.633090522259,
    51.237288149368));
#2192 = DIRECTION('',(0.,0.167506223305,0.985871018518));
#2193 = DIRECTION('',(0.,0.985871018518,-0.167506223305));
#2194 = DEFINITIONAL_REPRESENTATION('',(#2195),#2199);
#2195 = LINE('',#2196,#2197);
#2196 = CARTESIAN_POINT('',(-1.024074751967,0.338946732972));
#2197 = VECTOR('',#2198,1.);
#2198 = DIRECTION('',(1.,0.));
#2199 = ( GEOMETRIC_REPRESENTATION_CONTEXT(2) 
PARAMETRIC_REPRESENTATION_CONTEXT() REPRESENTATION_CONTEXT('2D SPACE',''
  ) );
#2200 = ORIENTED_EDGE('',*,*,#2201,.F.);
#2201 = EDGE_CURVE('',#2202,#2174,#2204,.T.);
#2202 = VERTEX_POINT('',#2203);
#2203 = CARTESIAN_POINT('',(161.345,39.78904639835,50.686308289471));
#2204 = SURFACE_CURVE('',#2205,(#2209,#2215),.PCURVE_S1.);
#2205 = LINE('',#2206,#2207);
#2206 = CARTESIAN_POINT('',(161.345,7.220698012644,60.069087822854));
#2207 = VECTOR('',#2208,1.);
#2208 = DIRECTION('',(0.,-0.960917321945,0.276835511425));
#2209 = PCURVE('',#271,#2210);
#2210 = DEFINITIONAL_REPRESENTATION('',(#2211),#2214);
#2211 = B_SPLINE_CURVE_WITH_KNOTS('',1,(#2212,#2213),.UNSPECIFIED.,.F.,
  .F.,(2,2),(-33.89297668167,-32.2669337118),.PIECEWISE_BEZIER_KNOTS.);
#2212 = CARTESIAN_POINT('',(49.686308289471,-83.78904639835));
#2213 = CARTESIAN_POINT('',(50.136454726636,-82.22655354236));
#2214 = ( GEOMETRIC_REPRESENTATION_CONTEXT(2) 
PARAMETRIC_REPRESENTATION_CONTEXT() REPRESENTATION_CONTEXT('2D SPACE',''
  ) );
#2215 = PCURVE('',#2216,#2221);
#2216 = PLANE('',#2217);
#2217 = AXIS2_PLACEMENT_3D('',#2218,#2219,#2220);
#2218 = CARTESIAN_POINT('',(161.71794494238,38.80262454717,
    50.97049152919));
#2219 = DIRECTION('',(0.,0.276835511425,0.960917321945));
#2220 = DIRECTION('',(0.,0.960917321945,-0.276835511425));
#2221 = DEFINITIONAL_REPRESENTATION('',(#2222),#2225);
#2222 = B_SPLINE_CURVE_WITH_KNOTS('',1,(#2223,#2224),.UNSPECIFIED.,.F.,
  .F.,(2,2),(-33.89297668167,-32.2669337118),.PIECEWISE_BEZIER_KNOTS.);
#2223 = CARTESIAN_POINT('',(1.02654185605,0.372944942388));
#2224 = CARTESIAN_POINT('',(-0.599501113829,0.372944942388));
#2225 = ( GEOMETRIC_REPRESENTATION_CONTEXT(2) 
PARAMETRIC_REPRESENTATION_CONTEXT() REPRESENTATION_CONTEXT('2D SPACE',''
  ) );
#2226 = ORIENTED_EDGE('',*,*,#2227,.T.);
#2227 = EDGE_CURVE('',#2202,#2228,#2230,.T.);
#2228 = VERTEX_POINT('',#2229);
#2229 = CARTESIAN_POINT('',(161.345,41.291314217205,50.064048584585));
#2230 = SURFACE_CURVE('',#2231,(#2235,#2242),.PCURVE_S1.);
#2231 = LINE('',#2232,#2233);
#2232 = CARTESIAN_POINT('',(161.345,39.78904639835,50.686308289471));
#2233 = VECTOR('',#2234,1.);
#2234 = DIRECTION('',(0.,0.923879532511,-0.382683432365));
#2235 = PCURVE('',#271,#2236);
#2236 = DEFINITIONAL_REPRESENTATION('',(#2237),#2241);
#2237 = LINE('',#2238,#2239);
#2238 = CARTESIAN_POINT('',(49.686308289471,-83.78904639835));
#2239 = VECTOR('',#2240,1.);
#2240 = DIRECTION('',(-0.382683432365,-0.923879532511));
#2241 = ( GEOMETRIC_REPRESENTATION_CONTEXT(2) 
PARAMETRIC_REPRESENTATION_CONTEXT() REPRESENTATION_CONTEXT('2D SPACE',''
  ) );
#2242 = PCURVE('',#2243,#2248);
#2243 = PLANE('',#2244);
#2244 = AXIS2_PLACEMENT_3D('',#2245,#2246,#2247);
#2245 = CARTESIAN_POINT('',(161.68394673297,40.735168101454,
    50.29441184839));
#2246 = DIRECTION('',(0.,0.382683432365,0.923879532511));
#2247 = DIRECTION('',(0.,0.923879532511,-0.382683432365));
#2248 = DEFINITIONAL_REPRESENTATION('',(#2249),#2253);
#2249 = LINE('',#2250,#2251);
#2250 = CARTESIAN_POINT('',(-1.024074751967,0.338946732972));
#2251 = VECTOR('',#2252,1.);
#2252 = DIRECTION('',(1.,0.));
#2253 = ( GEOMETRIC_REPRESENTATION_CONTEXT(2) 
PARAMETRIC_REPRESENTATION_CONTEXT() REPRESENTATION_CONTEXT('2D SPACE',''
  ) );
#2254 = ORIENTED_EDGE('',*,*,#2255,.F.);
#2255 = EDGE_CURVE('',#2256,#2228,#2258,.T.);
#2256 = VERTEX_POINT('',#2257);
#2257 = CARTESIAN_POINT('',(161.345,42.714465109472,49.27750088881));
#2258 = SURFACE_CURVE('',#2259,(#2263,#2269),.PCURVE_S1.);
#2259 = LINE('',#2260,#2261);
#2260 = CARTESIAN_POINT('',(161.345,19.27233493029,62.233508278238));
#2261 = VECTOR('',#2262,1.);
#2262 = DIRECTION('',(0.,-0.875223421909,0.483718887105));
#2263 = PCURVE('',#271,#2264);
#2264 = DEFINITIONAL_REPRESENTATION('',(#2265),#2268);
#2265 = B_SPLINE_CURVE_WITH_KNOTS('',1,(#2266,#2267),.UNSPECIFIED.,.F.,
  .F.,(2,2),(-26.78416686799,-25.15812389811),.PIECEWISE_BEZIER_KNOTS.);
#2266 = CARTESIAN_POINT('',(48.27750088881,-86.71446510947));
#2267 = CARTESIAN_POINT('',(49.064048584585,-85.2913142172));
#2268 = ( GEOMETRIC_REPRESENTATION_CONTEXT(2) 
PARAMETRIC_REPRESENTATION_CONTEXT() REPRESENTATION_CONTEXT('2D SPACE',''
  ) );
#2269 = PCURVE('',#2270,#2275);
#2270 = PLANE('',#2271);
#2271 = AXIS2_PLACEMENT_3D('',#2272,#2273,#2274);
#2272 = CARTESIAN_POINT('',(161.71794494238,41.816011633488,
    49.774058572985));
#2273 = DIRECTION('',(0.,0.483718887105,0.875223421909));
#2274 = DIRECTION('',(0.,0.875223421909,-0.483718887105));
#2275 = DEFINITIONAL_REPRESENTATION('',(#2276),#2279);
#2276 = B_SPLINE_CURVE_WITH_KNOTS('',1,(#2277,#2278),.UNSPECIFIED.,.F.,
  .F.,(2,2),(-26.78416686799,-25.15812389811),.PIECEWISE_BEZIER_KNOTS.);
#2277 = CARTESIAN_POINT('',(1.02654185605,0.372944942388));
#2278 = CARTESIAN_POINT('',(-0.599501113829,0.372944942388));
#2279 = ( GEOMETRIC_REPRESENTATION_CONTEXT(2) 
PARAMETRIC_REPRESENTATION_CONTEXT() REPRESENTATION_CONTEXT('2D SPACE',''
  ) );
#2280 = ORIENTED_EDGE('',*,*,#2281,.T.);
#2281 = EDGE_CURVE('',#2256,#2282,#2284,.T.);
#2282 = VERTEX_POINT('',#2283);
#2283 = CARTESIAN_POINT('',(161.345,44.040602126952,48.336556495786));
#2284 = SURFACE_CURVE('',#2285,(#2289,#2296),.PCURVE_S1.);
#2285 = LINE('',#2286,#2287);
#2286 = CARTESIAN_POINT('',(161.345,42.714465109472,49.27750088881));
#2287 = VECTOR('',#2288,1.);
#2288 = DIRECTION('',(0.,0.815560868959,-0.57867129618));
#2289 = PCURVE('',#271,#2290);
#2290 = DEFINITIONAL_REPRESENTATION('',(#2291),#2295);
#2291 = LINE('',#2292,#2293);
#2292 = CARTESIAN_POINT('',(48.27750088881,-86.71446510947));
#2293 = VECTOR('',#2294,1.);
#2294 = DIRECTION('',(-0.57867129618,-0.815560868959));
#2295 = ( GEOMETRIC_REPRESENTATION_CONTEXT(2) 
PARAMETRIC_REPRESENTATION_CONTEXT() REPRESENTATION_CONTEXT('2D SPACE',''
  ) );
#2296 = PCURVE('',#2297,#2302);
#2297 = PLANE('',#2298);
#2298 = AXIS2_PLACEMENT_3D('',#2299,#2300,#2301);
#2299 = CARTESIAN_POINT('',(161.68394673297,43.549660404066,
    48.684898224704));
#2300 = DIRECTION('',(-2.166326370099E-16,0.57867129618,0.815560868959)
  );
#2301 = DIRECTION('',(1.232595164408E-32,0.815560868959,-0.57867129618)
  );
#2302 = DEFINITIONAL_REPRESENTATION('',(#2303),#2307);
#2303 = LINE('',#2304,#2305);
#2304 = CARTESIAN_POINT('',(-1.024074751967,0.338946732972));
#2305 = VECTOR('',#2306,1.);
#2306 = DIRECTION('',(1.,-3.697785493223E-32));
#2307 = ( GEOMETRIC_REPRESENTATION_CONTEXT(2) 
PARAMETRIC_REPRESENTATION_CONTEXT() REPRESENTATION_CONTEXT('2D SPACE',''
  ) );
#2308 = ORIENTED_EDGE('',*,*,#2309,.F.);
#2309 = EDGE_CURVE('',#2310,#2282,#2312,.T.);
#2310 = VERTEX_POINT('',#2311);
#2311 = CARTESIAN_POINT('',(161.345,45.253048327205,47.253048327205));
#2312 = SURFACE_CURVE('',#2313,(#2317,#2323),.PCURVE_S1.);
#2313 = LINE('',#2314,#2315);
#2314 = CARTESIAN_POINT('',(161.345,31.549331817196,59.499438126123));
#2315 = VECTOR('',#2316,1.);
#2316 = DIRECTION('',(0.,-0.745642164883,0.666346577952));
#2317 = PCURVE('',#271,#2318);
#2318 = DEFINITIONAL_REPRESENTATION('',(#2319),#2322);
#2319 = B_SPLINE_CURVE_WITH_KNOTS('',1,(#2320,#2321),.UNSPECIFIED.,.F.,
  .F.,(2,2),(-18.37840878024,-16.75236581036),.PIECEWISE_BEZIER_KNOTS.);
#2320 = CARTESIAN_POINT('',(46.253048327205,-89.2530483272));
#2321 = CARTESIAN_POINT('',(47.336556495786,-88.04060212695));
#2322 = ( GEOMETRIC_REPRESENTATION_CONTEXT(2) 
PARAMETRIC_REPRESENTATION_CONTEXT() REPRESENTATION_CONTEXT('2D SPACE',''
  ) );
#2323 = PCURVE('',#2324,#2329);
#2324 = PLANE('',#2325);
#2325 = AXIS2_PLACEMENT_3D('',#2326,#2327,#2328);
#2326 = CARTESIAN_POINT('',(161.71794494238,44.487615435317,
    47.937080980108));
#2327 = DIRECTION('',(0.,0.666346577952,0.745642164883));
#2328 = DIRECTION('',(0.,0.745642164883,-0.666346577952));
#2329 = DEFINITIONAL_REPRESENTATION('',(#2330),#2333);
#2330 = B_SPLINE_CURVE_WITH_KNOTS('',1,(#2331,#2332),.UNSPECIFIED.,.F.,
  .F.,(2,2),(-18.37840878024,-16.75236581036),.PIECEWISE_BEZIER_KNOTS.);
#2331 = CARTESIAN_POINT('',(1.02654185605,0.372944942388));
#2332 = CARTESIAN_POINT('',(-0.599501113829,0.372944942388));
#2333 = ( GEOMETRIC_REPRESENTATION_CONTEXT(2) 
PARAMETRIC_REPRESENTATION_CONTEXT() REPRESENTATION_CONTEXT('2D SPACE',''
  ) );
#2334 = ORIENTED_EDGE('',*,*,#2335,.T.);
#2335 = EDGE_CURVE('',#2310,#2336,#2338,.T.);
#2336 = VERTEX_POINT('',#2337);
#2337 = CARTESIAN_POINT('',(161.345,46.336556495786,46.040602126952));
#2338 = SURFACE_CURVE('',#2339,(#2343,#2350),.PCURVE_S1.);
#2339 = LINE('',#2340,#2341);
#2340 = CARTESIAN_POINT('',(161.345,45.253048327205,47.253048327205));
#2341 = VECTOR('',#2342,1.);
#2342 = DIRECTION('',(0.,0.666346577952,-0.745642164883));
#2343 = PCURVE('',#271,#2344);
#2344 = DEFINITIONAL_REPRESENTATION('',(#2345),#2349);
#2345 = LINE('',#2346,#2347);
#2346 = CARTESIAN_POINT('',(46.253048327205,-89.2530483272));
#2347 = VECTOR('',#2348,1.);
#2348 = DIRECTION('',(-0.745642164883,-0.666346577952));
#2349 = ( GEOMETRIC_REPRESENTATION_CONTEXT(2) 
PARAMETRIC_REPRESENTATION_CONTEXT() REPRESENTATION_CONTEXT('2D SPACE',''
  ) );
#2350 = PCURVE('',#2351,#2356);
#2351 = PLANE('',#2352);
#2352 = AXIS2_PLACEMENT_3D('',#2353,#2354,#2355);
#2353 = CARTESIAN_POINT('',(161.68394673297,45.935437033745,
    46.489455012146));
#2354 = DIRECTION('',(-1.583931593595E-16,0.745642164883,0.666346577952)
  );
#2355 = DIRECTION('',(1.232595164408E-32,-0.666346577952,0.745642164883)
  );
#2356 = DEFINITIONAL_REPRESENTATION('',(#2357),#2361);
#2357 = LINE('',#2358,#2359);
#2358 = CARTESIAN_POINT('',(1.024074751967,-0.338946732972));
#2359 = VECTOR('',#2360,1.);
#2360 = DIRECTION('',(-1.,4.190823558987E-31));
#2361 = ( GEOMETRIC_REPRESENTATION_CONTEXT(2) 
PARAMETRIC_REPRESENTATION_CONTEXT() REPRESENTATION_CONTEXT('2D SPACE',''
  ) );
#2362 = ORIENTED_EDGE('',*,*,#2363,.F.);
#2363 = EDGE_CURVE('',#2364,#2336,#2366,.T.);
#2364 = VERTEX_POINT('',#2365);
#2365 = CARTESIAN_POINT('',(161.345,47.27750088881,44.714465109472));
#2366 = SURFACE_CURVE('',#2367,(#2371,#2377),.PCURVE_S1.);
#2367 = LINE('',#2368,#2369);
#2368 = CARTESIAN_POINT('',(161.345,42.013211083732,52.133787263907));
#2369 = VECTOR('',#2370,1.);
#2370 = DIRECTION('',(0.,-0.57867129618,0.815560868959));
#2371 = PCURVE('',#271,#2372);
#2372 = DEFINITIONAL_REPRESENTATION('',(#2373),#2376);
#2373 = B_SPLINE_CURVE_WITH_KNOTS('',1,(#2374,#2375),.UNSPECIFIED.,.F.,
  .F.,(2,2),(-9.09720222833,-7.471159258452),.PIECEWISE_BEZIER_KNOTS.);
#2374 = CARTESIAN_POINT('',(43.714465109472,-91.27750088881));
#2375 = CARTESIAN_POINT('',(45.040602126952,-90.33655649578));
#2376 = ( GEOMETRIC_REPRESENTATION_CONTEXT(2) 
PARAMETRIC_REPRESENTATION_CONTEXT() REPRESENTATION_CONTEXT('2D SPACE',''
  ) );
#2377 = PCURVE('',#2378,#2383);
#2378 = PLANE('',#2379);
#2379 = AXIS2_PLACEMENT_3D('',#2380,#2381,#2382);
#2380 = CARTESIAN_POINT('',(161.71794494238,46.683470582387,
    45.551672477615));
#2381 = DIRECTION('',(-2.280078227528E-16,0.815560868959,0.57867129618)
  );
#2382 = DIRECTION('',(1.232595164408E-32,-0.57867129618,0.815560868959)
  );
#2383 = DEFINITIONAL_REPRESENTATION('',(#2384),#2387);
#2384 = B_SPLINE_CURVE_WITH_KNOTS('',1,(#2385,#2386),.UNSPECIFIED.,.F.,
  .F.,(2,2),(-9.09720222833,-7.471159258452),.PIECEWISE_BEZIER_KNOTS.);
#2385 = CARTESIAN_POINT('',(-1.02654185605,-0.372944942388));
#2386 = CARTESIAN_POINT('',(0.599501113829,-0.372944942388));
#2387 = ( GEOMETRIC_REPRESENTATION_CONTEXT(2) 
PARAMETRIC_REPRESENTATION_CONTEXT() REPRESENTATION_CONTEXT('2D SPACE',''
  ) );
#2388 = ORIENTED_EDGE('',*,*,#2389,.T.);
#2389 = EDGE_CURVE('',#2364,#2390,#2392,.T.);
#2390 = VERTEX_POINT('',#2391);
#2391 = CARTESIAN_POINT('',(161.345,48.064048584585,43.291314217205));
#2392 = SURFACE_CURVE('',#2393,(#2397,#2404),.PCURVE_S1.);
#2393 = LINE('',#2394,#2395);
#2394 = CARTESIAN_POINT('',(161.345,47.27750088881,44.714465109472));
#2395 = VECTOR('',#2396,1.);
#2396 = DIRECTION('',(0.,0.483718887105,-0.875223421909));
#2397 = PCURVE('',#271,#2398);
#2398 = DEFINITIONAL_REPRESENTATION('',(#2399),#2403);
#2399 = LINE('',#2400,#2401);
#2400 = CARTESIAN_POINT('',(43.714465109472,-91.27750088881));
#2401 = VECTOR('',#2402,1.);
#2402 = DIRECTION('',(-0.875223421909,-0.483718887105));
#2403 = ( GEOMETRIC_REPRESENTATION_CONTEXT(2) 
PARAMETRIC_REPRESENTATION_CONTEXT() REPRESENTATION_CONTEXT('2D SPACE',''
  ) );
#2404 = PCURVE('',#2405,#2410);
#2405 = PLANE('',#2406);
#2406 = AXIS2_PLACEMENT_3D('',#2407,#2408,#2409);
#2407 = CARTESIAN_POINT('',(161.68394673297,47.772865188144,
    43.818170900765));
#2408 = DIRECTION('',(-1.333789196435E-16,0.875223421909,0.483718887105)
  );
#2409 = DIRECTION('',(0.,-0.483718887105,0.875223421909));
#2410 = DEFINITIONAL_REPRESENTATION('',(#2411),#2415);
#2411 = LINE('',#2412,#2413);
#2412 = CARTESIAN_POINT('',(1.024074751967,-0.338946732972));
#2413 = VECTOR('',#2414,1.);
#2414 = DIRECTION('',(-1.,2.341930812375E-31));
#2415 = ( GEOMETRIC_REPRESENTATION_CONTEXT(2) 
PARAMETRIC_REPRESENTATION_CONTEXT() REPRESENTATION_CONTEXT('2D SPACE',''
  ) );
#2416 = ORIENTED_EDGE('',*,*,#2417,.F.);
#2417 = EDGE_CURVE('',#2418,#2390,#2420,.T.);
#2418 = VERTEX_POINT('',#2419);
#2419 = CARTESIAN_POINT('',(161.345,48.686308289471,41.78904639835));
#2420 = SURFACE_CURVE('',#2421,(#2425,#2431),.PCURVE_S1.);
#2421 = LINE('',#2422,#2423);
#2422 = CARTESIAN_POINT('',(161.345,48.913643041893,41.240211755854));
#2423 = VECTOR('',#2424,1.);
#2424 = DIRECTION('',(0.,-0.382683432365,0.923879532511));
#2425 = PCURVE('',#271,#2426);
#2426 = DEFINITIONAL_REPRESENTATION('',(#2427),#2430);
#2427 = B_SPLINE_CURVE_WITH_KNOTS('',1,(#2428,#2429),.UNSPECIFIED.,.F.,
  .F.,(2,2),(0.594054336288,2.220097306166),.PIECEWISE_BEZIER_KNOTS.);
#2428 = CARTESIAN_POINT('',(40.78904639835,-92.68630828947));
#2429 = CARTESIAN_POINT('',(42.291314217205,-92.06404858458));
#2430 = ( GEOMETRIC_REPRESENTATION_CONTEXT(2) 
PARAMETRIC_REPRESENTATION_CONTEXT() REPRESENTATION_CONTEXT('2D SPACE',''
  ) );
#2431 = PCURVE('',#2432,#2437);
#2432 = PLANE('',#2433);
#2433 = AXIS2_PLACEMENT_3D('',#2434,#2435,#2436);
#2434 = CARTESIAN_POINT('',(161.71794494238,48.293467728532,
    42.73744740842));
#2435 = DIRECTION('',(-1.380635423043E-16,0.923879532511,0.382683432365)
  );
#2436 = DIRECTION('',(0.,-0.382683432365,0.923879532511));
#2437 = DEFINITIONAL_REPRESENTATION('',(#2438),#2441);
#2438 = B_SPLINE_CURVE_WITH_KNOTS('',1,(#2439,#2440),.UNSPECIFIED.,.F.,
  .F.,(2,2),(0.594054336288,2.220097306166),.PIECEWISE_BEZIER_KNOTS.);
#2439 = CARTESIAN_POINT('',(-1.02654185605,-0.372944942388));
#2440 = CARTESIAN_POINT('',(0.599501113829,-0.372944942388));
#2441 = ( GEOMETRIC_REPRESENTATION_CONTEXT(2) 
PARAMETRIC_REPRESENTATION_CONTEXT() REPRESENTATION_CONTEXT('2D SPACE',''
  ) );
#2442 = ORIENTED_EDGE('',*,*,#2443,.T.);
#2443 = EDGE_CURVE('',#2418,#960,#2444,.T.);
#2444 = SURFACE_CURVE('',#2445,(#2449,#2456),.PCURVE_S1.);
#2445 = LINE('',#2446,#2447);
#2446 = CARTESIAN_POINT('',(161.345,48.686308289471,41.78904639835));
#2447 = VECTOR('',#2448,1.);
#2448 = DIRECTION('',(0.,0.276835511425,-0.960917321945));
#2449 = PCURVE('',#271,#2450);
#2450 = DEFINITIONAL_REPRESENTATION('',(#2451),#2455);
#2451 = LINE('',#2452,#2453);
#2452 = CARTESIAN_POINT('',(40.78904639835,-92.68630828947));
#2453 = VECTOR('',#2454,1.);
#2454 = DIRECTION('',(-0.960917321945,-0.276835511425));
#2455 = ( GEOMETRIC_REPRESENTATION_CONTEXT(2) 
PARAMETRIC_REPRESENTATION_CONTEXT() REPRESENTATION_CONTEXT('2D SPACE',''
  ) );
#2456 = PCURVE('',#2457,#2462);
#2457 = PLANE('',#2458);
#2458 = AXIS2_PLACEMENT_3D('',#2459,#2460,#2461);
#2459 = CARTESIAN_POINT('',(161.68394673297,48.969808547169,
    40.804995230218));
#2460 = DIRECTION('',(0.,0.960917321945,0.276835511425));
#2461 = DIRECTION('',(0.,-0.276835511425,0.960917321945));
#2462 = DEFINITIONAL_REPRESENTATION('',(#2463),#2467);
#2463 = LINE('',#2464,#2465);
#2464 = CARTESIAN_POINT('',(1.024074751967,-0.338946732972));
#2465 = VECTOR('',#2466,1.);
#2466 = DIRECTION('',(-1.,0.));
#2467 = ( GEOMETRIC_REPRESENTATION_CONTEXT(2) 
PARAMETRIC_REPRESENTATION_CONTEXT() REPRESENTATION_CONTEXT('2D SPACE',''
  ) );
#2468 = FACE_BOUND('',#2469,.T.);
#2469 = EDGE_LOOP('',(#2470,#2498,#2524,#2550));
#2470 = ORIENTED_EDGE('',*,*,#2471,.T.);
#2471 = EDGE_CURVE('',#2472,#2474,#2476,.T.);
#2472 = VERTEX_POINT('',#2473);
#2473 = CARTESIAN_POINT('',(161.345,16.370251770438,19.193426627878));
#2474 = VERTEX_POINT('',#2475);
#2475 = CARTESIAN_POINT('',(161.345,9.063077744608,18.025005575246));
#2476 = SURFACE_CURVE('',#2477,(#2481,#2487),.PCURVE_S1.);
#2477 = LINE('',#2478,#2479);
#2478 = CARTESIAN_POINT('',(161.345,-18.13422920779,13.676141581349));
#2479 = VECTOR('',#2480,1.);
#2480 = DIRECTION('',(0.,-0.987455949437,-0.157894736842));
#2481 = PCURVE('',#271,#2482);
#2482 = DEFINITIONAL_REPRESENTATION('',(#2483),#2486);
#2483 = B_SPLINE_CURVE_WITH_KNOTS('',1,(#2484,#2485),.UNSPECIFIED.,.F.,
  .F.,(2,2),(-34.94280529468,-27.54280529468),.PIECEWISE_BEZIER_KNOTS.);
#2484 = CARTESIAN_POINT('',(18.193426627878,-60.37025177043));
#2485 = CARTESIAN_POINT('',(17.025005575246,-53.0630777446));
#2486 = ( GEOMETRIC_REPRESENTATION_CONTEXT(2) 
PARAMETRIC_REPRESENTATION_CONTEXT() REPRESENTATION_CONTEXT('2D SPACE',''
  ) );
#2487 = PCURVE('',#2488,#2493);
#2488 = PLANE('',#2489);
#2489 = AXIS2_PLACEMENT_3D('',#2490,#2491,#2492);
#2490 = CARTESIAN_POINT('',(145.5,9.063077744608,18.025005575246));
#2491 = DIRECTION('',(0.,-0.157894736842,0.987455949437));
#2492 = DIRECTION('',(1.,0.,0.));
#2493 = DEFINITIONAL_REPRESENTATION('',(#2494),#2497);
#2494 = B_SPLINE_CURVE_WITH_KNOTS('',1,(#2495,#2496),.UNSPECIFIED.,.F.,
  .F.,(2,2),(-34.94280529468,-27.54280529468),.PIECEWISE_BEZIER_KNOTS.);
#2495 = CARTESIAN_POINT('',(15.845,7.4));
#2496 = CARTESIAN_POINT('',(15.845,0.));
#2497 = ( GEOMETRIC_REPRESENTATION_CONTEXT(2) 
PARAMETRIC_REPRESENTATION_CONTEXT() REPRESENTATION_CONTEXT('2D SPACE',''
  ) );
#2498 = ORIENTED_EDGE('',*,*,#2499,.T.);
#2499 = EDGE_CURVE('',#2474,#2500,#2502,.T.);
#2500 = VERTEX_POINT('',#2501);
#2501 = CARTESIAN_POINT('',(161.345,8.494656691976,21.579846993218));
#2502 = SURFACE_CURVE('',#2503,(#2507,#2513),.PCURVE_S1.);
#2503 = LINE('',#2504,#2505);
#2504 = CARTESIAN_POINT('',(161.345,9.728845824709,13.86136678152));
#2505 = VECTOR('',#2506,1.);
#2506 = DIRECTION('',(0.,-0.157894736842,0.987455949437));
#2507 = PCURVE('',#271,#2508);
#2508 = DEFINITIONAL_REPRESENTATION('',(#2509),#2512);
#2509 = B_SPLINE_CURVE_WITH_KNOTS('',1,(#2510,#2511),.UNSPECIFIED.,.F.,
  .F.,(2,2),(4.216531173975,7.816531173975),.PIECEWISE_BEZIER_KNOTS.);
#2510 = CARTESIAN_POINT('',(17.025005575246,-53.0630777446));
#2511 = CARTESIAN_POINT('',(20.579846993218,-52.49465669197));
#2512 = ( GEOMETRIC_REPRESENTATION_CONTEXT(2) 
PARAMETRIC_REPRESENTATION_CONTEXT() REPRESENTATION_CONTEXT('2D SPACE',''
  ) );
#2513 = PCURVE('',#2514,#2519);
#2514 = PLANE('',#2515);
#2515 = AXIS2_PLACEMENT_3D('',#2516,#2517,#2518);
#2516 = CARTESIAN_POINT('',(145.5,9.063077744608,18.025005575246));
#2517 = DIRECTION('',(0.,0.987455949437,0.157894736842));
#2518 = DIRECTION('',(0.,-0.157894736842,0.987455949437));
#2519 = DEFINITIONAL_REPRESENTATION('',(#2520),#2523);
#2520 = B_SPLINE_CURVE_WITH_KNOTS('',1,(#2521,#2522),.UNSPECIFIED.,.F.,
  .F.,(2,2),(4.216531173975,7.816531173975),.PIECEWISE_BEZIER_KNOTS.);
#2521 = CARTESIAN_POINT('',(0.,15.845));
#2522 = CARTESIAN_POINT('',(3.6,15.845));
#2523 = ( GEOMETRIC_REPRESENTATION_CONTEXT(2) 
PARAMETRIC_REPRESENTATION_CONTEXT() REPRESENTATION_CONTEXT('2D SPACE',''
  ) );
#2524 = ORIENTED_EDGE('',*,*,#2525,.F.);
#2525 = EDGE_CURVE('',#2526,#2500,#2528,.T.);
#2526 = VERTEX_POINT('',#2527);
#2527 = CARTESIAN_POINT('',(161.345,15.801830717807,22.748268045849));
#2528 = SURFACE_CURVE('',#2529,(#2533,#2539),.PCURVE_S1.);
#2529 = LINE('',#2530,#2531);
#2530 = CARTESIAN_POINT('',(161.345,-18.70265026042,17.23098299932));
#2531 = VECTOR('',#2532,1.);
#2532 = DIRECTION('',(0.,-0.987455949437,-0.157894736842));
#2533 = PCURVE('',#271,#2534);
#2534 = DEFINITIONAL_REPRESENTATION('',(#2535),#2538);
#2535 = B_SPLINE_CURVE_WITH_KNOTS('',1,(#2536,#2537),.UNSPECIFIED.,.F.,
  .F.,(2,2),(-34.94280529468,-27.54280529468),.PIECEWISE_BEZIER_KNOTS.);
#2536 = CARTESIAN_POINT('',(21.748268045849,-59.8018307178));
#2537 = CARTESIAN_POINT('',(20.579846993218,-52.49465669197));
#2538 = ( GEOMETRIC_REPRESENTATION_CONTEXT(2) 
PARAMETRIC_REPRESENTATION_CONTEXT() REPRESENTATION_CONTEXT('2D SPACE',''
  ) );
#2539 = PCURVE('',#2540,#2545);
#2540 = PLANE('',#2541);
#2541 = AXIS2_PLACEMENT_3D('',#2542,#2543,#2544);
#2542 = CARTESIAN_POINT('',(145.5,8.494656691976,21.579846993218));
#2543 = DIRECTION('',(0.,-0.157894736842,0.987455949437));
#2544 = DIRECTION('',(1.,0.,0.));
#2545 = DEFINITIONAL_REPRESENTATION('',(#2546),#2549);
#2546 = B_SPLINE_CURVE_WITH_KNOTS('',1,(#2547,#2548),.UNSPECIFIED.,.F.,
  .F.,(2,2),(-34.94280529468,-27.54280529468),.PIECEWISE_BEZIER_KNOTS.);
#2547 = CARTESIAN_POINT('',(15.845,7.4));
#2548 = CARTESIAN_POINT('',(15.845,0.));
#2549 = ( GEOMETRIC_REPRESENTATION_CONTEXT(2) 
PARAMETRIC_REPRESENTATION_CONTEXT() REPRESENTATION_CONTEXT('2D SPACE',''
  ) );
#2550 = ORIENTED_EDGE('',*,*,#2551,.F.);
#2551 = EDGE_CURVE('',#2472,#2526,#2552,.T.);
#2552 = SURFACE_CURVE('',#2553,(#2557,#2563),.PCURVE_S1.);
#2553 = LINE('',#2554,#2555);
#2554 = CARTESIAN_POINT('',(161.345,17.036019850539,15.029787834152));
#2555 = VECTOR('',#2556,1.);
#2556 = DIRECTION('',(0.,-0.157894736842,0.987455949437));
#2557 = PCURVE('',#271,#2558);
#2558 = DEFINITIONAL_REPRESENTATION('',(#2559),#2562);
#2559 = B_SPLINE_CURVE_WITH_KNOTS('',1,(#2560,#2561),.UNSPECIFIED.,.F.,
  .F.,(2,2),(4.216531173975,7.816531173975),.PIECEWISE_BEZIER_KNOTS.);
#2560 = CARTESIAN_POINT('',(18.193426627878,-60.37025177043));
#2561 = CARTESIAN_POINT('',(21.748268045849,-59.8018307178));
#2562 = ( GEOMETRIC_REPRESENTATION_CONTEXT(2) 
PARAMETRIC_REPRESENTATION_CONTEXT() REPRESENTATION_CONTEXT('2D SPACE',''
  ) );
#2563 = PCURVE('',#2564,#2569);
#2564 = PLANE('',#2565);
#2565 = AXIS2_PLACEMENT_3D('',#2566,#2567,#2568);
#2566 = CARTESIAN_POINT('',(145.5,16.370251770438,19.193426627878));
#2567 = DIRECTION('',(0.,0.987455949437,0.157894736842));
#2568 = DIRECTION('',(0.,-0.157894736842,0.987455949437));
#2569 = DEFINITIONAL_REPRESENTATION('',(#2570),#2573);
#2570 = B_SPLINE_CURVE_WITH_KNOTS('',1,(#2571,#2572),.UNSPECIFIED.,.F.,
  .F.,(2,2),(4.216531173975,7.816531173975),.PIECEWISE_BEZIER_KNOTS.);
#2571 = CARTESIAN_POINT('',(0.,15.845));
#2572 = CARTESIAN_POINT('',(3.6,15.845));
#2573 = ( GEOMETRIC_REPRESENTATION_CONTEXT(2) 
PARAMETRIC_REPRESENTATION_CONTEXT() REPRESENTATION_CONTEXT('2D SPACE',''
  ) );
#2574 = FACE_BOUND('',#2575,.T.);
#2575 = EDGE_LOOP('',(#2576,#2604,#2630,#2656));
#2576 = ORIENTED_EDGE('',*,*,#2577,.T.);
#2577 = EDGE_CURVE('',#2578,#2580,#2582,.T.);
#2578 = VERTEX_POINT('',#2579);
#2579 = CARTESIAN_POINT('',(161.345,-3.378867218292,16.035531891036));
#2580 = VERTEX_POINT('',#2581);
#2581 = CARTESIAN_POINT('',(161.345,-10.68604124412,14.867110838404));
#2582 = SURFACE_CURVE('',#2583,(#2587,#2593),.PCURVE_S1.);
#2583 = LINE('',#2584,#2585);
#2584 = CARTESIAN_POINT('',(161.345,-28.00878870216,12.097194212928));
#2585 = VECTOR('',#2586,1.);
#2586 = DIRECTION('',(0.,-0.987455949437,-0.157894736842));
#2587 = PCURVE('',#271,#2588);
#2588 = DEFINITIONAL_REPRESENTATION('',(#2589),#2592);
#2589 = B_SPLINE_CURVE_WITH_KNOTS('',1,(#2590,#2591),.UNSPECIFIED.,.F.,
  .F.,(2,2),(-24.94280529468,-17.54280529468),.PIECEWISE_BEZIER_KNOTS.);
#2590 = CARTESIAN_POINT('',(15.035531891036,-40.6211327817));
#2591 = CARTESIAN_POINT('',(13.867110838404,-33.31395875587));
#2592 = ( GEOMETRIC_REPRESENTATION_CONTEXT(2) 
PARAMETRIC_REPRESENTATION_CONTEXT() REPRESENTATION_CONTEXT('2D SPACE',''
  ) );
#2593 = PCURVE('',#2594,#2599);
#2594 = PLANE('',#2595);
#2595 = AXIS2_PLACEMENT_3D('',#2596,#2597,#2598);
#2596 = CARTESIAN_POINT('',(145.5,-10.68604124412,14.867110838404));
#2597 = DIRECTION('',(0.,-0.157894736842,0.987455949437));
#2598 = DIRECTION('',(1.,0.,0.));
#2599 = DEFINITIONAL_REPRESENTATION('',(#2600),#2603);
#2600 = B_SPLINE_CURVE_WITH_KNOTS('',1,(#2601,#2602),.UNSPECIFIED.,.F.,
  .F.,(2,2),(-24.94280529468,-17.54280529468),.PIECEWISE_BEZIER_KNOTS.);
#2601 = CARTESIAN_POINT('',(15.845,7.4));
#2602 = CARTESIAN_POINT('',(15.845,0.));
#2603 = ( GEOMETRIC_REPRESENTATION_CONTEXT(2) 
PARAMETRIC_REPRESENTATION_CONTEXT() REPRESENTATION_CONTEXT('2D SPACE',''
  ) );
#2604 = ORIENTED_EDGE('',*,*,#2605,.T.);
#2605 = EDGE_CURVE('',#2580,#2606,#2608,.T.);
#2606 = VERTEX_POINT('',#2607);
#2607 = CARTESIAN_POINT('',(161.345,-11.25446229675,18.421952256376));
#2608 = SURFACE_CURVE('',#2609,(#2613,#2619),.PCURVE_S1.);
#2609 = LINE('',#2610,#2611);
#2610 = CARTESIAN_POINT('',(161.345,-10.02027316402,10.703472044678));
#2611 = VECTOR('',#2612,1.);
#2612 = DIRECTION('',(0.,-0.157894736842,0.987455949437));
#2613 = PCURVE('',#271,#2614);
#2614 = DEFINITIONAL_REPRESENTATION('',(#2615),#2618);
#2615 = B_SPLINE_CURVE_WITH_KNOTS('',1,(#2616,#2617),.UNSPECIFIED.,.F.,
  .F.,(2,2),(4.216531173975,7.816531173975),.PIECEWISE_BEZIER_KNOTS.);
#2616 = CARTESIAN_POINT('',(13.867110838404,-33.31395875587));
#2617 = CARTESIAN_POINT('',(17.421952256376,-32.74553770324));
#2618 = ( GEOMETRIC_REPRESENTATION_CONTEXT(2) 
PARAMETRIC_REPRESENTATION_CONTEXT() REPRESENTATION_CONTEXT('2D SPACE',''
  ) );
#2619 = PCURVE('',#2620,#2625);
#2620 = PLANE('',#2621);
#2621 = AXIS2_PLACEMENT_3D('',#2622,#2623,#2624);
#2622 = CARTESIAN_POINT('',(145.5,-10.68604124412,14.867110838404));
#2623 = DIRECTION('',(0.,0.987455949437,0.157894736842));
#2624 = DIRECTION('',(0.,-0.157894736842,0.987455949437));
#2625 = DEFINITIONAL_REPRESENTATION('',(#2626),#2629);
#2626 = B_SPLINE_CURVE_WITH_KNOTS('',1,(#2627,#2628),.UNSPECIFIED.,.F.,
  .F.,(2,2),(4.216531173975,7.816531173975),.PIECEWISE_BEZIER_KNOTS.);
#2627 = CARTESIAN_POINT('',(0.,15.845));
#2628 = CARTESIAN_POINT('',(3.6,15.845));
#2629 = ( GEOMETRIC_REPRESENTATION_CONTEXT(2) 
PARAMETRIC_REPRESENTATION_CONTEXT() REPRESENTATION_CONTEXT('2D SPACE',''
  ) );
#2630 = ORIENTED_EDGE('',*,*,#2631,.F.);
#2631 = EDGE_CURVE('',#2632,#2606,#2634,.T.);
#2632 = VERTEX_POINT('',#2633);
#2633 = CARTESIAN_POINT('',(161.345,-3.947288270924,19.590373309007));
#2634 = SURFACE_CURVE('',#2635,(#2639,#2645),.PCURVE_S1.);
#2635 = LINE('',#2636,#2637);
#2636 = CARTESIAN_POINT('',(161.345,-28.57720975479,15.652035630899));
#2637 = VECTOR('',#2638,1.);
#2638 = DIRECTION('',(0.,-0.987455949437,-0.157894736842));
#2639 = PCURVE('',#271,#2640);
#2640 = DEFINITIONAL_REPRESENTATION('',(#2641),#2644);
#2641 = B_SPLINE_CURVE_WITH_KNOTS('',1,(#2642,#2643),.UNSPECIFIED.,.F.,
  .F.,(2,2),(-24.94280529468,-17.54280529468),.PIECEWISE_BEZIER_KNOTS.);
#2642 = CARTESIAN_POINT('',(18.590373309007,-40.05271172907));
#2643 = CARTESIAN_POINT('',(17.421952256376,-32.74553770324));
#2644 = ( GEOMETRIC_REPRESENTATION_CONTEXT(2) 
PARAMETRIC_REPRESENTATION_CONTEXT() REPRESENTATION_CONTEXT('2D SPACE',''
  ) );
#2645 = PCURVE('',#2646,#2651);
#2646 = PLANE('',#2647);
#2647 = AXIS2_PLACEMENT_3D('',#2648,#2649,#2650);
#2648 = CARTESIAN_POINT('',(145.5,-11.25446229675,18.421952256376));
#2649 = DIRECTION('',(0.,-0.157894736842,0.987455949437));
#2650 = DIRECTION('',(1.,0.,0.));
#2651 = DEFINITIONAL_REPRESENTATION('',(#2652),#2655);
#2652 = B_SPLINE_CURVE_WITH_KNOTS('',1,(#2653,#2654),.UNSPECIFIED.,.F.,
  .F.,(2,2),(-24.94280529468,-17.54280529468),.PIECEWISE_BEZIER_KNOTS.);
#2653 = CARTESIAN_POINT('',(15.845,7.4));
#2654 = CARTESIAN_POINT('',(15.845,0.));
#2655 = ( GEOMETRIC_REPRESENTATION_CONTEXT(2) 
PARAMETRIC_REPRESENTATION_CONTEXT() REPRESENTATION_CONTEXT('2D SPACE',''
  ) );
#2656 = ORIENTED_EDGE('',*,*,#2657,.F.);
#2657 = EDGE_CURVE('',#2578,#2632,#2658,.T.);
#2658 = SURFACE_CURVE('',#2659,(#2663,#2669),.PCURVE_S1.);
#2659 = LINE('',#2660,#2661);
#2660 = CARTESIAN_POINT('',(161.345,-2.713099138191,11.87189309731));
#2661 = VECTOR('',#2662,1.);
#2662 = DIRECTION('',(0.,-0.157894736842,0.987455949437));
#2663 = PCURVE('',#271,#2664);
#2664 = DEFINITIONAL_REPRESENTATION('',(#2665),#2668);
#2665 = B_SPLINE_CURVE_WITH_KNOTS('',1,(#2666,#2667),.UNSPECIFIED.,.F.,
  .F.,(2,2),(4.216531173975,7.816531173975),.PIECEWISE_BEZIER_KNOTS.);
#2666 = CARTESIAN_POINT('',(15.035531891036,-40.6211327817));
#2667 = CARTESIAN_POINT('',(18.590373309007,-40.05271172907));
#2668 = ( GEOMETRIC_REPRESENTATION_CONTEXT(2) 
PARAMETRIC_REPRESENTATION_CONTEXT() REPRESENTATION_CONTEXT('2D SPACE',''
  ) );
#2669 = PCURVE('',#2670,#2675);
#2670 = PLANE('',#2671);
#2671 = AXIS2_PLACEMENT_3D('',#2672,#2673,#2674);
#2672 = CARTESIAN_POINT('',(145.5,-3.378867218292,16.035531891036));
#2673 = DIRECTION('',(0.,0.987455949437,0.157894736842));
#2674 = DIRECTION('',(0.,-0.157894736842,0.987455949437));
#2675 = DEFINITIONAL_REPRESENTATION('',(#2676),#2679);
#2676 = B_SPLINE_CURVE_WITH_KNOTS('',1,(#2677,#2678),.UNSPECIFIED.,.F.,
  .F.,(2,2),(4.216531173975,7.816531173975),.PIECEWISE_BEZIER_KNOTS.);
#2677 = CARTESIAN_POINT('',(0.,15.845));
#2678 = CARTESIAN_POINT('',(3.6,15.845));
#2679 = ( GEOMETRIC_REPRESENTATION_CONTEXT(2) 
PARAMETRIC_REPRESENTATION_CONTEXT() REPRESENTATION_CONTEXT('2D SPACE',''
  ) );
#2680 = ADVANCED_FACE('',(#2681),#492,.F.);
#2681 = FACE_BOUND('',#2682,.F.);
#2682 = EDGE_LOOP('',(#2683,#2707,#2728,#2729));
#2683 = ORIENTED_EDGE('',*,*,#2684,.F.);
#2684 = EDGE_CURVE('',#2685,#2685,#2687,.T.);
#2685 = VERTEX_POINT('',#2686);
#2686 = CARTESIAN_POINT('',(151.75,-7.032454231207,15.45132136472));
#2687 = SURFACE_CURVE('',#2688,(#2693,#2700),.PCURVE_S1.);
#2688 = CIRCLE('',#2689,2.25);
#2689 = AXIS2_PLACEMENT_3D('',#2690,#2691,#2692);
#2690 = CARTESIAN_POINT('',(149.5,-7.032454231207,15.45132136472));
#2691 = DIRECTION('',(0.,-0.157894736842,0.987455949437));
#2692 = DIRECTION('',(1.,0.,0.));
#2693 = PCURVE('',#492,#2694);
#2694 = DEFINITIONAL_REPRESENTATION('',(#2695),#2699);
#2695 = LINE('',#2696,#2697);
#2696 = CARTESIAN_POINT('',(0.,82.));
#2697 = VECTOR('',#2698,1.);
#2698 = DIRECTION('',(1.,0.));
#2699 = ( GEOMETRIC_REPRESENTATION_CONTEXT(2) 
PARAMETRIC_REPRESENTATION_CONTEXT() REPRESENTATION_CONTEXT('2D SPACE',''
  ) );
#2700 = PCURVE('',#2594,#2701);
#2701 = DEFINITIONAL_REPRESENTATION('',(#2702),#2706);
#2702 = CIRCLE('',#2703,2.25);
#2703 = AXIS2_PLACEMENT_2D('',#2704,#2705);
#2704 = CARTESIAN_POINT('',(4.,3.7));
#2705 = DIRECTION('',(1.,0.));
#2706 = ( GEOMETRIC_REPRESENTATION_CONTEXT(2) 
PARAMETRIC_REPRESENTATION_CONTEXT() REPRESENTATION_CONTEXT('2D SPACE',''
  ) );
#2707 = ORIENTED_EDGE('',*,*,#2708,.F.);
#2708 = EDGE_CURVE('',#476,#2685,#2709,.T.);
#2709 = SEAM_CURVE('',#2710,(#2714,#2721),.PCURVE_S1.);
#2710 = LINE('',#2711,#2712);
#2711 = CARTESIAN_POINT('',(151.75,5.914914189845,-65.52006648907));
#2712 = VECTOR('',#2713,1.);
#2713 = DIRECTION('',(0.,-0.157894736842,0.987455949437));
#2714 = PCURVE('',#492,#2715);
#2715 = DEFINITIONAL_REPRESENTATION('',(#2716),#2720);
#2716 = LINE('',#2717,#2718);
#2717 = CARTESIAN_POINT('',(6.28318530718,-0.));
#2718 = VECTOR('',#2719,1.);
#2719 = DIRECTION('',(0.,1.));
#2720 = ( GEOMETRIC_REPRESENTATION_CONTEXT(2) 
PARAMETRIC_REPRESENTATION_CONTEXT() REPRESENTATION_CONTEXT('2D SPACE',''
  ) );
#2721 = PCURVE('',#492,#2722);
#2722 = DEFINITIONAL_REPRESENTATION('',(#2723),#2727);
#2723 = LINE('',#2724,#2725);
#2724 = CARTESIAN_POINT('',(0.,-0.));
#2725 = VECTOR('',#2726,1.);
#2726 = DIRECTION('',(0.,1.));
#2727 = ( GEOMETRIC_REPRESENTATION_CONTEXT(2) 
PARAMETRIC_REPRESENTATION_CONTEXT() REPRESENTATION_CONTEXT('2D SPACE',''
  ) );
#2728 = ORIENTED_EDGE('',*,*,#475,.T.);
#2729 = ORIENTED_EDGE('',*,*,#2708,.T.);
#2730 = ADVANCED_FACE('',(#2731),#536,.F.);
#2731 = FACE_BOUND('',#2732,.F.);
#2732 = EDGE_LOOP('',(#2733,#2757,#2778,#2779));
#2733 = ORIENTED_EDGE('',*,*,#2734,.F.);
#2734 = EDGE_CURVE('',#2735,#2735,#2737,.T.);
#2735 = VERTEX_POINT('',#2736);
#2736 = CARTESIAN_POINT('',(151.75,12.716664757523,18.609216101562));
#2737 = SURFACE_CURVE('',#2738,(#2743,#2750),.PCURVE_S1.);
#2738 = CIRCLE('',#2739,2.25);
#2739 = AXIS2_PLACEMENT_3D('',#2740,#2741,#2742);
#2740 = CARTESIAN_POINT('',(149.5,12.716664757523,18.609216101562));
#2741 = DIRECTION('',(0.,-0.157894736842,0.987455949437));
#2742 = DIRECTION('',(1.,0.,0.));
#2743 = PCURVE('',#536,#2744);
#2744 = DEFINITIONAL_REPRESENTATION('',(#2745),#2749);
#2745 = LINE('',#2746,#2747);
#2746 = CARTESIAN_POINT('',(0.,82.));
#2747 = VECTOR('',#2748,1.);
#2748 = DIRECTION('',(1.,0.));
#2749 = ( GEOMETRIC_REPRESENTATION_CONTEXT(2) 
PARAMETRIC_REPRESENTATION_CONTEXT() REPRESENTATION_CONTEXT('2D SPACE',''
  ) );
#2750 = PCURVE('',#2488,#2751);
#2751 = DEFINITIONAL_REPRESENTATION('',(#2752),#2756);
#2752 = CIRCLE('',#2753,2.25);
#2753 = AXIS2_PLACEMENT_2D('',#2754,#2755);
#2754 = CARTESIAN_POINT('',(4.,3.7));
#2755 = DIRECTION('',(1.,0.));
#2756 = ( GEOMETRIC_REPRESENTATION_CONTEXT(2) 
PARAMETRIC_REPRESENTATION_CONTEXT() REPRESENTATION_CONTEXT('2D SPACE',''
  ) );
#2757 = ORIENTED_EDGE('',*,*,#2758,.F.);
#2758 = EDGE_CURVE('',#520,#2735,#2759,.T.);
#2759 = SEAM_CURVE('',#2760,(#2764,#2771),.PCURVE_S1.);
#2760 = LINE('',#2761,#2762);
#2761 = CARTESIAN_POINT('',(151.75,25.664033178576,-62.36217175223));
#2762 = VECTOR('',#2763,1.);
#2763 = DIRECTION('',(0.,-0.157894736842,0.987455949437));
#2764 = PCURVE('',#536,#2765);
#2765 = DEFINITIONAL_REPRESENTATION('',(#2766),#2770);
#2766 = LINE('',#2767,#2768);
#2767 = CARTESIAN_POINT('',(6.28318530718,-0.));
#2768 = VECTOR('',#2769,1.);
#2769 = DIRECTION('',(0.,1.));
#2770 = ( GEOMETRIC_REPRESENTATION_CONTEXT(2) 
PARAMETRIC_REPRESENTATION_CONTEXT() REPRESENTATION_CONTEXT('2D SPACE',''
  ) );
#2771 = PCURVE('',#536,#2772);
#2772 = DEFINITIONAL_REPRESENTATION('',(#2773),#2777);
#2773 = LINE('',#2774,#2775);
#2774 = CARTESIAN_POINT('',(0.,-0.));
#2775 = VECTOR('',#2776,1.);
#2776 = DIRECTION('',(0.,1.));
#2777 = ( GEOMETRIC_REPRESENTATION_CONTEXT(2) 
PARAMETRIC_REPRESENTATION_CONTEXT() REPRESENTATION_CONTEXT('2D SPACE',''
  ) );
#2778 = ORIENTED_EDGE('',*,*,#519,.T.);
#2779 = ORIENTED_EDGE('',*,*,#2758,.T.);
#2780 = ADVANCED_FACE('',(#2781),#809,.F.);
#2781 = FACE_BOUND('',#2782,.F.);
#2782 = EDGE_LOOP('',(#2783,#2806,#2807,#2808,#2829,#2855));
#2783 = ORIENTED_EDGE('',*,*,#2784,.F.);
#2784 = EDGE_CURVE('',#766,#2785,#2787,.T.);
#2785 = VERTEX_POINT('',#2786);
#2786 = CARTESIAN_POINT('',(145.5,36.,28.559028491933));
#2787 = SURFACE_CURVE('',#2788,(#2792,#2799),.PCURVE_S1.);
#2788 = LINE('',#2789,#2790);
#2789 = CARTESIAN_POINT('',(145.5,36.,3.));
#2790 = VECTOR('',#2791,1.);
#2791 = DIRECTION('',(0.,0.,1.));
#2792 = PCURVE('',#809,#2793);
#2793 = DEFINITIONAL_REPRESENTATION('',(#2794),#2798);
#2794 = LINE('',#2795,#2796);
#2795 = CARTESIAN_POINT('',(0.,0.));
#2796 = VECTOR('',#2797,1.);
#2797 = DIRECTION('',(1.,0.));
#2798 = ( GEOMETRIC_REPRESENTATION_CONTEXT(2) 
PARAMETRIC_REPRESENTATION_CONTEXT() REPRESENTATION_CONTEXT('2D SPACE',''
  ) );
#2799 = PCURVE('',#781,#2800);
#2800 = DEFINITIONAL_REPRESENTATION('',(#2801),#2805);
#2801 = LINE('',#2802,#2803);
#2802 = CARTESIAN_POINT('',(-13.67278184538,-34.18814254695));
#2803 = VECTOR('',#2804,1.);
#2804 = DIRECTION('',(1.,0.));
#2805 = ( GEOMETRIC_REPRESENTATION_CONTEXT(2) 
PARAMETRIC_REPRESENTATION_CONTEXT() REPRESENTATION_CONTEXT('2D SPACE',''
  ) );
#2806 = ORIENTED_EDGE('',*,*,#793,.T.);
#2807 = ORIENTED_EDGE('',*,*,#853,.T.);
#2808 = ORIENTED_EDGE('',*,*,#2809,.F.);
#2809 = EDGE_CURVE('',#2810,#854,#2812,.T.);
#2810 = VERTEX_POINT('',#2811);
#2811 = CARTESIAN_POINT('',(156.345,36.,22.033370452904));
#2812 = SURFACE_CURVE('',#2813,(#2817,#2823),.PCURVE_S1.);
#2813 = LINE('',#2814,#2815);
#2814 = CARTESIAN_POINT('',(156.345,36.,22.033370452904));
#2815 = VECTOR('',#2816,1.);
#2816 = DIRECTION('',(1.,0.,0.));
#2817 = PCURVE('',#809,#2818);
#2818 = DEFINITIONAL_REPRESENTATION('',(#2819),#2822);
#2819 = B_SPLINE_CURVE_WITH_KNOTS('',1,(#2820,#2821),.UNSPECIFIED.,.F.,
  .F.,(2,2),(-5.999999928008E-07,5.0000006),.PIECEWISE_BEZIER_KNOTS.);
#2820 = CARTESIAN_POINT('',(19.033370452904,-10.8449994));
#2821 = CARTESIAN_POINT('',(19.033370452904,-15.8450006));
#2822 = ( GEOMETRIC_REPRESENTATION_CONTEXT(2) 
PARAMETRIC_REPRESENTATION_CONTEXT() REPRESENTATION_CONTEXT('2D SPACE',''
  ) );
#2823 = PCURVE('',#893,#2824);
#2824 = DEFINITIONAL_REPRESENTATION('',(#2825),#2828);
#2825 = B_SPLINE_CURVE_WITH_KNOTS('',1,(#2826,#2827),.UNSPECIFIED.,.F.,
  .F.,(2,2),(0.,5.),.PIECEWISE_BEZIER_KNOTS.);
#2826 = CARTESIAN_POINT('',(3.208308802,0.));
#2827 = CARTESIAN_POINT('',(3.208308802,5.));
#2828 = ( GEOMETRIC_REPRESENTATION_CONTEXT(2) 
PARAMETRIC_REPRESENTATION_CONTEXT() REPRESENTATION_CONTEXT('2D SPACE',''
  ) );
#2829 = ORIENTED_EDGE('',*,*,#2830,.T.);
#2830 = EDGE_CURVE('',#2810,#2831,#2833,.T.);
#2831 = VERTEX_POINT('',#2832);
#2832 = CARTESIAN_POINT('',(156.345,36.,28.559028491933));
#2833 = SURFACE_CURVE('',#2834,(#2838,#2844),.PCURVE_S1.);
#2834 = LINE('',#2835,#2836);
#2835 = CARTESIAN_POINT('',(156.345,36.,20.));
#2836 = VECTOR('',#2837,1.);
#2837 = DIRECTION('',(-0.,0.,1.));
#2838 = PCURVE('',#809,#2839);
#2839 = DEFINITIONAL_REPRESENTATION('',(#2840),#2843);
#2840 = B_SPLINE_CURVE_WITH_KNOTS('',1,(#2841,#2842),.UNSPECIFIED.,.F.,
  .F.,(2,2),(2.,15.),.PIECEWISE_BEZIER_KNOTS.);
#2841 = CARTESIAN_POINT('',(19.,-10.845));
#2842 = CARTESIAN_POINT('',(32.,-10.845));
#2843 = ( GEOMETRIC_REPRESENTATION_CONTEXT(2) 
PARAMETRIC_REPRESENTATION_CONTEXT() REPRESENTATION_CONTEXT('2D SPACE',''
  ) );
#2844 = PCURVE('',#2845,#2850);
#2845 = PLANE('',#2846);
#2846 = AXIS2_PLACEMENT_3D('',#2847,#2848,#2849);
#2847 = CARTESIAN_POINT('',(156.345,35.,37.));
#2848 = DIRECTION('',(1.,0.,0.));
#2849 = DIRECTION('',(-0.,0.,1.));
#2850 = DEFINITIONAL_REPRESENTATION('',(#2851),#2854);
#2851 = B_SPLINE_CURVE_WITH_KNOTS('',1,(#2852,#2853),.UNSPECIFIED.,.F.,
  .F.,(2,2),(2.,15.),.PIECEWISE_BEZIER_KNOTS.);
#2852 = CARTESIAN_POINT('',(-15.,-1.));
#2853 = CARTESIAN_POINT('',(-2.,-1.));
#2854 = ( GEOMETRIC_REPRESENTATION_CONTEXT(2) 
PARAMETRIC_REPRESENTATION_CONTEXT() REPRESENTATION_CONTEXT('2D SPACE',''
  ) );
#2855 = ORIENTED_EDGE('',*,*,#2856,.F.);
#2856 = EDGE_CURVE('',#2785,#2831,#2857,.T.);
#2857 = SURFACE_CURVE('',#2858,(#2862,#2868),.PCURVE_S1.);
#2858 = LINE('',#2859,#2860);
#2859 = CARTESIAN_POINT('',(145.5,36.,28.559028491933));
#2860 = VECTOR('',#2861,1.);
#2861 = DIRECTION('',(1.,0.,0.));
#2862 = PCURVE('',#809,#2863);
#2863 = DEFINITIONAL_REPRESENTATION('',(#2864),#2867);
#2864 = B_SPLINE_CURVE_WITH_KNOTS('',1,(#2865,#2866),.UNSPECIFIED.,.F.,
  .F.,(2,2),(-5.999999928008E-07,15.8450006),.PIECEWISE_BEZIER_KNOTS.);
#2865 = CARTESIAN_POINT('',(25.559028491933,5.999999928008E-07));
#2866 = CARTESIAN_POINT('',(25.559028491933,-15.8450006));
#2867 = ( GEOMETRIC_REPRESENTATION_CONTEXT(2) 
PARAMETRIC_REPRESENTATION_CONTEXT() REPRESENTATION_CONTEXT('2D SPACE',''
  ) );
#2868 = PCURVE('',#2869,#2874);
#2869 = CYLINDRICAL_SURFACE('',#2870,8.5);
#2870 = AXIS2_PLACEMENT_3D('',#2871,#2872,#2873);
#2871 = CARTESIAN_POINT('',(145.5,35.,37.));
#2872 = DIRECTION('',(1.,0.,0.));
#2873 = DIRECTION('',(-0.,0.,1.));
#2874 = DEFINITIONAL_REPRESENTATION('',(#2875),#2878);
#2875 = B_SPLINE_CURVE_WITH_KNOTS('',1,(#2876,#2877),.UNSPECIFIED.,.F.,
  .F.,(2,2),(0.,10.845),.PIECEWISE_BEZIER_KNOTS.);
#2876 = CARTESIAN_POINT('',(3.259512805615,0.));
#2877 = CARTESIAN_POINT('',(3.259512805615,10.845));
#2878 = ( GEOMETRIC_REPRESENTATION_CONTEXT(2) 
PARAMETRIC_REPRESENTATION_CONTEXT() REPRESENTATION_CONTEXT('2D SPACE',''
  ) );
#2879 = ADVANCED_FACE('',(#2880,#2956,#3114,#3208),#781,.F.);
#2880 = FACE_BOUND('',#2881,.F.);
#2881 = EDGE_LOOP('',(#2882,#2907,#2928,#2929,#2930));
#2882 = ORIENTED_EDGE('',*,*,#2883,.F.);
#2883 = EDGE_CURVE('',#2884,#2886,#2888,.T.);
#2884 = VERTEX_POINT('',#2885);
#2885 = CARTESIAN_POINT('',(145.5,-36.,25.));
#2886 = VERTEX_POINT('',#2887);
#2887 = CARTESIAN_POINT('',(145.5,27.137959572095,33.76916105168));
#2888 = SURFACE_CURVE('',#2889,(#2893,#2900),.PCURVE_S1.);
#2889 = LINE('',#2890,#2891);
#2890 = CARTESIAN_POINT('',(145.5,-36.,25.));
#2891 = VECTOR('',#2892,1.);
#2892 = DIRECTION('',(0.,0.990492273178,0.137568371275));
#2893 = PCURVE('',#781,#2894);
#2894 = DEFINITIONAL_REPRESENTATION('',(#2895),#2899);
#2895 = LINE('',#2896,#2897);
#2896 = CARTESIAN_POINT('',(8.327218154614,37.811857453044));
#2897 = VECTOR('',#2898,1.);
#2898 = DIRECTION('',(0.137568371275,-0.990492273178));
#2899 = ( GEOMETRIC_REPRESENTATION_CONTEXT(2) 
PARAMETRIC_REPRESENTATION_CONTEXT() REPRESENTATION_CONTEXT('2D SPACE',''
  ) );
#2900 = PCURVE('',#921,#2901);
#2901 = DEFINITIONAL_REPRESENTATION('',(#2902),#2906);
#2902 = LINE('',#2903,#2904);
#2903 = CARTESIAN_POINT('',(72.691127381545,0.));
#2904 = VECTOR('',#2905,1.);
#2905 = DIRECTION('',(-1.,0.));
#2906 = ( GEOMETRIC_REPRESENTATION_CONTEXT(2) 
PARAMETRIC_REPRESENTATION_CONTEXT() REPRESENTATION_CONTEXT('2D SPACE',''
  ) );
#2907 = ORIENTED_EDGE('',*,*,#2908,.T.);
#2908 = EDGE_CURVE('',#2884,#738,#2909,.T.);
#2909 = SURFACE_CURVE('',#2910,(#2914,#2921),.PCURVE_S1.);
#2910 = LINE('',#2911,#2912);
#2911 = CARTESIAN_POINT('',(145.5,-36.,25.));
#2912 = VECTOR('',#2913,1.);
#2913 = DIRECTION('',(0.,0.,-1.));
#2914 = PCURVE('',#781,#2915);
#2915 = DEFINITIONAL_REPRESENTATION('',(#2916),#2920);
#2916 = LINE('',#2917,#2918);
#2917 = CARTESIAN_POINT('',(8.327218154614,37.811857453044));
#2918 = VECTOR('',#2919,1.);
#2919 = DIRECTION('',(-1.,0.));
#2920 = ( GEOMETRIC_REPRESENTATION_CONTEXT(2) 
PARAMETRIC_REPRESENTATION_CONTEXT() REPRESENTATION_CONTEXT('2D SPACE',''
  ) );
#2921 = PCURVE('',#753,#2922);
#2922 = DEFINITIONAL_REPRESENTATION('',(#2923),#2927);
#2923 = LINE('',#2924,#2925);
#2924 = CARTESIAN_POINT('',(0.,0.));
#2925 = VECTOR('',#2926,1.);
#2926 = DIRECTION('',(1.,0.));
#2927 = ( GEOMETRIC_REPRESENTATION_CONTEXT(2) 
PARAMETRIC_REPRESENTATION_CONTEXT() REPRESENTATION_CONTEXT('2D SPACE',''
  ) );
#2928 = ORIENTED_EDGE('',*,*,#765,.T.);
#2929 = ORIENTED_EDGE('',*,*,#2784,.T.);
#2930 = ORIENTED_EDGE('',*,*,#2931,.F.);
#2931 = EDGE_CURVE('',#2886,#2785,#2932,.T.);
#2932 = SURFACE_CURVE('',#2933,(#2938,#2949),.PCURVE_S1.);
#2933 = CIRCLE('',#2934,8.5);
#2934 = AXIS2_PLACEMENT_3D('',#2935,#2936,#2937);
#2935 = CARTESIAN_POINT('',(145.5,35.,37.));
#2936 = DIRECTION('',(-1.,-0.,0.));
#2937 = DIRECTION('',(0.,-0.924945932695,-0.380098699802));
#2938 = PCURVE('',#781,#2939);
#2939 = DEFINITIONAL_REPRESENTATION('',(#2940),#2948);
#2940 = ( BOUNDED_CURVE() B_SPLINE_CURVE(2,(#2941,#2942,#2943,#2944,
#2945,#2946,#2947),.UNSPECIFIED.,.T.,.F.) B_SPLINE_CURVE_WITH_KNOTS((1,2
    ,2,2,2,1),(-2.094395102393,0.,2.094395102393,4.188790204786,
6.28318530718,8.377580409573),.UNSPECIFIED.) CURVE() 
GEOMETRIC_REPRESENTATION_ITEM() RATIONAL_B_SPLINE_CURVE((1.,0.5,1.,0.5,
1.,0.5,1.)) REPRESENTATION_ITEM('') );
#2941 = CARTESIAN_POINT('',(17.096379206294,-25.32610211905));
#2942 = CARTESIAN_POINT('',(30.713832678586,-19.73012490948));
#2943 = CARTESIAN_POINT('',(28.75136436492,-34.32117415612));
#2944 = CARTESIAN_POINT('',(26.788896051254,-48.91222340276));
#2945 = CARTESIAN_POINT('',(15.133910892627,-39.91715136569));
#2946 = CARTESIAN_POINT('',(3.478925734001,-30.92207932861));
#2947 = CARTESIAN_POINT('',(17.096379206294,-25.32610211905));
#2948 = ( GEOMETRIC_REPRESENTATION_CONTEXT(2) 
PARAMETRIC_REPRESENTATION_CONTEXT() REPRESENTATION_CONTEXT('2D SPACE',''
  ) );
#2949 = PCURVE('',#2869,#2950);
#2950 = DEFINITIONAL_REPRESENTATION('',(#2951),#2955);
#2951 = LINE('',#2952,#2953);
#2952 = CARTESIAN_POINT('',(8.243884636836,0.));
#2953 = VECTOR('',#2954,1.);
#2954 = DIRECTION('',(-1.,-0.));
#2955 = ( GEOMETRIC_REPRESENTATION_CONTEXT(2) 
PARAMETRIC_REPRESENTATION_CONTEXT() REPRESENTATION_CONTEXT('2D SPACE',''
  ) );
#2956 = FACE_BOUND('',#2957,.F.);
#2957 = EDGE_LOOP('',(#2958,#2986,#3012,#3038,#3064,#3090));
#2958 = ORIENTED_EDGE('',*,*,#2959,.T.);
#2959 = EDGE_CURVE('',#2960,#2962,#2964,.T.);
#2960 = VERTEX_POINT('',#2961);
#2961 = CARTESIAN_POINT('',(145.5,31.968911086754,42.25));
#2962 = VERTEX_POINT('',#2963);
#2963 = CARTESIAN_POINT('',(145.5,38.031088913246,42.25));
#2964 = SURFACE_CURVE('',#2965,(#2969,#2975),.PCURVE_S1.);
#2965 = LINE('',#2966,#2967);
#2966 = CARTESIAN_POINT('',(145.5,19.921473183145,42.25));
#2967 = VECTOR('',#2968,1.);
#2968 = DIRECTION('',(-0.,1.,0.));
#2969 = PCURVE('',#781,#2970);
#2970 = DEFINITIONAL_REPRESENTATION('',(#2971),#2974);
#2971 = B_SPLINE_CURVE_WITH_KNOTS('',1,(#2972,#2973),.UNSPECIFIED.,.F.,
  .F.,(2,2),(12.04743790361,18.109615730101),.PIECEWISE_BEZIER_KNOTS.);
#2972 = CARTESIAN_POINT('',(25.577218154614,-30.15705363371));
#2973 = CARTESIAN_POINT('',(25.577218154614,-36.2192314602));
#2974 = ( GEOMETRIC_REPRESENTATION_CONTEXT(2) 
PARAMETRIC_REPRESENTATION_CONTEXT() REPRESENTATION_CONTEXT('2D SPACE',''
  ) );
#2975 = PCURVE('',#2976,#2981);
#2976 = PLANE('',#2977);
#2977 = AXIS2_PLACEMENT_3D('',#2978,#2979,#2980);
#2978 = CARTESIAN_POINT('',(145.45,38.031088913246,42.25));
#2979 = DIRECTION('',(0.,0.,-1.));
#2980 = DIRECTION('',(0.,-1.,0.));
#2981 = DEFINITIONAL_REPRESENTATION('',(#2982),#2985);
#2982 = B_SPLINE_CURVE_WITH_KNOTS('',1,(#2983,#2984),.UNSPECIFIED.,.F.,
  .F.,(2,2),(12.04743790361,18.109615730101),.PIECEWISE_BEZIER_KNOTS.);
#2983 = CARTESIAN_POINT('',(6.062177826491,-5.000000000001E-02));
#2984 = CARTESIAN_POINT('',(0.,-5.000000000001E-02));
#2985 = ( GEOMETRIC_REPRESENTATION_CONTEXT(2) 
PARAMETRIC_REPRESENTATION_CONTEXT() REPRESENTATION_CONTEXT('2D SPACE',''
  ) );
#2986 = ORIENTED_EDGE('',*,*,#2987,.T.);
#2987 = EDGE_CURVE('',#2962,#2988,#2990,.T.);
#2988 = VERTEX_POINT('',#2989);
#2989 = CARTESIAN_POINT('',(145.5,41.062177826491,37.));
#2990 = SURFACE_CURVE('',#2991,(#2995,#3001),.PCURVE_S1.);
#2991 = LINE('',#2992,#2993);
#2992 = CARTESIAN_POINT('',(145.5,40.556859607351,37.875236829541));
#2993 = VECTOR('',#2994,1.);
#2994 = DIRECTION('',(0.,0.5,-0.866025403784));
#2995 = PCURVE('',#781,#2996);
#2996 = DEFINITIONAL_REPRESENTATION('',(#2997),#3000);
#2997 = B_SPLINE_CURVE_WITH_KNOTS('',1,(#2998,#2999),.UNSPECIFIED.,.F.,
  .F.,(2,2),(-5.051541388211,1.01063643828),.PIECEWISE_BEZIER_KNOTS.);
#2998 = CARTESIAN_POINT('',(25.577218154614,-36.2192314602));
#2999 = CARTESIAN_POINT('',(20.327218154614,-39.25032037344));
#3000 = ( GEOMETRIC_REPRESENTATION_CONTEXT(2) 
PARAMETRIC_REPRESENTATION_CONTEXT() REPRESENTATION_CONTEXT('2D SPACE',''
  ) );
#3001 = PCURVE('',#3002,#3007);
#3002 = PLANE('',#3003);
#3003 = AXIS2_PLACEMENT_3D('',#3004,#3005,#3006);
#3004 = CARTESIAN_POINT('',(145.45,41.062177826491,37.));
#3005 = DIRECTION('',(0.,-0.866025403784,-0.5));
#3006 = DIRECTION('',(0.,-0.5,0.866025403784));
#3007 = DEFINITIONAL_REPRESENTATION('',(#3008),#3011);
#3008 = B_SPLINE_CURVE_WITH_KNOTS('',1,(#3009,#3010),.UNSPECIFIED.,.F.,
  .F.,(2,2),(-5.051541388211,1.01063643828),.PIECEWISE_BEZIER_KNOTS.);
#3009 = CARTESIAN_POINT('',(6.062177826491,-5.000000000001E-02));
#3010 = CARTESIAN_POINT('',(0.,-5.000000000001E-02));
#3011 = ( GEOMETRIC_REPRESENTATION_CONTEXT(2) 
PARAMETRIC_REPRESENTATION_CONTEXT() REPRESENTATION_CONTEXT('2D SPACE',''
  ) );
#3012 = ORIENTED_EDGE('',*,*,#3013,.T.);
#3013 = EDGE_CURVE('',#2988,#3014,#3016,.T.);
#3014 = VERTEX_POINT('',#3015);
#3015 = CARTESIAN_POINT('',(145.5,38.031088913246,31.75));
#3016 = SURFACE_CURVE('',#3017,(#3021,#3027),.PCURVE_S1.);
#3017 = LINE('',#3018,#3019);
#3018 = CARTESIAN_POINT('',(145.5,30.239371495646,18.254349554499));
#3019 = VECTOR('',#3020,1.);
#3020 = DIRECTION('',(0.,-0.5,-0.866025403784));
#3021 = PCURVE('',#781,#3022);
#3022 = DEFINITIONAL_REPRESENTATION('',(#3023),#3026);
#3023 = B_SPLINE_CURVE_WITH_KNOTS('',1,(#3024,#3025),.UNSPECIFIED.,.F.,
  .F.,(2,2),(-21.64561266168,-15.58343483519),.PIECEWISE_BEZIER_KNOTS.);
#3024 = CARTESIAN_POINT('',(20.327218154614,-39.25032037344));
#3025 = CARTESIAN_POINT('',(15.077218154614,-36.2192314602));
#3026 = ( GEOMETRIC_REPRESENTATION_CONTEXT(2) 
PARAMETRIC_REPRESENTATION_CONTEXT() REPRESENTATION_CONTEXT('2D SPACE',''
  ) );
#3027 = PCURVE('',#3028,#3033);
#3028 = PLANE('',#3029);
#3029 = AXIS2_PLACEMENT_3D('',#3030,#3031,#3032);
#3030 = CARTESIAN_POINT('',(145.45,38.031088913246,31.75));
#3031 = DIRECTION('',(0.,-0.866025403784,0.5));
#3032 = DIRECTION('',(0.,0.5,0.866025403784));
#3033 = DEFINITIONAL_REPRESENTATION('',(#3034),#3037);
#3034 = B_SPLINE_CURVE_WITH_KNOTS('',1,(#3035,#3036),.UNSPECIFIED.,.F.,
  .F.,(2,2),(-21.64561266168,-15.58343483519),.PIECEWISE_BEZIER_KNOTS.);
#3035 = CARTESIAN_POINT('',(6.062177826491,-5.000000000001E-02));
#3036 = CARTESIAN_POINT('',(0.,-5.000000000001E-02));
#3037 = ( GEOMETRIC_REPRESENTATION_CONTEXT(2) 
PARAMETRIC_REPRESENTATION_CONTEXT() REPRESENTATION_CONTEXT('2D SPACE',''
  ) );
#3038 = ORIENTED_EDGE('',*,*,#3039,.T.);
#3039 = EDGE_CURVE('',#3014,#3040,#3042,.T.);
#3040 = VERTEX_POINT('',#3041);
#3041 = CARTESIAN_POINT('',(145.5,31.968911086754,31.75));
#3042 = SURFACE_CURVE('',#3043,(#3047,#3053),.PCURVE_S1.);
#3043 = LINE('',#3044,#3045);
#3044 = CARTESIAN_POINT('',(145.5,16.890384269899,31.75));
#3045 = VECTOR('',#3046,1.);
#3046 = DIRECTION('',(0.,-1.,5.860457710883E-16));
#3047 = PCURVE('',#781,#3048);
#3048 = DEFINITIONAL_REPRESENTATION('',(#3049),#3052);
#3049 = B_SPLINE_CURVE_WITH_KNOTS('',1,(#3050,#3051),.UNSPECIFIED.,.F.,
  .F.,(2,2),(-21.14070464334,-15.07852681685),.PIECEWISE_BEZIER_KNOTS.);
#3050 = CARTESIAN_POINT('',(15.077218154614,-36.2192314602));
#3051 = CARTESIAN_POINT('',(15.077218154614,-30.15705363371));
#3052 = ( GEOMETRIC_REPRESENTATION_CONTEXT(2) 
PARAMETRIC_REPRESENTATION_CONTEXT() REPRESENTATION_CONTEXT('2D SPACE',''
  ) );
#3053 = PCURVE('',#3054,#3059);
#3054 = PLANE('',#3055);
#3055 = AXIS2_PLACEMENT_3D('',#3056,#3057,#3058);
#3056 = CARTESIAN_POINT('',(145.45,31.968911086754,31.75));
#3057 = DIRECTION('',(-0.,5.860457710883E-16,1.));
#3058 = DIRECTION('',(0.,1.,-5.860457710883E-16));
#3059 = DEFINITIONAL_REPRESENTATION('',(#3060),#3063);
#3060 = B_SPLINE_CURVE_WITH_KNOTS('',1,(#3061,#3062),.UNSPECIFIED.,.F.,
  .F.,(2,2),(-21.14070464334,-15.07852681685),.PIECEWISE_BEZIER_KNOTS.);
#3061 = CARTESIAN_POINT('',(6.062177826491,-5.000000000001E-02));
#3062 = CARTESIAN_POINT('',(0.,-5.000000000001E-02));
#3063 = ( GEOMETRIC_REPRESENTATION_CONTEXT(2) 
PARAMETRIC_REPRESENTATION_CONTEXT() REPRESENTATION_CONTEXT('2D SPACE',''
  ) );
#3064 = ORIENTED_EDGE('',*,*,#3065,.T.);
#3065 = EDGE_CURVE('',#3040,#3066,#3068,.T.);
#3066 = VERTEX_POINT('',#3067);
#3067 = CARTESIAN_POINT('',(145.5,28.937822173509,37.));
#3068 = SURFACE_CURVE('',#3069,(#3073,#3079),.PCURVE_S1.);
#3069 = LINE('',#3070,#3071);
#3070 = CARTESIAN_POINT('',(145.5,29.948048410992,35.250236829541));
#3071 = VECTOR('',#3072,1.);
#3072 = DIRECTION('',(0.,-0.5,0.866025403784));
#3073 = PCURVE('',#781,#3074);
#3074 = DEFINITIONAL_REPRESENTATION('',(#3075),#3078);
#3075 = B_SPLINE_CURVE_WITH_KNOTS('',1,(#3076,#3077),.UNSPECIFIED.,.F.,
  .F.,(2,2),(-4.041725351525,2.020452474966),.PIECEWISE_BEZIER_KNOTS.);
#3076 = CARTESIAN_POINT('',(15.077218154614,-30.15705363371));
#3077 = CARTESIAN_POINT('',(20.327218154614,-27.12596472046));
#3078 = ( GEOMETRIC_REPRESENTATION_CONTEXT(2) 
PARAMETRIC_REPRESENTATION_CONTEXT() REPRESENTATION_CONTEXT('2D SPACE',''
  ) );
#3079 = PCURVE('',#3080,#3085);
#3080 = PLANE('',#3081);
#3081 = AXIS2_PLACEMENT_3D('',#3082,#3083,#3084);
#3082 = CARTESIAN_POINT('',(145.45,28.937822173509,37.));
#3083 = DIRECTION('',(-0.,0.866025403784,0.5));
#3084 = DIRECTION('',(0.,0.5,-0.866025403784));
#3085 = DEFINITIONAL_REPRESENTATION('',(#3086),#3089);
#3086 = B_SPLINE_CURVE_WITH_KNOTS('',1,(#3087,#3088),.UNSPECIFIED.,.F.,
  .F.,(2,2),(-4.041725351525,2.020452474966),.PIECEWISE_BEZIER_KNOTS.);
#3087 = CARTESIAN_POINT('',(6.062177826491,-5.000000000001E-02));
#3088 = CARTESIAN_POINT('',(0.,-5.000000000001E-02));
#3089 = ( GEOMETRIC_REPRESENTATION_CONTEXT(2) 
PARAMETRIC_REPRESENTATION_CONTEXT() REPRESENTATION_CONTEXT('2D SPACE',''
  ) );
#3090 = ORIENTED_EDGE('',*,*,#3091,.T.);
#3091 = EDGE_CURVE('',#3066,#2960,#3092,.T.);
#3092 = SURFACE_CURVE('',#3093,(#3097,#3103),.PCURVE_S1.);
#3093 = LINE('',#3094,#3095);
#3094 = CARTESIAN_POINT('',(145.5,22.661649212533,26.129349554499));
#3095 = VECTOR('',#3096,1.);
#3096 = DIRECTION('',(-0.,0.5,0.866025403784));
#3097 = PCURVE('',#781,#3098);
#3098 = DEFINITIONAL_REPRESENTATION('',(#3099),#3102);
#3099 = B_SPLINE_CURVE_WITH_KNOTS('',1,(#3100,#3101),.UNSPECIFIED.,.F.,
  .F.,(2,2),(12.552345921953,18.614523748444),.PIECEWISE_BEZIER_KNOTS.);
#3100 = CARTESIAN_POINT('',(20.327218154614,-27.12596472046));
#3101 = CARTESIAN_POINT('',(25.577218154614,-30.15705363371));
#3102 = ( GEOMETRIC_REPRESENTATION_CONTEXT(2) 
PARAMETRIC_REPRESENTATION_CONTEXT() REPRESENTATION_CONTEXT('2D SPACE',''
  ) );
#3103 = PCURVE('',#3104,#3109);
#3104 = PLANE('',#3105);
#3105 = AXIS2_PLACEMENT_3D('',#3106,#3107,#3108);
#3106 = CARTESIAN_POINT('',(145.45,31.968911086754,42.25));
#3107 = DIRECTION('',(0.,0.866025403784,-0.5));
#3108 = DIRECTION('',(0.,-0.5,-0.866025403784));
#3109 = DEFINITIONAL_REPRESENTATION('',(#3110),#3113);
#3110 = B_SPLINE_CURVE_WITH_KNOTS('',1,(#3111,#3112),.UNSPECIFIED.,.F.,
  .F.,(2,2),(12.552345921953,18.614523748444),.PIECEWISE_BEZIER_KNOTS.);
#3111 = CARTESIAN_POINT('',(6.062177826491,-5.000000000001E-02));
#3112 = CARTESIAN_POINT('',(0.,-5.000000000001E-02));
#3113 = ( GEOMETRIC_REPRESENTATION_CONTEXT(2) 
PARAMETRIC_REPRESENTATION_CONTEXT() REPRESENTATION_CONTEXT('2D SPACE',''
  ) );
#3114 = FACE_BOUND('',#3115,.F.);
#3115 = EDGE_LOOP('',(#3116,#3141,#3164,#3187));
#3116 = ORIENTED_EDGE('',*,*,#3117,.T.);
#3117 = EDGE_CURVE('',#3118,#3120,#3122,.T.);
#3118 = VERTEX_POINT('',#3119);
#3119 = CARTESIAN_POINT('',(145.5,9.063077744608,18.025005575246));
#3120 = VERTEX_POINT('',#3121);
#3121 = CARTESIAN_POINT('',(145.5,8.494656691976,21.579846993218));
#3122 = SURFACE_CURVE('',#3123,(#3127,#3134),.PCURVE_S1.);
#3123 = LINE('',#3124,#3125);
#3124 = CARTESIAN_POINT('',(145.5,9.063077744608,18.025005575246));
#3125 = VECTOR('',#3126,1.);
#3126 = DIRECTION('',(0.,-0.157894736842,0.987455949437));
#3127 = PCURVE('',#781,#3128);
#3128 = DEFINITIONAL_REPRESENTATION('',(#3129),#3133);
#3129 = LINE('',#3130,#3131);
#3130 = CARTESIAN_POINT('',(1.35222372986,-7.251220291564));
#3131 = VECTOR('',#3132,1.);
#3132 = DIRECTION('',(0.987455949437,0.157894736842));
#3133 = ( GEOMETRIC_REPRESENTATION_CONTEXT(2) 
PARAMETRIC_REPRESENTATION_CONTEXT() REPRESENTATION_CONTEXT('2D SPACE',''
  ) );
#3134 = PCURVE('',#2514,#3135);
#3135 = DEFINITIONAL_REPRESENTATION('',(#3136),#3140);
#3136 = LINE('',#3137,#3138);
#3137 = CARTESIAN_POINT('',(0.,0.));
#3138 = VECTOR('',#3139,1.);
#3139 = DIRECTION('',(1.,0.));
#3140 = ( GEOMETRIC_REPRESENTATION_CONTEXT(2) 
PARAMETRIC_REPRESENTATION_CONTEXT() REPRESENTATION_CONTEXT('2D SPACE',''
  ) );
#3141 = ORIENTED_EDGE('',*,*,#3142,.T.);
#3142 = EDGE_CURVE('',#3120,#3143,#3145,.T.);
#3143 = VERTEX_POINT('',#3144);
#3144 = CARTESIAN_POINT('',(145.5,15.801830717807,22.748268045849));
#3145 = SURFACE_CURVE('',#3146,(#3150,#3157),.PCURVE_S1.);
#3146 = LINE('',#3147,#3148);
#3147 = CARTESIAN_POINT('',(145.5,8.494656691976,21.579846993218));
#3148 = VECTOR('',#3149,1.);
#3149 = DIRECTION('',(0.,0.987455949437,0.157894736842));
#3150 = PCURVE('',#781,#3151);
#3151 = DEFINITIONAL_REPRESENTATION('',(#3152),#3156);
#3152 = LINE('',#3153,#3154);
#3153 = CARTESIAN_POINT('',(4.907065147831,-6.682799238932));
#3154 = VECTOR('',#3155,1.);
#3155 = DIRECTION('',(0.157894736842,-0.987455949437));
#3156 = ( GEOMETRIC_REPRESENTATION_CONTEXT(2) 
PARAMETRIC_REPRESENTATION_CONTEXT() REPRESENTATION_CONTEXT('2D SPACE',''
  ) );
#3157 = PCURVE('',#2540,#3158);
#3158 = DEFINITIONAL_REPRESENTATION('',(#3159),#3163);
#3159 = LINE('',#3160,#3161);
#3160 = CARTESIAN_POINT('',(0.,0.));
#3161 = VECTOR('',#3162,1.);
#3162 = DIRECTION('',(0.,1.));
#3163 = ( GEOMETRIC_REPRESENTATION_CONTEXT(2) 
PARAMETRIC_REPRESENTATION_CONTEXT() REPRESENTATION_CONTEXT('2D SPACE',''
  ) );
#3164 = ORIENTED_EDGE('',*,*,#3165,.F.);
#3165 = EDGE_CURVE('',#3166,#3143,#3168,.T.);
#3166 = VERTEX_POINT('',#3167);
#3167 = CARTESIAN_POINT('',(145.5,16.370251770438,19.193426627878));
#3168 = SURFACE_CURVE('',#3169,(#3173,#3180),.PCURVE_S1.);
#3169 = LINE('',#3170,#3171);
#3170 = CARTESIAN_POINT('',(145.5,16.370251770438,19.193426627878));
#3171 = VECTOR('',#3172,1.);
#3172 = DIRECTION('',(0.,-0.157894736842,0.987455949437));
#3173 = PCURVE('',#781,#3174);
#3174 = DEFINITIONAL_REPRESENTATION('',(#3175),#3179);
#3175 = LINE('',#3176,#3177);
#3176 = CARTESIAN_POINT('',(2.520644782492,-14.55839431739));
#3177 = VECTOR('',#3178,1.);
#3178 = DIRECTION('',(0.987455949437,0.157894736842));
#3179 = ( GEOMETRIC_REPRESENTATION_CONTEXT(2) 
PARAMETRIC_REPRESENTATION_CONTEXT() REPRESENTATION_CONTEXT('2D SPACE',''
  ) );
#3180 = PCURVE('',#2564,#3181);
#3181 = DEFINITIONAL_REPRESENTATION('',(#3182),#3186);
#3182 = LINE('',#3183,#3184);
#3183 = CARTESIAN_POINT('',(0.,0.));
#3184 = VECTOR('',#3185,1.);
#3185 = DIRECTION('',(1.,0.));
#3186 = ( GEOMETRIC_REPRESENTATION_CONTEXT(2) 
PARAMETRIC_REPRESENTATION_CONTEXT() REPRESENTATION_CONTEXT('2D SPACE',''
  ) );
#3187 = ORIENTED_EDGE('',*,*,#3188,.F.);
#3188 = EDGE_CURVE('',#3118,#3166,#3189,.T.);
#3189 = SURFACE_CURVE('',#3190,(#3194,#3201),.PCURVE_S1.);
#3190 = LINE('',#3191,#3192);
#3191 = CARTESIAN_POINT('',(145.5,9.063077744608,18.025005575246));
#3192 = VECTOR('',#3193,1.);
#3193 = DIRECTION('',(0.,0.987455949437,0.157894736842));
#3194 = PCURVE('',#781,#3195);
#3195 = DEFINITIONAL_REPRESENTATION('',(#3196),#3200);
#3196 = LINE('',#3197,#3198);
#3197 = CARTESIAN_POINT('',(1.35222372986,-7.251220291564));
#3198 = VECTOR('',#3199,1.);
#3199 = DIRECTION('',(0.157894736842,-0.987455949437));
#3200 = ( GEOMETRIC_REPRESENTATION_CONTEXT(2) 
PARAMETRIC_REPRESENTATION_CONTEXT() REPRESENTATION_CONTEXT('2D SPACE',''
  ) );
#3201 = PCURVE('',#2488,#3202);
#3202 = DEFINITIONAL_REPRESENTATION('',(#3203),#3207);
#3203 = LINE('',#3204,#3205);
#3204 = CARTESIAN_POINT('',(0.,0.));
#3205 = VECTOR('',#3206,1.);
#3206 = DIRECTION('',(0.,1.));
#3207 = ( GEOMETRIC_REPRESENTATION_CONTEXT(2) 
PARAMETRIC_REPRESENTATION_CONTEXT() REPRESENTATION_CONTEXT('2D SPACE',''
  ) );
#3208 = FACE_BOUND('',#3209,.F.);
#3209 = EDGE_LOOP('',(#3210,#3235,#3258,#3281));
#3210 = ORIENTED_EDGE('',*,*,#3211,.T.);
#3211 = EDGE_CURVE('',#3212,#3214,#3216,.T.);
#3212 = VERTEX_POINT('',#3213);
#3213 = CARTESIAN_POINT('',(145.5,-10.68604124412,14.867110838404));
#3214 = VERTEX_POINT('',#3215);
#3215 = CARTESIAN_POINT('',(145.5,-11.25446229675,18.421952256376));
#3216 = SURFACE_CURVE('',#3217,(#3221,#3228),.PCURVE_S1.);
#3217 = LINE('',#3218,#3219);
#3218 = CARTESIAN_POINT('',(145.5,-10.68604124412,14.867110838404));
#3219 = VECTOR('',#3220,1.);
#3220 = DIRECTION('',(0.,-0.157894736842,0.987455949437));
#3221 = PCURVE('',#781,#3222);
#3222 = DEFINITIONAL_REPRESENTATION('',(#3223),#3227);
#3223 = LINE('',#3224,#3225);
#3224 = CARTESIAN_POINT('',(-1.805671006982,12.497898697166));
#3225 = VECTOR('',#3226,1.);
#3226 = DIRECTION('',(0.987455949437,0.157894736842));
#3227 = ( GEOMETRIC_REPRESENTATION_CONTEXT(2) 
PARAMETRIC_REPRESENTATION_CONTEXT() REPRESENTATION_CONTEXT('2D SPACE',''
  ) );
#3228 = PCURVE('',#2620,#3229);
#3229 = DEFINITIONAL_REPRESENTATION('',(#3230),#3234);
#3230 = LINE('',#3231,#3232);
#3231 = CARTESIAN_POINT('',(0.,0.));
#3232 = VECTOR('',#3233,1.);
#3233 = DIRECTION('',(1.,0.));
#3234 = ( GEOMETRIC_REPRESENTATION_CONTEXT(2) 
PARAMETRIC_REPRESENTATION_CONTEXT() REPRESENTATION_CONTEXT('2D SPACE',''
  ) );
#3235 = ORIENTED_EDGE('',*,*,#3236,.T.);
#3236 = EDGE_CURVE('',#3214,#3237,#3239,.T.);
#3237 = VERTEX_POINT('',#3238);
#3238 = CARTESIAN_POINT('',(145.5,-3.947288270924,19.590373309007));
#3239 = SURFACE_CURVE('',#3240,(#3244,#3251),.PCURVE_S1.);
#3240 = LINE('',#3241,#3242);
#3241 = CARTESIAN_POINT('',(145.5,-11.25446229675,18.421952256376));
#3242 = VECTOR('',#3243,1.);
#3243 = DIRECTION('',(0.,0.987455949437,0.157894736842));
#3244 = PCURVE('',#781,#3245);
#3245 = DEFINITIONAL_REPRESENTATION('',(#3246),#3250);
#3246 = LINE('',#3247,#3248);
#3247 = CARTESIAN_POINT('',(1.749170410989,13.066319749798));
#3248 = VECTOR('',#3249,1.);
#3249 = DIRECTION('',(0.157894736842,-0.987455949437));
#3250 = ( GEOMETRIC_REPRESENTATION_CONTEXT(2) 
PARAMETRIC_REPRESENTATION_CONTEXT() REPRESENTATION_CONTEXT('2D SPACE',''
  ) );
#3251 = PCURVE('',#2646,#3252);
#3252 = DEFINITIONAL_REPRESENTATION('',(#3253),#3257);
#3253 = LINE('',#3254,#3255);
#3254 = CARTESIAN_POINT('',(0.,0.));
#3255 = VECTOR('',#3256,1.);
#3256 = DIRECTION('',(0.,1.));
#3257 = ( GEOMETRIC_REPRESENTATION_CONTEXT(2) 
PARAMETRIC_REPRESENTATION_CONTEXT() REPRESENTATION_CONTEXT('2D SPACE',''
  ) );
#3258 = ORIENTED_EDGE('',*,*,#3259,.F.);
#3259 = EDGE_CURVE('',#3260,#3237,#3262,.T.);
#3260 = VERTEX_POINT('',#3261);
#3261 = CARTESIAN_POINT('',(145.5,-3.378867218292,16.035531891036));
#3262 = SURFACE_CURVE('',#3263,(#3267,#3274),.PCURVE_S1.);
#3263 = LINE('',#3264,#3265);
#3264 = CARTESIAN_POINT('',(145.5,-3.378867218292,16.035531891036));
#3265 = VECTOR('',#3266,1.);
#3266 = DIRECTION('',(0.,-0.157894736842,0.987455949437));
#3267 = PCURVE('',#781,#3268);
#3268 = DEFINITIONAL_REPRESENTATION('',(#3269),#3273);
#3269 = LINE('',#3270,#3271);
#3270 = CARTESIAN_POINT('',(-0.637249954351,5.190724671336));
#3271 = VECTOR('',#3272,1.);
#3272 = DIRECTION('',(0.987455949437,0.157894736842));
#3273 = ( GEOMETRIC_REPRESENTATION_CONTEXT(2) 
PARAMETRIC_REPRESENTATION_CONTEXT() REPRESENTATION_CONTEXT('2D SPACE',''
  ) );
#3274 = PCURVE('',#2670,#3275);
#3275 = DEFINITIONAL_REPRESENTATION('',(#3276),#3280);
#3276 = LINE('',#3277,#3278);
#3277 = CARTESIAN_POINT('',(0.,0.));
#3278 = VECTOR('',#3279,1.);
#3279 = DIRECTION('',(1.,0.));
#3280 = ( GEOMETRIC_REPRESENTATION_CONTEXT(2) 
PARAMETRIC_REPRESENTATION_CONTEXT() REPRESENTATION_CONTEXT('2D SPACE',''
  ) );
#3281 = ORIENTED_EDGE('',*,*,#3282,.F.);
#3282 = EDGE_CURVE('',#3212,#3260,#3283,.T.);
#3283 = SURFACE_CURVE('',#3284,(#3288,#3295),.PCURVE_S1.);
#3284 = LINE('',#3285,#3286);
#3285 = CARTESIAN_POINT('',(145.5,-10.68604124412,14.867110838404));
#3286 = VECTOR('',#3287,1.);
#3287 = DIRECTION('',(0.,0.987455949437,0.157894736842));
#3288 = PCURVE('',#781,#3289);
#3289 = DEFINITIONAL_REPRESENTATION('',(#3290),#3294);
#3290 = LINE('',#3291,#3292);
#3291 = CARTESIAN_POINT('',(-1.805671006982,12.497898697166));
#3292 = VECTOR('',#3293,1.);
#3293 = DIRECTION('',(0.157894736842,-0.987455949437));
#3294 = ( GEOMETRIC_REPRESENTATION_CONTEXT(2) 
PARAMETRIC_REPRESENTATION_CONTEXT() REPRESENTATION_CONTEXT('2D SPACE',''
  ) );
#3295 = PCURVE('',#2594,#3296);
#3296 = DEFINITIONAL_REPRESENTATION('',(#3297),#3301);
#3297 = LINE('',#3298,#3299);
#3298 = CARTESIAN_POINT('',(0.,0.));
#3299 = VECTOR('',#3300,1.);
#3300 = DIRECTION('',(0.,1.));
#3301 = ( GEOMETRIC_REPRESENTATION_CONTEXT(2) 
PARAMETRIC_REPRESENTATION_CONTEXT() REPRESENTATION_CONTEXT('2D SPACE',''
  ) );
#3302 = ADVANCED_FACE('',(#3303),#753,.F.);
#3303 = FACE_BOUND('',#3304,.F.);
#3304 = EDGE_LOOP('',(#3305,#3326,#3327,#3328));
#3305 = ORIENTED_EDGE('',*,*,#3306,.T.);
#3306 = EDGE_CURVE('',#2884,#906,#3307,.T.);
#3307 = SURFACE_CURVE('',#3308,(#3312,#3319),.PCURVE_S1.);
#3308 = LINE('',#3309,#3310);
#3309 = CARTESIAN_POINT('',(145.5,-36.,25.));
#3310 = VECTOR('',#3311,1.);
#3311 = DIRECTION('',(1.,0.,0.));
#3312 = PCURVE('',#753,#3313);
#3313 = DEFINITIONAL_REPRESENTATION('',(#3314),#3318);
#3314 = LINE('',#3315,#3316);
#3315 = CARTESIAN_POINT('',(0.,0.));
#3316 = VECTOR('',#3317,1.);
#3317 = DIRECTION('',(0.,-1.));
#3318 = ( GEOMETRIC_REPRESENTATION_CONTEXT(2) 
PARAMETRIC_REPRESENTATION_CONTEXT() REPRESENTATION_CONTEXT('2D SPACE',''
  ) );
#3319 = PCURVE('',#921,#3320);
#3320 = DEFINITIONAL_REPRESENTATION('',(#3321),#3325);
#3321 = LINE('',#3322,#3323);
#3322 = CARTESIAN_POINT('',(72.691127381545,0.));
#3323 = VECTOR('',#3324,1.);
#3324 = DIRECTION('',(0.,-1.));
#3325 = ( GEOMETRIC_REPRESENTATION_CONTEXT(2) 
PARAMETRIC_REPRESENTATION_CONTEXT() REPRESENTATION_CONTEXT('2D SPACE',''
  ) );
#3326 = ORIENTED_EDGE('',*,*,#933,.T.);
#3327 = ORIENTED_EDGE('',*,*,#737,.F.);
#3328 = ORIENTED_EDGE('',*,*,#2908,.F.);
#3329 = ADVANCED_FACE('',(#3330,#3396,#3440),#921,.F.);
#3330 = FACE_BOUND('',#3331,.F.);
#3331 = EDGE_LOOP('',(#3332,#3333,#3334,#3355,#3376,#3395));
#3332 = ORIENTED_EDGE('',*,*,#3306,.F.);
#3333 = ORIENTED_EDGE('',*,*,#2883,.T.);
#3334 = ORIENTED_EDGE('',*,*,#3335,.T.);
#3335 = EDGE_CURVE('',#2886,#3336,#3338,.T.);
#3336 = VERTEX_POINT('',#3337);
#3337 = CARTESIAN_POINT('',(156.345,27.137959572095,33.76916105168));
#3338 = SURFACE_CURVE('',#3339,(#3343,#3349),.PCURVE_S1.);
#3339 = LINE('',#3340,#3341);
#3340 = CARTESIAN_POINT('',(145.5,27.137959572095,33.76916105168));
#3341 = VECTOR('',#3342,1.);
#3342 = DIRECTION('',(1.,0.,0.));
#3343 = PCURVE('',#921,#3344);
#3344 = DEFINITIONAL_REPRESENTATION('',(#3345),#3348);
#3345 = B_SPLINE_CURVE_WITH_KNOTS('',1,(#3346,#3347),.UNSPECIFIED.,.F.,
  .F.,(2,2),(-5.999999928008E-07,15.8450006),.PIECEWISE_BEZIER_KNOTS.);
#3346 = CARTESIAN_POINT('',(8.947107077851,5.999999928008E-07));
#3347 = CARTESIAN_POINT('',(8.947107077851,-15.8450006));
#3348 = ( GEOMETRIC_REPRESENTATION_CONTEXT(2) 
PARAMETRIC_REPRESENTATION_CONTEXT() REPRESENTATION_CONTEXT('2D SPACE',''
  ) );
#3349 = PCURVE('',#2869,#3350);
#3350 = DEFINITIONAL_REPRESENTATION('',(#3351),#3354);
#3351 = B_SPLINE_CURVE_WITH_KNOTS('',1,(#3352,#3353),.UNSPECIFIED.,.F.,
  .F.,(2,2),(0.,10.845),.PIECEWISE_BEZIER_KNOTS.);
#3352 = CARTESIAN_POINT('',(8.243884636836,0.));
#3353 = CARTESIAN_POINT('',(8.243884636836,10.845));
#3354 = ( GEOMETRIC_REPRESENTATION_CONTEXT(2) 
PARAMETRIC_REPRESENTATION_CONTEXT() REPRESENTATION_CONTEXT('2D SPACE',''
  ) );
#3355 = ORIENTED_EDGE('',*,*,#3356,.T.);
#3356 = EDGE_CURVE('',#3336,#3357,#3359,.T.);
#3357 = VERTEX_POINT('',#3358);
#3358 = CARTESIAN_POINT('',(156.345,20.582994682643,32.858749261478));
#3359 = SURFACE_CURVE('',#3360,(#3364,#3370),.PCURVE_S1.);
#3360 = LINE('',#3361,#3362);
#3361 = CARTESIAN_POINT('',(156.345,35.645722937169,34.950794852385));
#3362 = VECTOR('',#3363,1.);
#3363 = DIRECTION('',(0.,-0.990492273178,-0.137568371275));
#3364 = PCURVE('',#921,#3365);
#3365 = DEFINITIONAL_REPRESENTATION('',(#3366),#3369);
#3366 = B_SPLINE_CURVE_WITH_KNOTS('',1,(#3367,#3368),.UNSPECIFIED.,.F.,
  .F.,(2,2),(-0.357677765314,15.795906097251),.PIECEWISE_BEZIER_KNOTS.);
#3367 = CARTESIAN_POINT('',(0.,-10.845));
#3368 = CARTESIAN_POINT('',(16.153583862566,-10.845));
#3369 = ( GEOMETRIC_REPRESENTATION_CONTEXT(2) 
PARAMETRIC_REPRESENTATION_CONTEXT() REPRESENTATION_CONTEXT('2D SPACE',''
  ) );
#3370 = PCURVE('',#2845,#3371);
#3371 = DEFINITIONAL_REPRESENTATION('',(#3372),#3375);
#3372 = B_SPLINE_CURVE_WITH_KNOTS('',1,(#3373,#3374),.UNSPECIFIED.,.F.,
  .F.,(2,2),(-0.357677765314,15.795906097251),.PIECEWISE_BEZIER_KNOTS.);
#3373 = CARTESIAN_POINT('',(-2.,-1.));
#3374 = CARTESIAN_POINT('',(-4.222222222222,15.));
#3375 = ( GEOMETRIC_REPRESENTATION_CONTEXT(2) 
PARAMETRIC_REPRESENTATION_CONTEXT() REPRESENTATION_CONTEXT('2D SPACE',''
  ) );
#3376 = ORIENTED_EDGE('',*,*,#3377,.T.);
#3377 = EDGE_CURVE('',#3357,#877,#3378,.T.);
#3378 = SURFACE_CURVE('',#3379,(#3383,#3389),.PCURVE_S1.);
#3379 = LINE('',#3380,#3381);
#3380 = CARTESIAN_POINT('',(156.345,20.582994682643,32.858749261478));
#3381 = VECTOR('',#3382,1.);
#3382 = DIRECTION('',(1.,0.,0.));
#3383 = PCURVE('',#921,#3384);
#3384 = DEFINITIONAL_REPRESENTATION('',(#3385),#3388);
#3385 = B_SPLINE_CURVE_WITH_KNOTS('',1,(#3386,#3387),.UNSPECIFIED.,.F.,
  .F.,(2,2),(-5.999999928008E-07,5.0000006),.PIECEWISE_BEZIER_KNOTS.);
#3386 = CARTESIAN_POINT('',(15.564993018971,-10.8449994));
#3387 = CARTESIAN_POINT('',(15.564993018971,-15.8450006));
#3388 = ( GEOMETRIC_REPRESENTATION_CONTEXT(2) 
PARAMETRIC_REPRESENTATION_CONTEXT() REPRESENTATION_CONTEXT('2D SPACE',''
  ) );
#3389 = PCURVE('',#893,#3390);
#3390 = DEFINITIONAL_REPRESENTATION('',(#3391),#3394);
#3391 = B_SPLINE_CURVE_WITH_KNOTS('',1,(#3392,#3393),.UNSPECIFIED.,.F.,
  .F.,(2,2),(0.,5.),.PIECEWISE_BEZIER_KNOTS.);
#3392 = CARTESIAN_POINT('',(8.13369834656,0.));
#3393 = CARTESIAN_POINT('',(8.13369834656,5.));
#3394 = ( GEOMETRIC_REPRESENTATION_CONTEXT(2) 
PARAMETRIC_REPRESENTATION_CONTEXT() REPRESENTATION_CONTEXT('2D SPACE',''
  ) );
#3395 = ORIENTED_EDGE('',*,*,#905,.T.);
#3396 = FACE_BOUND('',#3397,.F.);
#3397 = EDGE_LOOP('',(#3398));
#3398 = ORIENTED_EDGE('',*,*,#3399,.F.);
#3399 = EDGE_CURVE('',#3400,#3400,#3402,.T.);
#3400 = VERTEX_POINT('',#3401);
#3401 = CARTESIAN_POINT('',(151.75,10.65856258616,31.480355914744));
#3402 = SURFACE_CURVE('',#3403,(#3408,#3415),.PCURVE_S1.);
#3403 = ELLIPSE('',#3404,2.250475278323,2.25);
#3404 = AXIS2_PLACEMENT_3D('',#3405,#3406,#3407);
#3405 = CARTESIAN_POINT('',(149.5,10.65856258616,31.480355914744));
#3406 = DIRECTION('',(0.,0.137568371275,-0.990492273178));
#3407 = DIRECTION('',(0.,-0.990492273178,-0.137568371275));
#3408 = PCURVE('',#921,#3409);
#3409 = DEFINITIONAL_REPRESENTATION('',(#3410),#3414);
#3410 = ELLIPSE('',#3411,2.250475278323,2.25);
#3411 = AXIS2_PLACEMENT_2D('',#3412,#3413);
#3412 = CARTESIAN_POINT('',(25.584689653901,-4.));
#3413 = DIRECTION('',(1.,0.));
#3414 = ( GEOMETRIC_REPRESENTATION_CONTEXT(2) 
PARAMETRIC_REPRESENTATION_CONTEXT() REPRESENTATION_CONTEXT('2D SPACE',''
  ) );
#3415 = PCURVE('',#3416,#3421);
#3416 = CYLINDRICAL_SURFACE('',#3417,2.25);
#3417 = AXIS2_PLACEMENT_3D('',#3418,#3419,#3420);
#3418 = CARTESIAN_POINT('',(149.5,25.664033178576,-62.36217175223));
#3419 = DIRECTION('',(0.,-0.157894736842,0.987455949437));
#3420 = DIRECTION('',(1.,0.,0.));
#3421 = DEFINITIONAL_REPRESENTATION('',(#3422),#3439);
#3422 = B_SPLINE_CURVE_WITH_KNOTS('',8,(#3423,#3424,#3425,#3426,#3427,
    #3428,#3429,#3430,#3431,#3432,#3433,#3434,#3435,#3436,#3437,#3438),
  .UNSPECIFIED.,.F.,.F.,(9,7,9),(4.712388980385,7.853981633974,
    10.995574287564),.UNSPECIFIED.);
#3423 = CARTESIAN_POINT('',(6.28318530718,95.034647085298));
#3424 = CARTESIAN_POINT('',(5.890486225481,95.052809060544));
#3425 = CARTESIAN_POINT('',(5.497787143783,95.070971180496));
#3426 = CARTESIAN_POINT('',(5.105088062085,95.084863853874));
#3427 = CARTESIAN_POINT('',(4.712388980385,95.090229174355));
#3428 = CARTESIAN_POINT('',(4.31968989869,95.084863853874));
#3429 = CARTESIAN_POINT('',(3.926990816988,95.070971180496));
#3430 = CARTESIAN_POINT('',(3.534291735289,95.052809060544));
#3431 = CARTESIAN_POINT('',(2.748893571891,95.016485110052));
#3432 = CARTESIAN_POINT('',(2.356194490196,94.998322990097));
#3433 = CARTESIAN_POINT('',(1.963495408495,94.98443031637));
#3434 = CARTESIAN_POINT('',(1.570796326806,94.979064996296));
#3435 = CARTESIAN_POINT('',(1.178097245101,94.984430316428));
#3436 = CARTESIAN_POINT('',(0.785398163399,94.998322990054));
#3437 = CARTESIAN_POINT('',(0.392699081699,95.016485110052));
#3438 = CARTESIAN_POINT('',(8.881784197001E-16,95.034647085298));
#3439 = ( GEOMETRIC_REPRESENTATION_CONTEXT(2) 
PARAMETRIC_REPRESENTATION_CONTEXT() REPRESENTATION_CONTEXT('2D SPACE',''
  ) );
#3440 = FACE_BOUND('',#3441,.F.);
#3441 = EDGE_LOOP('',(#3442));
#3442 = ORIENTED_EDGE('',*,*,#3443,.F.);
#3443 = EDGE_CURVE('',#3444,#3444,#3446,.T.);
#3444 = VERTEX_POINT('',#3445);
#3445 = CARTESIAN_POINT('',(151.75,-9.155467406342,28.728407304675));
#3446 = SURFACE_CURVE('',#3447,(#3452,#3459),.PCURVE_S1.);
#3447 = ELLIPSE('',#3448,2.250475278323,2.25);
#3448 = AXIS2_PLACEMENT_3D('',#3449,#3450,#3451);
#3449 = CARTESIAN_POINT('',(149.5,-9.155467406342,28.728407304675));
#3450 = DIRECTION('',(0.,0.137568371275,-0.990492273178));
#3451 = DIRECTION('',(0.,-0.990492273178,-0.137568371275));
#3452 = PCURVE('',#921,#3453);
#3453 = DEFINITIONAL_REPRESENTATION('',(#3454),#3458);
#3454 = ELLIPSE('',#3455,2.250475278323,2.25);
#3455 = AXIS2_PLACEMENT_2D('',#3456,#3457);
#3456 = CARTESIAN_POINT('',(45.588914350106,-4.));
#3457 = DIRECTION('',(1.,0.));
#3458 = ( GEOMETRIC_REPRESENTATION_CONTEXT(2) 
PARAMETRIC_REPRESENTATION_CONTEXT() REPRESENTATION_CONTEXT('2D SPACE',''
  ) );
#3459 = PCURVE('',#3460,#3465);
#3460 = CYLINDRICAL_SURFACE('',#3461,2.25);
#3461 = AXIS2_PLACEMENT_3D('',#3462,#3463,#3464);
#3462 = CARTESIAN_POINT('',(149.5,5.914914189845,-65.52006648907));
#3463 = DIRECTION('',(0.,-0.157894736842,0.987455949437));
#3464 = DIRECTION('',(1.,0.,0.));
#3465 = DEFINITIONAL_REPRESENTATION('',(#3466),#3483);
#3466 = B_SPLINE_CURVE_WITH_KNOTS('',8,(#3467,#3468,#3469,#3470,#3471,
    #3472,#3473,#3474,#3475,#3476,#3477,#3478,#3479,#3480,#3481,#3482),
  .UNSPECIFIED.,.F.,.F.,(9,7,9),(4.712388980385,7.853981633974,
    10.995574287564),.UNSPECIFIED.);
#3467 = CARTESIAN_POINT('',(6.28318530718,95.445750109188));
#3468 = CARTESIAN_POINT('',(5.890486225481,95.463912084435));
#3469 = CARTESIAN_POINT('',(5.497787143783,95.482074204599));
#3470 = CARTESIAN_POINT('',(5.105088062085,95.495966877148));
#3471 = CARTESIAN_POINT('',(4.712388980387,95.501332199259));
#3472 = CARTESIAN_POINT('',(4.319689898683,95.495966877148));
#3473 = CARTESIAN_POINT('',(3.926990816988,95.48207420457));
#3474 = CARTESIAN_POINT('',(3.534291735289,95.463912084435));
#3475 = CARTESIAN_POINT('',(2.748893571891,95.427588133942));
#3476 = CARTESIAN_POINT('',(2.356194490201,95.409426013997));
#3477 = CARTESIAN_POINT('',(1.963495408477,95.395533340343));
#3478 = CARTESIAN_POINT('',(1.57079632681,95.390168020327));
#3479 = CARTESIAN_POINT('',(1.178097245072,95.39553334011));
#3480 = CARTESIAN_POINT('',(0.785398163404,95.409426013968));
#3481 = CARTESIAN_POINT('',(0.392699081699,95.427588133942));
#3482 = CARTESIAN_POINT('',(1.68753899743E-14,95.445750109188));
#3483 = ( GEOMETRIC_REPRESENTATION_CONTEXT(2) 
PARAMETRIC_REPRESENTATION_CONTEXT() REPRESENTATION_CONTEXT('2D SPACE',''
  ) );
#3484 = ADVANCED_FACE('',(#3485),#893,.T.);
#3485 = FACE_BOUND('',#3486,.T.);
#3486 = EDGE_LOOP('',(#3487,#3513,#3514,#3515));
#3487 = ORIENTED_EDGE('',*,*,#3488,.F.);
#3488 = EDGE_CURVE('',#3357,#2810,#3489,.T.);
#3489 = SURFACE_CURVE('',#3490,(#3495,#3502),.PCURVE_S1.);
#3490 = CIRCLE('',#3491,15.);
#3491 = AXIS2_PLACEMENT_3D('',#3492,#3493,#3494);
#3492 = CARTESIAN_POINT('',(156.345,35.,37.));
#3493 = DIRECTION('',(-1.,-0.,0.));
#3494 = DIRECTION('',(0.,-0.961133687824,-0.276083382568));
#3495 = PCURVE('',#893,#3496);
#3496 = DEFINITIONAL_REPRESENTATION('',(#3497),#3501);
#3497 = LINE('',#3498,#3499);
#3498 = CARTESIAN_POINT('',(8.13369834656,0.));
#3499 = VECTOR('',#3500,1.);
#3500 = DIRECTION('',(-1.,-0.));
#3501 = ( GEOMETRIC_REPRESENTATION_CONTEXT(2) 
PARAMETRIC_REPRESENTATION_CONTEXT() REPRESENTATION_CONTEXT('2D SPACE',''
  ) );
#3502 = PCURVE('',#2845,#3503);
#3503 = DEFINITIONAL_REPRESENTATION('',(#3504),#3512);
#3504 = ( BOUNDED_CURVE() B_SPLINE_CURVE(2,(#3505,#3506,#3507,#3508,
#3509,#3510,#3511),.UNSPECIFIED.,.T.,.F.) B_SPLINE_CURVE_WITH_KNOTS((1,2
    ,2,2,2,1),(-2.094395102393,0.,2.094395102393,4.188790204786,
6.28318530718,8.377580409573),.UNSPECIFIED.) CURVE() 
GEOMETRIC_REPRESENTATION_ITEM() RATIONAL_B_SPLINE_CURVE((1.,0.5,1.,0.5,
1.,0.5,1.)) REPRESENTATION_ITEM('') );
#3505 = CARTESIAN_POINT('',(-4.141250738522,14.417005317357));
#3506 = CARTESIAN_POINT('',(20.829734964131,21.589862003359));
#3507 = CARTESIAN_POINT('',(14.556118220587,-3.622074315677));
#3508 = CARTESIAN_POINT('',(8.282501477044,-28.83401063471));
#3509 = CARTESIAN_POINT('',(-10.41486748206,-10.79493100167));
#3510 = CARTESIAN_POINT('',(-29.11223644117,7.244148631355));
#3511 = CARTESIAN_POINT('',(-4.141250738522,14.417005317357));
#3512 = ( GEOMETRIC_REPRESENTATION_CONTEXT(2) 
PARAMETRIC_REPRESENTATION_CONTEXT() REPRESENTATION_CONTEXT('2D SPACE',''
  ) );
#3513 = ORIENTED_EDGE('',*,*,#3377,.T.);
#3514 = ORIENTED_EDGE('',*,*,#876,.F.);
#3515 = ORIENTED_EDGE('',*,*,#2809,.F.);
#3516 = ADVANCED_FACE('',(#3517),#974,.T.);
#3517 = FACE_BOUND('',#3518,.T.);
#3518 = EDGE_LOOP('',(#3519,#3547,#3548));
#3519 = ORIENTED_EDGE('',*,*,#3520,.F.);
#3520 = EDGE_CURVE('',#958,#3521,#3523,.T.);
#3521 = VERTEX_POINT('',#3522);
#3522 = CARTESIAN_POINT('',(162.545,49.136454726636,40.226553542367));
#3523 = SURFACE_CURVE('',#3524,(#3528,#3535),.PCURVE_S1.);
#3524 = LINE('',#3525,#3526);
#3525 = CARTESIAN_POINT('',(161.345,49.408827043452,38.623484903498));
#3526 = VECTOR('',#3527,1.);
#3527 = DIRECTION('',(0.593796375622,-0.134778078787,0.793246956361));
#3528 = PCURVE('',#974,#3529);
#3529 = DEFINITIONAL_REPRESENTATION('',(#3530),#3534);
#3530 = LINE('',#3531,#3532);
#3531 = CARTESIAN_POINT('',(-1.02654185605,-0.372944942388));
#3532 = VECTOR('',#3533,1.);
#3533 = DIRECTION('',(0.804615351766,0.593796375622));
#3534 = ( GEOMETRIC_REPRESENTATION_CONTEXT(2) 
PARAMETRIC_REPRESENTATION_CONTEXT() REPRESENTATION_CONTEXT('2D SPACE',''
  ) );
#3535 = PCURVE('',#3536,#3541);
#3536 = PLANE('',#3537);
#3537 = AXIS2_PLACEMENT_3D('',#3538,#3539,#3540);
#3538 = CARTESIAN_POINT('',(161.69677154644,47.011682238806,
    38.832316090588));
#3539 = DIRECTION('',(0.804168352357,6.655186364335E-02,-0.590664126651)
  );
#3540 = DIRECTION('',(0.591976558154,0.,0.805955181506));
#3541 = DEFINITIONAL_REPRESENTATION('',(#3542),#3546);
#3542 = LINE('',#3543,#3544);
#3543 = CARTESIAN_POINT('',(-0.376549086617,-2.402471162241));
#3544 = VECTOR('',#3545,1.);
#3545 = DIRECTION('',(0.990835029378,0.135077550159));
#3546 = ( GEOMETRIC_REPRESENTATION_CONTEXT(2) 
PARAMETRIC_REPRESENTATION_CONTEXT() REPRESENTATION_CONTEXT('2D SPACE',''
  ) );
#3547 = ORIENTED_EDGE('',*,*,#957,.T.);
#3548 = ORIENTED_EDGE('',*,*,#3549,.T.);
#3549 = EDGE_CURVE('',#960,#3521,#3550,.T.);
#3550 = SURFACE_CURVE('',#3551,(#3555,#3562),.PCURVE_S1.);
#3551 = LINE('',#3552,#3553);
#3552 = CARTESIAN_POINT('',(161.245,49.136454726636,40.226553542367));
#3553 = VECTOR('',#3554,1.);
#3554 = DIRECTION('',(1.,0.,0.));
#3555 = PCURVE('',#974,#3556);
#3556 = DEFINITIONAL_REPRESENTATION('',(#3557),#3561);
#3557 = LINE('',#3558,#3559);
#3558 = CARTESIAN_POINT('',(0.599501113829,-0.472944942388));
#3559 = VECTOR('',#3560,1.);
#3560 = DIRECTION('',(0.,1.));
#3561 = ( GEOMETRIC_REPRESENTATION_CONTEXT(2) 
PARAMETRIC_REPRESENTATION_CONTEXT() REPRESENTATION_CONTEXT('2D SPACE',''
  ) );
#3562 = PCURVE('',#2457,#3563);
#3563 = DEFINITIONAL_REPRESENTATION('',(#3564),#3568);
#3564 = LINE('',#3565,#3566);
#3565 = CARTESIAN_POINT('',(-0.601968217911,-0.438946732972));
#3566 = VECTOR('',#3567,1.);
#3567 = DIRECTION('',(0.,1.));
#3568 = ( GEOMETRIC_REPRESENTATION_CONTEXT(2) 
PARAMETRIC_REPRESENTATION_CONTEXT() REPRESENTATION_CONTEXT('2D SPACE',''
  ) );
#3569 = ADVANCED_FACE('',(#3570),#1001,.T.);
#3570 = FACE_BOUND('',#3571,.T.);
#3571 = EDGE_LOOP('',(#3572,#3573,#3601));
#3572 = ORIENTED_EDGE('',*,*,#985,.F.);
#3573 = ORIENTED_EDGE('',*,*,#3574,.F.);
#3574 = EDGE_CURVE('',#3575,#958,#3577,.T.);
#3575 = VERTEX_POINT('',#3576);
#3576 = CARTESIAN_POINT('',(162.545,49.5,37.));
#3577 = SURFACE_CURVE('',#3578,(#3582,#3589),.PCURVE_S1.);
#3578 = LINE('',#3579,#3580);
#3579 = CARTESIAN_POINT('',(162.545,49.5,37.));
#3580 = VECTOR('',#3581,1.);
#3581 = DIRECTION('',(-0.593796375622,-4.511514262745E-02,0.803349542979
    ));
#3582 = PCURVE('',#1001,#3583);
#3583 = DEFINITIONAL_REPRESENTATION('',(#3584),#3588);
#3584 = LINE('',#3585,#3586);
#3585 = CARTESIAN_POINT('',(-0.601968217911,0.861053267028));
#3586 = VECTOR('',#3587,1.);
#3587 = DIRECTION('',(0.804615351766,-0.593796375622));
#3588 = ( GEOMETRIC_REPRESENTATION_CONTEXT(2) 
PARAMETRIC_REPRESENTATION_CONTEXT() REPRESENTATION_CONTEXT('2D SPACE',''
  ) );
#3589 = PCURVE('',#3590,#3595);
#3590 = PLANE('',#3591);
#3591 = AXIS2_PLACEMENT_3D('',#3592,#3593,#3594);
#3592 = CARTESIAN_POINT('',(162.19322845355,47.141309613198,
    37.475913162614));
#3593 = DIRECTION('',(0.804168352357,0.,0.594401599146));
#3594 = DIRECTION('',(-0.594401599146,0.,0.804168352357));
#3595 = DEFINITIONAL_REPRESENTATION('',(#3596),#3600);
#3596 = LINE('',#3597,#3598);
#3597 = CARTESIAN_POINT('',(-0.591807873586,-2.358690386802));
#3598 = VECTOR('',#3599,1.);
#3599 = DIRECTION('',(0.998981793581,4.511514262745E-02));
#3600 = ( GEOMETRIC_REPRESENTATION_CONTEXT(2) 
PARAMETRIC_REPRESENTATION_CONTEXT() REPRESENTATION_CONTEXT('2D SPACE',''
  ) );
#3601 = ORIENTED_EDGE('',*,*,#3602,.T.);
#3602 = EDGE_CURVE('',#3575,#986,#3603,.T.);
#3603 = SURFACE_CURVE('',#3604,(#3608,#3615),.PCURVE_S1.);
#3604 = LINE('',#3605,#3606);
#3605 = CARTESIAN_POINT('',(162.545,49.5,37.));
#3606 = VECTOR('',#3607,1.);
#3607 = DIRECTION('',(-1.,0.,0.));
#3608 = PCURVE('',#1001,#3609);
#3609 = DEFINITIONAL_REPRESENTATION('',(#3610),#3614);
#3610 = LINE('',#3611,#3612);
#3611 = CARTESIAN_POINT('',(-0.601968217911,0.861053267028));
#3612 = VECTOR('',#3613,1.);
#3613 = DIRECTION('',(0.,-1.));
#3614 = ( GEOMETRIC_REPRESENTATION_CONTEXT(2) 
PARAMETRIC_REPRESENTATION_CONTEXT() REPRESENTATION_CONTEXT('2D SPACE',''
  ) );
#3615 = PCURVE('',#1028,#3616);
#3616 = DEFINITIONAL_REPRESENTATION('',(#3617),#3621);
#3617 = LINE('',#3618,#3619);
#3618 = CARTESIAN_POINT('',(0.599501113829,0.827055057612));
#3619 = VECTOR('',#3620,1.);
#3620 = DIRECTION('',(0.,-1.));
#3621 = ( GEOMETRIC_REPRESENTATION_CONTEXT(2) 
PARAMETRIC_REPRESENTATION_CONTEXT() REPRESENTATION_CONTEXT('2D SPACE',''
  ) );
#3622 = ADVANCED_FACE('',(#3623),#2457,.T.);
#3623 = FACE_BOUND('',#3624,.T.);
#3624 = EDGE_LOOP('',(#3625,#3626,#3627));
#3625 = ORIENTED_EDGE('',*,*,#3549,.F.);
#3626 = ORIENTED_EDGE('',*,*,#2443,.F.);
#3627 = ORIENTED_EDGE('',*,*,#3628,.F.);
#3628 = EDGE_CURVE('',#3521,#2418,#3629,.T.);
#3629 = SURFACE_CURVE('',#3630,(#3634,#3641),.PCURVE_S1.);
#3630 = LINE('',#3631,#3632);
#3631 = CARTESIAN_POINT('',(162.545,49.136454726636,40.226553542367));
#3632 = VECTOR('',#3633,1.);
#3633 = DIRECTION('',(-0.593796375622,-0.222746102407,0.773168829015));
#3634 = PCURVE('',#2457,#3635);
#3635 = DEFINITIONAL_REPRESENTATION('',(#3636),#3640);
#3636 = LINE('',#3637,#3638);
#3637 = CARTESIAN_POINT('',(-0.601968217911,0.861053267028));
#3638 = VECTOR('',#3639,1.);
#3639 = DIRECTION('',(0.804615351766,-0.593796375622));
#3640 = ( GEOMETRIC_REPRESENTATION_CONTEXT(2) 
PARAMETRIC_REPRESENTATION_CONTEXT() REPRESENTATION_CONTEXT('2D SPACE',''
  ) );
#3641 = PCURVE('',#3642,#3647);
#3642 = PLANE('',#3643);
#3643 = AXIS2_PLACEMENT_3D('',#3644,#3645,#3646);
#3644 = CARTESIAN_POINT('',(162.19322845355,46.731000990921,
    40.165676580588));
#3645 = DIRECTION('',(0.804168352357,-0.132266798987,0.579498710053));
#3646 = DIRECTION('',(-0.584635226655,6.938893903907E-18,0.811296278651)
  );
#3647 = DEFINITIONAL_REPRESENTATION('',(#3648),#3652);
#3648 = LINE('',#3649,#3650);
#3649 = CARTESIAN_POINT('',(-0.156268785242,-2.426775013632));
#3650 = VECTOR('',#3651,1.);
#3651 = DIRECTION('',(0.974423272398,0.224720462372));
#3652 = ( GEOMETRIC_REPRESENTATION_CONTEXT(2) 
PARAMETRIC_REPRESENTATION_CONTEXT() REPRESENTATION_CONTEXT('2D SPACE',''
  ) );
#3653 = ADVANCED_FACE('',(#3654),#1028,.T.);
#3654 = FACE_BOUND('',#3655,.T.);
#3655 = EDGE_LOOP('',(#3656,#3682,#3683));
#3656 = ORIENTED_EDGE('',*,*,#3657,.F.);
#3657 = EDGE_CURVE('',#1014,#3575,#3658,.T.);
#3658 = SURFACE_CURVE('',#3659,(#3663,#3670),.PCURVE_S1.);
#3659 = LINE('',#3660,#3661);
#3660 = CARTESIAN_POINT('',(161.345,49.408827043452,35.376515096502));
#3661 = VECTOR('',#3662,1.);
#3662 = DIRECTION('',(0.593796375622,4.511514262745E-02,0.803349542979)
  );
#3663 = PCURVE('',#1028,#3664);
#3664 = DEFINITIONAL_REPRESENTATION('',(#3665),#3669);
#3665 = LINE('',#3666,#3667);
#3666 = CARTESIAN_POINT('',(-1.02654185605,-0.372944942388));
#3667 = VECTOR('',#3668,1.);
#3668 = DIRECTION('',(0.804615351766,0.593796375622));
#3669 = ( GEOMETRIC_REPRESENTATION_CONTEXT(2) 
PARAMETRIC_REPRESENTATION_CONTEXT() REPRESENTATION_CONTEXT('2D SPACE',''
  ) );
#3670 = PCURVE('',#3671,#3676);
#3671 = PLANE('',#3672);
#3672 = AXIS2_PLACEMENT_3D('',#3673,#3674,#3675);
#3673 = CARTESIAN_POINT('',(161.69677154644,47.118252974652,
    36.113525350488));
#3674 = DIRECTION('',(0.804168352357,-6.655186364335E-02,-0.590664126651
    ));
#3675 = DIRECTION('',(0.591976558154,0.,0.805955181506));
#3676 = DEFINITIONAL_REPRESENTATION('',(#3677),#3681);
#3677 = LINE('',#3678,#3679);
#3678 = CARTESIAN_POINT('',(-0.802237742345,-2.295663630584));
#3679 = VECTOR('',#3680,1.);
#3680 = DIRECTION('',(0.998977261409,-4.521538662695E-02));
#3681 = ( GEOMETRIC_REPRESENTATION_CONTEXT(2) 
PARAMETRIC_REPRESENTATION_CONTEXT() REPRESENTATION_CONTEXT('2D SPACE',''
  ) );
#3682 = ORIENTED_EDGE('',*,*,#1013,.T.);
#3683 = ORIENTED_EDGE('',*,*,#3602,.F.);
#3684 = ADVANCED_FACE('',(#3685),#2432,.T.);
#3685 = FACE_BOUND('',#3686,.T.);
#3686 = EDGE_LOOP('',(#3687,#3715,#3716));
#3687 = ORIENTED_EDGE('',*,*,#3688,.F.);
#3688 = EDGE_CURVE('',#2418,#3689,#3691,.T.);
#3689 = VERTEX_POINT('',#3690);
#3690 = CARTESIAN_POINT('',(162.545,48.064048584585,43.291314217205));
#3691 = SURFACE_CURVE('',#3692,(#3696,#3703),.PCURVE_S1.);
#3692 = LINE('',#3693,#3694);
#3693 = CARTESIAN_POINT('',(161.345,48.686308289471,41.78904639835));
#3694 = VECTOR('',#3695,1.);
#3695 = DIRECTION('',(0.593796375622,-0.307912964548,0.743367655041));
#3696 = PCURVE('',#2432,#3697);
#3697 = DEFINITIONAL_REPRESENTATION('',(#3698),#3702);
#3698 = LINE('',#3699,#3700);
#3699 = CARTESIAN_POINT('',(-1.02654185605,-0.372944942388));
#3700 = VECTOR('',#3701,1.);
#3701 = DIRECTION('',(0.804615351766,0.593796375622));
#3702 = ( GEOMETRIC_REPRESENTATION_CONTEXT(2) 
PARAMETRIC_REPRESENTATION_CONTEXT() REPRESENTATION_CONTEXT('2D SPACE',''
  ) );
#3703 = PCURVE('',#3704,#3709);
#3704 = PLANE('',#3705);
#3705 = AXIS2_PLACEMENT_3D('',#3706,#3707,#3708);
#3706 = CARTESIAN_POINT('',(161.69677154644,46.30279559909,
    41.45922685082));
#3707 = DIRECTION('',(0.804168352357,0.196318402591,-0.561045760943));
#3708 = DIRECTION('',(0.572180274357,0.,0.820127876393));
#3709 = DEFINITIONAL_REPRESENTATION('',(#3710),#3714);
#3710 = LINE('',#3711,#3712);
#3711 = CARTESIAN_POINT('',(6.921746515185E-02,-2.430815880018));
#3712 = VECTOR('',#3713,1.);
#3713 = DIRECTION('',(0.949415109424,0.314023804827));
#3714 = ( GEOMETRIC_REPRESENTATION_CONTEXT(2) 
PARAMETRIC_REPRESENTATION_CONTEXT() REPRESENTATION_CONTEXT('2D SPACE',''
  ) );
#3715 = ORIENTED_EDGE('',*,*,#2417,.T.);
#3716 = ORIENTED_EDGE('',*,*,#3717,.T.);
#3717 = EDGE_CURVE('',#2390,#3689,#3718,.T.);
#3718 = SURFACE_CURVE('',#3719,(#3723,#3730),.PCURVE_S1.);
#3719 = LINE('',#3720,#3721);
#3720 = CARTESIAN_POINT('',(161.245,48.064048584585,43.291314217205));
#3721 = VECTOR('',#3722,1.);
#3722 = DIRECTION('',(1.,0.,0.));
#3723 = PCURVE('',#2432,#3724);
#3724 = DEFINITIONAL_REPRESENTATION('',(#3725),#3729);
#3725 = LINE('',#3726,#3727);
#3726 = CARTESIAN_POINT('',(0.599501113829,-0.472944942388));
#3727 = VECTOR('',#3728,1.);
#3728 = DIRECTION('',(0.,1.));
#3729 = ( GEOMETRIC_REPRESENTATION_CONTEXT(2) 
PARAMETRIC_REPRESENTATION_CONTEXT() REPRESENTATION_CONTEXT('2D SPACE',''
  ) );
#3730 = PCURVE('',#2405,#3731);
#3731 = DEFINITIONAL_REPRESENTATION('',(#3732),#3736);
#3732 = LINE('',#3733,#3734);
#3733 = CARTESIAN_POINT('',(-0.601968217911,-0.438946732972));
#3734 = VECTOR('',#3735,1.);
#3735 = DIRECTION('',(0.,1.));
#3736 = ( GEOMETRIC_REPRESENTATION_CONTEXT(2) 
PARAMETRIC_REPRESENTATION_CONTEXT() REPRESENTATION_CONTEXT('2D SPACE',''
  ) );
#3737 = ADVANCED_FACE('',(#3738),#1055,.T.);
#3738 = FACE_BOUND('',#3739,.T.);
#3739 = EDGE_LOOP('',(#3740,#3763,#3764));
#3740 = ORIENTED_EDGE('',*,*,#3741,.F.);
#3741 = EDGE_CURVE('',#1040,#3742,#3744,.T.);
#3742 = VERTEX_POINT('',#3743);
#3743 = CARTESIAN_POINT('',(162.545,49.136454726636,33.773446457633));
#3744 = SURFACE_CURVE('',#3745,(#3749,#3756),.PCURVE_S1.);
#3745 = LINE('',#3746,#3747);
#3746 = CARTESIAN_POINT('',(161.245,49.136454726636,33.773446457633));
#3747 = VECTOR('',#3748,1.);
#3748 = DIRECTION('',(1.,0.,0.));
#3749 = PCURVE('',#1055,#3750);
#3750 = DEFINITIONAL_REPRESENTATION('',(#3751),#3755);
#3751 = LINE('',#3752,#3753);
#3752 = CARTESIAN_POINT('',(-0.601968217911,-0.438946732972));
#3753 = VECTOR('',#3754,1.);
#3754 = DIRECTION('',(0.,1.));
#3755 = ( GEOMETRIC_REPRESENTATION_CONTEXT(2) 
PARAMETRIC_REPRESENTATION_CONTEXT() REPRESENTATION_CONTEXT('2D SPACE',''
  ) );
#3756 = PCURVE('',#1082,#3757);
#3757 = DEFINITIONAL_REPRESENTATION('',(#3758),#3762);
#3758 = LINE('',#3759,#3760);
#3759 = CARTESIAN_POINT('',(0.599501113829,-0.472944942388));
#3760 = VECTOR('',#3761,1.);
#3761 = DIRECTION('',(0.,1.));
#3762 = ( GEOMETRIC_REPRESENTATION_CONTEXT(2) 
PARAMETRIC_REPRESENTATION_CONTEXT() REPRESENTATION_CONTEXT('2D SPACE',''
  ) );
#3763 = ORIENTED_EDGE('',*,*,#1039,.F.);
#3764 = ORIENTED_EDGE('',*,*,#3765,.F.);
#3765 = EDGE_CURVE('',#3742,#1014,#3766,.T.);
#3766 = SURFACE_CURVE('',#3767,(#3771,#3778),.PCURVE_S1.);
#3767 = LINE('',#3768,#3769);
#3768 = CARTESIAN_POINT('',(162.545,49.136454726636,33.773446457633));
#3769 = VECTOR('',#3770,1.);
#3770 = DIRECTION('',(-0.593796375622,0.134778078787,0.793246956361));
#3771 = PCURVE('',#1055,#3772);
#3772 = DEFINITIONAL_REPRESENTATION('',(#3773),#3777);
#3773 = LINE('',#3774,#3775);
#3774 = CARTESIAN_POINT('',(-0.601968217911,0.861053267028));
#3775 = VECTOR('',#3776,1.);
#3776 = DIRECTION('',(0.804615351766,-0.593796375622));
#3777 = ( GEOMETRIC_REPRESENTATION_CONTEXT(2) 
PARAMETRIC_REPRESENTATION_CONTEXT() REPRESENTATION_CONTEXT('2D SPACE',''
  ) );
#3778 = PCURVE('',#3779,#3784);
#3779 = PLANE('',#3780);
#3780 = AXIS2_PLACEMENT_3D('',#3781,#3782,#3783);
#3781 = CARTESIAN_POINT('',(162.19322845355,46.942802273775,
    34.762285471425));
#3782 = DIRECTION('',(0.804168352357,0.132266798987,0.579498710053));
#3783 = DIRECTION('',(-0.584635226655,0.,0.811296278651));
#3784 = DEFINITIONAL_REPRESENTATION('',(#3785),#3789);
#3785 = LINE('',#3786,#3787);
#3786 = CARTESIAN_POINT('',(-1.007899449863,-2.213096382673));
#3787 = VECTOR('',#3788,1.);
#3788 = DIRECTION('',(0.990712582396,-0.135972714474));
#3789 = ( GEOMETRIC_REPRESENTATION_CONTEXT(2) 
PARAMETRIC_REPRESENTATION_CONTEXT() REPRESENTATION_CONTEXT('2D SPACE',''
  ) );
#3790 = ADVANCED_FACE('',(#3791),#2405,.T.);
#3791 = FACE_BOUND('',#3792,.T.);
#3792 = EDGE_LOOP('',(#3793,#3794,#3795));
#3793 = ORIENTED_EDGE('',*,*,#3717,.F.);
#3794 = ORIENTED_EDGE('',*,*,#2389,.F.);
#3795 = ORIENTED_EDGE('',*,*,#3796,.F.);
#3796 = EDGE_CURVE('',#3689,#2364,#3797,.T.);
#3797 = SURFACE_CURVE('',#3798,(#3802,#3809),.PCURVE_S1.);
#3798 = LINE('',#3799,#3800);
#3799 = CARTESIAN_POINT('',(162.545,48.064048584585,43.291314217205));
#3800 = VECTOR('',#3801,1.);
#3801 = DIRECTION('',(-0.593796375622,-0.389207642504,0.704218201493));
#3802 = PCURVE('',#2405,#3803);
#3803 = DEFINITIONAL_REPRESENTATION('',(#3804),#3808);
#3804 = LINE('',#3805,#3806);
#3805 = CARTESIAN_POINT('',(-0.601968217911,0.861053267028));
#3806 = VECTOR('',#3807,1.);
#3807 = DIRECTION('',(0.804615351766,-0.593796375622));
#3808 = ( GEOMETRIC_REPRESENTATION_CONTEXT(2) 
PARAMETRIC_REPRESENTATION_CONTEXT() REPRESENTATION_CONTEXT('2D SPACE',''
  ) );
#3809 = PCURVE('',#3810,#3815);
#3810 = PLANE('',#3811);
#3811 = AXIS2_PLACEMENT_3D('',#3812,#3813,#3814);
#3812 = CARTESIAN_POINT('',(162.19322845355,45.732450994566,
    42.696699756098));
#3813 = DIRECTION('',(0.804168352357,-0.257901188375,0.535537335862));
#3814 = DIRECTION('',(-0.554288185732,0.,0.832324820703));
#3815 = DEFINITIONAL_REPRESENTATION('',(#3816),#3820);
#3816 = LINE('',#3817,#3818);
#3817 = CARTESIAN_POINT('',(0.299929562456,-2.413234169656));
#3818 = VECTOR('',#3819,1.);
#3819 = DIRECTION('',(0.915272604031,0.402835028653));
#3820 = ( GEOMETRIC_REPRESENTATION_CONTEXT(2) 
PARAMETRIC_REPRESENTATION_CONTEXT() REPRESENTATION_CONTEXT('2D SPACE',''
  ) );
#3821 = ADVANCED_FACE('',(#3822),#1082,.T.);
#3822 = FACE_BOUND('',#3823,.T.);
#3823 = EDGE_LOOP('',(#3824,#3850,#3851));
#3824 = ORIENTED_EDGE('',*,*,#3825,.F.);
#3825 = EDGE_CURVE('',#1068,#3742,#3826,.T.);
#3826 = SURFACE_CURVE('',#3827,(#3831,#3838),.PCURVE_S1.);
#3827 = LINE('',#3828,#3829);
#3828 = CARTESIAN_POINT('',(161.345,48.686308289471,32.21095360165));
#3829 = VECTOR('',#3830,1.);
#3830 = DIRECTION('',(0.593796375622,0.222746102407,0.773168829015));
#3831 = PCURVE('',#1082,#3832);
#3832 = DEFINITIONAL_REPRESENTATION('',(#3833),#3837);
#3833 = LINE('',#3834,#3835);
#3834 = CARTESIAN_POINT('',(-1.02654185605,-0.372944942388));
#3835 = VECTOR('',#3836,1.);
#3836 = DIRECTION('',(0.804615351766,0.593796375622));
#3837 = ( GEOMETRIC_REPRESENTATION_CONTEXT(2) 
PARAMETRIC_REPRESENTATION_CONTEXT() REPRESENTATION_CONTEXT('2D SPACE',''
  ) );
#3838 = PCURVE('',#3839,#3844);
#3839 = PLANE('',#3840);
#3840 = AXIS2_PLACEMENT_3D('',#3841,#3842,#3843);
#3841 = CARTESIAN_POINT('',(161.69677154644,46.61716390493,
    33.439186150911));
#3842 = DIRECTION('',(0.804168352357,-0.196318402591,-0.561045760943));
#3843 = DIRECTION('',(0.572180274357,0.,0.820127876393));
#3844 = DEFINITIONAL_REPRESENTATION('',(#3845),#3849);
#3845 = LINE('',#3846,#3847);
#3846 = CARTESIAN_POINT('',(-1.208584492299,-2.110208621204));
#3847 = VECTOR('',#3848,1.);
#3848 = DIRECTION('',(0.973855882949,-0.227166721254));
#3849 = ( GEOMETRIC_REPRESENTATION_CONTEXT(2) 
PARAMETRIC_REPRESENTATION_CONTEXT() REPRESENTATION_CONTEXT('2D SPACE',''
  ) );
#3850 = ORIENTED_EDGE('',*,*,#1067,.T.);
#3851 = ORIENTED_EDGE('',*,*,#3741,.T.);
#3852 = ADVANCED_FACE('',(#3853),#2378,.T.);
#3853 = FACE_BOUND('',#3854,.T.);
#3854 = EDGE_LOOP('',(#3855,#3883,#3884));
#3855 = ORIENTED_EDGE('',*,*,#3856,.F.);
#3856 = EDGE_CURVE('',#2364,#3857,#3859,.T.);
#3857 = VERTEX_POINT('',#3858);
#3858 = CARTESIAN_POINT('',(162.545,46.336556495786,46.040602126952));
#3859 = SURFACE_CURVE('',#3860,(#3864,#3871),.PCURVE_S1.);
#3860 = LINE('',#3861,#3862);
#3861 = CARTESIAN_POINT('',(161.345,47.27750088881,44.714465109472));
#3862 = VECTOR('',#3863,1.);
#3863 = DIRECTION('',(0.593796375622,-0.465607808533,0.656212795465));
#3864 = PCURVE('',#2378,#3865);
#3865 = DEFINITIONAL_REPRESENTATION('',(#3866),#3870);
#3866 = LINE('',#3867,#3868);
#3867 = CARTESIAN_POINT('',(-1.02654185605,-0.372944942388));
#3868 = VECTOR('',#3869,1.);
#3869 = DIRECTION('',(0.804615351766,0.593796375622));
#3870 = ( GEOMETRIC_REPRESENTATION_CONTEXT(2) 
PARAMETRIC_REPRESENTATION_CONTEXT() REPRESENTATION_CONTEXT('2D SPACE',''
  ) );
#3871 = PCURVE('',#3872,#3877);
#3872 = PLANE('',#3873);
#3873 = AXIS2_PLACEMENT_3D('',#3874,#3875,#3876);
#3874 = CARTESIAN_POINT('',(161.69677154644,45.027139591671,
    43.862533356642));
#3875 = DIRECTION('',(0.804168352357,0.316240717078,-0.503294218057));
#3876 = DIRECTION('',(0.53052110163,0.,0.847671729342));
#3877 = DEFINITIONAL_REPRESENTATION('',(#3878),#3882);
#3878 = LINE('',#3879,#3880);
#3879 = CARTESIAN_POINT('',(0.535536233861,-2.372099880328));
#3880 = VECTOR('',#3881,1.);
#3881 = DIRECTION('',(0.871274542486,0.490795957211));
#3882 = ( GEOMETRIC_REPRESENTATION_CONTEXT(2) 
PARAMETRIC_REPRESENTATION_CONTEXT() REPRESENTATION_CONTEXT('2D SPACE',''
  ) );
#3883 = ORIENTED_EDGE('',*,*,#2363,.T.);
#3884 = ORIENTED_EDGE('',*,*,#3885,.T.);
#3885 = EDGE_CURVE('',#2336,#3857,#3886,.T.);
#3886 = SURFACE_CURVE('',#3887,(#3891,#3898),.PCURVE_S1.);
#3887 = LINE('',#3888,#3889);
#3888 = CARTESIAN_POINT('',(161.245,46.336556495786,46.040602126952));
#3889 = VECTOR('',#3890,1.);
#3890 = DIRECTION('',(1.,0.,0.));
#3891 = PCURVE('',#2378,#3892);
#3892 = DEFINITIONAL_REPRESENTATION('',(#3893),#3897);
#3893 = LINE('',#3894,#3895);
#3894 = CARTESIAN_POINT('',(0.599501113829,-0.472944942388));
#3895 = VECTOR('',#3896,1.);
#3896 = DIRECTION('',(0.,1.));
#3897 = ( GEOMETRIC_REPRESENTATION_CONTEXT(2) 
PARAMETRIC_REPRESENTATION_CONTEXT() REPRESENTATION_CONTEXT('2D SPACE',''
  ) );
#3898 = PCURVE('',#2351,#3899);
#3899 = DEFINITIONAL_REPRESENTATION('',(#3900),#3904);
#3900 = LINE('',#3901,#3902);
#3901 = CARTESIAN_POINT('',(-0.601968217911,-0.438946732972));
#3902 = VECTOR('',#3903,1.);
#3903 = DIRECTION('',(0.,1.));
#3904 = ( GEOMETRIC_REPRESENTATION_CONTEXT(2) 
PARAMETRIC_REPRESENTATION_CONTEXT() REPRESENTATION_CONTEXT('2D SPACE',''
  ) );
#3905 = ADVANCED_FACE('',(#3906),#1109,.T.);
#3906 = FACE_BOUND('',#3907,.T.);
#3907 = EDGE_LOOP('',(#3908,#3931,#3932));
#3908 = ORIENTED_EDGE('',*,*,#3909,.F.);
#3909 = EDGE_CURVE('',#1094,#3910,#3912,.T.);
#3910 = VERTEX_POINT('',#3911);
#3911 = CARTESIAN_POINT('',(162.545,48.064048584585,30.708685782795));
#3912 = SURFACE_CURVE('',#3913,(#3917,#3924),.PCURVE_S1.);
#3913 = LINE('',#3914,#3915);
#3914 = CARTESIAN_POINT('',(161.245,48.064048584585,30.708685782795));
#3915 = VECTOR('',#3916,1.);
#3916 = DIRECTION('',(1.,0.,0.));
#3917 = PCURVE('',#1109,#3918);
#3918 = DEFINITIONAL_REPRESENTATION('',(#3919),#3923);
#3919 = LINE('',#3920,#3921);
#3920 = CARTESIAN_POINT('',(-0.601968217911,-0.438946732972));
#3921 = VECTOR('',#3922,1.);
#3922 = DIRECTION('',(0.,1.));
#3923 = ( GEOMETRIC_REPRESENTATION_CONTEXT(2) 
PARAMETRIC_REPRESENTATION_CONTEXT() REPRESENTATION_CONTEXT('2D SPACE',''
  ) );
#3924 = PCURVE('',#1136,#3925);
#3925 = DEFINITIONAL_REPRESENTATION('',(#3926),#3930);
#3926 = LINE('',#3927,#3928);
#3927 = CARTESIAN_POINT('',(0.599501113829,-0.472944942388));
#3928 = VECTOR('',#3929,1.);
#3929 = DIRECTION('',(0.,1.));
#3930 = ( GEOMETRIC_REPRESENTATION_CONTEXT(2) 
PARAMETRIC_REPRESENTATION_CONTEXT() REPRESENTATION_CONTEXT('2D SPACE',''
  ) );
#3931 = ORIENTED_EDGE('',*,*,#1093,.F.);
#3932 = ORIENTED_EDGE('',*,*,#3933,.F.);
#3933 = EDGE_CURVE('',#3910,#1068,#3934,.T.);
#3934 = SURFACE_CURVE('',#3935,(#3939,#3946),.PCURVE_S1.);
#3935 = LINE('',#3936,#3937);
#3936 = CARTESIAN_POINT('',(162.545,48.064048584585,30.708685782795));
#3937 = VECTOR('',#3938,1.);
#3938 = DIRECTION('',(-0.593796375622,0.307912964548,0.743367655041));
#3939 = PCURVE('',#1109,#3940);
#3940 = DEFINITIONAL_REPRESENTATION('',(#3941),#3945);
#3941 = LINE('',#3942,#3943);
#3942 = CARTESIAN_POINT('',(-0.601968217911,0.861053267028));
#3943 = VECTOR('',#3944,1.);
#3944 = DIRECTION('',(0.804615351766,-0.593796375622));
#3945 = ( GEOMETRIC_REPRESENTATION_CONTEXT(2) 
PARAMETRIC_REPRESENTATION_CONTEXT() REPRESENTATION_CONTEXT('2D SPACE',''
  ) );
#3946 = PCURVE('',#3947,#3952);
#3947 = PLANE('',#3948);
#3948 = AXIS2_PLACEMENT_3D('',#3949,#3950,#3951);
#3949 = CARTESIAN_POINT('',(162.19322845355,46.145432959546,
    32.160866130582));
#3950 = DIRECTION('',(0.804168352357,0.257901188375,0.535537335862));
#3951 = DIRECTION('',(-0.554288185732,0.,0.832324820703));
#3952 = DEFINITIONAL_REPRESENTATION('',(#3953),#3957);
#3953 = LINE('',#3954,#3955);
#3954 = CARTESIAN_POINT('',(-1.403668559872,-1.985792404573));
#3955 = VECTOR('',#3956,1.);
#3956 = DIRECTION('',(0.947857665936,-0.318693967822));
#3957 = ( GEOMETRIC_REPRESENTATION_CONTEXT(2) 
PARAMETRIC_REPRESENTATION_CONTEXT() REPRESENTATION_CONTEXT('2D SPACE',''
  ) );
#3958 = ADVANCED_FACE('',(#3959),#2351,.T.);
#3959 = FACE_BOUND('',#3960,.T.);
#3960 = EDGE_LOOP('',(#3961,#3962,#3963));
#3961 = ORIENTED_EDGE('',*,*,#3885,.F.);
#3962 = ORIENTED_EDGE('',*,*,#2335,.F.);
#3963 = ORIENTED_EDGE('',*,*,#3964,.F.);
#3964 = EDGE_CURVE('',#3857,#2310,#3965,.T.);
#3965 = SURFACE_CURVE('',#3966,(#3970,#3977),.PCURVE_S1.);
#3966 = LINE('',#3967,#3968);
#3967 = CARTESIAN_POINT('',(162.545,46.336556495786,46.040602126952));
#3968 = VECTOR('',#3969,1.);
#3969 = DIRECTION('',(-0.593796375622,-0.536152686217,0.599955132789));
#3970 = PCURVE('',#2351,#3971);
#3971 = DEFINITIONAL_REPRESENTATION('',(#3972),#3976);
#3972 = LINE('',#3973,#3974);
#3973 = CARTESIAN_POINT('',(-0.601968217911,0.861053267028));
#3974 = VECTOR('',#3975,1.);
#3975 = DIRECTION('',(0.804615351766,-0.593796375622));
#3976 = ( GEOMETRIC_REPRESENTATION_CONTEXT(2) 
PARAMETRIC_REPRESENTATION_CONTEXT() REPRESENTATION_CONTEXT('2D SPACE',''
  ) );
#3977 = PCURVE('',#3978,#3983);
#3978 = PLANE('',#3979);
#3979 = AXIS2_PLACEMENT_3D('',#3980,#3981,#3982);
#3980 = CARTESIAN_POINT('',(162.19322845355,44.19573109053,
    44.942066618491));
#3981 = DIRECTION('',(0.804168352357,-0.370603335276,0.464721883442));
#3982 = DIRECTION('',(-0.500351277364,0.,0.865822498691));
#3983 = DEFINITIONAL_REPRESENTATION('',(#3984),#3988);
#3984 = LINE('',#3985,#3986);
#3985 = CARTESIAN_POINT('',(0.775127416232,-2.304958652262));
#3986 = VECTOR('',#3987,1.);
#3987 = DIRECTION('',(0.816561427211,0.577258551769));
#3988 = ( GEOMETRIC_REPRESENTATION_CONTEXT(2) 
PARAMETRIC_REPRESENTATION_CONTEXT() REPRESENTATION_CONTEXT('2D SPACE',''
  ) );
#3989 = ADVANCED_FACE('',(#3990),#1136,.T.);
#3990 = FACE_BOUND('',#3991,.T.);
#3991 = EDGE_LOOP('',(#3992,#4018,#4019));
#3992 = ORIENTED_EDGE('',*,*,#3993,.F.);
#3993 = EDGE_CURVE('',#1122,#3910,#3994,.T.);
#3994 = SURFACE_CURVE('',#3995,(#3999,#4006),.PCURVE_S1.);
#3995 = LINE('',#3996,#3997);
#3996 = CARTESIAN_POINT('',(161.345,47.27750088881,29.285534890528));
#3997 = VECTOR('',#3998,1.);
#3998 = DIRECTION('',(0.593796375622,0.389207642504,0.704218201493));
#3999 = PCURVE('',#1136,#4000);
#4000 = DEFINITIONAL_REPRESENTATION('',(#4001),#4005);
#4001 = LINE('',#4002,#4003);
#4002 = CARTESIAN_POINT('',(-1.02654185605,-0.372944942388));
#4003 = VECTOR('',#4004,1.);
#4004 = DIRECTION('',(0.804615351766,0.593796375622));
#4005 = ( GEOMETRIC_REPRESENTATION_CONTEXT(2) 
PARAMETRIC_REPRESENTATION_CONTEXT() REPRESENTATION_CONTEXT('2D SPACE',''
  ) );
#4006 = PCURVE('',#4007,#4012);
#4007 = PLANE('',#4008);
#4008 = AXIS2_PLACEMENT_3D('',#4009,#4010,#4011);
#4009 = CARTESIAN_POINT('',(161.69677154644,45.533541727964,
    30.943401026391));
#4010 = DIRECTION('',(0.804168352357,-0.316240717078,-0.503294218057));
#4011 = DIRECTION('',(0.53052110163,2.775557561563E-17,0.847671729342));
#4012 = DEFINITIONAL_REPRESENTATION('',(#4013),#4017);
#4013 = LINE('',#4014,#4015);
#4014 = CARTESIAN_POINT('',(-1.591948482748,-1.838302730322));
#4015 = VECTOR('',#4016,1.);
#4016 = DIRECTION('',(0.911967368033,-0.410262744645));
#4017 = ( GEOMETRIC_REPRESENTATION_CONTEXT(2) 
PARAMETRIC_REPRESENTATION_CONTEXT() REPRESENTATION_CONTEXT('2D SPACE',''
  ) );
#4018 = ORIENTED_EDGE('',*,*,#1121,.T.);
#4019 = ORIENTED_EDGE('',*,*,#3909,.T.);
#4020 = ADVANCED_FACE('',(#4021),#2324,.T.);
#4021 = FACE_BOUND('',#4022,.T.);
#4022 = EDGE_LOOP('',(#4023,#4051,#4052));
#4023 = ORIENTED_EDGE('',*,*,#4024,.F.);
#4024 = EDGE_CURVE('',#2310,#4025,#4027,.T.);
#4025 = VERTEX_POINT('',#4026);
#4026 = CARTESIAN_POINT('',(162.545,44.040602126952,48.336556495786));
#4027 = SURFACE_CURVE('',#4028,(#4032,#4039),.PCURVE_S1.);
#4028 = LINE('',#4029,#4030);
#4029 = CARTESIAN_POINT('',(161.345,45.253048327205,47.253048327205));
#4030 = VECTOR('',#4031,1.);
#4031 = DIRECTION('',(0.593796375622,-0.599955132789,0.536152686217));
#4032 = PCURVE('',#2324,#4033);
#4033 = DEFINITIONAL_REPRESENTATION('',(#4034),#4038);
#4034 = LINE('',#4035,#4036);
#4035 = CARTESIAN_POINT('',(1.02654185605,0.372944942388));
#4036 = VECTOR('',#4037,1.);
#4037 = DIRECTION('',(-0.804615351766,-0.593796375622));
#4038 = ( GEOMETRIC_REPRESENTATION_CONTEXT(2) 
PARAMETRIC_REPRESENTATION_CONTEXT() REPRESENTATION_CONTEXT('2D SPACE',''
  ) );
#4039 = PCURVE('',#4040,#4045);
#4040 = PLANE('',#4041);
#4041 = AXIS2_PLACEMENT_3D('',#4042,#4043,#4044);
#4042 = CARTESIAN_POINT('',(161.69677154644,43.248680935437,
    45.921723784518));
#4043 = DIRECTION('',(0.804168352357,0.420305401504,-0.420305401504));
#4044 = DIRECTION('',(-0.463206318762,0.886250476028,2.775557561563E-17)
  );
#4045 = DEFINITIONAL_REPRESENTATION('',(#4046),#4050);
#4046 = LINE('',#4047,#4048);
#4047 = CARTESIAN_POINT('',(1.939314358163,1.467213931318));
#4048 = VECTOR('',#4049,1.);
#4049 = DIRECTION('',(-0.806760755276,0.590878230896));
#4050 = ( GEOMETRIC_REPRESENTATION_CONTEXT(2) 
PARAMETRIC_REPRESENTATION_CONTEXT() REPRESENTATION_CONTEXT('2D SPACE',''
  ) );
#4051 = ORIENTED_EDGE('',*,*,#2309,.T.);
#4052 = ORIENTED_EDGE('',*,*,#4053,.T.);
#4053 = EDGE_CURVE('',#2282,#4025,#4054,.T.);
#4054 = SURFACE_CURVE('',#4055,(#4059,#4066),.PCURVE_S1.);
#4055 = LINE('',#4056,#4057);
#4056 = CARTESIAN_POINT('',(161.245,44.040602126952,48.336556495786));
#4057 = VECTOR('',#4058,1.);
#4058 = DIRECTION('',(1.,0.,0.));
#4059 = PCURVE('',#2324,#4060);
#4060 = DEFINITIONAL_REPRESENTATION('',(#4061),#4065);
#4061 = LINE('',#4062,#4063);
#4062 = CARTESIAN_POINT('',(-0.599501113829,0.472944942388));
#4063 = VECTOR('',#4064,1.);
#4064 = DIRECTION('',(0.,-1.));
#4065 = ( GEOMETRIC_REPRESENTATION_CONTEXT(2) 
PARAMETRIC_REPRESENTATION_CONTEXT() REPRESENTATION_CONTEXT('2D SPACE',''
  ) );
#4066 = PCURVE('',#2297,#4067);
#4067 = DEFINITIONAL_REPRESENTATION('',(#4068),#4072);
#4068 = LINE('',#4069,#4070);
#4069 = CARTESIAN_POINT('',(0.601968217911,0.438946732972));
#4070 = VECTOR('',#4071,1.);
#4071 = DIRECTION('',(0.,-1.));
#4072 = ( GEOMETRIC_REPRESENTATION_CONTEXT(2) 
PARAMETRIC_REPRESENTATION_CONTEXT() REPRESENTATION_CONTEXT('2D SPACE',''
  ) );
#4073 = ADVANCED_FACE('',(#4074),#1163,.T.);
#4074 = FACE_BOUND('',#4075,.T.);
#4075 = EDGE_LOOP('',(#4076,#4099,#4100));
#4076 = ORIENTED_EDGE('',*,*,#4077,.F.);
#4077 = EDGE_CURVE('',#1148,#4078,#4080,.T.);
#4078 = VERTEX_POINT('',#4079);
#4079 = CARTESIAN_POINT('',(162.545,46.336556495786,27.959397873048));
#4080 = SURFACE_CURVE('',#4081,(#4085,#4092),.PCURVE_S1.);
#4081 = LINE('',#4082,#4083);
#4082 = CARTESIAN_POINT('',(161.245,46.336556495786,27.959397873048));
#4083 = VECTOR('',#4084,1.);
#4084 = DIRECTION('',(1.,0.,0.));
#4085 = PCURVE('',#1163,#4086);
#4086 = DEFINITIONAL_REPRESENTATION('',(#4087),#4091);
#4087 = LINE('',#4088,#4089);
#4088 = CARTESIAN_POINT('',(-0.601968217911,-0.438946732972));
#4089 = VECTOR('',#4090,1.);
#4090 = DIRECTION('',(0.,1.));
#4091 = ( GEOMETRIC_REPRESENTATION_CONTEXT(2) 
PARAMETRIC_REPRESENTATION_CONTEXT() REPRESENTATION_CONTEXT('2D SPACE',''
  ) );
#4092 = PCURVE('',#1190,#4093);
#4093 = DEFINITIONAL_REPRESENTATION('',(#4094),#4098);
#4094 = LINE('',#4095,#4096);
#4095 = CARTESIAN_POINT('',(0.599501113829,-0.472944942388));
#4096 = VECTOR('',#4097,1.);
#4097 = DIRECTION('',(0.,1.));
#4098 = ( GEOMETRIC_REPRESENTATION_CONTEXT(2) 
PARAMETRIC_REPRESENTATION_CONTEXT() REPRESENTATION_CONTEXT('2D SPACE',''
  ) );
#4099 = ORIENTED_EDGE('',*,*,#1147,.F.);
#4100 = ORIENTED_EDGE('',*,*,#4101,.F.);
#4101 = EDGE_CURVE('',#4078,#1122,#4102,.T.);
#4102 = SURFACE_CURVE('',#4103,(#4107,#4114),.PCURVE_S1.);
#4103 = LINE('',#4104,#4105);
#4104 = CARTESIAN_POINT('',(162.545,46.336556495786,27.959397873048));
#4105 = VECTOR('',#4106,1.);
#4106 = DIRECTION('',(-0.593796375622,0.465607808533,0.656212795465));
#4107 = PCURVE('',#1163,#4108);
#4108 = DEFINITIONAL_REPRESENTATION('',(#4109),#4113);
#4109 = LINE('',#4110,#4111);
#4110 = CARTESIAN_POINT('',(-0.601968217911,0.861053267028));
#4111 = VECTOR('',#4112,1.);
#4112 = DIRECTION('',(0.804615351766,-0.593796375622));
#4113 = ( GEOMETRIC_REPRESENTATION_CONTEXT(2) 
PARAMETRIC_REPRESENTATION_CONTEXT() REPRESENTATION_CONTEXT('2D SPACE',''
  ) );
#4114 = PCURVE('',#4115,#4120);
#4115 = PLANE('',#4116);
#4116 = AXIS2_PLACEMENT_3D('',#4117,#4118,#4119);
#4117 = CARTESIAN_POINT('',(162.19322845355,44.78918509745,
    29.802101168414));
#4118 = DIRECTION('',(0.804168352357,0.370603335276,0.464721883442));
#4119 = DIRECTION('',(-0.500351277364,0.,0.865822498691));
#4120 = DEFINITIONAL_REPRESENTATION('',(#4121),#4125);
#4121 = LINE('',#4122,#4123);
#4122 = CARTESIAN_POINT('',(-1.771463314145,-1.666005590228));
#4123 = VECTOR('',#4124,1.);
#4124 = DIRECTION('',(0.865270577279,-0.501305124745));
#4125 = ( GEOMETRIC_REPRESENTATION_CONTEXT(2) 
PARAMETRIC_REPRESENTATION_CONTEXT() REPRESENTATION_CONTEXT('2D SPACE',''
  ) );
#4126 = ADVANCED_FACE('',(#4127),#2297,.T.);
#4127 = FACE_BOUND('',#4128,.T.);
#4128 = EDGE_LOOP('',(#4129,#4130,#4131));
#4129 = ORIENTED_EDGE('',*,*,#4053,.F.);
#4130 = ORIENTED_EDGE('',*,*,#2281,.F.);
#4131 = ORIENTED_EDGE('',*,*,#4132,.F.);
#4132 = EDGE_CURVE('',#4025,#2256,#4133,.T.);
#4133 = SURFACE_CURVE('',#4134,(#4138,#4145),.PCURVE_S1.);
#4134 = LINE('',#4135,#4136);
#4135 = CARTESIAN_POINT('',(162.545,44.040602126952,48.336556495786));
#4136 = VECTOR('',#4137,1.);
#4137 = DIRECTION('',(-0.593796375622,-0.656212795465,0.465607808533));
#4138 = PCURVE('',#2297,#4139);
#4139 = DEFINITIONAL_REPRESENTATION('',(#4140),#4144);
#4140 = LINE('',#4141,#4142);
#4141 = CARTESIAN_POINT('',(0.601968217911,-0.861053267028));
#4142 = VECTOR('',#4143,1.);
#4143 = DIRECTION('',(-0.804615351766,0.593796375622));
#4144 = ( GEOMETRIC_REPRESENTATION_CONTEXT(2) 
PARAMETRIC_REPRESENTATION_CONTEXT() REPRESENTATION_CONTEXT('2D SPACE',''
  ) );
#4145 = PCURVE('',#4146,#4151);
#4146 = PLANE('',#4147);
#4147 = AXIS2_PLACEMENT_3D('',#4148,#4149,#4150);
#4148 = CARTESIAN_POINT('',(162.19322845355,42.197898831586,
    46.78918509745));
#4149 = DIRECTION('',(0.804168352357,-0.464721883442,0.370603335276));
#4150 = DIRECTION('',(0.500351277364,0.865822498691,-2.775557561563E-17)
  );
#4151 = DEFINITIONAL_REPRESENTATION('',(#4152),#4156);
#4152 = LINE('',#4153,#4154);
#4153 = CARTESIAN_POINT('',(1.771463314145,1.666005590228));
#4154 = VECTOR('',#4155,1.);
#4155 = DIRECTION('',(-0.865270577279,0.501305124745));
#4156 = ( GEOMETRIC_REPRESENTATION_CONTEXT(2) 
PARAMETRIC_REPRESENTATION_CONTEXT() REPRESENTATION_CONTEXT('2D SPACE',''
  ) );
#4157 = ADVANCED_FACE('',(#4158),#1190,.T.);
#4158 = FACE_BOUND('',#4159,.T.);
#4159 = EDGE_LOOP('',(#4160,#4186,#4187));
#4160 = ORIENTED_EDGE('',*,*,#4161,.F.);
#4161 = EDGE_CURVE('',#1176,#4078,#4162,.T.);
#4162 = SURFACE_CURVE('',#4163,(#4167,#4174),.PCURVE_S1.);
#4163 = LINE('',#4164,#4165);
#4164 = CARTESIAN_POINT('',(161.345,45.253048327205,26.746951672795));
#4165 = VECTOR('',#4166,1.);
#4166 = DIRECTION('',(0.593796375622,0.536152686217,0.599955132789));
#4167 = PCURVE('',#1190,#4168);
#4168 = DEFINITIONAL_REPRESENTATION('',(#4169),#4173);
#4169 = LINE('',#4170,#4171);
#4170 = CARTESIAN_POINT('',(-1.02654185605,-0.372944942388));
#4171 = VECTOR('',#4172,1.);
#4172 = DIRECTION('',(0.804615351766,0.593796375622));
#4173 = ( GEOMETRIC_REPRESENTATION_CONTEXT(2) 
PARAMETRIC_REPRESENTATION_CONTEXT() REPRESENTATION_CONTEXT('2D SPACE',''
  ) );
#4174 = PCURVE('',#4175,#4180);
#4175 = PLANE('',#4176);
#4176 = AXIS2_PLACEMENT_3D('',#4177,#4178,#4179);
#4177 = CARTESIAN_POINT('',(161.69677154644,43.921723784518,
    28.751319064563));
#4178 = DIRECTION('',(0.804168352357,-0.420305401504,-0.420305401504));
#4179 = DIRECTION('',(0.463206318762,0.,0.886250476028));
#4180 = DEFINITIONAL_REPRESENTATION('',(#4181),#4185);
#4181 = LINE('',#4182,#4183);
#4182 = CARTESIAN_POINT('',(-1.939314358163,-1.467213931318));
#4183 = VECTOR('',#4184,1.);
#4184 = DIRECTION('',(0.806760755276,-0.590878230896));
#4185 = ( GEOMETRIC_REPRESENTATION_CONTEXT(2) 
PARAMETRIC_REPRESENTATION_CONTEXT() REPRESENTATION_CONTEXT('2D SPACE',''
  ) );
#4186 = ORIENTED_EDGE('',*,*,#1175,.T.);
#4187 = ORIENTED_EDGE('',*,*,#4077,.T.);
#4188 = ADVANCED_FACE('',(#4189),#2270,.T.);
#4189 = FACE_BOUND('',#4190,.T.);
#4190 = EDGE_LOOP('',(#4191,#4219,#4220));
#4191 = ORIENTED_EDGE('',*,*,#4192,.F.);
#4192 = EDGE_CURVE('',#2256,#4193,#4195,.T.);
#4193 = VERTEX_POINT('',#4194);
#4194 = CARTESIAN_POINT('',(162.545,41.291314217205,50.064048584585));
#4195 = SURFACE_CURVE('',#4196,(#4200,#4207),.PCURVE_S1.);
#4196 = LINE('',#4197,#4198);
#4197 = CARTESIAN_POINT('',(161.345,42.714465109472,49.27750088881));
#4198 = VECTOR('',#4199,1.);
#4199 = DIRECTION('',(0.593796375622,-0.704218201493,0.389207642504));
#4200 = PCURVE('',#2270,#4201);
#4201 = DEFINITIONAL_REPRESENTATION('',(#4202),#4206);
#4202 = LINE('',#4203,#4204);
#4203 = CARTESIAN_POINT('',(1.02654185605,0.372944942388));
#4204 = VECTOR('',#4205,1.);
#4205 = DIRECTION('',(-0.804615351766,-0.593796375622));
#4206 = ( GEOMETRIC_REPRESENTATION_CONTEXT(2) 
PARAMETRIC_REPRESENTATION_CONTEXT() REPRESENTATION_CONTEXT('2D SPACE',''
  ) );
#4207 = PCURVE('',#4208,#4213);
#4208 = PLANE('',#4209);
#4209 = AXIS2_PLACEMENT_3D('',#4210,#4211,#4212);
#4210 = CARTESIAN_POINT('',(161.69677154644,41.056598973609,
    47.533541727964));
#4211 = DIRECTION('',(0.804168352357,0.503294218057,-0.316240717078));
#4212 = DIRECTION('',(-0.53052110163,0.847671729342,2.775557561563E-17)
  );
#4213 = DEFINITIONAL_REPRESENTATION('',(#4214),#4218);
#4214 = LINE('',#4215,#4216);
#4215 = CARTESIAN_POINT('',(1.591948482748,1.838302730322));
#4216 = VECTOR('',#4217,1.);
#4217 = DIRECTION('',(-0.911967368033,0.410262744645));
#4218 = ( GEOMETRIC_REPRESENTATION_CONTEXT(2) 
PARAMETRIC_REPRESENTATION_CONTEXT() REPRESENTATION_CONTEXT('2D SPACE',''
  ) );
#4219 = ORIENTED_EDGE('',*,*,#2255,.T.);
#4220 = ORIENTED_EDGE('',*,*,#4221,.T.);
#4221 = EDGE_CURVE('',#2228,#4193,#4222,.T.);
#4222 = SURFACE_CURVE('',#4223,(#4227,#4234),.PCURVE_S1.);
#4223 = LINE('',#4224,#4225);
#4224 = CARTESIAN_POINT('',(161.245,41.291314217205,50.064048584585));
#4225 = VECTOR('',#4226,1.);
#4226 = DIRECTION('',(1.,0.,0.));
#4227 = PCURVE('',#2270,#4228);
#4228 = DEFINITIONAL_REPRESENTATION('',(#4229),#4233);
#4229 = LINE('',#4230,#4231);
#4230 = CARTESIAN_POINT('',(-0.599501113829,0.472944942388));
#4231 = VECTOR('',#4232,1.);
#4232 = DIRECTION('',(0.,-1.));
#4233 = ( GEOMETRIC_REPRESENTATION_CONTEXT(2) 
PARAMETRIC_REPRESENTATION_CONTEXT() REPRESENTATION_CONTEXT('2D SPACE',''
  ) );
#4234 = PCURVE('',#2243,#4235);
#4235 = DEFINITIONAL_REPRESENTATION('',(#4236),#4240);
#4236 = LINE('',#4237,#4238);
#4237 = CARTESIAN_POINT('',(0.601968217911,0.438946732972));
#4238 = VECTOR('',#4239,1.);
#4239 = DIRECTION('',(0.,-1.));
#4240 = ( GEOMETRIC_REPRESENTATION_CONTEXT(2) 
PARAMETRIC_REPRESENTATION_CONTEXT() REPRESENTATION_CONTEXT('2D SPACE',''
  ) );
#4241 = ADVANCED_FACE('',(#4242),#1217,.T.);
#4242 = FACE_BOUND('',#4243,.T.);
#4243 = EDGE_LOOP('',(#4244,#4267,#4268));
#4244 = ORIENTED_EDGE('',*,*,#4245,.F.);
#4245 = EDGE_CURVE('',#1202,#4246,#4248,.T.);
#4246 = VERTEX_POINT('',#4247);
#4247 = CARTESIAN_POINT('',(162.545,44.040602126952,25.663443504214));
#4248 = SURFACE_CURVE('',#4249,(#4253,#4260),.PCURVE_S1.);
#4249 = LINE('',#4250,#4251);
#4250 = CARTESIAN_POINT('',(161.245,44.040602126952,25.663443504214));
#4251 = VECTOR('',#4252,1.);
#4252 = DIRECTION('',(1.,0.,0.));
#4253 = PCURVE('',#1217,#4254);
#4254 = DEFINITIONAL_REPRESENTATION('',(#4255),#4259);
#4255 = LINE('',#4256,#4257);
#4256 = CARTESIAN_POINT('',(0.601968217911,0.438946732972));
#4257 = VECTOR('',#4258,1.);
#4258 = DIRECTION('',(0.,-1.));
#4259 = ( GEOMETRIC_REPRESENTATION_CONTEXT(2) 
PARAMETRIC_REPRESENTATION_CONTEXT() REPRESENTATION_CONTEXT('2D SPACE',''
  ) );
#4260 = PCURVE('',#1244,#4261);
#4261 = DEFINITIONAL_REPRESENTATION('',(#4262),#4266);
#4262 = LINE('',#4263,#4264);
#4263 = CARTESIAN_POINT('',(-0.599501113829,0.472944942388));
#4264 = VECTOR('',#4265,1.);
#4265 = DIRECTION('',(0.,-1.));
#4266 = ( GEOMETRIC_REPRESENTATION_CONTEXT(2) 
PARAMETRIC_REPRESENTATION_CONTEXT() REPRESENTATION_CONTEXT('2D SPACE',''
  ) );
#4267 = ORIENTED_EDGE('',*,*,#1201,.F.);
#4268 = ORIENTED_EDGE('',*,*,#4269,.F.);
#4269 = EDGE_CURVE('',#4246,#1176,#4270,.T.);
#4270 = SURFACE_CURVE('',#4271,(#4275,#4282),.PCURVE_S1.);
#4271 = LINE('',#4272,#4273);
#4272 = CARTESIAN_POINT('',(162.545,44.040602126952,25.663443504214));
#4273 = VECTOR('',#4274,1.);
#4274 = DIRECTION('',(-0.593796375622,0.599955132789,0.536152686217));
#4275 = PCURVE('',#1217,#4276);
#4276 = DEFINITIONAL_REPRESENTATION('',(#4277),#4281);
#4277 = LINE('',#4278,#4279);
#4278 = CARTESIAN_POINT('',(0.601968217911,-0.861053267028));
#4279 = VECTOR('',#4280,1.);
#4280 = DIRECTION('',(-0.804615351766,0.593796375622));
#4281 = ( GEOMETRIC_REPRESENTATION_CONTEXT(2) 
PARAMETRIC_REPRESENTATION_CONTEXT() REPRESENTATION_CONTEXT('2D SPACE',''
  ) );
#4282 = PCURVE('',#4283,#4288);
#4283 = PLANE('',#4284);
#4284 = AXIS2_PLACEMENT_3D('',#4285,#4286,#4287);
#4285 = CARTESIAN_POINT('',(162.19322845355,42.942066618491,
    27.80426890947));
#4286 = DIRECTION('',(0.804168352357,0.464721883442,0.370603335276));
#4287 = DIRECTION('',(-0.500351277364,0.865822498691,2.775557561563E-17)
  );
#4288 = DEFINITIONAL_REPRESENTATION('',(#4289),#4293);
#4289 = LINE('',#4290,#4291);
#4290 = CARTESIAN_POINT('',(0.775127416232,-2.304958652262));
#4291 = VECTOR('',#4292,1.);
#4292 = DIRECTION('',(0.816561427211,0.577258551769));
#4293 = ( GEOMETRIC_REPRESENTATION_CONTEXT(2) 
PARAMETRIC_REPRESENTATION_CONTEXT() REPRESENTATION_CONTEXT('2D SPACE',''
  ) );
#4294 = ADVANCED_FACE('',(#4295),#2243,.T.);
#4295 = FACE_BOUND('',#4296,.T.);
#4296 = EDGE_LOOP('',(#4297,#4298,#4299));
#4297 = ORIENTED_EDGE('',*,*,#4221,.F.);
#4298 = ORIENTED_EDGE('',*,*,#2227,.F.);
#4299 = ORIENTED_EDGE('',*,*,#4300,.F.);
#4300 = EDGE_CURVE('',#4193,#2202,#4301,.T.);
#4301 = SURFACE_CURVE('',#4302,(#4306,#4313),.PCURVE_S1.);
#4302 = LINE('',#4303,#4304);
#4303 = CARTESIAN_POINT('',(162.545,41.291314217205,50.064048584585));
#4304 = VECTOR('',#4305,1.);
#4305 = DIRECTION('',(-0.593796375622,-0.743367655041,0.307912964548));
#4306 = PCURVE('',#2243,#4307);
#4307 = DEFINITIONAL_REPRESENTATION('',(#4308),#4312);
#4308 = LINE('',#4309,#4310);
#4309 = CARTESIAN_POINT('',(0.601968217911,-0.861053267028));
#4310 = VECTOR('',#4311,1.);
#4311 = DIRECTION('',(-0.804615351766,0.593796375622));
#4312 = ( GEOMETRIC_REPRESENTATION_CONTEXT(2) 
PARAMETRIC_REPRESENTATION_CONTEXT() REPRESENTATION_CONTEXT('2D SPACE',''
  ) );
#4313 = PCURVE('',#4314,#4319);
#4314 = PLANE('',#4315);
#4315 = AXIS2_PLACEMENT_3D('',#4316,#4317,#4318);
#4316 = CARTESIAN_POINT('',(162.19322845355,39.839133869418,
    48.145432959546));
#4317 = DIRECTION('',(0.804168352357,-0.535537335862,0.257901188375));
#4318 = DIRECTION('',(0.554288185732,0.832324820703,1.387778780781E-17)
  );
#4319 = DEFINITIONAL_REPRESENTATION('',(#4320),#4324);
#4320 = LINE('',#4321,#4322);
#4321 = CARTESIAN_POINT('',(1.403668559872,1.985792404573));
#4322 = VECTOR('',#4323,1.);
#4323 = DIRECTION('',(-0.947857665936,0.318693967822));
#4324 = ( GEOMETRIC_REPRESENTATION_CONTEXT(2) 
PARAMETRIC_REPRESENTATION_CONTEXT() REPRESENTATION_CONTEXT('2D SPACE',''
  ) );
#4325 = ADVANCED_FACE('',(#4326),#1244,.T.);
#4326 = FACE_BOUND('',#4327,.T.);
#4327 = EDGE_LOOP('',(#4328,#4354,#4355));
#4328 = ORIENTED_EDGE('',*,*,#4329,.F.);
#4329 = EDGE_CURVE('',#1230,#4246,#4330,.T.);
#4330 = SURFACE_CURVE('',#4331,(#4335,#4342),.PCURVE_S1.);
#4331 = LINE('',#4332,#4333);
#4332 = CARTESIAN_POINT('',(161.345,42.714465109472,24.72249911119));
#4333 = VECTOR('',#4334,1.);
#4334 = DIRECTION('',(0.593796375622,0.656212795465,0.465607808533));
#4335 = PCURVE('',#1244,#4336);
#4336 = DEFINITIONAL_REPRESENTATION('',(#4337),#4341);
#4337 = LINE('',#4338,#4339);
#4338 = CARTESIAN_POINT('',(1.02654185605,0.372944942388));
#4339 = VECTOR('',#4340,1.);
#4340 = DIRECTION('',(-0.804615351766,-0.593796375622));
#4341 = ( GEOMETRIC_REPRESENTATION_CONTEXT(2) 
PARAMETRIC_REPRESENTATION_CONTEXT() REPRESENTATION_CONTEXT('2D SPACE',''
  ) );
#4342 = PCURVE('',#4343,#4348);
#4343 = PLANE('',#4344);
#4344 = AXIS2_PLACEMENT_3D('',#4345,#4346,#4347);
#4345 = CARTESIAN_POINT('',(161.69677154644,41.862533356642,
    26.972860408329));
#4346 = DIRECTION('',(0.804168352357,-0.503294218057,-0.316240717078));
#4347 = DIRECTION('',(0.53052110163,0.847671729342,2.775557561563E-17));
#4348 = DEFINITIONAL_REPRESENTATION('',(#4349),#4353);
#4349 = LINE('',#4350,#4351);
#4350 = CARTESIAN_POINT('',(0.535536233861,-2.372099880328));
#4351 = VECTOR('',#4352,1.);
#4352 = DIRECTION('',(0.871274542486,0.490795957211));
#4353 = ( GEOMETRIC_REPRESENTATION_CONTEXT(2) 
PARAMETRIC_REPRESENTATION_CONTEXT() REPRESENTATION_CONTEXT('2D SPACE',''
  ) );
#4354 = ORIENTED_EDGE('',*,*,#1229,.T.);
#4355 = ORIENTED_EDGE('',*,*,#4245,.T.);
#4356 = ADVANCED_FACE('',(#4357),#2216,.T.);
#4357 = FACE_BOUND('',#4358,.T.);
#4358 = EDGE_LOOP('',(#4359,#4387,#4388));
#4359 = ORIENTED_EDGE('',*,*,#4360,.F.);
#4360 = EDGE_CURVE('',#2202,#4361,#4363,.T.);
#4361 = VERTEX_POINT('',#4362);
#4362 = CARTESIAN_POINT('',(162.545,38.226553542367,51.136454726636));
#4363 = SURFACE_CURVE('',#4364,(#4368,#4375),.PCURVE_S1.);
#4364 = LINE('',#4365,#4366);
#4365 = CARTESIAN_POINT('',(161.345,39.78904639835,50.686308289471));
#4366 = VECTOR('',#4367,1.);
#4367 = DIRECTION('',(0.593796375622,-0.773168829015,0.222746102407));
#4368 = PCURVE('',#2216,#4369);
#4369 = DEFINITIONAL_REPRESENTATION('',(#4370),#4374);
#4370 = LINE('',#4371,#4372);
#4371 = CARTESIAN_POINT('',(1.02654185605,0.372944942388));
#4372 = VECTOR('',#4373,1.);
#4373 = DIRECTION('',(-0.804615351766,-0.593796375622));
#4374 = ( GEOMETRIC_REPRESENTATION_CONTEXT(2) 
PARAMETRIC_REPRESENTATION_CONTEXT() REPRESENTATION_CONTEXT('2D SPACE',''
  ) );
#4375 = PCURVE('',#4376,#4381);
#4376 = PLANE('',#4377);
#4377 = AXIS2_PLACEMENT_3D('',#4378,#4379,#4380);
#4378 = CARTESIAN_POINT('',(161.69677154644,38.560813849089,
    48.61716390493));
#4379 = DIRECTION('',(0.804168352357,0.561045760943,-0.196318402591));
#4380 = DIRECTION('',(-0.572180274357,0.820127876393,0.));
#4381 = DEFINITIONAL_REPRESENTATION('',(#4382),#4386);
#4382 = LINE('',#4383,#4384);
#4383 = CARTESIAN_POINT('',(1.208584492299,2.110208621204));
#4384 = VECTOR('',#4385,1.);
#4385 = DIRECTION('',(-0.973855882949,0.227166721254));
#4386 = ( GEOMETRIC_REPRESENTATION_CONTEXT(2) 
PARAMETRIC_REPRESENTATION_CONTEXT() REPRESENTATION_CONTEXT('2D SPACE',''
  ) );
#4387 = ORIENTED_EDGE('',*,*,#2201,.T.);
#4388 = ORIENTED_EDGE('',*,*,#4389,.T.);
#4389 = EDGE_CURVE('',#2174,#4361,#4390,.T.);
#4390 = SURFACE_CURVE('',#4391,(#4395,#4402),.PCURVE_S1.);
#4391 = LINE('',#4392,#4393);
#4392 = CARTESIAN_POINT('',(161.245,38.226553542367,51.136454726636));
#4393 = VECTOR('',#4394,1.);
#4394 = DIRECTION('',(1.,0.,0.));
#4395 = PCURVE('',#2216,#4396);
#4396 = DEFINITIONAL_REPRESENTATION('',(#4397),#4401);
#4397 = LINE('',#4398,#4399);
#4398 = CARTESIAN_POINT('',(-0.599501113829,0.472944942388));
#4399 = VECTOR('',#4400,1.);
#4400 = DIRECTION('',(0.,-1.));
#4401 = ( GEOMETRIC_REPRESENTATION_CONTEXT(2) 
PARAMETRIC_REPRESENTATION_CONTEXT() REPRESENTATION_CONTEXT('2D SPACE',''
  ) );
#4402 = PCURVE('',#2189,#4403);
#4403 = DEFINITIONAL_REPRESENTATION('',(#4404),#4408);
#4404 = LINE('',#4405,#4406);
#4405 = CARTESIAN_POINT('',(0.601968217911,0.438946732972));
#4406 = VECTOR('',#4407,1.);
#4407 = DIRECTION('',(0.,-1.));
#4408 = ( GEOMETRIC_REPRESENTATION_CONTEXT(2) 
PARAMETRIC_REPRESENTATION_CONTEXT() REPRESENTATION_CONTEXT('2D SPACE',''
  ) );
#4409 = ADVANCED_FACE('',(#4410),#1271,.T.);
#4410 = FACE_BOUND('',#4411,.T.);
#4411 = EDGE_LOOP('',(#4412,#4435,#4436));
#4412 = ORIENTED_EDGE('',*,*,#4413,.F.);
#4413 = EDGE_CURVE('',#1256,#4414,#4416,.T.);
#4414 = VERTEX_POINT('',#4415);
#4415 = CARTESIAN_POINT('',(162.545,41.291314217205,23.935951415415));
#4416 = SURFACE_CURVE('',#4417,(#4421,#4428),.PCURVE_S1.);
#4417 = LINE('',#4418,#4419);
#4418 = CARTESIAN_POINT('',(161.245,41.291314217205,23.935951415415));
#4419 = VECTOR('',#4420,1.);
#4420 = DIRECTION('',(1.,0.,0.));
#4421 = PCURVE('',#1271,#4422);
#4422 = DEFINITIONAL_REPRESENTATION('',(#4423),#4427);
#4423 = LINE('',#4424,#4425);
#4424 = CARTESIAN_POINT('',(0.601968217911,0.438946732972));
#4425 = VECTOR('',#4426,1.);
#4426 = DIRECTION('',(0.,-1.));
#4427 = ( GEOMETRIC_REPRESENTATION_CONTEXT(2) 
PARAMETRIC_REPRESENTATION_CONTEXT() REPRESENTATION_CONTEXT('2D SPACE',''
  ) );
#4428 = PCURVE('',#1298,#4429);
#4429 = DEFINITIONAL_REPRESENTATION('',(#4430),#4434);
#4430 = LINE('',#4431,#4432);
#4431 = CARTESIAN_POINT('',(-0.599501113829,0.472944942388));
#4432 = VECTOR('',#4433,1.);
#4433 = DIRECTION('',(0.,-1.));
#4434 = ( GEOMETRIC_REPRESENTATION_CONTEXT(2) 
PARAMETRIC_REPRESENTATION_CONTEXT() REPRESENTATION_CONTEXT('2D SPACE',''
  ) );
#4435 = ORIENTED_EDGE('',*,*,#1255,.F.);
#4436 = ORIENTED_EDGE('',*,*,#4437,.F.);
#4437 = EDGE_CURVE('',#4414,#1230,#4438,.T.);
#4438 = SURFACE_CURVE('',#4439,(#4443,#4450),.PCURVE_S1.);
#4439 = LINE('',#4440,#4441);
#4440 = CARTESIAN_POINT('',(162.545,41.291314217205,23.935951415415));
#4441 = VECTOR('',#4442,1.);
#4442 = DIRECTION('',(-0.593796375622,0.704218201493,0.389207642504));
#4443 = PCURVE('',#1271,#4444);
#4444 = DEFINITIONAL_REPRESENTATION('',(#4445),#4449);
#4445 = LINE('',#4446,#4447);
#4446 = CARTESIAN_POINT('',(0.601968217911,-0.861053267028));
#4447 = VECTOR('',#4448,1.);
#4448 = DIRECTION('',(-0.804615351766,0.593796375622));
#4449 = ( GEOMETRIC_REPRESENTATION_CONTEXT(2) 
PARAMETRIC_REPRESENTATION_CONTEXT() REPRESENTATION_CONTEXT('2D SPACE',''
  ) );
#4450 = PCURVE('',#4451,#4456);
#4451 = PLANE('',#4452);
#4452 = AXIS2_PLACEMENT_3D('',#4453,#4454,#4455);
#4453 = CARTESIAN_POINT('',(162.19322845355,40.696699756098,
    26.267549005434));
#4454 = DIRECTION('',(0.804168352357,0.535537335862,0.257901188375));
#4455 = DIRECTION('',(-0.554288185732,0.832324820703,0.));
#4456 = DEFINITIONAL_REPRESENTATION('',(#4457),#4461);
#4457 = LINE('',#4458,#4459);
#4458 = CARTESIAN_POINT('',(0.299929562456,-2.413234169656));
#4459 = VECTOR('',#4460,1.);
#4460 = DIRECTION('',(0.915272604031,0.402835028653));
#4461 = ( GEOMETRIC_REPRESENTATION_CONTEXT(2) 
PARAMETRIC_REPRESENTATION_CONTEXT() REPRESENTATION_CONTEXT('2D SPACE',''
  ) );
#4462 = ADVANCED_FACE('',(#4463),#2189,.T.);
#4463 = FACE_BOUND('',#4464,.T.);
#4464 = EDGE_LOOP('',(#4465,#4466,#4467));
#4465 = ORIENTED_EDGE('',*,*,#4389,.F.);
#4466 = ORIENTED_EDGE('',*,*,#2173,.F.);
#4467 = ORIENTED_EDGE('',*,*,#4468,.F.);
#4468 = EDGE_CURVE('',#4361,#2148,#4469,.T.);
#4469 = SURFACE_CURVE('',#4470,(#4474,#4481),.PCURVE_S1.);
#4470 = LINE('',#4471,#4472);
#4471 = CARTESIAN_POINT('',(162.545,38.226553542367,51.136454726636));
#4472 = VECTOR('',#4473,1.);
#4473 = DIRECTION('',(-0.593796375622,-0.793246956361,0.134778078787));
#4474 = PCURVE('',#2189,#4475);
#4475 = DEFINITIONAL_REPRESENTATION('',(#4476),#4480);
#4476 = LINE('',#4477,#4478);
#4477 = CARTESIAN_POINT('',(0.601968217911,-0.861053267028));
#4478 = VECTOR('',#4479,1.);
#4479 = DIRECTION('',(-0.804615351766,0.593796375622));
#4480 = ( GEOMETRIC_REPRESENTATION_CONTEXT(2) 
PARAMETRIC_REPRESENTATION_CONTEXT() REPRESENTATION_CONTEXT('2D SPACE',''
  ) );
#4481 = PCURVE('',#4482,#4487);
#4482 = PLANE('',#4483);
#4483 = AXIS2_PLACEMENT_3D('',#4484,#4485,#4486);
#4484 = CARTESIAN_POINT('',(162.19322845355,37.237714528575,
    48.942802273775));
#4485 = DIRECTION('',(0.804168352357,-0.579498710053,0.132266798987));
#4486 = DIRECTION('',(0.584635226655,0.811296278651,6.938893903907E-18)
  );
#4487 = DEFINITIONAL_REPRESENTATION('',(#4488),#4492);
#4488 = LINE('',#4489,#4490);
#4489 = CARTESIAN_POINT('',(1.007899449863,2.213096382673));
#4490 = VECTOR('',#4491,1.);
#4491 = DIRECTION('',(-0.990712582396,0.135972714474));
#4492 = ( GEOMETRIC_REPRESENTATION_CONTEXT(2) 
PARAMETRIC_REPRESENTATION_CONTEXT() REPRESENTATION_CONTEXT('2D SPACE',''
  ) );
#4493 = ADVANCED_FACE('',(#4494),#1298,.T.);
#4494 = FACE_BOUND('',#4495,.T.);
#4495 = EDGE_LOOP('',(#4496,#4522,#4523));
#4496 = ORIENTED_EDGE('',*,*,#4497,.F.);
#4497 = EDGE_CURVE('',#1284,#4414,#4498,.T.);
#4498 = SURFACE_CURVE('',#4499,(#4503,#4510),.PCURVE_S1.);
#4499 = LINE('',#4500,#4501);
#4500 = CARTESIAN_POINT('',(161.345,39.78904639835,23.313691710529));
#4501 = VECTOR('',#4502,1.);
#4502 = DIRECTION('',(0.593796375622,0.743367655041,0.307912964548));
#4503 = PCURVE('',#1298,#4504);
#4504 = DEFINITIONAL_REPRESENTATION('',(#4505),#4509);
#4505 = LINE('',#4506,#4507);
#4506 = CARTESIAN_POINT('',(1.02654185605,0.372944942388));
#4507 = VECTOR('',#4508,1.);
#4508 = DIRECTION('',(-0.804615351766,-0.593796375622));
#4509 = ( GEOMETRIC_REPRESENTATION_CONTEXT(2) 
PARAMETRIC_REPRESENTATION_CONTEXT() REPRESENTATION_CONTEXT('2D SPACE',''
  ) );
#4510 = PCURVE('',#4511,#4516);
#4511 = PLANE('',#4512);
#4512 = AXIS2_PLACEMENT_3D('',#4513,#4514,#4515);
#4513 = CARTESIAN_POINT('',(161.69677154644,39.45922685082,
    25.69720440091));
#4514 = DIRECTION('',(0.804168352357,-0.561045760943,-0.196318402591));
#4515 = DIRECTION('',(0.572180274357,0.820127876393,0.));
#4516 = DEFINITIONAL_REPRESENTATION('',(#4517),#4521);
#4517 = LINE('',#4518,#4519);
#4518 = CARTESIAN_POINT('',(6.921746515184E-02,-2.430815880018));
#4519 = VECTOR('',#4520,1.);
#4520 = DIRECTION('',(0.949415109424,0.314023804827));
#4521 = ( GEOMETRIC_REPRESENTATION_CONTEXT(2) 
PARAMETRIC_REPRESENTATION_CONTEXT() REPRESENTATION_CONTEXT('2D SPACE',''
  ) );
#4522 = ORIENTED_EDGE('',*,*,#1283,.T.);
#4523 = ORIENTED_EDGE('',*,*,#4413,.T.);
#4524 = ADVANCED_FACE('',(#4525),#2162,.T.);
#4525 = FACE_BOUND('',#4526,.T.);
#4526 = EDGE_LOOP('',(#4527,#4555,#4556));
#4527 = ORIENTED_EDGE('',*,*,#4528,.F.);
#4528 = EDGE_CURVE('',#2148,#4529,#4531,.T.);
#4529 = VERTEX_POINT('',#4530);
#4530 = CARTESIAN_POINT('',(162.545,35.,51.5));
#4531 = SURFACE_CURVE('',#4532,(#4536,#4543),.PCURVE_S1.);
#4532 = LINE('',#4533,#4534);
#4533 = CARTESIAN_POINT('',(161.345,36.623484903498,51.408827043452));
#4534 = VECTOR('',#4535,1.);
#4535 = DIRECTION('',(0.593796375622,-0.803349542979,4.511514262745E-02)
  );
#4536 = PCURVE('',#2162,#4537);
#4537 = DEFINITIONAL_REPRESENTATION('',(#4538),#4542);
#4538 = LINE('',#4539,#4540);
#4539 = CARTESIAN_POINT('',(1.02654185605,0.372944942388));
#4540 = VECTOR('',#4541,1.);
#4541 = DIRECTION('',(-0.804615351766,-0.593796375622));
#4542 = ( GEOMETRIC_REPRESENTATION_CONTEXT(2) 
PARAMETRIC_REPRESENTATION_CONTEXT() REPRESENTATION_CONTEXT('2D SPACE',''
  ) );
#4543 = PCURVE('',#4544,#4549);
#4544 = PLANE('',#4545);
#4545 = AXIS2_PLACEMENT_3D('',#4546,#4547,#4548);
#4546 = CARTESIAN_POINT('',(161.69677154644,35.886474649512,
    49.118252974652));
#4547 = DIRECTION('',(0.804168352357,0.590664126651,-6.655186364335E-02)
  );
#4548 = DIRECTION('',(-0.591976558154,0.805955181506,6.938893903907E-18)
  );
#4549 = DEFINITIONAL_REPRESENTATION('',(#4550),#4554);
#4550 = LINE('',#4551,#4552);
#4551 = CARTESIAN_POINT('',(0.802237742345,2.295663630584));
#4552 = VECTOR('',#4553,1.);
#4553 = DIRECTION('',(-0.998977261409,4.521538662695E-02));
#4554 = ( GEOMETRIC_REPRESENTATION_CONTEXT(2) 
PARAMETRIC_REPRESENTATION_CONTEXT() REPRESENTATION_CONTEXT('2D SPACE',''
  ) );
#4555 = ORIENTED_EDGE('',*,*,#2147,.T.);
#4556 = ORIENTED_EDGE('',*,*,#4557,.T.);
#4557 = EDGE_CURVE('',#2120,#4529,#4558,.T.);
#4558 = SURFACE_CURVE('',#4559,(#4563,#4570),.PCURVE_S1.);
#4559 = LINE('',#4560,#4561);
#4560 = CARTESIAN_POINT('',(161.245,35.,51.5));
#4561 = VECTOR('',#4562,1.);
#4562 = DIRECTION('',(1.,0.,0.));
#4563 = PCURVE('',#2162,#4564);
#4564 = DEFINITIONAL_REPRESENTATION('',(#4565),#4569);
#4565 = LINE('',#4566,#4567);
#4566 = CARTESIAN_POINT('',(-0.599501113829,0.472944942388));
#4567 = VECTOR('',#4568,1.);
#4568 = DIRECTION('',(0.,-1.));
#4569 = ( GEOMETRIC_REPRESENTATION_CONTEXT(2) 
PARAMETRIC_REPRESENTATION_CONTEXT() REPRESENTATION_CONTEXT('2D SPACE',''
  ) );
#4570 = PCURVE('',#2135,#4571);
#4571 = DEFINITIONAL_REPRESENTATION('',(#4572),#4576);
#4572 = LINE('',#4573,#4574);
#4573 = CARTESIAN_POINT('',(0.601968217911,0.438946732972));
#4574 = VECTOR('',#4575,1.);
#4575 = DIRECTION('',(0.,-1.));
#4576 = ( GEOMETRIC_REPRESENTATION_CONTEXT(2) 
PARAMETRIC_REPRESENTATION_CONTEXT() REPRESENTATION_CONTEXT('2D SPACE',''
  ) );
#4577 = ADVANCED_FACE('',(#4578),#1325,.T.);
#4578 = FACE_BOUND('',#4579,.T.);
#4579 = EDGE_LOOP('',(#4580,#4603,#4604));
#4580 = ORIENTED_EDGE('',*,*,#4581,.F.);
#4581 = EDGE_CURVE('',#1310,#4582,#4584,.T.);
#4582 = VERTEX_POINT('',#4583);
#4583 = CARTESIAN_POINT('',(162.545,38.226553542367,22.863545273364));
#4584 = SURFACE_CURVE('',#4585,(#4589,#4596),.PCURVE_S1.);
#4585 = LINE('',#4586,#4587);
#4586 = CARTESIAN_POINT('',(161.245,38.226553542367,22.863545273364));
#4587 = VECTOR('',#4588,1.);
#4588 = DIRECTION('',(1.,0.,0.));
#4589 = PCURVE('',#1325,#4590);
#4590 = DEFINITIONAL_REPRESENTATION('',(#4591),#4595);
#4591 = LINE('',#4592,#4593);
#4592 = CARTESIAN_POINT('',(0.601968217911,0.438946732972));
#4593 = VECTOR('',#4594,1.);
#4594 = DIRECTION('',(0.,-1.));
#4595 = ( GEOMETRIC_REPRESENTATION_CONTEXT(2) 
PARAMETRIC_REPRESENTATION_CONTEXT() REPRESENTATION_CONTEXT('2D SPACE',''
  ) );
#4596 = PCURVE('',#1352,#4597);
#4597 = DEFINITIONAL_REPRESENTATION('',(#4598),#4602);
#4598 = LINE('',#4599,#4600);
#4599 = CARTESIAN_POINT('',(-0.599501113829,0.472944942388));
#4600 = VECTOR('',#4601,1.);
#4601 = DIRECTION('',(0.,-1.));
#4602 = ( GEOMETRIC_REPRESENTATION_CONTEXT(2) 
PARAMETRIC_REPRESENTATION_CONTEXT() REPRESENTATION_CONTEXT('2D SPACE',''
  ) );
#4603 = ORIENTED_EDGE('',*,*,#1309,.F.);
#4604 = ORIENTED_EDGE('',*,*,#4605,.F.);
#4605 = EDGE_CURVE('',#4582,#1284,#4606,.T.);
#4606 = SURFACE_CURVE('',#4607,(#4611,#4618),.PCURVE_S1.);
#4607 = LINE('',#4608,#4609);
#4608 = CARTESIAN_POINT('',(162.545,38.226553542367,22.863545273364));
#4609 = VECTOR('',#4610,1.);
#4610 = DIRECTION('',(-0.593796375622,0.773168829015,0.222746102407));
#4611 = PCURVE('',#1325,#4612);
#4612 = DEFINITIONAL_REPRESENTATION('',(#4613),#4617);
#4613 = LINE('',#4614,#4615);
#4614 = CARTESIAN_POINT('',(0.601968217911,-0.861053267028));
#4615 = VECTOR('',#4616,1.);
#4616 = DIRECTION('',(-0.804615351766,0.593796375622));
#4617 = ( GEOMETRIC_REPRESENTATION_CONTEXT(2) 
PARAMETRIC_REPRESENTATION_CONTEXT() REPRESENTATION_CONTEXT('2D SPACE',''
  ) );
#4618 = PCURVE('',#4619,#4624);
#4619 = PLANE('',#4620);
#4620 = AXIS2_PLACEMENT_3D('',#4621,#4622,#4623);
#4621 = CARTESIAN_POINT('',(162.19322845355,38.165676580588,
    25.268999009079));
#4622 = DIRECTION('',(0.804168352357,0.579498710053,0.132266798987));
#4623 = DIRECTION('',(-0.584635226655,0.811296278651,6.938893903907E-18)
  );
#4624 = DEFINITIONAL_REPRESENTATION('',(#4625),#4629);
#4625 = LINE('',#4626,#4627);
#4626 = CARTESIAN_POINT('',(-0.156268785242,-2.426775013632));
#4627 = VECTOR('',#4628,1.);
#4628 = DIRECTION('',(0.974423272398,0.224720462372));
#4629 = ( GEOMETRIC_REPRESENTATION_CONTEXT(2) 
PARAMETRIC_REPRESENTATION_CONTEXT() REPRESENTATION_CONTEXT('2D SPACE',''
  ) );
#4630 = ADVANCED_FACE('',(#4631),#2135,.T.);
#4631 = FACE_BOUND('',#4632,.T.);
#4632 = EDGE_LOOP('',(#4633,#4634,#4635));
#4633 = ORIENTED_EDGE('',*,*,#4557,.F.);
#4634 = ORIENTED_EDGE('',*,*,#2119,.F.);
#4635 = ORIENTED_EDGE('',*,*,#4636,.F.);
#4636 = EDGE_CURVE('',#4529,#2094,#4637,.T.);
#4637 = SURFACE_CURVE('',#4638,(#4642,#4649),.PCURVE_S1.);
#4638 = LINE('',#4639,#4640);
#4639 = CARTESIAN_POINT('',(162.545,35.,51.5));
#4640 = VECTOR('',#4641,1.);
#4641 = DIRECTION('',(-0.593796375622,-0.803349542979,
    -4.511514262745E-02));
#4642 = PCURVE('',#2135,#4643);
#4643 = DEFINITIONAL_REPRESENTATION('',(#4644),#4648);
#4644 = LINE('',#4645,#4646);
#4645 = CARTESIAN_POINT('',(0.601968217911,-0.861053267028));
#4646 = VECTOR('',#4647,1.);
#4647 = DIRECTION('',(-0.804615351766,0.593796375622));
#4648 = ( GEOMETRIC_REPRESENTATION_CONTEXT(2) 
PARAMETRIC_REPRESENTATION_CONTEXT() REPRESENTATION_CONTEXT('2D SPACE',''
  ) );
#4649 = PCURVE('',#4650,#4655);
#4650 = PLANE('',#4651);
#4651 = AXIS2_PLACEMENT_3D('',#4652,#4653,#4654);
#4652 = CARTESIAN_POINT('',(162.19322845355,34.524086837386,
    49.141309613198));
#4653 = DIRECTION('',(0.804168352357,-0.594401599146,0.));
#4654 = DIRECTION('',(0.594401599146,0.804168352357,0.));
#4655 = DEFINITIONAL_REPRESENTATION('',(#4656),#4660);
#4656 = LINE('',#4657,#4658);
#4657 = CARTESIAN_POINT('',(0.591807873586,2.358690386802));
#4658 = VECTOR('',#4659,1.);
#4659 = DIRECTION('',(-0.998981793581,-4.511514262745E-02));
#4660 = ( GEOMETRIC_REPRESENTATION_CONTEXT(2) 
PARAMETRIC_REPRESENTATION_CONTEXT() REPRESENTATION_CONTEXT('2D SPACE',''
  ) );
#4661 = ADVANCED_FACE('',(#4662),#1352,.T.);
#4662 = FACE_BOUND('',#4663,.T.);
#4663 = EDGE_LOOP('',(#4664,#4690,#4691));
#4664 = ORIENTED_EDGE('',*,*,#4665,.F.);
#4665 = EDGE_CURVE('',#1338,#4582,#4666,.T.);
#4666 = SURFACE_CURVE('',#4667,(#4671,#4678),.PCURVE_S1.);
#4667 = LINE('',#4668,#4669);
#4668 = CARTESIAN_POINT('',(161.345,36.623484903498,22.591172956548));
#4669 = VECTOR('',#4670,1.);
#4670 = DIRECTION('',(0.593796375622,0.793246956361,0.134778078787));
#4671 = PCURVE('',#1352,#4672);
#4672 = DEFINITIONAL_REPRESENTATION('',(#4673),#4677);
#4673 = LINE('',#4674,#4675);
#4674 = CARTESIAN_POINT('',(1.02654185605,0.372944942388));
#4675 = VECTOR('',#4676,1.);
#4676 = DIRECTION('',(-0.804615351766,-0.593796375622));
#4677 = ( GEOMETRIC_REPRESENTATION_CONTEXT(2) 
PARAMETRIC_REPRESENTATION_CONTEXT() REPRESENTATION_CONTEXT('2D SPACE',''
  ) );
#4678 = PCURVE('',#4679,#4684);
#4679 = PLANE('',#4680);
#4680 = AXIS2_PLACEMENT_3D('',#4681,#4682,#4683);
#4681 = CARTESIAN_POINT('',(161.69677154644,36.832316090588,
    24.988317761194));
#4682 = DIRECTION('',(0.804168352357,-0.590664126651,-6.655186364335E-02
    ));
#4683 = DIRECTION('',(0.591976558154,0.805955181506,6.938893903907E-18)
  );
#4684 = DEFINITIONAL_REPRESENTATION('',(#4685),#4689);
#4685 = LINE('',#4686,#4687);
#4686 = CARTESIAN_POINT('',(-0.376549086617,-2.402471162241));
#4687 = VECTOR('',#4688,1.);
#4688 = DIRECTION('',(0.990835029378,0.135077550159));
#4689 = ( GEOMETRIC_REPRESENTATION_CONTEXT(2) 
PARAMETRIC_REPRESENTATION_CONTEXT() REPRESENTATION_CONTEXT('2D SPACE',''
  ) );
#4690 = ORIENTED_EDGE('',*,*,#1337,.T.);
#4691 = ORIENTED_EDGE('',*,*,#4581,.T.);
#4692 = ADVANCED_FACE('',(#4693),#2108,.T.);
#4693 = FACE_BOUND('',#4694,.T.);
#4694 = EDGE_LOOP('',(#4695,#4723,#4724));
#4695 = ORIENTED_EDGE('',*,*,#4696,.F.);
#4696 = EDGE_CURVE('',#2094,#4697,#4699,.T.);
#4697 = VERTEX_POINT('',#4698);
#4698 = CARTESIAN_POINT('',(162.545,31.773446457633,51.136454726636));
#4699 = SURFACE_CURVE('',#4700,(#4704,#4711),.PCURVE_S1.);
#4700 = LINE('',#4701,#4702);
#4701 = CARTESIAN_POINT('',(161.345,33.376515096502,51.408827043452));
#4702 = VECTOR('',#4703,1.);
#4703 = DIRECTION('',(0.593796375622,-0.793246956361,-0.134778078787));
#4704 = PCURVE('',#2108,#4705);
#4705 = DEFINITIONAL_REPRESENTATION('',(#4706),#4710);
#4706 = LINE('',#4707,#4708);
#4707 = CARTESIAN_POINT('',(1.02654185605,0.372944942388));
#4708 = VECTOR('',#4709,1.);
#4709 = DIRECTION('',(-0.804615351766,-0.593796375622));
#4710 = ( GEOMETRIC_REPRESENTATION_CONTEXT(2) 
PARAMETRIC_REPRESENTATION_CONTEXT() REPRESENTATION_CONTEXT('2D SPACE',''
  ) );
#4711 = PCURVE('',#4712,#4717);
#4712 = PLANE('',#4713);
#4713 = AXIS2_PLACEMENT_3D('',#4714,#4715,#4716);
#4714 = CARTESIAN_POINT('',(161.69677154644,33.167683909412,
    49.011682238806));
#4715 = DIRECTION('',(0.804168352357,0.590664126651,6.655186364335E-02)
  );
#4716 = DIRECTION('',(-0.591976558154,0.805955181506,0.));
#4717 = DEFINITIONAL_REPRESENTATION('',(#4718),#4722);
#4718 = LINE('',#4719,#4720);
#4719 = CARTESIAN_POINT('',(0.376549086617,2.402471162241));
#4720 = VECTOR('',#4721,1.);
#4721 = DIRECTION('',(-0.990835029378,-0.135077550159));
#4722 = ( GEOMETRIC_REPRESENTATION_CONTEXT(2) 
PARAMETRIC_REPRESENTATION_CONTEXT() REPRESENTATION_CONTEXT('2D SPACE',''
  ) );
#4723 = ORIENTED_EDGE('',*,*,#2093,.T.);
#4724 = ORIENTED_EDGE('',*,*,#4725,.T.);
#4725 = EDGE_CURVE('',#2066,#4697,#4726,.T.);
#4726 = SURFACE_CURVE('',#4727,(#4731,#4738),.PCURVE_S1.);
#4727 = LINE('',#4728,#4729);
#4728 = CARTESIAN_POINT('',(161.245,31.773446457633,51.136454726636));
#4729 = VECTOR('',#4730,1.);
#4730 = DIRECTION('',(1.,0.,0.));
#4731 = PCURVE('',#2108,#4732);
#4732 = DEFINITIONAL_REPRESENTATION('',(#4733),#4737);
#4733 = LINE('',#4734,#4735);
#4734 = CARTESIAN_POINT('',(-0.599501113829,0.472944942388));
#4735 = VECTOR('',#4736,1.);
#4736 = DIRECTION('',(0.,-1.));
#4737 = ( GEOMETRIC_REPRESENTATION_CONTEXT(2) 
PARAMETRIC_REPRESENTATION_CONTEXT() REPRESENTATION_CONTEXT('2D SPACE',''
  ) );
#4738 = PCURVE('',#2081,#4739);
#4739 = DEFINITIONAL_REPRESENTATION('',(#4740),#4744);
#4740 = LINE('',#4741,#4742);
#4741 = CARTESIAN_POINT('',(0.601968217911,0.438946732972));
#4742 = VECTOR('',#4743,1.);
#4743 = DIRECTION('',(0.,-1.));
#4744 = ( GEOMETRIC_REPRESENTATION_CONTEXT(2) 
PARAMETRIC_REPRESENTATION_CONTEXT() REPRESENTATION_CONTEXT('2D SPACE',''
  ) );
#4745 = ADVANCED_FACE('',(#4746),#1379,.T.);
#4746 = FACE_BOUND('',#4747,.T.);
#4747 = EDGE_LOOP('',(#4748,#4771,#4772));
#4748 = ORIENTED_EDGE('',*,*,#4749,.F.);
#4749 = EDGE_CURVE('',#1364,#4750,#4752,.T.);
#4750 = VERTEX_POINT('',#4751);
#4751 = CARTESIAN_POINT('',(162.545,35.,22.5));
#4752 = SURFACE_CURVE('',#4753,(#4757,#4764),.PCURVE_S1.);
#4753 = LINE('',#4754,#4755);
#4754 = CARTESIAN_POINT('',(161.245,35.,22.5));
#4755 = VECTOR('',#4756,1.);
#4756 = DIRECTION('',(1.,0.,0.));
#4757 = PCURVE('',#1379,#4758);
#4758 = DEFINITIONAL_REPRESENTATION('',(#4759),#4763);
#4759 = LINE('',#4760,#4761);
#4760 = CARTESIAN_POINT('',(0.601968217911,0.438946732972));
#4761 = VECTOR('',#4762,1.);
#4762 = DIRECTION('',(0.,-1.));
#4763 = ( GEOMETRIC_REPRESENTATION_CONTEXT(2) 
PARAMETRIC_REPRESENTATION_CONTEXT() REPRESENTATION_CONTEXT('2D SPACE',''
  ) );
#4764 = PCURVE('',#1406,#4765);
#4765 = DEFINITIONAL_REPRESENTATION('',(#4766),#4770);
#4766 = LINE('',#4767,#4768);
#4767 = CARTESIAN_POINT('',(-0.599501113829,0.472944942388));
#4768 = VECTOR('',#4769,1.);
#4769 = DIRECTION('',(0.,-1.));
#4770 = ( GEOMETRIC_REPRESENTATION_CONTEXT(2) 
PARAMETRIC_REPRESENTATION_CONTEXT() REPRESENTATION_CONTEXT('2D SPACE',''
  ) );
#4771 = ORIENTED_EDGE('',*,*,#1363,.F.);
#4772 = ORIENTED_EDGE('',*,*,#4773,.F.);
#4773 = EDGE_CURVE('',#4750,#1338,#4774,.T.);
#4774 = SURFACE_CURVE('',#4775,(#4779,#4786),.PCURVE_S1.);
#4775 = LINE('',#4776,#4777);
#4776 = CARTESIAN_POINT('',(162.545,35.,22.5));
#4777 = VECTOR('',#4778,1.);
#4778 = DIRECTION('',(-0.593796375622,0.803349542979,4.511514262745E-02)
  );
#4779 = PCURVE('',#1379,#4780);
#4780 = DEFINITIONAL_REPRESENTATION('',(#4781),#4785);
#4781 = LINE('',#4782,#4783);
#4782 = CARTESIAN_POINT('',(0.601968217911,-0.861053267028));
#4783 = VECTOR('',#4784,1.);
#4784 = DIRECTION('',(-0.804615351766,0.593796375622));
#4785 = ( GEOMETRIC_REPRESENTATION_CONTEXT(2) 
PARAMETRIC_REPRESENTATION_CONTEXT() REPRESENTATION_CONTEXT('2D SPACE',''
  ) );
#4786 = PCURVE('',#4787,#4792);
#4787 = PLANE('',#4788);
#4788 = AXIS2_PLACEMENT_3D('',#4789,#4790,#4791);
#4789 = CARTESIAN_POINT('',(162.19322845355,35.475913162614,
    24.858690386802));
#4790 = DIRECTION('',(0.804168352357,0.594401599146,-1.315136335672E-16)
  );
#4791 = DIRECTION('',(-0.594401599146,0.804168352357,0.));
#4792 = DEFINITIONAL_REPRESENTATION('',(#4793),#4797);
#4793 = LINE('',#4794,#4795);
#4794 = CARTESIAN_POINT('',(-0.591807873586,-2.358690386802));
#4795 = VECTOR('',#4796,1.);
#4796 = DIRECTION('',(0.998981793581,4.511514262745E-02));
#4797 = ( GEOMETRIC_REPRESENTATION_CONTEXT(2) 
PARAMETRIC_REPRESENTATION_CONTEXT() REPRESENTATION_CONTEXT('2D SPACE',''
  ) );
#4798 = ADVANCED_FACE('',(#4799),#2081,.T.);
#4799 = FACE_BOUND('',#4800,.T.);
#4800 = EDGE_LOOP('',(#4801,#4802,#4803));
#4801 = ORIENTED_EDGE('',*,*,#4725,.F.);
#4802 = ORIENTED_EDGE('',*,*,#2065,.F.);
#4803 = ORIENTED_EDGE('',*,*,#4804,.F.);
#4804 = EDGE_CURVE('',#4697,#2040,#4805,.T.);
#4805 = SURFACE_CURVE('',#4806,(#4810,#4817),.PCURVE_S1.);
#4806 = LINE('',#4807,#4808);
#4807 = CARTESIAN_POINT('',(162.545,31.773446457633,51.136454726636));
#4808 = VECTOR('',#4809,1.);
#4809 = DIRECTION('',(-0.593796375622,-0.773168829015,-0.222746102407));
#4810 = PCURVE('',#2081,#4811);
#4811 = DEFINITIONAL_REPRESENTATION('',(#4812),#4816);
#4812 = LINE('',#4813,#4814);
#4813 = CARTESIAN_POINT('',(0.601968217911,-0.861053267028));
#4814 = VECTOR('',#4815,1.);
#4815 = DIRECTION('',(-0.804615351766,0.593796375622));
#4816 = ( GEOMETRIC_REPRESENTATION_CONTEXT(2) 
PARAMETRIC_REPRESENTATION_CONTEXT() REPRESENTATION_CONTEXT('2D SPACE',''
  ) );
#4817 = PCURVE('',#4818,#4823);
#4818 = PLANE('',#4819);
#4819 = AXIS2_PLACEMENT_3D('',#4820,#4821,#4822);
#4820 = CARTESIAN_POINT('',(162.19322845355,31.834323419412,
    48.731000990921));
#4821 = DIRECTION('',(0.804168352357,-0.579498710053,-0.132266798987));
#4822 = DIRECTION('',(0.584635226655,0.811296278651,0.));
#4823 = DEFINITIONAL_REPRESENTATION('',(#4824),#4828);
#4824 = LINE('',#4825,#4826);
#4825 = CARTESIAN_POINT('',(0.156268785242,2.426775013632));
#4826 = VECTOR('',#4827,1.);
#4827 = DIRECTION('',(-0.974423272398,-0.224720462372));
#4828 = ( GEOMETRIC_REPRESENTATION_CONTEXT(2) 
PARAMETRIC_REPRESENTATION_CONTEXT() REPRESENTATION_CONTEXT('2D SPACE',''
  ) );
#4829 = ADVANCED_FACE('',(#4830),#1406,.T.);
#4830 = FACE_BOUND('',#4831,.T.);
#4831 = EDGE_LOOP('',(#4832,#4858,#4859));
#4832 = ORIENTED_EDGE('',*,*,#4833,.F.);
#4833 = EDGE_CURVE('',#1392,#4750,#4834,.T.);
#4834 = SURFACE_CURVE('',#4835,(#4839,#4846),.PCURVE_S1.);
#4835 = LINE('',#4836,#4837);
#4836 = CARTESIAN_POINT('',(161.345,33.376515096502,22.591172956548));
#4837 = VECTOR('',#4838,1.);
#4838 = DIRECTION('',(0.593796375622,0.803349542979,-4.511514262745E-02)
  );
#4839 = PCURVE('',#1406,#4840);
#4840 = DEFINITIONAL_REPRESENTATION('',(#4841),#4845);
#4841 = LINE('',#4842,#4843);
#4842 = CARTESIAN_POINT('',(1.02654185605,0.372944942388));
#4843 = VECTOR('',#4844,1.);
#4844 = DIRECTION('',(-0.804615351766,-0.593796375622));
#4845 = ( GEOMETRIC_REPRESENTATION_CONTEXT(2) 
PARAMETRIC_REPRESENTATION_CONTEXT() REPRESENTATION_CONTEXT('2D SPACE',''
  ) );
#4846 = PCURVE('',#4847,#4852);
#4847 = PLANE('',#4848);
#4848 = AXIS2_PLACEMENT_3D('',#4849,#4850,#4851);
#4849 = CARTESIAN_POINT('',(161.69677154644,34.113525350488,
    24.881747025348));
#4850 = DIRECTION('',(0.804168352357,-0.590664126651,6.655186364335E-02)
  );
#4851 = DIRECTION('',(0.591976558154,0.805955181506,0.));
#4852 = DEFINITIONAL_REPRESENTATION('',(#4853),#4857);
#4853 = LINE('',#4854,#4855);
#4854 = CARTESIAN_POINT('',(-0.802237742345,-2.295663630584));
#4855 = VECTOR('',#4856,1.);
#4856 = DIRECTION('',(0.998977261409,-4.521538662695E-02));
#4857 = ( GEOMETRIC_REPRESENTATION_CONTEXT(2) 
PARAMETRIC_REPRESENTATION_CONTEXT() REPRESENTATION_CONTEXT('2D SPACE',''
  ) );
#4858 = ORIENTED_EDGE('',*,*,#1391,.T.);
#4859 = ORIENTED_EDGE('',*,*,#4749,.T.);
#4860 = ADVANCED_FACE('',(#4861),#2054,.T.);
#4861 = FACE_BOUND('',#4862,.T.);
#4862 = EDGE_LOOP('',(#4863,#4891,#4892));
#4863 = ORIENTED_EDGE('',*,*,#4864,.F.);
#4864 = EDGE_CURVE('',#2040,#4865,#4867,.T.);
#4865 = VERTEX_POINT('',#4866);
#4866 = CARTESIAN_POINT('',(162.545,28.708685782795,50.064048584585));
#4867 = SURFACE_CURVE('',#4868,(#4872,#4879),.PCURVE_S1.);
#4868 = LINE('',#4869,#4870);
#4869 = CARTESIAN_POINT('',(161.345,30.21095360165,50.686308289471));
#4870 = VECTOR('',#4871,1.);
#4871 = DIRECTION('',(0.593796375622,-0.743367655041,-0.307912964548));
#4872 = PCURVE('',#2054,#4873);
#4873 = DEFINITIONAL_REPRESENTATION('',(#4874),#4878);
#4874 = LINE('',#4875,#4876);
#4875 = CARTESIAN_POINT('',(1.02654185605,0.372944942388));
#4876 = VECTOR('',#4877,1.);
#4877 = DIRECTION('',(-0.804615351766,-0.593796375622));
#4878 = ( GEOMETRIC_REPRESENTATION_CONTEXT(2) 
PARAMETRIC_REPRESENTATION_CONTEXT() REPRESENTATION_CONTEXT('2D SPACE',''
  ) );
#4879 = PCURVE('',#4880,#4885);
#4880 = PLANE('',#4881);
#4881 = AXIS2_PLACEMENT_3D('',#4882,#4883,#4884);
#4882 = CARTESIAN_POINT('',(161.69677154644,30.54077314918,
    48.30279559909));
#4883 = DIRECTION('',(0.804168352357,0.561045760943,0.196318402591));
#4884 = DIRECTION('',(-0.572180274357,0.820127876393,-1.387778780781E-17
    ));
#4885 = DEFINITIONAL_REPRESENTATION('',(#4886),#4890);
#4886 = LINE('',#4887,#4888);
#4887 = CARTESIAN_POINT('',(-6.921746515185E-02,2.430815880018));
#4888 = VECTOR('',#4889,1.);
#4889 = DIRECTION('',(-0.949415109424,-0.314023804827));
#4890 = ( GEOMETRIC_REPRESENTATION_CONTEXT(2) 
PARAMETRIC_REPRESENTATION_CONTEXT() REPRESENTATION_CONTEXT('2D SPACE',''
  ) );
#4891 = ORIENTED_EDGE('',*,*,#2039,.T.);
#4892 = ORIENTED_EDGE('',*,*,#4893,.T.);
#4893 = EDGE_CURVE('',#2012,#4865,#4894,.T.);
#4894 = SURFACE_CURVE('',#4895,(#4899,#4906),.PCURVE_S1.);
#4895 = LINE('',#4896,#4897);
#4896 = CARTESIAN_POINT('',(161.245,28.708685782795,50.064048584585));
#4897 = VECTOR('',#4898,1.);
#4898 = DIRECTION('',(1.,0.,0.));
#4899 = PCURVE('',#2054,#4900);
#4900 = DEFINITIONAL_REPRESENTATION('',(#4901),#4905);
#4901 = LINE('',#4902,#4903);
#4902 = CARTESIAN_POINT('',(-0.599501113829,0.472944942388));
#4903 = VECTOR('',#4904,1.);
#4904 = DIRECTION('',(0.,-1.));
#4905 = ( GEOMETRIC_REPRESENTATION_CONTEXT(2) 
PARAMETRIC_REPRESENTATION_CONTEXT() REPRESENTATION_CONTEXT('2D SPACE',''
  ) );
#4906 = PCURVE('',#2027,#4907);
#4907 = DEFINITIONAL_REPRESENTATION('',(#4908),#4912);
#4908 = LINE('',#4909,#4910);
#4909 = CARTESIAN_POINT('',(0.601968217911,0.438946732972));
#4910 = VECTOR('',#4911,1.);
#4911 = DIRECTION('',(0.,-1.));
#4912 = ( GEOMETRIC_REPRESENTATION_CONTEXT(2) 
PARAMETRIC_REPRESENTATION_CONTEXT() REPRESENTATION_CONTEXT('2D SPACE',''
  ) );
#4913 = ADVANCED_FACE('',(#4914),#1433,.T.);
#4914 = FACE_BOUND('',#4915,.T.);
#4915 = EDGE_LOOP('',(#4916,#4939,#4940));
#4916 = ORIENTED_EDGE('',*,*,#4917,.F.);
#4917 = EDGE_CURVE('',#1418,#4918,#4920,.T.);
#4918 = VERTEX_POINT('',#4919);
#4919 = CARTESIAN_POINT('',(162.545,31.773446457633,22.863545273364));
#4920 = SURFACE_CURVE('',#4921,(#4925,#4932),.PCURVE_S1.);
#4921 = LINE('',#4922,#4923);
#4922 = CARTESIAN_POINT('',(161.245,31.773446457633,22.863545273364));
#4923 = VECTOR('',#4924,1.);
#4924 = DIRECTION('',(1.,0.,0.));
#4925 = PCURVE('',#1433,#4926);
#4926 = DEFINITIONAL_REPRESENTATION('',(#4927),#4931);
#4927 = LINE('',#4928,#4929);
#4928 = CARTESIAN_POINT('',(0.601968217911,0.438946732972));
#4929 = VECTOR('',#4930,1.);
#4930 = DIRECTION('',(0.,-1.));
#4931 = ( GEOMETRIC_REPRESENTATION_CONTEXT(2) 
PARAMETRIC_REPRESENTATION_CONTEXT() REPRESENTATION_CONTEXT('2D SPACE',''
  ) );
#4932 = PCURVE('',#1460,#4933);
#4933 = DEFINITIONAL_REPRESENTATION('',(#4934),#4938);
#4934 = LINE('',#4935,#4936);
#4935 = CARTESIAN_POINT('',(-0.599501113829,0.472944942388));
#4936 = VECTOR('',#4937,1.);
#4937 = DIRECTION('',(0.,-1.));
#4938 = ( GEOMETRIC_REPRESENTATION_CONTEXT(2) 
PARAMETRIC_REPRESENTATION_CONTEXT() REPRESENTATION_CONTEXT('2D SPACE',''
  ) );
#4939 = ORIENTED_EDGE('',*,*,#1417,.F.);
#4940 = ORIENTED_EDGE('',*,*,#4941,.F.);
#4941 = EDGE_CURVE('',#4918,#1392,#4942,.T.);
#4942 = SURFACE_CURVE('',#4943,(#4947,#4954),.PCURVE_S1.);
#4943 = LINE('',#4944,#4945);
#4944 = CARTESIAN_POINT('',(162.545,31.773446457633,22.863545273364));
#4945 = VECTOR('',#4946,1.);
#4946 = DIRECTION('',(-0.593796375622,0.793246956361,-0.134778078787));
#4947 = PCURVE('',#1433,#4948);
#4948 = DEFINITIONAL_REPRESENTATION('',(#4949),#4953);
#4949 = LINE('',#4950,#4951);
#4950 = CARTESIAN_POINT('',(0.601968217911,-0.861053267028));
#4951 = VECTOR('',#4952,1.);
#4952 = DIRECTION('',(-0.804615351766,0.593796375622));
#4953 = ( GEOMETRIC_REPRESENTATION_CONTEXT(2) 
PARAMETRIC_REPRESENTATION_CONTEXT() REPRESENTATION_CONTEXT('2D SPACE',''
  ) );
#4954 = PCURVE('',#4955,#4960);
#4955 = PLANE('',#4956);
#4956 = AXIS2_PLACEMENT_3D('',#4957,#4958,#4959);
#4957 = CARTESIAN_POINT('',(162.19322845355,32.762285471425,
    25.057197726225));
#4958 = DIRECTION('',(0.804168352357,0.579498710053,-0.132266798987));
#4959 = DIRECTION('',(-0.584635226655,0.811296278651,0.));
#4960 = DEFINITIONAL_REPRESENTATION('',(#4961),#4965);
#4961 = LINE('',#4962,#4963);
#4962 = CARTESIAN_POINT('',(-1.007899449863,-2.213096382673));
#4963 = VECTOR('',#4964,1.);
#4964 = DIRECTION('',(0.990712582396,-0.135972714474));
#4965 = ( GEOMETRIC_REPRESENTATION_CONTEXT(2) 
PARAMETRIC_REPRESENTATION_CONTEXT() REPRESENTATION_CONTEXT('2D SPACE',''
  ) );
#4966 = ADVANCED_FACE('',(#4967),#2027,.T.);
#4967 = FACE_BOUND('',#4968,.T.);
#4968 = EDGE_LOOP('',(#4969,#4970,#4971));
#4969 = ORIENTED_EDGE('',*,*,#4893,.F.);
#4970 = ORIENTED_EDGE('',*,*,#2011,.F.);
#4971 = ORIENTED_EDGE('',*,*,#4972,.F.);
#4972 = EDGE_CURVE('',#4865,#1986,#4973,.T.);
#4973 = SURFACE_CURVE('',#4974,(#4978,#4985),.PCURVE_S1.);
#4974 = LINE('',#4975,#4976);
#4975 = CARTESIAN_POINT('',(162.545,28.708685782795,50.064048584585));
#4976 = VECTOR('',#4977,1.);
#4977 = DIRECTION('',(-0.593796375622,-0.704218201493,-0.389207642504));
#4978 = PCURVE('',#2027,#4979);
#4979 = DEFINITIONAL_REPRESENTATION('',(#4980),#4984);
#4980 = LINE('',#4981,#4982);
#4981 = CARTESIAN_POINT('',(0.601968217911,-0.861053267028));
#4982 = VECTOR('',#4983,1.);
#4983 = DIRECTION('',(-0.804615351766,0.593796375622));
#4984 = ( GEOMETRIC_REPRESENTATION_CONTEXT(2) 
PARAMETRIC_REPRESENTATION_CONTEXT() REPRESENTATION_CONTEXT('2D SPACE',''
  ) );
#4985 = PCURVE('',#4986,#4991);
#4986 = PLANE('',#4987);
#4987 = AXIS2_PLACEMENT_3D('',#4988,#4989,#4990);
#4988 = CARTESIAN_POINT('',(162.19322845355,29.303300243902,
    47.732450994566));
#4989 = DIRECTION('',(0.804168352357,-0.535537335862,-0.257901188375));
#4990 = DIRECTION('',(0.554288185732,0.832324820703,-1.387778780781E-17)
  );
#4991 = DEFINITIONAL_REPRESENTATION('',(#4992),#4996);
#4992 = LINE('',#4993,#4994);
#4993 = CARTESIAN_POINT('',(-0.299929562456,2.413234169656));
#4994 = VECTOR('',#4995,1.);
#4995 = DIRECTION('',(-0.915272604031,-0.402835028653));
#4996 = ( GEOMETRIC_REPRESENTATION_CONTEXT(2) 
PARAMETRIC_REPRESENTATION_CONTEXT() REPRESENTATION_CONTEXT('2D SPACE',''
  ) );
#4997 = ADVANCED_FACE('',(#4998),#1460,.T.);
#4998 = FACE_BOUND('',#4999,.T.);
#4999 = EDGE_LOOP('',(#5000,#5026,#5027));
#5000 = ORIENTED_EDGE('',*,*,#5001,.F.);
#5001 = EDGE_CURVE('',#1446,#4918,#5002,.T.);
#5002 = SURFACE_CURVE('',#5003,(#5007,#5014),.PCURVE_S1.);
#5003 = LINE('',#5004,#5005);
#5004 = CARTESIAN_POINT('',(161.345,30.21095360165,23.313691710529));
#5005 = VECTOR('',#5006,1.);
#5006 = DIRECTION('',(0.593796375622,0.773168829015,-0.222746102407));
#5007 = PCURVE('',#1460,#5008);
#5008 = DEFINITIONAL_REPRESENTATION('',(#5009),#5013);
#5009 = LINE('',#5010,#5011);
#5010 = CARTESIAN_POINT('',(1.02654185605,0.372944942388));
#5011 = VECTOR('',#5012,1.);
#5012 = DIRECTION('',(-0.804615351766,-0.593796375622));
#5013 = ( GEOMETRIC_REPRESENTATION_CONTEXT(2) 
PARAMETRIC_REPRESENTATION_CONTEXT() REPRESENTATION_CONTEXT('2D SPACE',''
  ) );
#5014 = PCURVE('',#5015,#5020);
#5015 = PLANE('',#5016);
#5016 = AXIS2_PLACEMENT_3D('',#5017,#5018,#5019);
#5017 = CARTESIAN_POINT('',(161.69677154644,31.439186150911,
    25.38283609507));
#5018 = DIRECTION('',(0.804168352357,-0.561045760943,0.196318402591));
#5019 = DIRECTION('',(0.572180274357,0.820127876393,-1.387778780781E-17)
  );
#5020 = DEFINITIONAL_REPRESENTATION('',(#5021),#5025);
#5021 = LINE('',#5022,#5023);
#5022 = CARTESIAN_POINT('',(-1.208584492299,-2.110208621204));
#5023 = VECTOR('',#5024,1.);
#5024 = DIRECTION('',(0.973855882949,-0.227166721254));
#5025 = ( GEOMETRIC_REPRESENTATION_CONTEXT(2) 
PARAMETRIC_REPRESENTATION_CONTEXT() REPRESENTATION_CONTEXT('2D SPACE',''
  ) );
#5026 = ORIENTED_EDGE('',*,*,#1445,.T.);
#5027 = ORIENTED_EDGE('',*,*,#4917,.T.);
#5028 = ADVANCED_FACE('',(#5029),#2000,.T.);
#5029 = FACE_BOUND('',#5030,.T.);
#5030 = EDGE_LOOP('',(#5031,#5059,#5060));
#5031 = ORIENTED_EDGE('',*,*,#5032,.F.);
#5032 = EDGE_CURVE('',#1986,#5033,#5035,.T.);
#5033 = VERTEX_POINT('',#5034);
#5034 = CARTESIAN_POINT('',(162.545,25.959397873048,48.336556495786));
#5035 = SURFACE_CURVE('',#5036,(#5040,#5047),.PCURVE_S1.);
#5036 = LINE('',#5037,#5038);
#5037 = CARTESIAN_POINT('',(161.345,27.285534890528,49.27750088881));
#5038 = VECTOR('',#5039,1.);
#5039 = DIRECTION('',(0.593796375622,-0.656212795465,-0.465607808533));
#5040 = PCURVE('',#2000,#5041);
#5041 = DEFINITIONAL_REPRESENTATION('',(#5042),#5046);
#5042 = LINE('',#5043,#5044);
#5043 = CARTESIAN_POINT('',(1.02654185605,0.372944942388));
#5044 = VECTOR('',#5045,1.);
#5045 = DIRECTION('',(-0.804615351766,-0.593796375622));
#5046 = ( GEOMETRIC_REPRESENTATION_CONTEXT(2) 
PARAMETRIC_REPRESENTATION_CONTEXT() REPRESENTATION_CONTEXT('2D SPACE',''
  ) );
#5047 = PCURVE('',#5048,#5053);
#5048 = PLANE('',#5049);
#5049 = AXIS2_PLACEMENT_3D('',#5050,#5051,#5052);
#5050 = CARTESIAN_POINT('',(161.69677154644,28.137466643358,
    47.027139591671));
#5051 = DIRECTION('',(0.804168352357,0.503294218057,0.316240717078));
#5052 = DIRECTION('',(-0.53052110163,0.847671729342,-2.775557561563E-17)
  );
#5053 = DEFINITIONAL_REPRESENTATION('',(#5054),#5058);
#5054 = LINE('',#5055,#5056);
#5055 = CARTESIAN_POINT('',(-0.535536233861,2.372099880328));
#5056 = VECTOR('',#5057,1.);
#5057 = DIRECTION('',(-0.871274542486,-0.490795957211));
#5058 = ( GEOMETRIC_REPRESENTATION_CONTEXT(2) 
PARAMETRIC_REPRESENTATION_CONTEXT() REPRESENTATION_CONTEXT('2D SPACE',''
  ) );
#5059 = ORIENTED_EDGE('',*,*,#1985,.T.);
#5060 = ORIENTED_EDGE('',*,*,#5061,.T.);
#5061 = EDGE_CURVE('',#1958,#5033,#5062,.T.);
#5062 = SURFACE_CURVE('',#5063,(#5067,#5074),.PCURVE_S1.);
#5063 = LINE('',#5064,#5065);
#5064 = CARTESIAN_POINT('',(161.245,25.959397873048,48.336556495786));
#5065 = VECTOR('',#5066,1.);
#5066 = DIRECTION('',(1.,0.,0.));
#5067 = PCURVE('',#2000,#5068);
#5068 = DEFINITIONAL_REPRESENTATION('',(#5069),#5073);
#5069 = LINE('',#5070,#5071);
#5070 = CARTESIAN_POINT('',(-0.599501113829,0.472944942388));
#5071 = VECTOR('',#5072,1.);
#5072 = DIRECTION('',(0.,-1.));
#5073 = ( GEOMETRIC_REPRESENTATION_CONTEXT(2) 
PARAMETRIC_REPRESENTATION_CONTEXT() REPRESENTATION_CONTEXT('2D SPACE',''
  ) );
#5074 = PCURVE('',#1973,#5075);
#5075 = DEFINITIONAL_REPRESENTATION('',(#5076),#5080);
#5076 = LINE('',#5077,#5078);
#5077 = CARTESIAN_POINT('',(0.601968217911,0.438946732972));
#5078 = VECTOR('',#5079,1.);
#5079 = DIRECTION('',(-1.232595164408E-32,-1.));
#5080 = ( GEOMETRIC_REPRESENTATION_CONTEXT(2) 
PARAMETRIC_REPRESENTATION_CONTEXT() REPRESENTATION_CONTEXT('2D SPACE',''
  ) );
#5081 = ADVANCED_FACE('',(#5082),#1487,.T.);
#5082 = FACE_BOUND('',#5083,.T.);
#5083 = EDGE_LOOP('',(#5084,#5107,#5108));
#5084 = ORIENTED_EDGE('',*,*,#5085,.F.);
#5085 = EDGE_CURVE('',#1472,#5086,#5088,.T.);
#5086 = VERTEX_POINT('',#5087);
#5087 = CARTESIAN_POINT('',(162.545,28.708685782795,23.935951415415));
#5088 = SURFACE_CURVE('',#5089,(#5093,#5100),.PCURVE_S1.);
#5089 = LINE('',#5090,#5091);
#5090 = CARTESIAN_POINT('',(161.245,28.708685782795,23.935951415415));
#5091 = VECTOR('',#5092,1.);
#5092 = DIRECTION('',(1.,0.,0.));
#5093 = PCURVE('',#1487,#5094);
#5094 = DEFINITIONAL_REPRESENTATION('',(#5095),#5099);
#5095 = LINE('',#5096,#5097);
#5096 = CARTESIAN_POINT('',(0.601968217911,0.438946732972));
#5097 = VECTOR('',#5098,1.);
#5098 = DIRECTION('',(0.,-1.));
#5099 = ( GEOMETRIC_REPRESENTATION_CONTEXT(2) 
PARAMETRIC_REPRESENTATION_CONTEXT() REPRESENTATION_CONTEXT('2D SPACE',''
  ) );
#5100 = PCURVE('',#1514,#5101);
#5101 = DEFINITIONAL_REPRESENTATION('',(#5102),#5106);
#5102 = LINE('',#5103,#5104);
#5103 = CARTESIAN_POINT('',(-0.599501113829,0.472944942388));
#5104 = VECTOR('',#5105,1.);
#5105 = DIRECTION('',(0.,-1.));
#5106 = ( GEOMETRIC_REPRESENTATION_CONTEXT(2) 
PARAMETRIC_REPRESENTATION_CONTEXT() REPRESENTATION_CONTEXT('2D SPACE',''
  ) );
#5107 = ORIENTED_EDGE('',*,*,#1471,.F.);
#5108 = ORIENTED_EDGE('',*,*,#5109,.F.);
#5109 = EDGE_CURVE('',#5086,#1446,#5110,.T.);
#5110 = SURFACE_CURVE('',#5111,(#5115,#5122),.PCURVE_S1.);
#5111 = LINE('',#5112,#5113);
#5112 = CARTESIAN_POINT('',(162.545,28.708685782795,23.935951415415));
#5113 = VECTOR('',#5114,1.);
#5114 = DIRECTION('',(-0.593796375622,0.743367655041,-0.307912964548));
#5115 = PCURVE('',#1487,#5116);
#5116 = DEFINITIONAL_REPRESENTATION('',(#5117),#5121);
#5117 = LINE('',#5118,#5119);
#5118 = CARTESIAN_POINT('',(0.601968217911,-0.861053267028));
#5119 = VECTOR('',#5120,1.);
#5120 = DIRECTION('',(-0.804615351766,0.593796375622));
#5121 = ( GEOMETRIC_REPRESENTATION_CONTEXT(2) 
PARAMETRIC_REPRESENTATION_CONTEXT() REPRESENTATION_CONTEXT('2D SPACE',''
  ) );
#5122 = PCURVE('',#5123,#5128);
#5123 = PLANE('',#5124);
#5124 = AXIS2_PLACEMENT_3D('',#5125,#5126,#5127);
#5125 = CARTESIAN_POINT('',(162.19322845355,30.160866130582,
    25.854567040454));
#5126 = DIRECTION('',(0.804168352357,0.535537335862,-0.257901188375));
#5127 = DIRECTION('',(-0.554288185732,0.832324820703,1.387778780781E-17)
  );
#5128 = DEFINITIONAL_REPRESENTATION('',(#5129),#5133);
#5129 = LINE('',#5130,#5131);
#5130 = CARTESIAN_POINT('',(-1.403668559872,-1.985792404573));
#5131 = VECTOR('',#5132,1.);
#5132 = DIRECTION('',(0.947857665936,-0.318693967822));
#5133 = ( GEOMETRIC_REPRESENTATION_CONTEXT(2) 
PARAMETRIC_REPRESENTATION_CONTEXT() REPRESENTATION_CONTEXT('2D SPACE',''
  ) );
#5134 = ADVANCED_FACE('',(#5135),#1973,.T.);
#5135 = FACE_BOUND('',#5136,.T.);
#5136 = EDGE_LOOP('',(#5137,#5138,#5139));
#5137 = ORIENTED_EDGE('',*,*,#5061,.F.);
#5138 = ORIENTED_EDGE('',*,*,#1957,.F.);
#5139 = ORIENTED_EDGE('',*,*,#5140,.F.);
#5140 = EDGE_CURVE('',#5033,#1932,#5141,.T.);
#5141 = SURFACE_CURVE('',#5142,(#5146,#5153),.PCURVE_S1.);
#5142 = LINE('',#5143,#5144);
#5143 = CARTESIAN_POINT('',(162.545,25.959397873048,48.336556495786));
#5144 = VECTOR('',#5145,1.);
#5145 = DIRECTION('',(-0.593796375622,-0.599955132789,-0.536152686217));
#5146 = PCURVE('',#1973,#5147);
#5147 = DEFINITIONAL_REPRESENTATION('',(#5148),#5152);
#5148 = LINE('',#5149,#5150);
#5149 = CARTESIAN_POINT('',(0.601968217911,-0.861053267028));
#5150 = VECTOR('',#5151,1.);
#5151 = DIRECTION('',(-0.804615351766,0.593796375622));
#5152 = ( GEOMETRIC_REPRESENTATION_CONTEXT(2) 
PARAMETRIC_REPRESENTATION_CONTEXT() REPRESENTATION_CONTEXT('2D SPACE',''
  ) );
#5153 = PCURVE('',#5154,#5159);
#5154 = PLANE('',#5155);
#5155 = AXIS2_PLACEMENT_3D('',#5156,#5157,#5158);
#5156 = CARTESIAN_POINT('',(162.19322845355,27.057933381509,
    46.19573109053));
#5157 = DIRECTION('',(0.804168352357,-0.464721883442,-0.370603335276));
#5158 = DIRECTION('',(0.500351277364,0.865822498691,0.));
#5159 = DEFINITIONAL_REPRESENTATION('',(#5160),#5164);
#5160 = LINE('',#5161,#5162);
#5161 = CARTESIAN_POINT('',(-0.775127416232,2.304958652262));
#5162 = VECTOR('',#5163,1.);
#5163 = DIRECTION('',(-0.816561427211,-0.577258551769));
#5164 = ( GEOMETRIC_REPRESENTATION_CONTEXT(2) 
PARAMETRIC_REPRESENTATION_CONTEXT() REPRESENTATION_CONTEXT('2D SPACE',''
  ) );
#5165 = ADVANCED_FACE('',(#5166),#1514,.T.);
#5166 = FACE_BOUND('',#5167,.T.);
#5167 = EDGE_LOOP('',(#5168,#5194,#5195));
#5168 = ORIENTED_EDGE('',*,*,#5169,.F.);
#5169 = EDGE_CURVE('',#1500,#5086,#5170,.T.);
#5170 = SURFACE_CURVE('',#5171,(#5175,#5182),.PCURVE_S1.);
#5171 = LINE('',#5172,#5173);
#5172 = CARTESIAN_POINT('',(161.345,27.285534890528,24.72249911119));
#5173 = VECTOR('',#5174,1.);
#5174 = DIRECTION('',(0.593796375622,0.704218201493,-0.389207642504));
#5175 = PCURVE('',#1514,#5176);
#5176 = DEFINITIONAL_REPRESENTATION('',(#5177),#5181);
#5177 = LINE('',#5178,#5179);
#5178 = CARTESIAN_POINT('',(1.02654185605,0.372944942388));
#5179 = VECTOR('',#5180,1.);
#5180 = DIRECTION('',(-0.804615351766,-0.593796375622));
#5181 = ( GEOMETRIC_REPRESENTATION_CONTEXT(2) 
PARAMETRIC_REPRESENTATION_CONTEXT() REPRESENTATION_CONTEXT('2D SPACE',''
  ) );
#5182 = PCURVE('',#5183,#5188);
#5183 = PLANE('',#5184);
#5184 = AXIS2_PLACEMENT_3D('',#5185,#5186,#5187);
#5185 = CARTESIAN_POINT('',(161.69677154644,28.943401026391,
    26.466458272036));
#5186 = DIRECTION('',(0.804168352357,-0.503294218057,0.316240717078));
#5187 = DIRECTION('',(0.53052110163,0.847671729342,0.));
#5188 = DEFINITIONAL_REPRESENTATION('',(#5189),#5193);
#5189 = LINE('',#5190,#5191);
#5190 = CARTESIAN_POINT('',(-1.591948482748,-1.838302730322));
#5191 = VECTOR('',#5192,1.);
#5192 = DIRECTION('',(0.911967368033,-0.410262744645));
#5193 = ( GEOMETRIC_REPRESENTATION_CONTEXT(2) 
PARAMETRIC_REPRESENTATION_CONTEXT() REPRESENTATION_CONTEXT('2D SPACE',''
  ) );
#5194 = ORIENTED_EDGE('',*,*,#1499,.T.);
#5195 = ORIENTED_EDGE('',*,*,#5085,.T.);
#5196 = ADVANCED_FACE('',(#5197),#1946,.T.);
#5197 = FACE_BOUND('',#5198,.T.);
#5198 = EDGE_LOOP('',(#5199,#5227,#5228));
#5199 = ORIENTED_EDGE('',*,*,#5200,.F.);
#5200 = EDGE_CURVE('',#1932,#5201,#5203,.T.);
#5201 = VERTEX_POINT('',#5202);
#5202 = CARTESIAN_POINT('',(162.545,23.663443504214,46.040602126952));
#5203 = SURFACE_CURVE('',#5204,(#5208,#5215),.PCURVE_S1.);
#5204 = LINE('',#5205,#5206);
#5205 = CARTESIAN_POINT('',(161.345,24.746951672795,47.253048327205));
#5206 = VECTOR('',#5207,1.);
#5207 = DIRECTION('',(0.593796375622,-0.536152686217,-0.599955132789));
#5208 = PCURVE('',#1946,#5209);
#5209 = DEFINITIONAL_REPRESENTATION('',(#5210),#5214);
#5210 = LINE('',#5211,#5212);
#5211 = CARTESIAN_POINT('',(-1.02654185605,-0.372944942388));
#5212 = VECTOR('',#5213,1.);
#5213 = DIRECTION('',(0.804615351766,0.593796375622));
#5214 = ( GEOMETRIC_REPRESENTATION_CONTEXT(2) 
PARAMETRIC_REPRESENTATION_CONTEXT() REPRESENTATION_CONTEXT('2D SPACE',''
  ) );
#5215 = PCURVE('',#5216,#5221);
#5216 = PLANE('',#5217);
#5217 = AXIS2_PLACEMENT_3D('',#5218,#5219,#5220);
#5218 = CARTESIAN_POINT('',(161.69677154644,26.078276215482,
    45.248680935437));
#5219 = DIRECTION('',(0.804168352357,0.420305401504,0.420305401504));
#5220 = DIRECTION('',(-0.463206318762,0.,0.886250476028));
#5221 = DEFINITIONAL_REPRESENTATION('',(#5222),#5226);
#5222 = LINE('',#5223,#5224);
#5223 = CARTESIAN_POINT('',(1.939314358163,1.467213931318));
#5224 = VECTOR('',#5225,1.);
#5225 = DIRECTION('',(-0.806760755276,0.590878230896));
#5226 = ( GEOMETRIC_REPRESENTATION_CONTEXT(2) 
PARAMETRIC_REPRESENTATION_CONTEXT() REPRESENTATION_CONTEXT('2D SPACE',''
  ) );
#5227 = ORIENTED_EDGE('',*,*,#1931,.T.);
#5228 = ORIENTED_EDGE('',*,*,#5229,.T.);
#5229 = EDGE_CURVE('',#1904,#5201,#5230,.T.);
#5230 = SURFACE_CURVE('',#5231,(#5235,#5242),.PCURVE_S1.);
#5231 = LINE('',#5232,#5233);
#5232 = CARTESIAN_POINT('',(161.245,23.663443504214,46.040602126952));
#5233 = VECTOR('',#5234,1.);
#5234 = DIRECTION('',(1.,0.,0.));
#5235 = PCURVE('',#1946,#5236);
#5236 = DEFINITIONAL_REPRESENTATION('',(#5237),#5241);
#5237 = LINE('',#5238,#5239);
#5238 = CARTESIAN_POINT('',(0.599501113829,-0.472944942388));
#5239 = VECTOR('',#5240,1.);
#5240 = DIRECTION('',(0.,1.));
#5241 = ( GEOMETRIC_REPRESENTATION_CONTEXT(2) 
PARAMETRIC_REPRESENTATION_CONTEXT() REPRESENTATION_CONTEXT('2D SPACE',''
  ) );
#5242 = PCURVE('',#1919,#5243);
#5243 = DEFINITIONAL_REPRESENTATION('',(#5244),#5248);
#5244 = LINE('',#5245,#5246);
#5245 = CARTESIAN_POINT('',(-0.601968217911,-0.438946732972));
#5246 = VECTOR('',#5247,1.);
#5247 = DIRECTION('',(0.,1.));
#5248 = ( GEOMETRIC_REPRESENTATION_CONTEXT(2) 
PARAMETRIC_REPRESENTATION_CONTEXT() REPRESENTATION_CONTEXT('2D SPACE',''
  ) );
#5249 = ADVANCED_FACE('',(#5250),#1541,.T.);
#5250 = FACE_BOUND('',#5251,.T.);
#5251 = EDGE_LOOP('',(#5252,#5275,#5276));
#5252 = ORIENTED_EDGE('',*,*,#5253,.F.);
#5253 = EDGE_CURVE('',#1526,#5254,#5256,.T.);
#5254 = VERTEX_POINT('',#5255);
#5255 = CARTESIAN_POINT('',(162.545,25.959397873048,25.663443504214));
#5256 = SURFACE_CURVE('',#5257,(#5261,#5268),.PCURVE_S1.);
#5257 = LINE('',#5258,#5259);
#5258 = CARTESIAN_POINT('',(161.245,25.959397873048,25.663443504214));
#5259 = VECTOR('',#5260,1.);
#5260 = DIRECTION('',(1.,0.,0.));
#5261 = PCURVE('',#1541,#5262);
#5262 = DEFINITIONAL_REPRESENTATION('',(#5263),#5267);
#5263 = LINE('',#5264,#5265);
#5264 = CARTESIAN_POINT('',(0.601968217911,0.438946732972));
#5265 = VECTOR('',#5266,1.);
#5266 = DIRECTION('',(0.,-1.));
#5267 = ( GEOMETRIC_REPRESENTATION_CONTEXT(2) 
PARAMETRIC_REPRESENTATION_CONTEXT() REPRESENTATION_CONTEXT('2D SPACE',''
  ) );
#5268 = PCURVE('',#1568,#5269);
#5269 = DEFINITIONAL_REPRESENTATION('',(#5270),#5274);
#5270 = LINE('',#5271,#5272);
#5271 = CARTESIAN_POINT('',(-0.599501113829,0.472944942388));
#5272 = VECTOR('',#5273,1.);
#5273 = DIRECTION('',(0.,-1.));
#5274 = ( GEOMETRIC_REPRESENTATION_CONTEXT(2) 
PARAMETRIC_REPRESENTATION_CONTEXT() REPRESENTATION_CONTEXT('2D SPACE',''
  ) );
#5275 = ORIENTED_EDGE('',*,*,#1525,.F.);
#5276 = ORIENTED_EDGE('',*,*,#5277,.F.);
#5277 = EDGE_CURVE('',#5254,#1500,#5278,.T.);
#5278 = SURFACE_CURVE('',#5279,(#5283,#5290),.PCURVE_S1.);
#5279 = LINE('',#5280,#5281);
#5280 = CARTESIAN_POINT('',(162.545,25.959397873048,25.663443504214));
#5281 = VECTOR('',#5282,1.);
#5282 = DIRECTION('',(-0.593796375622,0.656212795465,-0.465607808533));
#5283 = PCURVE('',#1541,#5284);
#5284 = DEFINITIONAL_REPRESENTATION('',(#5285),#5289);
#5285 = LINE('',#5286,#5287);
#5286 = CARTESIAN_POINT('',(0.601968217911,-0.861053267028));
#5287 = VECTOR('',#5288,1.);
#5288 = DIRECTION('',(-0.804615351766,0.593796375622));
#5289 = ( GEOMETRIC_REPRESENTATION_CONTEXT(2) 
PARAMETRIC_REPRESENTATION_CONTEXT() REPRESENTATION_CONTEXT('2D SPACE',''
  ) );
#5290 = PCURVE('',#5291,#5296);
#5291 = PLANE('',#5292);
#5292 = AXIS2_PLACEMENT_3D('',#5293,#5294,#5295);
#5293 = CARTESIAN_POINT('',(162.19322845355,27.802101168414,
    27.21081490255));
#5294 = DIRECTION('',(0.804168352357,0.464721883442,-0.370603335276));
#5295 = DIRECTION('',(-0.500351277364,0.865822498691,2.775557561563E-17)
  );
#5296 = DEFINITIONAL_REPRESENTATION('',(#5297),#5301);
#5297 = LINE('',#5298,#5299);
#5298 = CARTESIAN_POINT('',(-1.771463314145,-1.666005590228));
#5299 = VECTOR('',#5300,1.);
#5300 = DIRECTION('',(0.865270577279,-0.501305124745));
#5301 = ( GEOMETRIC_REPRESENTATION_CONTEXT(2) 
PARAMETRIC_REPRESENTATION_CONTEXT() REPRESENTATION_CONTEXT('2D SPACE',''
  ) );
#5302 = ADVANCED_FACE('',(#5303),#1919,.T.);
#5303 = FACE_BOUND('',#5304,.T.);
#5304 = EDGE_LOOP('',(#5305,#5306,#5307));
#5305 = ORIENTED_EDGE('',*,*,#5229,.F.);
#5306 = ORIENTED_EDGE('',*,*,#1903,.F.);
#5307 = ORIENTED_EDGE('',*,*,#5308,.F.);
#5308 = EDGE_CURVE('',#5201,#1878,#5309,.T.);
#5309 = SURFACE_CURVE('',#5310,(#5314,#5321),.PCURVE_S1.);
#5310 = LINE('',#5311,#5312);
#5311 = CARTESIAN_POINT('',(162.545,23.663443504214,46.040602126952));
#5312 = VECTOR('',#5313,1.);
#5313 = DIRECTION('',(-0.593796375622,-0.465607808533,-0.656212795465));
#5314 = PCURVE('',#1919,#5315);
#5315 = DEFINITIONAL_REPRESENTATION('',(#5316),#5320);
#5316 = LINE('',#5317,#5318);
#5317 = CARTESIAN_POINT('',(-0.601968217911,0.861053267028));
#5318 = VECTOR('',#5319,1.);
#5319 = DIRECTION('',(0.804615351766,-0.593796375622));
#5320 = ( GEOMETRIC_REPRESENTATION_CONTEXT(2) 
PARAMETRIC_REPRESENTATION_CONTEXT() REPRESENTATION_CONTEXT('2D SPACE',''
  ) );
#5321 = PCURVE('',#5322,#5327);
#5322 = PLANE('',#5323);
#5323 = AXIS2_PLACEMENT_3D('',#5324,#5325,#5326);
#5324 = CARTESIAN_POINT('',(162.19322845355,25.21081490255,
    44.197898831586));
#5325 = DIRECTION('',(0.804168352357,-0.370603335276,-0.464721883442));
#5326 = DIRECTION('',(0.500351277364,0.,0.865822498691));
#5327 = DEFINITIONAL_REPRESENTATION('',(#5328),#5332);
#5328 = LINE('',#5329,#5330);
#5329 = CARTESIAN_POINT('',(1.771463314145,1.666005590228));
#5330 = VECTOR('',#5331,1.);
#5331 = DIRECTION('',(-0.865270577279,0.501305124745));
#5332 = ( GEOMETRIC_REPRESENTATION_CONTEXT(2) 
PARAMETRIC_REPRESENTATION_CONTEXT() REPRESENTATION_CONTEXT('2D SPACE',''
  ) );
#5333 = ADVANCED_FACE('',(#5334),#1568,.T.);
#5334 = FACE_BOUND('',#5335,.T.);
#5335 = EDGE_LOOP('',(#5336,#5362,#5363));
#5336 = ORIENTED_EDGE('',*,*,#5337,.F.);
#5337 = EDGE_CURVE('',#1554,#5254,#5338,.T.);
#5338 = SURFACE_CURVE('',#5339,(#5343,#5350),.PCURVE_S1.);
#5339 = LINE('',#5340,#5341);
#5340 = CARTESIAN_POINT('',(161.345,24.746951672795,26.746951672795));
#5341 = VECTOR('',#5342,1.);
#5342 = DIRECTION('',(0.593796375622,0.599955132789,-0.536152686217));
#5343 = PCURVE('',#1568,#5344);
#5344 = DEFINITIONAL_REPRESENTATION('',(#5345),#5349);
#5345 = LINE('',#5346,#5347);
#5346 = CARTESIAN_POINT('',(1.02654185605,0.372944942388));
#5347 = VECTOR('',#5348,1.);
#5348 = DIRECTION('',(-0.804615351766,-0.593796375622));
#5349 = ( GEOMETRIC_REPRESENTATION_CONTEXT(2) 
PARAMETRIC_REPRESENTATION_CONTEXT() REPRESENTATION_CONTEXT('2D SPACE',''
  ) );
#5350 = PCURVE('',#5351,#5356);
#5351 = PLANE('',#5352);
#5352 = AXIS2_PLACEMENT_3D('',#5353,#5354,#5355);
#5353 = CARTESIAN_POINT('',(161.69677154644,26.751319064563,
    28.078276215482));
#5354 = DIRECTION('',(0.804168352357,-0.420305401504,0.420305401504));
#5355 = DIRECTION('',(-0.463206318762,0.,0.886250476028));
#5356 = DEFINITIONAL_REPRESENTATION('',(#5357),#5361);
#5357 = LINE('',#5358,#5359);
#5358 = CARTESIAN_POINT('',(-1.016944206629,2.208954816341));
#5359 = VECTOR('',#5360,1.);
#5360 = DIRECTION('',(-0.750215806629,-0.66119304555));
#5361 = ( GEOMETRIC_REPRESENTATION_CONTEXT(2) 
PARAMETRIC_REPRESENTATION_CONTEXT() REPRESENTATION_CONTEXT('2D SPACE',''
  ) );
#5362 = ORIENTED_EDGE('',*,*,#1553,.T.);
#5363 = ORIENTED_EDGE('',*,*,#5253,.T.);
#5364 = ADVANCED_FACE('',(#5365),#1892,.T.);
#5365 = FACE_BOUND('',#5366,.T.);
#5366 = EDGE_LOOP('',(#5367,#5395,#5396));
#5367 = ORIENTED_EDGE('',*,*,#5368,.F.);
#5368 = EDGE_CURVE('',#1878,#5369,#5371,.T.);
#5369 = VERTEX_POINT('',#5370);
#5370 = CARTESIAN_POINT('',(162.545,21.935951415415,43.291314217205));
#5371 = SURFACE_CURVE('',#5372,(#5376,#5383),.PCURVE_S1.);
#5372 = LINE('',#5373,#5374);
#5373 = CARTESIAN_POINT('',(161.345,22.72249911119,44.714465109472));
#5374 = VECTOR('',#5375,1.);
#5375 = DIRECTION('',(0.593796375622,-0.389207642504,-0.704218201493));
#5376 = PCURVE('',#1892,#5377);
#5377 = DEFINITIONAL_REPRESENTATION('',(#5378),#5382);
#5378 = LINE('',#5379,#5380);
#5379 = CARTESIAN_POINT('',(-1.02654185605,-0.372944942388));
#5380 = VECTOR('',#5381,1.);
#5381 = DIRECTION('',(0.804615351766,0.593796375622));
#5382 = ( GEOMETRIC_REPRESENTATION_CONTEXT(2) 
PARAMETRIC_REPRESENTATION_CONTEXT() REPRESENTATION_CONTEXT('2D SPACE',''
  ) );
#5383 = PCURVE('',#5384,#5389);
#5384 = PLANE('',#5385);
#5385 = AXIS2_PLACEMENT_3D('',#5386,#5387,#5388);
#5386 = CARTESIAN_POINT('',(161.69677154644,24.466458272036,
    43.056598973609));
#5387 = DIRECTION('',(0.804168352357,0.316240717078,0.503294218057));
#5388 = DIRECTION('',(-0.53052110163,0.,0.847671729342));
#5389 = DEFINITIONAL_REPRESENTATION('',(#5390),#5394);
#5390 = LINE('',#5391,#5392);
#5391 = CARTESIAN_POINT('',(1.591948482748,1.838302730322));
#5392 = VECTOR('',#5393,1.);
#5393 = DIRECTION('',(-0.911967368033,0.410262744645));
#5394 = ( GEOMETRIC_REPRESENTATION_CONTEXT(2) 
PARAMETRIC_REPRESENTATION_CONTEXT() REPRESENTATION_CONTEXT('2D SPACE',''
  ) );
#5395 = ORIENTED_EDGE('',*,*,#1877,.T.);
#5396 = ORIENTED_EDGE('',*,*,#5397,.T.);
#5397 = EDGE_CURVE('',#1850,#5369,#5398,.T.);
#5398 = SURFACE_CURVE('',#5399,(#5403,#5410),.PCURVE_S1.);
#5399 = LINE('',#5400,#5401);
#5400 = CARTESIAN_POINT('',(161.245,21.935951415415,43.291314217205));
#5401 = VECTOR('',#5402,1.);
#5402 = DIRECTION('',(1.,0.,0.));
#5403 = PCURVE('',#1892,#5404);
#5404 = DEFINITIONAL_REPRESENTATION('',(#5405),#5409);
#5405 = LINE('',#5406,#5407);
#5406 = CARTESIAN_POINT('',(0.599501113829,-0.472944942388));
#5407 = VECTOR('',#5408,1.);
#5408 = DIRECTION('',(0.,1.));
#5409 = ( GEOMETRIC_REPRESENTATION_CONTEXT(2) 
PARAMETRIC_REPRESENTATION_CONTEXT() REPRESENTATION_CONTEXT('2D SPACE',''
  ) );
#5410 = PCURVE('',#1865,#5411);
#5411 = DEFINITIONAL_REPRESENTATION('',(#5412),#5416);
#5412 = LINE('',#5413,#5414);
#5413 = CARTESIAN_POINT('',(-0.601968217911,-0.438946732972));
#5414 = VECTOR('',#5415,1.);
#5415 = DIRECTION('',(0.,1.));
#5416 = ( GEOMETRIC_REPRESENTATION_CONTEXT(2) 
PARAMETRIC_REPRESENTATION_CONTEXT() REPRESENTATION_CONTEXT('2D SPACE',''
  ) );
#5417 = ADVANCED_FACE('',(#5418),#1595,.T.);
#5418 = FACE_BOUND('',#5419,.T.);
#5419 = EDGE_LOOP('',(#5420,#5443,#5444));
#5420 = ORIENTED_EDGE('',*,*,#5421,.F.);
#5421 = EDGE_CURVE('',#1580,#5422,#5424,.T.);
#5422 = VERTEX_POINT('',#5423);
#5423 = CARTESIAN_POINT('',(162.545,23.663443504214,27.959397873048));
#5424 = SURFACE_CURVE('',#5425,(#5429,#5436),.PCURVE_S1.);
#5425 = LINE('',#5426,#5427);
#5426 = CARTESIAN_POINT('',(161.245,23.663443504214,27.959397873048));
#5427 = VECTOR('',#5428,1.);
#5428 = DIRECTION('',(1.,0.,0.));
#5429 = PCURVE('',#1595,#5430);
#5430 = DEFINITIONAL_REPRESENTATION('',(#5431),#5435);
#5431 = LINE('',#5432,#5433);
#5432 = CARTESIAN_POINT('',(-0.601968217911,-0.438946732972));
#5433 = VECTOR('',#5434,1.);
#5434 = DIRECTION('',(0.,1.));
#5435 = ( GEOMETRIC_REPRESENTATION_CONTEXT(2) 
PARAMETRIC_REPRESENTATION_CONTEXT() REPRESENTATION_CONTEXT('2D SPACE',''
  ) );
#5436 = PCURVE('',#1622,#5437);
#5437 = DEFINITIONAL_REPRESENTATION('',(#5438),#5442);
#5438 = LINE('',#5439,#5440);
#5439 = CARTESIAN_POINT('',(0.599501113829,-0.472944942388));
#5440 = VECTOR('',#5441,1.);
#5441 = DIRECTION('',(0.,1.));
#5442 = ( GEOMETRIC_REPRESENTATION_CONTEXT(2) 
PARAMETRIC_REPRESENTATION_CONTEXT() REPRESENTATION_CONTEXT('2D SPACE',''
  ) );
#5443 = ORIENTED_EDGE('',*,*,#1579,.F.);
#5444 = ORIENTED_EDGE('',*,*,#5445,.F.);
#5445 = EDGE_CURVE('',#5422,#1554,#5446,.T.);
#5446 = SURFACE_CURVE('',#5447,(#5451,#5458),.PCURVE_S1.);
#5447 = LINE('',#5448,#5449);
#5448 = CARTESIAN_POINT('',(162.545,23.663443504214,27.959397873048));
#5449 = VECTOR('',#5450,1.);
#5450 = DIRECTION('',(-0.593796375622,0.536152686217,-0.599955132789));
#5451 = PCURVE('',#1595,#5452);
#5452 = DEFINITIONAL_REPRESENTATION('',(#5453),#5457);
#5453 = LINE('',#5454,#5455);
#5454 = CARTESIAN_POINT('',(-0.601968217911,0.861053267028));
#5455 = VECTOR('',#5456,1.);
#5456 = DIRECTION('',(0.804615351766,-0.593796375622));
#5457 = ( GEOMETRIC_REPRESENTATION_CONTEXT(2) 
PARAMETRIC_REPRESENTATION_CONTEXT() REPRESENTATION_CONTEXT('2D SPACE',''
  ) );
#5458 = PCURVE('',#5459,#5464);
#5459 = PLANE('',#5460);
#5460 = AXIS2_PLACEMENT_3D('',#5461,#5462,#5463);
#5461 = CARTESIAN_POINT('',(162.19322845355,25.80426890947,
    29.057933381509));
#5462 = DIRECTION('',(0.804168352357,0.370603335276,-0.464721883442));
#5463 = DIRECTION('',(0.500351277364,2.775557561563E-17,0.865822498691)
  );
#5464 = DEFINITIONAL_REPRESENTATION('',(#5465),#5469);
#5465 = LINE('',#5466,#5467);
#5466 = CARTESIAN_POINT('',(-0.775127416232,2.304958652262));
#5467 = VECTOR('',#5468,1.);
#5468 = DIRECTION('',(-0.816561427211,-0.577258551769));
#5469 = ( GEOMETRIC_REPRESENTATION_CONTEXT(2) 
PARAMETRIC_REPRESENTATION_CONTEXT() REPRESENTATION_CONTEXT('2D SPACE',''
  ) );
#5470 = ADVANCED_FACE('',(#5471),#1865,.T.);
#5471 = FACE_BOUND('',#5472,.T.);
#5472 = EDGE_LOOP('',(#5473,#5474,#5475));
#5473 = ORIENTED_EDGE('',*,*,#5397,.F.);
#5474 = ORIENTED_EDGE('',*,*,#1849,.F.);
#5475 = ORIENTED_EDGE('',*,*,#5476,.F.);
#5476 = EDGE_CURVE('',#5369,#1824,#5477,.T.);
#5477 = SURFACE_CURVE('',#5478,(#5482,#5489),.PCURVE_S1.);
#5478 = LINE('',#5479,#5480);
#5479 = CARTESIAN_POINT('',(162.545,21.935951415415,43.291314217205));
#5480 = VECTOR('',#5481,1.);
#5481 = DIRECTION('',(-0.593796375622,-0.307912964548,-0.743367655041));
#5482 = PCURVE('',#1865,#5483);
#5483 = DEFINITIONAL_REPRESENTATION('',(#5484),#5488);
#5484 = LINE('',#5485,#5486);
#5485 = CARTESIAN_POINT('',(-0.601968217911,0.861053267028));
#5486 = VECTOR('',#5487,1.);
#5487 = DIRECTION('',(0.804615351766,-0.593796375622));
#5488 = ( GEOMETRIC_REPRESENTATION_CONTEXT(2) 
PARAMETRIC_REPRESENTATION_CONTEXT() REPRESENTATION_CONTEXT('2D SPACE',''
  ) );
#5489 = PCURVE('',#5490,#5495);
#5490 = PLANE('',#5491);
#5491 = AXIS2_PLACEMENT_3D('',#5492,#5493,#5494);
#5492 = CARTESIAN_POINT('',(162.19322845355,23.854567040454,
    41.839133869418));
#5493 = DIRECTION('',(0.804168352357,-0.257901188375,-0.535537335862));
#5494 = DIRECTION('',(0.554288185732,-1.387778780781E-17,0.832324820703)
  );
#5495 = DEFINITIONAL_REPRESENTATION('',(#5496),#5500);
#5496 = LINE('',#5497,#5498);
#5497 = CARTESIAN_POINT('',(1.403668559872,1.985792404573));
#5498 = VECTOR('',#5499,1.);
#5499 = DIRECTION('',(-0.947857665936,0.318693967822));
#5500 = ( GEOMETRIC_REPRESENTATION_CONTEXT(2) 
PARAMETRIC_REPRESENTATION_CONTEXT() REPRESENTATION_CONTEXT('2D SPACE',''
  ) );
#5501 = ADVANCED_FACE('',(#5502),#1622,.T.);
#5502 = FACE_BOUND('',#5503,.T.);
#5503 = EDGE_LOOP('',(#5504,#5530,#5531));
#5504 = ORIENTED_EDGE('',*,*,#5505,.F.);
#5505 = EDGE_CURVE('',#1608,#5422,#5506,.T.);
#5506 = SURFACE_CURVE('',#5507,(#5511,#5518),.PCURVE_S1.);
#5507 = LINE('',#5508,#5509);
#5508 = CARTESIAN_POINT('',(161.345,22.72249911119,29.285534890528));
#5509 = VECTOR('',#5510,1.);
#5510 = DIRECTION('',(0.593796375622,0.465607808533,-0.656212795465));
#5511 = PCURVE('',#1622,#5512);
#5512 = DEFINITIONAL_REPRESENTATION('',(#5513),#5517);
#5513 = LINE('',#5514,#5515);
#5514 = CARTESIAN_POINT('',(-1.02654185605,-0.372944942388));
#5515 = VECTOR('',#5516,1.);
#5516 = DIRECTION('',(0.804615351766,0.593796375622));
#5517 = ( GEOMETRIC_REPRESENTATION_CONTEXT(2) 
PARAMETRIC_REPRESENTATION_CONTEXT() REPRESENTATION_CONTEXT('2D SPACE',''
  ) );
#5518 = PCURVE('',#5519,#5524);
#5519 = PLANE('',#5520);
#5520 = AXIS2_PLACEMENT_3D('',#5521,#5522,#5523);
#5521 = CARTESIAN_POINT('',(161.69677154644,24.972860408329,
    30.137466643358));
#5522 = DIRECTION('',(0.804168352357,-0.316240717078,0.503294218057));
#5523 = DIRECTION('',(-0.53052110163,0.,0.847671729342));
#5524 = DEFINITIONAL_REPRESENTATION('',(#5525),#5529);
#5525 = LINE('',#5526,#5527);
#5526 = CARTESIAN_POINT('',(-0.535536233861,2.372099880328));
#5527 = VECTOR('',#5528,1.);
#5528 = DIRECTION('',(-0.871274542486,-0.490795957211));
#5529 = ( GEOMETRIC_REPRESENTATION_CONTEXT(2) 
PARAMETRIC_REPRESENTATION_CONTEXT() REPRESENTATION_CONTEXT('2D SPACE',''
  ) );
#5530 = ORIENTED_EDGE('',*,*,#1607,.T.);
#5531 = ORIENTED_EDGE('',*,*,#5421,.T.);
#5532 = ADVANCED_FACE('',(#5533),#1838,.T.);
#5533 = FACE_BOUND('',#5534,.T.);
#5534 = EDGE_LOOP('',(#5535,#5563,#5564));
#5535 = ORIENTED_EDGE('',*,*,#5536,.F.);
#5536 = EDGE_CURVE('',#1824,#5537,#5539,.T.);
#5537 = VERTEX_POINT('',#5538);
#5538 = CARTESIAN_POINT('',(162.545,20.863545273364,40.226553542367));
#5539 = SURFACE_CURVE('',#5540,(#5544,#5551),.PCURVE_S1.);
#5540 = LINE('',#5541,#5542);
#5541 = CARTESIAN_POINT('',(161.345,21.313691710529,41.78904639835));
#5542 = VECTOR('',#5543,1.);
#5543 = DIRECTION('',(0.593796375622,-0.222746102407,-0.773168829015));
#5544 = PCURVE('',#1838,#5545);
#5545 = DEFINITIONAL_REPRESENTATION('',(#5546),#5550);
#5546 = LINE('',#5547,#5548);
#5547 = CARTESIAN_POINT('',(-1.02654185605,-0.372944942388));
#5548 = VECTOR('',#5549,1.);
#5549 = DIRECTION('',(0.804615351766,0.593796375622));
#5550 = ( GEOMETRIC_REPRESENTATION_CONTEXT(2) 
PARAMETRIC_REPRESENTATION_CONTEXT() REPRESENTATION_CONTEXT('2D SPACE',''
  ) );
#5551 = PCURVE('',#5552,#5557);
#5552 = PLANE('',#5553);
#5553 = AXIS2_PLACEMENT_3D('',#5554,#5555,#5556);
#5554 = CARTESIAN_POINT('',(161.69677154644,23.38283609507,
    40.560813849089));
#5555 = DIRECTION('',(0.804168352357,0.196318402591,0.561045760943));
#5556 = DIRECTION('',(-0.572180274357,-2.775557561563E-17,0.820127876393
    ));
#5557 = DEFINITIONAL_REPRESENTATION('',(#5558),#5562);
#5558 = LINE('',#5559,#5560);
#5559 = CARTESIAN_POINT('',(1.208584492299,2.110208621204));
#5560 = VECTOR('',#5561,1.);
#5561 = DIRECTION('',(-0.973855882949,0.227166721254));
#5562 = ( GEOMETRIC_REPRESENTATION_CONTEXT(2) 
PARAMETRIC_REPRESENTATION_CONTEXT() REPRESENTATION_CONTEXT('2D SPACE',''
  ) );
#5563 = ORIENTED_EDGE('',*,*,#1823,.T.);
#5564 = ORIENTED_EDGE('',*,*,#5565,.T.);
#5565 = EDGE_CURVE('',#1796,#5537,#5566,.T.);
#5566 = SURFACE_CURVE('',#5567,(#5571,#5578),.PCURVE_S1.);
#5567 = LINE('',#5568,#5569);
#5568 = CARTESIAN_POINT('',(161.245,20.863545273364,40.226553542367));
#5569 = VECTOR('',#5570,1.);
#5570 = DIRECTION('',(1.,0.,0.));
#5571 = PCURVE('',#1838,#5572);
#5572 = DEFINITIONAL_REPRESENTATION('',(#5573),#5577);
#5573 = LINE('',#5574,#5575);
#5574 = CARTESIAN_POINT('',(0.599501113829,-0.472944942388));
#5575 = VECTOR('',#5576,1.);
#5576 = DIRECTION('',(0.,1.));
#5577 = ( GEOMETRIC_REPRESENTATION_CONTEXT(2) 
PARAMETRIC_REPRESENTATION_CONTEXT() REPRESENTATION_CONTEXT('2D SPACE',''
  ) );
#5578 = PCURVE('',#1811,#5579);
#5579 = DEFINITIONAL_REPRESENTATION('',(#5580),#5584);
#5580 = LINE('',#5581,#5582);
#5581 = CARTESIAN_POINT('',(-0.601968217911,-0.438946732972));
#5582 = VECTOR('',#5583,1.);
#5583 = DIRECTION('',(0.,1.));
#5584 = ( GEOMETRIC_REPRESENTATION_CONTEXT(2) 
PARAMETRIC_REPRESENTATION_CONTEXT() REPRESENTATION_CONTEXT('2D SPACE',''
  ) );
#5585 = ADVANCED_FACE('',(#5586),#1649,.T.);
#5586 = FACE_BOUND('',#5587,.T.);
#5587 = EDGE_LOOP('',(#5588,#5611,#5612));
#5588 = ORIENTED_EDGE('',*,*,#5589,.F.);
#5589 = EDGE_CURVE('',#1634,#5590,#5592,.T.);
#5590 = VERTEX_POINT('',#5591);
#5591 = CARTESIAN_POINT('',(162.545,21.935951415415,30.708685782795));
#5592 = SURFACE_CURVE('',#5593,(#5597,#5604),.PCURVE_S1.);
#5593 = LINE('',#5594,#5595);
#5594 = CARTESIAN_POINT('',(161.245,21.935951415415,30.708685782795));
#5595 = VECTOR('',#5596,1.);
#5596 = DIRECTION('',(1.,0.,0.));
#5597 = PCURVE('',#1649,#5598);
#5598 = DEFINITIONAL_REPRESENTATION('',(#5599),#5603);
#5599 = LINE('',#5600,#5601);
#5600 = CARTESIAN_POINT('',(-0.601968217911,-0.438946732972));
#5601 = VECTOR('',#5602,1.);
#5602 = DIRECTION('',(0.,1.));
#5603 = ( GEOMETRIC_REPRESENTATION_CONTEXT(2) 
PARAMETRIC_REPRESENTATION_CONTEXT() REPRESENTATION_CONTEXT('2D SPACE',''
  ) );
#5604 = PCURVE('',#1676,#5605);
#5605 = DEFINITIONAL_REPRESENTATION('',(#5606),#5610);
#5606 = LINE('',#5607,#5608);
#5607 = CARTESIAN_POINT('',(0.599501113829,-0.472944942388));
#5608 = VECTOR('',#5609,1.);
#5609 = DIRECTION('',(0.,1.));
#5610 = ( GEOMETRIC_REPRESENTATION_CONTEXT(2) 
PARAMETRIC_REPRESENTATION_CONTEXT() REPRESENTATION_CONTEXT('2D SPACE',''
  ) );
#5611 = ORIENTED_EDGE('',*,*,#1633,.F.);
#5612 = ORIENTED_EDGE('',*,*,#5613,.F.);
#5613 = EDGE_CURVE('',#5590,#1608,#5614,.T.);
#5614 = SURFACE_CURVE('',#5615,(#5619,#5626),.PCURVE_S1.);
#5615 = LINE('',#5616,#5617);
#5616 = CARTESIAN_POINT('',(162.545,21.935951415415,30.708685782795));
#5617 = VECTOR('',#5618,1.);
#5618 = DIRECTION('',(-0.593796375622,0.389207642504,-0.704218201493));
#5619 = PCURVE('',#1649,#5620);
#5620 = DEFINITIONAL_REPRESENTATION('',(#5621),#5625);
#5621 = LINE('',#5622,#5623);
#5622 = CARTESIAN_POINT('',(-0.601968217911,0.861053267028));
#5623 = VECTOR('',#5624,1.);
#5624 = DIRECTION('',(0.804615351766,-0.593796375622));
#5625 = ( GEOMETRIC_REPRESENTATION_CONTEXT(2) 
PARAMETRIC_REPRESENTATION_CONTEXT() REPRESENTATION_CONTEXT('2D SPACE',''
  ) );
#5626 = PCURVE('',#5627,#5632);
#5627 = PLANE('',#5628);
#5628 = AXIS2_PLACEMENT_3D('',#5629,#5630,#5631);
#5629 = CARTESIAN_POINT('',(162.19322845355,24.267549005434,
    31.303300243902));
#5630 = DIRECTION('',(0.804168352357,0.257901188375,-0.535537335862));
#5631 = DIRECTION('',(0.554288185732,2.775557561563E-17,0.832324820703)
  );
#5632 = DEFINITIONAL_REPRESENTATION('',(#5633),#5637);
#5633 = LINE('',#5634,#5635);
#5634 = CARTESIAN_POINT('',(-0.299929562456,2.413234169656));
#5635 = VECTOR('',#5636,1.);
#5636 = DIRECTION('',(-0.915272604031,-0.402835028653));
#5637 = ( GEOMETRIC_REPRESENTATION_CONTEXT(2) 
PARAMETRIC_REPRESENTATION_CONTEXT() REPRESENTATION_CONTEXT('2D SPACE',''
  ) );
#5638 = ADVANCED_FACE('',(#5639),#1811,.T.);
#5639 = FACE_BOUND('',#5640,.T.);
#5640 = EDGE_LOOP('',(#5641,#5642,#5643));
#5641 = ORIENTED_EDGE('',*,*,#5565,.F.);
#5642 = ORIENTED_EDGE('',*,*,#1795,.F.);
#5643 = ORIENTED_EDGE('',*,*,#5644,.F.);
#5644 = EDGE_CURVE('',#5537,#1770,#5645,.T.);
#5645 = SURFACE_CURVE('',#5646,(#5650,#5657),.PCURVE_S1.);
#5646 = LINE('',#5647,#5648);
#5647 = CARTESIAN_POINT('',(162.545,20.863545273364,40.226553542367));
#5648 = VECTOR('',#5649,1.);
#5649 = DIRECTION('',(-0.593796375622,-0.134778078787,-0.793246956361));
#5650 = PCURVE('',#1811,#5651);
#5651 = DEFINITIONAL_REPRESENTATION('',(#5652),#5656);
#5652 = LINE('',#5653,#5654);
#5653 = CARTESIAN_POINT('',(-0.601968217911,0.861053267028));
#5654 = VECTOR('',#5655,1.);
#5655 = DIRECTION('',(0.804615351766,-0.593796375622));
#5656 = ( GEOMETRIC_REPRESENTATION_CONTEXT(2) 
PARAMETRIC_REPRESENTATION_CONTEXT() REPRESENTATION_CONTEXT('2D SPACE',''
  ) );
#5657 = PCURVE('',#5658,#5663);
#5658 = PLANE('',#5659);
#5659 = AXIS2_PLACEMENT_3D('',#5660,#5661,#5662);
#5660 = CARTESIAN_POINT('',(162.19322845355,23.057197726225,
    39.237714528575));
#5661 = DIRECTION('',(0.804168352357,-0.132266798987,-0.579498710053));
#5662 = DIRECTION('',(0.584635226655,0.,0.811296278651));
#5663 = DEFINITIONAL_REPRESENTATION('',(#5664),#5668);
#5664 = LINE('',#5665,#5666);
#5665 = CARTESIAN_POINT('',(1.007899449863,2.213096382673));
#5666 = VECTOR('',#5667,1.);
#5667 = DIRECTION('',(-0.990712582396,0.135972714474));
#5668 = ( GEOMETRIC_REPRESENTATION_CONTEXT(2) 
PARAMETRIC_REPRESENTATION_CONTEXT() REPRESENTATION_CONTEXT('2D SPACE',''
  ) );
#5669 = ADVANCED_FACE('',(#5670),#1676,.T.);
#5670 = FACE_BOUND('',#5671,.T.);
#5671 = EDGE_LOOP('',(#5672,#5698,#5699));
#5672 = ORIENTED_EDGE('',*,*,#5673,.F.);
#5673 = EDGE_CURVE('',#1662,#5590,#5674,.T.);
#5674 = SURFACE_CURVE('',#5675,(#5679,#5686),.PCURVE_S1.);
#5675 = LINE('',#5676,#5677);
#5676 = CARTESIAN_POINT('',(161.345,21.313691710529,32.21095360165));
#5677 = VECTOR('',#5678,1.);
#5678 = DIRECTION('',(0.593796375622,0.307912964548,-0.743367655041));
#5679 = PCURVE('',#1676,#5680);
#5680 = DEFINITIONAL_REPRESENTATION('',(#5681),#5685);
#5681 = LINE('',#5682,#5683);
#5682 = CARTESIAN_POINT('',(-1.02654185605,-0.372944942388));
#5683 = VECTOR('',#5684,1.);
#5684 = DIRECTION('',(0.804615351766,0.593796375622));
#5685 = ( GEOMETRIC_REPRESENTATION_CONTEXT(2) 
PARAMETRIC_REPRESENTATION_CONTEXT() REPRESENTATION_CONTEXT('2D SPACE',''
  ) );
#5686 = PCURVE('',#5687,#5692);
#5687 = PLANE('',#5688);
#5688 = AXIS2_PLACEMENT_3D('',#5689,#5690,#5691);
#5689 = CARTESIAN_POINT('',(161.69677154644,23.69720440091,
    32.54077314918));
#5690 = DIRECTION('',(0.804168352357,-0.196318402591,0.561045760943));
#5691 = DIRECTION('',(-0.572180274357,0.,0.820127876393));
#5692 = DEFINITIONAL_REPRESENTATION('',(#5693),#5697);
#5693 = LINE('',#5694,#5695);
#5694 = CARTESIAN_POINT('',(-6.921746515184E-02,2.430815880018));
#5695 = VECTOR('',#5696,1.);
#5696 = DIRECTION('',(-0.949415109424,-0.314023804827));
#5697 = ( GEOMETRIC_REPRESENTATION_CONTEXT(2) 
PARAMETRIC_REPRESENTATION_CONTEXT() REPRESENTATION_CONTEXT('2D SPACE',''
  ) );
#5698 = ORIENTED_EDGE('',*,*,#1661,.T.);
#5699 = ORIENTED_EDGE('',*,*,#5589,.T.);
#5700 = ADVANCED_FACE('',(#5701),#1784,.T.);
#5701 = FACE_BOUND('',#5702,.T.);
#5702 = EDGE_LOOP('',(#5703,#5731,#5732));
#5703 = ORIENTED_EDGE('',*,*,#5704,.F.);
#5704 = EDGE_CURVE('',#1770,#5705,#5707,.T.);
#5705 = VERTEX_POINT('',#5706);
#5706 = CARTESIAN_POINT('',(162.545,20.5,37.));
#5707 = SURFACE_CURVE('',#5708,(#5712,#5719),.PCURVE_S1.);
#5708 = LINE('',#5709,#5710);
#5709 = CARTESIAN_POINT('',(161.345,20.591172956548,38.623484903498));
#5710 = VECTOR('',#5711,1.);
#5711 = DIRECTION('',(0.593796375622,-4.511514262745E-02,-0.803349542979
    ));
#5712 = PCURVE('',#1784,#5713);
#5713 = DEFINITIONAL_REPRESENTATION('',(#5714),#5718);
#5714 = LINE('',#5715,#5716);
#5715 = CARTESIAN_POINT('',(-1.02654185605,-0.372944942388));
#5716 = VECTOR('',#5717,1.);
#5717 = DIRECTION('',(0.804615351766,0.593796375622));
#5718 = ( GEOMETRIC_REPRESENTATION_CONTEXT(2) 
PARAMETRIC_REPRESENTATION_CONTEXT() REPRESENTATION_CONTEXT('2D SPACE',''
  ) );
#5719 = PCURVE('',#5720,#5725);
#5720 = PLANE('',#5721);
#5721 = AXIS2_PLACEMENT_3D('',#5722,#5723,#5724);
#5722 = CARTESIAN_POINT('',(161.69677154644,22.881747025348,
    37.886474649512));
#5723 = DIRECTION('',(0.804168352357,6.655186364335E-02,0.590664126651)
  );
#5724 = DIRECTION('',(-0.591976558154,0.,0.805955181506));
#5725 = DEFINITIONAL_REPRESENTATION('',(#5726),#5730);
#5726 = LINE('',#5727,#5728);
#5727 = CARTESIAN_POINT('',(0.802237742345,2.295663630584));
#5728 = VECTOR('',#5729,1.);
#5729 = DIRECTION('',(-0.998977261409,4.521538662695E-02));
#5730 = ( GEOMETRIC_REPRESENTATION_CONTEXT(2) 
PARAMETRIC_REPRESENTATION_CONTEXT() REPRESENTATION_CONTEXT('2D SPACE',''
  ) );
#5731 = ORIENTED_EDGE('',*,*,#1769,.T.);
#5732 = ORIENTED_EDGE('',*,*,#5733,.T.);
#5733 = EDGE_CURVE('',#1742,#5705,#5734,.T.);
#5734 = SURFACE_CURVE('',#5735,(#5739,#5746),.PCURVE_S1.);
#5735 = LINE('',#5736,#5737);
#5736 = CARTESIAN_POINT('',(161.245,20.5,37.));
#5737 = VECTOR('',#5738,1.);
#5738 = DIRECTION('',(1.,0.,0.));
#5739 = PCURVE('',#1784,#5740);
#5740 = DEFINITIONAL_REPRESENTATION('',(#5741),#5745);
#5741 = LINE('',#5742,#5743);
#5742 = CARTESIAN_POINT('',(0.599501113829,-0.472944942388));
#5743 = VECTOR('',#5744,1.);
#5744 = DIRECTION('',(0.,1.));
#5745 = ( GEOMETRIC_REPRESENTATION_CONTEXT(2) 
PARAMETRIC_REPRESENTATION_CONTEXT() REPRESENTATION_CONTEXT('2D SPACE',''
  ) );
#5746 = PCURVE('',#1757,#5747);
#5747 = DEFINITIONAL_REPRESENTATION('',(#5748),#5752);
#5748 = LINE('',#5749,#5750);
#5749 = CARTESIAN_POINT('',(-0.601968217911,-0.438946732972));
#5750 = VECTOR('',#5751,1.);
#5751 = DIRECTION('',(0.,1.));
#5752 = ( GEOMETRIC_REPRESENTATION_CONTEXT(2) 
PARAMETRIC_REPRESENTATION_CONTEXT() REPRESENTATION_CONTEXT('2D SPACE',''
  ) );
#5753 = ADVANCED_FACE('',(#5754),#1703,.T.);
#5754 = FACE_BOUND('',#5755,.T.);
#5755 = EDGE_LOOP('',(#5756,#5779,#5780));
#5756 = ORIENTED_EDGE('',*,*,#5757,.F.);
#5757 = EDGE_CURVE('',#1688,#5758,#5760,.T.);
#5758 = VERTEX_POINT('',#5759);
#5759 = CARTESIAN_POINT('',(162.545,20.863545273364,33.773446457633));
#5760 = SURFACE_CURVE('',#5761,(#5765,#5772),.PCURVE_S1.);
#5761 = LINE('',#5762,#5763);
#5762 = CARTESIAN_POINT('',(161.245,20.863545273364,33.773446457633));
#5763 = VECTOR('',#5764,1.);
#5764 = DIRECTION('',(1.,0.,0.));
#5765 = PCURVE('',#1703,#5766);
#5766 = DEFINITIONAL_REPRESENTATION('',(#5767),#5771);
#5767 = LINE('',#5768,#5769);
#5768 = CARTESIAN_POINT('',(-0.601968217911,-0.438946732972));
#5769 = VECTOR('',#5770,1.);
#5770 = DIRECTION('',(0.,1.));
#5771 = ( GEOMETRIC_REPRESENTATION_CONTEXT(2) 
PARAMETRIC_REPRESENTATION_CONTEXT() REPRESENTATION_CONTEXT('2D SPACE',''
  ) );
#5772 = PCURVE('',#1730,#5773);
#5773 = DEFINITIONAL_REPRESENTATION('',(#5774),#5778);
#5774 = LINE('',#5775,#5776);
#5775 = CARTESIAN_POINT('',(0.599501113829,-0.472944942388));
#5776 = VECTOR('',#5777,1.);
#5777 = DIRECTION('',(0.,1.));
#5778 = ( GEOMETRIC_REPRESENTATION_CONTEXT(2) 
PARAMETRIC_REPRESENTATION_CONTEXT() REPRESENTATION_CONTEXT('2D SPACE',''
  ) );
#5779 = ORIENTED_EDGE('',*,*,#1687,.F.);
#5780 = ORIENTED_EDGE('',*,*,#5781,.F.);
#5781 = EDGE_CURVE('',#5758,#1662,#5782,.T.);
#5782 = SURFACE_CURVE('',#5783,(#5787,#5794),.PCURVE_S1.);
#5783 = LINE('',#5784,#5785);
#5784 = CARTESIAN_POINT('',(162.545,20.863545273364,33.773446457633));
#5785 = VECTOR('',#5786,1.);
#5786 = DIRECTION('',(-0.593796375622,0.222746102407,-0.773168829015));
#5787 = PCURVE('',#1703,#5788);
#5788 = DEFINITIONAL_REPRESENTATION('',(#5789),#5793);
#5789 = LINE('',#5790,#5791);
#5790 = CARTESIAN_POINT('',(-0.601968217911,0.861053267028));
#5791 = VECTOR('',#5792,1.);
#5792 = DIRECTION('',(0.804615351766,-0.593796375622));
#5793 = ( GEOMETRIC_REPRESENTATION_CONTEXT(2) 
PARAMETRIC_REPRESENTATION_CONTEXT() REPRESENTATION_CONTEXT('2D SPACE',''
  ) );
#5794 = PCURVE('',#5795,#5800);
#5795 = PLANE('',#5796);
#5796 = AXIS2_PLACEMENT_3D('',#5797,#5798,#5799);
#5797 = CARTESIAN_POINT('',(162.19322845355,23.268999009079,
    33.834323419412));
#5798 = DIRECTION('',(0.804168352357,0.132266798987,-0.579498710053));
#5799 = DIRECTION('',(0.584635226655,6.938893903907E-18,0.811296278651)
  );
#5800 = DEFINITIONAL_REPRESENTATION('',(#5801),#5805);
#5801 = LINE('',#5802,#5803);
#5802 = CARTESIAN_POINT('',(0.156268785242,2.426775013632));
#5803 = VECTOR('',#5804,1.);
#5804 = DIRECTION('',(-0.974423272398,-0.224720462372));
#5805 = ( GEOMETRIC_REPRESENTATION_CONTEXT(2) 
PARAMETRIC_REPRESENTATION_CONTEXT() REPRESENTATION_CONTEXT('2D SPACE',''
  ) );
#5806 = ADVANCED_FACE('',(#5807),#1757,.T.);
#5807 = FACE_BOUND('',#5808,.T.);
#5808 = EDGE_LOOP('',(#5809,#5810,#5811));
#5809 = ORIENTED_EDGE('',*,*,#5733,.F.);
#5810 = ORIENTED_EDGE('',*,*,#1741,.F.);
#5811 = ORIENTED_EDGE('',*,*,#5812,.F.);
#5812 = EDGE_CURVE('',#5705,#1716,#5813,.T.);
#5813 = SURFACE_CURVE('',#5814,(#5818,#5825),.PCURVE_S1.);
#5814 = LINE('',#5815,#5816);
#5815 = CARTESIAN_POINT('',(162.545,20.5,37.));
#5816 = VECTOR('',#5817,1.);
#5817 = DIRECTION('',(-0.593796375622,4.511514262745E-02,-0.803349542979
    ));
#5818 = PCURVE('',#1757,#5819);
#5819 = DEFINITIONAL_REPRESENTATION('',(#5820),#5824);
#5820 = LINE('',#5821,#5822);
#5821 = CARTESIAN_POINT('',(-0.601968217911,0.861053267028));
#5822 = VECTOR('',#5823,1.);
#5823 = DIRECTION('',(0.804615351766,-0.593796375622));
#5824 = ( GEOMETRIC_REPRESENTATION_CONTEXT(2) 
PARAMETRIC_REPRESENTATION_CONTEXT() REPRESENTATION_CONTEXT('2D SPACE',''
  ) );
#5825 = PCURVE('',#5826,#5831);
#5826 = PLANE('',#5827);
#5827 = AXIS2_PLACEMENT_3D('',#5828,#5829,#5830);
#5828 = CARTESIAN_POINT('',(162.19322845355,22.858690386802,
    36.524086837386));
#5829 = DIRECTION('',(0.804168352357,0.,-0.594401599146));
#5830 = DIRECTION('',(0.594401599146,0.,0.804168352357));
#5831 = DEFINITIONAL_REPRESENTATION('',(#5832),#5836);
#5832 = LINE('',#5833,#5834);
#5833 = CARTESIAN_POINT('',(0.591807873586,2.358690386802));
#5834 = VECTOR('',#5835,1.);
#5835 = DIRECTION('',(-0.998981793581,-4.511514262745E-02));
#5836 = ( GEOMETRIC_REPRESENTATION_CONTEXT(2) 
PARAMETRIC_REPRESENTATION_CONTEXT() REPRESENTATION_CONTEXT('2D SPACE',''
  ) );
#5837 = ADVANCED_FACE('',(#5838),#1730,.T.);
#5838 = FACE_BOUND('',#5839,.T.);
#5839 = EDGE_LOOP('',(#5840,#5866,#5867));
#5840 = ORIENTED_EDGE('',*,*,#5841,.F.);
#5841 = EDGE_CURVE('',#1716,#5758,#5842,.T.);
#5842 = SURFACE_CURVE('',#5843,(#5847,#5854),.PCURVE_S1.);
#5843 = LINE('',#5844,#5845);
#5844 = CARTESIAN_POINT('',(161.345,20.591172956548,35.376515096502));
#5845 = VECTOR('',#5846,1.);
#5846 = DIRECTION('',(0.593796375622,0.134778078787,-0.793246956361));
#5847 = PCURVE('',#1730,#5848);
#5848 = DEFINITIONAL_REPRESENTATION('',(#5849),#5853);
#5849 = LINE('',#5850,#5851);
#5850 = CARTESIAN_POINT('',(-1.02654185605,-0.372944942388));
#5851 = VECTOR('',#5852,1.);
#5852 = DIRECTION('',(0.804615351766,0.593796375622));
#5853 = ( GEOMETRIC_REPRESENTATION_CONTEXT(2) 
PARAMETRIC_REPRESENTATION_CONTEXT() REPRESENTATION_CONTEXT('2D SPACE',''
  ) );
#5854 = PCURVE('',#5855,#5860);
#5855 = PLANE('',#5856);
#5856 = AXIS2_PLACEMENT_3D('',#5857,#5858,#5859);
#5857 = CARTESIAN_POINT('',(161.69677154644,22.988317761194,
    35.167683909412));
#5858 = DIRECTION('',(0.804168352357,-6.655186364335E-02,0.590664126651)
  );
#5859 = DIRECTION('',(-0.591976558154,0.,0.805955181506));
#5860 = DEFINITIONAL_REPRESENTATION('',(#5861),#5865);
#5861 = LINE('',#5862,#5863);
#5862 = CARTESIAN_POINT('',(0.376549086617,2.402471162241));
#5863 = VECTOR('',#5864,1.);
#5864 = DIRECTION('',(-0.990835029378,-0.135077550159));
#5865 = ( GEOMETRIC_REPRESENTATION_CONTEXT(2) 
PARAMETRIC_REPRESENTATION_CONTEXT() REPRESENTATION_CONTEXT('2D SPACE',''
  ) );
#5866 = ORIENTED_EDGE('',*,*,#1715,.T.);
#5867 = ORIENTED_EDGE('',*,*,#5757,.T.);
#5868 = ADVANCED_FACE('',(#5869,#5915),#2488,.T.);
#5869 = FACE_BOUND('',#5870,.T.);
#5870 = EDGE_LOOP('',(#5871,#5892,#5893,#5914));
#5871 = ORIENTED_EDGE('',*,*,#5872,.F.);
#5872 = EDGE_CURVE('',#3166,#2472,#5873,.T.);
#5873 = SURFACE_CURVE('',#5874,(#5878,#5885),.PCURVE_S1.);
#5874 = LINE('',#5875,#5876);
#5875 = CARTESIAN_POINT('',(145.5,16.370251770438,19.193426627878));
#5876 = VECTOR('',#5877,1.);
#5877 = DIRECTION('',(1.,0.,0.));
#5878 = PCURVE('',#2488,#5879);
#5879 = DEFINITIONAL_REPRESENTATION('',(#5880),#5884);
#5880 = LINE('',#5881,#5882);
#5881 = CARTESIAN_POINT('',(0.,7.4));
#5882 = VECTOR('',#5883,1.);
#5883 = DIRECTION('',(1.,0.));
#5884 = ( GEOMETRIC_REPRESENTATION_CONTEXT(2) 
PARAMETRIC_REPRESENTATION_CONTEXT() REPRESENTATION_CONTEXT('2D SPACE',''
  ) );
#5885 = PCURVE('',#2564,#5886);
#5886 = DEFINITIONAL_REPRESENTATION('',(#5887),#5891);
#5887 = LINE('',#5888,#5889);
#5888 = CARTESIAN_POINT('',(0.,0.));
#5889 = VECTOR('',#5890,1.);
#5890 = DIRECTION('',(0.,1.));
#5891 = ( GEOMETRIC_REPRESENTATION_CONTEXT(2) 
PARAMETRIC_REPRESENTATION_CONTEXT() REPRESENTATION_CONTEXT('2D SPACE',''
  ) );
#5892 = ORIENTED_EDGE('',*,*,#3188,.F.);
#5893 = ORIENTED_EDGE('',*,*,#5894,.T.);
#5894 = EDGE_CURVE('',#3118,#2474,#5895,.T.);
#5895 = SURFACE_CURVE('',#5896,(#5900,#5907),.PCURVE_S1.);
#5896 = LINE('',#5897,#5898);
#5897 = CARTESIAN_POINT('',(145.5,9.063077744608,18.025005575246));
#5898 = VECTOR('',#5899,1.);
#5899 = DIRECTION('',(1.,0.,0.));
#5900 = PCURVE('',#2488,#5901);
#5901 = DEFINITIONAL_REPRESENTATION('',(#5902),#5906);
#5902 = LINE('',#5903,#5904);
#5903 = CARTESIAN_POINT('',(0.,0.));
#5904 = VECTOR('',#5905,1.);
#5905 = DIRECTION('',(1.,0.));
#5906 = ( GEOMETRIC_REPRESENTATION_CONTEXT(2) 
PARAMETRIC_REPRESENTATION_CONTEXT() REPRESENTATION_CONTEXT('2D SPACE',''
  ) );
#5907 = PCURVE('',#2514,#5908);
#5908 = DEFINITIONAL_REPRESENTATION('',(#5909),#5913);
#5909 = LINE('',#5910,#5911);
#5910 = CARTESIAN_POINT('',(0.,0.));
#5911 = VECTOR('',#5912,1.);
#5912 = DIRECTION('',(0.,1.));
#5913 = ( GEOMETRIC_REPRESENTATION_CONTEXT(2) 
PARAMETRIC_REPRESENTATION_CONTEXT() REPRESENTATION_CONTEXT('2D SPACE',''
  ) );
#5914 = ORIENTED_EDGE('',*,*,#2471,.F.);
#5915 = FACE_BOUND('',#5916,.T.);
#5916 = EDGE_LOOP('',(#5917));
#5917 = ORIENTED_EDGE('',*,*,#2734,.F.);
#5918 = ADVANCED_FACE('',(#5919),#2564,.F.);
#5919 = FACE_BOUND('',#5920,.F.);
#5920 = EDGE_LOOP('',(#5921,#5922,#5923,#5944));
#5921 = ORIENTED_EDGE('',*,*,#5872,.F.);
#5922 = ORIENTED_EDGE('',*,*,#3165,.T.);
#5923 = ORIENTED_EDGE('',*,*,#5924,.T.);
#5924 = EDGE_CURVE('',#3143,#2526,#5925,.T.);
#5925 = SURFACE_CURVE('',#5926,(#5930,#5937),.PCURVE_S1.);
#5926 = LINE('',#5927,#5928);
#5927 = CARTESIAN_POINT('',(145.5,15.801830717807,22.748268045849));
#5928 = VECTOR('',#5929,1.);
#5929 = DIRECTION('',(1.,0.,0.));
#5930 = PCURVE('',#2564,#5931);
#5931 = DEFINITIONAL_REPRESENTATION('',(#5932),#5936);
#5932 = LINE('',#5933,#5934);
#5933 = CARTESIAN_POINT('',(3.6,0.));
#5934 = VECTOR('',#5935,1.);
#5935 = DIRECTION('',(0.,1.));
#5936 = ( GEOMETRIC_REPRESENTATION_CONTEXT(2) 
PARAMETRIC_REPRESENTATION_CONTEXT() REPRESENTATION_CONTEXT('2D SPACE',''
  ) );
#5937 = PCURVE('',#2540,#5938);
#5938 = DEFINITIONAL_REPRESENTATION('',(#5939),#5943);
#5939 = LINE('',#5940,#5941);
#5940 = CARTESIAN_POINT('',(0.,7.4));
#5941 = VECTOR('',#5942,1.);
#5942 = DIRECTION('',(1.,0.));
#5943 = ( GEOMETRIC_REPRESENTATION_CONTEXT(2) 
PARAMETRIC_REPRESENTATION_CONTEXT() REPRESENTATION_CONTEXT('2D SPACE',''
  ) );
#5944 = ORIENTED_EDGE('',*,*,#2551,.F.);
#5945 = ADVANCED_FACE('',(#5946,#5972),#2540,.F.);
#5946 = FACE_BOUND('',#5947,.F.);
#5947 = EDGE_LOOP('',(#5948,#5949,#5950,#5971));
#5948 = ORIENTED_EDGE('',*,*,#5924,.F.);
#5949 = ORIENTED_EDGE('',*,*,#3142,.F.);
#5950 = ORIENTED_EDGE('',*,*,#5951,.T.);
#5951 = EDGE_CURVE('',#3120,#2500,#5952,.T.);
#5952 = SURFACE_CURVE('',#5953,(#5957,#5964),.PCURVE_S1.);
#5953 = LINE('',#5954,#5955);
#5954 = CARTESIAN_POINT('',(145.5,8.494656691976,21.579846993218));
#5955 = VECTOR('',#5956,1.);
#5956 = DIRECTION('',(1.,0.,0.));
#5957 = PCURVE('',#2540,#5958);
#5958 = DEFINITIONAL_REPRESENTATION('',(#5959),#5963);
#5959 = LINE('',#5960,#5961);
#5960 = CARTESIAN_POINT('',(0.,0.));
#5961 = VECTOR('',#5962,1.);
#5962 = DIRECTION('',(1.,0.));
#5963 = ( GEOMETRIC_REPRESENTATION_CONTEXT(2) 
PARAMETRIC_REPRESENTATION_CONTEXT() REPRESENTATION_CONTEXT('2D SPACE',''
  ) );
#5964 = PCURVE('',#2514,#5965);
#5965 = DEFINITIONAL_REPRESENTATION('',(#5966),#5970);
#5966 = LINE('',#5967,#5968);
#5967 = CARTESIAN_POINT('',(3.6,0.));
#5968 = VECTOR('',#5969,1.);
#5969 = DIRECTION('',(0.,1.));
#5970 = ( GEOMETRIC_REPRESENTATION_CONTEXT(2) 
PARAMETRIC_REPRESENTATION_CONTEXT() REPRESENTATION_CONTEXT('2D SPACE',''
  ) );
#5971 = ORIENTED_EDGE('',*,*,#2525,.F.);
#5972 = FACE_BOUND('',#5973,.F.);
#5973 = EDGE_LOOP('',(#5974));
#5974 = ORIENTED_EDGE('',*,*,#5975,.F.);
#5975 = EDGE_CURVE('',#5976,#5976,#5978,.T.);
#5976 = VERTEX_POINT('',#5977);
#5977 = CARTESIAN_POINT('',(151.75,12.148243704891,22.164057519533));
#5978 = SURFACE_CURVE('',#5979,(#5984,#5991),.PCURVE_S1.);
#5979 = CIRCLE('',#5980,2.25);
#5980 = AXIS2_PLACEMENT_3D('',#5981,#5982,#5983);
#5981 = CARTESIAN_POINT('',(149.5,12.148243704891,22.164057519533));
#5982 = DIRECTION('',(0.,-0.157894736842,0.987455949437));
#5983 = DIRECTION('',(1.,0.,0.));
#5984 = PCURVE('',#2540,#5985);
#5985 = DEFINITIONAL_REPRESENTATION('',(#5986),#5990);
#5986 = CIRCLE('',#5987,2.25);
#5987 = AXIS2_PLACEMENT_2D('',#5988,#5989);
#5988 = CARTESIAN_POINT('',(4.,3.7));
#5989 = DIRECTION('',(1.,0.));
#5990 = ( GEOMETRIC_REPRESENTATION_CONTEXT(2) 
PARAMETRIC_REPRESENTATION_CONTEXT() REPRESENTATION_CONTEXT('2D SPACE',''
  ) );
#5991 = PCURVE('',#3416,#5992);
#5992 = DEFINITIONAL_REPRESENTATION('',(#5993),#5997);
#5993 = LINE('',#5994,#5995);
#5994 = CARTESIAN_POINT('',(0.,85.6));
#5995 = VECTOR('',#5996,1.);
#5996 = DIRECTION('',(1.,0.));
#5997 = ( GEOMETRIC_REPRESENTATION_CONTEXT(2) 
PARAMETRIC_REPRESENTATION_CONTEXT() REPRESENTATION_CONTEXT('2D SPACE',''
  ) );
#5998 = ADVANCED_FACE('',(#5999),#2514,.T.);
#5999 = FACE_BOUND('',#6000,.T.);
#6000 = EDGE_LOOP('',(#6001,#6002,#6003,#6004));
#6001 = ORIENTED_EDGE('',*,*,#5894,.F.);
#6002 = ORIENTED_EDGE('',*,*,#3117,.T.);
#6003 = ORIENTED_EDGE('',*,*,#5951,.T.);
#6004 = ORIENTED_EDGE('',*,*,#2499,.F.);
#6005 = ADVANCED_FACE('',(#6006,#6052),#2594,.T.);
#6006 = FACE_BOUND('',#6007,.T.);
#6007 = EDGE_LOOP('',(#6008,#6029,#6030,#6051));
#6008 = ORIENTED_EDGE('',*,*,#6009,.F.);
#6009 = EDGE_CURVE('',#3260,#2578,#6010,.T.);
#6010 = SURFACE_CURVE('',#6011,(#6015,#6022),.PCURVE_S1.);
#6011 = LINE('',#6012,#6013);
#6012 = CARTESIAN_POINT('',(145.5,-3.378867218292,16.035531891036));
#6013 = VECTOR('',#6014,1.);
#6014 = DIRECTION('',(1.,0.,0.));
#6015 = PCURVE('',#2594,#6016);
#6016 = DEFINITIONAL_REPRESENTATION('',(#6017),#6021);
#6017 = LINE('',#6018,#6019);
#6018 = CARTESIAN_POINT('',(0.,7.4));
#6019 = VECTOR('',#6020,1.);
#6020 = DIRECTION('',(1.,0.));
#6021 = ( GEOMETRIC_REPRESENTATION_CONTEXT(2) 
PARAMETRIC_REPRESENTATION_CONTEXT() REPRESENTATION_CONTEXT('2D SPACE',''
  ) );
#6022 = PCURVE('',#2670,#6023);
#6023 = DEFINITIONAL_REPRESENTATION('',(#6024),#6028);
#6024 = LINE('',#6025,#6026);
#6025 = CARTESIAN_POINT('',(0.,0.));
#6026 = VECTOR('',#6027,1.);
#6027 = DIRECTION('',(0.,1.));
#6028 = ( GEOMETRIC_REPRESENTATION_CONTEXT(2) 
PARAMETRIC_REPRESENTATION_CONTEXT() REPRESENTATION_CONTEXT('2D SPACE',''
  ) );
#6029 = ORIENTED_EDGE('',*,*,#3282,.F.);
#6030 = ORIENTED_EDGE('',*,*,#6031,.T.);
#6031 = EDGE_CURVE('',#3212,#2580,#6032,.T.);
#6032 = SURFACE_CURVE('',#6033,(#6037,#6044),.PCURVE_S1.);
#6033 = LINE('',#6034,#6035);
#6034 = CARTESIAN_POINT('',(145.5,-10.68604124412,14.867110838404));
#6035 = VECTOR('',#6036,1.);
#6036 = DIRECTION('',(1.,0.,0.));
#6037 = PCURVE('',#2594,#6038);
#6038 = DEFINITIONAL_REPRESENTATION('',(#6039),#6043);
#6039 = LINE('',#6040,#6041);
#6040 = CARTESIAN_POINT('',(0.,0.));
#6041 = VECTOR('',#6042,1.);
#6042 = DIRECTION('',(1.,0.));
#6043 = ( GEOMETRIC_REPRESENTATION_CONTEXT(2) 
PARAMETRIC_REPRESENTATION_CONTEXT() REPRESENTATION_CONTEXT('2D SPACE',''
  ) );
#6044 = PCURVE('',#2620,#6045);
#6045 = DEFINITIONAL_REPRESENTATION('',(#6046),#6050);
#6046 = LINE('',#6047,#6048);
#6047 = CARTESIAN_POINT('',(0.,0.));
#6048 = VECTOR('',#6049,1.);
#6049 = DIRECTION('',(0.,1.));
#6050 = ( GEOMETRIC_REPRESENTATION_CONTEXT(2) 
PARAMETRIC_REPRESENTATION_CONTEXT() REPRESENTATION_CONTEXT('2D SPACE',''
  ) );
#6051 = ORIENTED_EDGE('',*,*,#2577,.F.);
#6052 = FACE_BOUND('',#6053,.T.);
#6053 = EDGE_LOOP('',(#6054));
#6054 = ORIENTED_EDGE('',*,*,#2684,.F.);
#6055 = ADVANCED_FACE('',(#6056),#2670,.F.);
#6056 = FACE_BOUND('',#6057,.F.);
#6057 = EDGE_LOOP('',(#6058,#6059,#6060,#6081));
#6058 = ORIENTED_EDGE('',*,*,#6009,.F.);
#6059 = ORIENTED_EDGE('',*,*,#3259,.T.);
#6060 = ORIENTED_EDGE('',*,*,#6061,.T.);
#6061 = EDGE_CURVE('',#3237,#2632,#6062,.T.);
#6062 = SURFACE_CURVE('',#6063,(#6067,#6074),.PCURVE_S1.);
#6063 = LINE('',#6064,#6065);
#6064 = CARTESIAN_POINT('',(145.5,-3.947288270924,19.590373309007));
#6065 = VECTOR('',#6066,1.);
#6066 = DIRECTION('',(1.,0.,0.));
#6067 = PCURVE('',#2670,#6068);
#6068 = DEFINITIONAL_REPRESENTATION('',(#6069),#6073);
#6069 = LINE('',#6070,#6071);
#6070 = CARTESIAN_POINT('',(3.6,0.));
#6071 = VECTOR('',#6072,1.);
#6072 = DIRECTION('',(0.,1.));
#6073 = ( GEOMETRIC_REPRESENTATION_CONTEXT(2) 
PARAMETRIC_REPRESENTATION_CONTEXT() REPRESENTATION_CONTEXT('2D SPACE',''
  ) );
#6074 = PCURVE('',#2646,#6075);
#6075 = DEFINITIONAL_REPRESENTATION('',(#6076),#6080);
#6076 = LINE('',#6077,#6078);
#6077 = CARTESIAN_POINT('',(0.,7.4));
#6078 = VECTOR('',#6079,1.);
#6079 = DIRECTION('',(1.,0.));
#6080 = ( GEOMETRIC_REPRESENTATION_CONTEXT(2) 
PARAMETRIC_REPRESENTATION_CONTEXT() REPRESENTATION_CONTEXT('2D SPACE',''
  ) );
#6081 = ORIENTED_EDGE('',*,*,#2657,.F.);
#6082 = ADVANCED_FACE('',(#6083),#2620,.T.);
#6083 = FACE_BOUND('',#6084,.T.);
#6084 = EDGE_LOOP('',(#6085,#6086,#6087,#6108));
#6085 = ORIENTED_EDGE('',*,*,#6031,.F.);
#6086 = ORIENTED_EDGE('',*,*,#3211,.T.);
#6087 = ORIENTED_EDGE('',*,*,#6088,.T.);
#6088 = EDGE_CURVE('',#3214,#2606,#6089,.T.);
#6089 = SURFACE_CURVE('',#6090,(#6094,#6101),.PCURVE_S1.);
#6090 = LINE('',#6091,#6092);
#6091 = CARTESIAN_POINT('',(145.5,-11.25446229675,18.421952256376));
#6092 = VECTOR('',#6093,1.);
#6093 = DIRECTION('',(1.,0.,0.));
#6094 = PCURVE('',#2620,#6095);
#6095 = DEFINITIONAL_REPRESENTATION('',(#6096),#6100);
#6096 = LINE('',#6097,#6098);
#6097 = CARTESIAN_POINT('',(3.6,0.));
#6098 = VECTOR('',#6099,1.);
#6099 = DIRECTION('',(0.,1.));
#6100 = ( GEOMETRIC_REPRESENTATION_CONTEXT(2) 
PARAMETRIC_REPRESENTATION_CONTEXT() REPRESENTATION_CONTEXT('2D SPACE',''
  ) );
#6101 = PCURVE('',#2646,#6102);
#6102 = DEFINITIONAL_REPRESENTATION('',(#6103),#6107);
#6103 = LINE('',#6104,#6105);
#6104 = CARTESIAN_POINT('',(0.,0.));
#6105 = VECTOR('',#6106,1.);
#6106 = DIRECTION('',(1.,0.));
#6107 = ( GEOMETRIC_REPRESENTATION_CONTEXT(2) 
PARAMETRIC_REPRESENTATION_CONTEXT() REPRESENTATION_CONTEXT('2D SPACE',''
  ) );
#6108 = ORIENTED_EDGE('',*,*,#2605,.F.);
#6109 = ADVANCED_FACE('',(#6110,#6116),#2646,.F.);
#6110 = FACE_BOUND('',#6111,.F.);
#6111 = EDGE_LOOP('',(#6112,#6113,#6114,#6115));
#6112 = ORIENTED_EDGE('',*,*,#6061,.F.);
#6113 = ORIENTED_EDGE('',*,*,#3236,.F.);
#6114 = ORIENTED_EDGE('',*,*,#6088,.T.);
#6115 = ORIENTED_EDGE('',*,*,#2631,.F.);
#6116 = FACE_BOUND('',#6117,.F.);
#6117 = EDGE_LOOP('',(#6118));
#6118 = ORIENTED_EDGE('',*,*,#6119,.F.);
#6119 = EDGE_CURVE('',#6120,#6120,#6122,.T.);
#6120 = VERTEX_POINT('',#6121);
#6121 = CARTESIAN_POINT('',(151.75,-7.600875283839,19.006162782691));
#6122 = SURFACE_CURVE('',#6123,(#6128,#6135),.PCURVE_S1.);
#6123 = CIRCLE('',#6124,2.25);
#6124 = AXIS2_PLACEMENT_3D('',#6125,#6126,#6127);
#6125 = CARTESIAN_POINT('',(149.5,-7.600875283839,19.006162782691));
#6126 = DIRECTION('',(0.,-0.157894736842,0.987455949437));
#6127 = DIRECTION('',(1.,0.,0.));
#6128 = PCURVE('',#2646,#6129);
#6129 = DEFINITIONAL_REPRESENTATION('',(#6130),#6134);
#6130 = CIRCLE('',#6131,2.25);
#6131 = AXIS2_PLACEMENT_2D('',#6132,#6133);
#6132 = CARTESIAN_POINT('',(4.,3.7));
#6133 = DIRECTION('',(1.,0.));
#6134 = ( GEOMETRIC_REPRESENTATION_CONTEXT(2) 
PARAMETRIC_REPRESENTATION_CONTEXT() REPRESENTATION_CONTEXT('2D SPACE',''
  ) );
#6135 = PCURVE('',#3460,#6136);
#6136 = DEFINITIONAL_REPRESENTATION('',(#6137),#6141);
#6137 = LINE('',#6138,#6139);
#6138 = CARTESIAN_POINT('',(0.,85.6));
#6139 = VECTOR('',#6140,1.);
#6140 = DIRECTION('',(1.,0.));
#6141 = ( GEOMETRIC_REPRESENTATION_CONTEXT(2) 
PARAMETRIC_REPRESENTATION_CONTEXT() REPRESENTATION_CONTEXT('2D SPACE',''
  ) );
#6142 = ADVANCED_FACE('',(#6143),#2869,.T.);
#6143 = FACE_BOUND('',#6144,.T.);
#6144 = EDGE_LOOP('',(#6145,#6146,#6147,#6173));
#6145 = ORIENTED_EDGE('',*,*,#2931,.F.);
#6146 = ORIENTED_EDGE('',*,*,#3335,.T.);
#6147 = ORIENTED_EDGE('',*,*,#6148,.T.);
#6148 = EDGE_CURVE('',#3336,#2831,#6149,.T.);
#6149 = SURFACE_CURVE('',#6150,(#6155,#6162),.PCURVE_S1.);
#6150 = CIRCLE('',#6151,8.5);
#6151 = AXIS2_PLACEMENT_3D('',#6152,#6153,#6154);
#6152 = CARTESIAN_POINT('',(156.345,35.,37.));
#6153 = DIRECTION('',(-1.,-0.,0.));
#6154 = DIRECTION('',(0.,-0.924945932695,-0.380098699802));
#6155 = PCURVE('',#2869,#6156);
#6156 = DEFINITIONAL_REPRESENTATION('',(#6157),#6161);
#6157 = LINE('',#6158,#6159);
#6158 = CARTESIAN_POINT('',(8.243884636836,10.845));
#6159 = VECTOR('',#6160,1.);
#6160 = DIRECTION('',(-1.,-0.));
#6161 = ( GEOMETRIC_REPRESENTATION_CONTEXT(2) 
PARAMETRIC_REPRESENTATION_CONTEXT() REPRESENTATION_CONTEXT('2D SPACE',''
  ) );
#6162 = PCURVE('',#2845,#6163);
#6163 = DEFINITIONAL_REPRESENTATION('',(#6164),#6172);
#6164 = ( BOUNDED_CURVE() B_SPLINE_CURVE(2,(#6165,#6166,#6167,#6168,
#6169,#6170,#6171),.UNSPECIFIED.,.T.,.F.) B_SPLINE_CURVE_WITH_KNOTS((1,2
    ,2,2,2,1),(-2.094395102393,0.,2.094395102393,4.188790204786,
6.28318530718,8.377580409573),.UNSPECIFIED.) CURVE() 
GEOMETRIC_REPRESENTATION_ITEM() RATIONAL_B_SPLINE_CURVE((1.,0.5,1.,0.5,
1.,0.5,1.)) REPRESENTATION_ITEM('') );
#6165 = CARTESIAN_POINT('',(-3.23083894832,7.862040427905));
#6166 = CARTESIAN_POINT('',(10.386614523972,13.458017637468));
#6167 = CARTESIAN_POINT('',(8.424146210306,-1.133031609171));
#6168 = CARTESIAN_POINT('',(6.46167789664,-15.72408085581));
#6169 = CARTESIAN_POINT('',(-5.193307261986,-6.729008818734));
#6170 = CARTESIAN_POINT('',(-16.84829242061,2.266063218342));
#6171 = CARTESIAN_POINT('',(-3.23083894832,7.862040427905));
#6172 = ( GEOMETRIC_REPRESENTATION_CONTEXT(2) 
PARAMETRIC_REPRESENTATION_CONTEXT() REPRESENTATION_CONTEXT('2D SPACE',''
  ) );
#6173 = ORIENTED_EDGE('',*,*,#2856,.F.);
#6174 = ADVANCED_FACE('',(#6175),#2845,.F.);
#6175 = FACE_BOUND('',#6176,.F.);
#6176 = EDGE_LOOP('',(#6177,#6178,#6179,#6180));
#6177 = ORIENTED_EDGE('',*,*,#2830,.F.);
#6178 = ORIENTED_EDGE('',*,*,#3488,.F.);
#6179 = ORIENTED_EDGE('',*,*,#3356,.F.);
#6180 = ORIENTED_EDGE('',*,*,#6148,.T.);
#6181 = ADVANCED_FACE('',(#6182),#2976,.T.);
#6182 = FACE_BOUND('',#6183,.T.);
#6183 = EDGE_LOOP('',(#6184,#6185,#6208,#6236));
#6184 = ORIENTED_EDGE('',*,*,#2959,.T.);
#6185 = ORIENTED_EDGE('',*,*,#6186,.T.);
#6186 = EDGE_CURVE('',#2962,#6187,#6189,.T.);
#6187 = VERTEX_POINT('',#6188);
#6188 = CARTESIAN_POINT('',(149.95,38.031088913246,42.25));
#6189 = SURFACE_CURVE('',#6190,(#6194,#6201),.PCURVE_S1.);
#6190 = LINE('',#6191,#6192);
#6191 = CARTESIAN_POINT('',(145.45,38.031088913246,42.25));
#6192 = VECTOR('',#6193,1.);
#6193 = DIRECTION('',(1.,0.,0.));
#6194 = PCURVE('',#2976,#6195);
#6195 = DEFINITIONAL_REPRESENTATION('',(#6196),#6200);
#6196 = LINE('',#6197,#6198);
#6197 = CARTESIAN_POINT('',(0.,-0.));
#6198 = VECTOR('',#6199,1.);
#6199 = DIRECTION('',(0.,-1.));
#6200 = ( GEOMETRIC_REPRESENTATION_CONTEXT(2) 
PARAMETRIC_REPRESENTATION_CONTEXT() REPRESENTATION_CONTEXT('2D SPACE',''
  ) );
#6201 = PCURVE('',#3002,#6202);
#6202 = DEFINITIONAL_REPRESENTATION('',(#6203),#6207);
#6203 = LINE('',#6204,#6205);
#6204 = CARTESIAN_POINT('',(6.062177826491,0.));
#6205 = VECTOR('',#6206,1.);
#6206 = DIRECTION('',(0.,-1.));
#6207 = ( GEOMETRIC_REPRESENTATION_CONTEXT(2) 
PARAMETRIC_REPRESENTATION_CONTEXT() REPRESENTATION_CONTEXT('2D SPACE',''
  ) );
#6208 = ORIENTED_EDGE('',*,*,#6209,.T.);
#6209 = EDGE_CURVE('',#6187,#6210,#6212,.T.);
#6210 = VERTEX_POINT('',#6211);
#6211 = CARTESIAN_POINT('',(149.95,31.968911086754,42.25));
#6212 = SURFACE_CURVE('',#6213,(#6217,#6224),.PCURVE_S1.);
#6213 = LINE('',#6214,#6215);
#6214 = CARTESIAN_POINT('',(149.95,38.031088913246,42.25));
#6215 = VECTOR('',#6216,1.);
#6216 = DIRECTION('',(0.,-1.,0.));
#6217 = PCURVE('',#2976,#6218);
#6218 = DEFINITIONAL_REPRESENTATION('',(#6219),#6223);
#6219 = LINE('',#6220,#6221);
#6220 = CARTESIAN_POINT('',(0.,-4.5));
#6221 = VECTOR('',#6222,1.);
#6222 = DIRECTION('',(1.,0.));
#6223 = ( GEOMETRIC_REPRESENTATION_CONTEXT(2) 
PARAMETRIC_REPRESENTATION_CONTEXT() REPRESENTATION_CONTEXT('2D SPACE',''
  ) );
#6224 = PCURVE('',#6225,#6230);
#6225 = PLANE('',#6226);
#6226 = AXIS2_PLACEMENT_3D('',#6227,#6228,#6229);
#6227 = CARTESIAN_POINT('',(149.95,35.,37.));
#6228 = DIRECTION('',(1.,0.,0.));
#6229 = DIRECTION('',(-0.,0.,1.));
#6230 = DEFINITIONAL_REPRESENTATION('',(#6231),#6235);
#6231 = LINE('',#6232,#6233);
#6232 = CARTESIAN_POINT('',(5.25,-3.031088913246));
#6233 = VECTOR('',#6234,1.);
#6234 = DIRECTION('',(0.,1.));
#6235 = ( GEOMETRIC_REPRESENTATION_CONTEXT(2) 
PARAMETRIC_REPRESENTATION_CONTEXT() REPRESENTATION_CONTEXT('2D SPACE',''
  ) );
#6236 = ORIENTED_EDGE('',*,*,#6237,.F.);
#6237 = EDGE_CURVE('',#2960,#6210,#6238,.T.);
#6238 = SURFACE_CURVE('',#6239,(#6243,#6250),.PCURVE_S1.);
#6239 = LINE('',#6240,#6241);
#6240 = CARTESIAN_POINT('',(145.45,31.968911086754,42.25));
#6241 = VECTOR('',#6242,1.);
#6242 = DIRECTION('',(1.,0.,0.));
#6243 = PCURVE('',#2976,#6244);
#6244 = DEFINITIONAL_REPRESENTATION('',(#6245),#6249);
#6245 = LINE('',#6246,#6247);
#6246 = CARTESIAN_POINT('',(6.062177826491,0.));
#6247 = VECTOR('',#6248,1.);
#6248 = DIRECTION('',(0.,-1.));
#6249 = ( GEOMETRIC_REPRESENTATION_CONTEXT(2) 
PARAMETRIC_REPRESENTATION_CONTEXT() REPRESENTATION_CONTEXT('2D SPACE',''
  ) );
#6250 = PCURVE('',#3104,#6251);
#6251 = DEFINITIONAL_REPRESENTATION('',(#6252),#6256);
#6252 = LINE('',#6253,#6254);
#6253 = CARTESIAN_POINT('',(0.,0.));
#6254 = VECTOR('',#6255,1.);
#6255 = DIRECTION('',(0.,-1.));
#6256 = ( GEOMETRIC_REPRESENTATION_CONTEXT(2) 
PARAMETRIC_REPRESENTATION_CONTEXT() REPRESENTATION_CONTEXT('2D SPACE',''
  ) );
#6257 = ADVANCED_FACE('',(#6258),#3104,.T.);
#6258 = FACE_BOUND('',#6259,.T.);
#6259 = EDGE_LOOP('',(#6260,#6261,#6262,#6285));
#6260 = ORIENTED_EDGE('',*,*,#3091,.T.);
#6261 = ORIENTED_EDGE('',*,*,#6237,.T.);
#6262 = ORIENTED_EDGE('',*,*,#6263,.T.);
#6263 = EDGE_CURVE('',#6210,#6264,#6266,.T.);
#6264 = VERTEX_POINT('',#6265);
#6265 = CARTESIAN_POINT('',(149.95,28.937822173509,37.));
#6266 = SURFACE_CURVE('',#6267,(#6271,#6278),.PCURVE_S1.);
#6267 = LINE('',#6268,#6269);
#6268 = CARTESIAN_POINT('',(149.95,31.968911086754,42.25));
#6269 = VECTOR('',#6270,1.);
#6270 = DIRECTION('',(0.,-0.5,-0.866025403784));
#6271 = PCURVE('',#3104,#6272);
#6272 = DEFINITIONAL_REPRESENTATION('',(#6273),#6277);
#6273 = LINE('',#6274,#6275);
#6274 = CARTESIAN_POINT('',(0.,-4.5));
#6275 = VECTOR('',#6276,1.);
#6276 = DIRECTION('',(1.,0.));
#6277 = ( GEOMETRIC_REPRESENTATION_CONTEXT(2) 
PARAMETRIC_REPRESENTATION_CONTEXT() REPRESENTATION_CONTEXT('2D SPACE',''
  ) );
#6278 = PCURVE('',#6225,#6279);
#6279 = DEFINITIONAL_REPRESENTATION('',(#6280),#6284);
#6280 = LINE('',#6281,#6282);
#6281 = CARTESIAN_POINT('',(5.25,3.031088913246));
#6282 = VECTOR('',#6283,1.);
#6283 = DIRECTION('',(-0.866025403784,0.5));
#6284 = ( GEOMETRIC_REPRESENTATION_CONTEXT(2) 
PARAMETRIC_REPRESENTATION_CONTEXT() REPRESENTATION_CONTEXT('2D SPACE',''
  ) );
#6285 = ORIENTED_EDGE('',*,*,#6286,.F.);
#6286 = EDGE_CURVE('',#3066,#6264,#6287,.T.);
#6287 = SURFACE_CURVE('',#6288,(#6292,#6299),.PCURVE_S1.);
#6288 = LINE('',#6289,#6290);
#6289 = CARTESIAN_POINT('',(145.45,28.937822173509,37.));
#6290 = VECTOR('',#6291,1.);
#6291 = DIRECTION('',(1.,0.,0.));
#6292 = PCURVE('',#3104,#6293);
#6293 = DEFINITIONAL_REPRESENTATION('',(#6294),#6298);
#6294 = LINE('',#6295,#6296);
#6295 = CARTESIAN_POINT('',(6.062177826491,0.));
#6296 = VECTOR('',#6297,1.);
#6297 = DIRECTION('',(0.,-1.));
#6298 = ( GEOMETRIC_REPRESENTATION_CONTEXT(2) 
PARAMETRIC_REPRESENTATION_CONTEXT() REPRESENTATION_CONTEXT('2D SPACE',''
  ) );
#6299 = PCURVE('',#3080,#6300);
#6300 = DEFINITIONAL_REPRESENTATION('',(#6301),#6305);
#6301 = LINE('',#6302,#6303);
#6302 = CARTESIAN_POINT('',(0.,0.));
#6303 = VECTOR('',#6304,1.);
#6304 = DIRECTION('',(0.,-1.));
#6305 = ( GEOMETRIC_REPRESENTATION_CONTEXT(2) 
PARAMETRIC_REPRESENTATION_CONTEXT() REPRESENTATION_CONTEXT('2D SPACE',''
  ) );
#6306 = ADVANCED_FACE('',(#6307),#3002,.T.);
#6307 = FACE_BOUND('',#6308,.T.);
#6308 = EDGE_LOOP('',(#6309,#6310,#6333,#6354));
#6309 = ORIENTED_EDGE('',*,*,#2987,.T.);
#6310 = ORIENTED_EDGE('',*,*,#6311,.T.);
#6311 = EDGE_CURVE('',#2988,#6312,#6314,.T.);
#6312 = VERTEX_POINT('',#6313);
#6313 = CARTESIAN_POINT('',(149.95,41.062177826491,37.));
#6314 = SURFACE_CURVE('',#6315,(#6319,#6326),.PCURVE_S1.);
#6315 = LINE('',#6316,#6317);
#6316 = CARTESIAN_POINT('',(145.45,41.062177826491,37.));
#6317 = VECTOR('',#6318,1.);
#6318 = DIRECTION('',(1.,0.,0.));
#6319 = PCURVE('',#3002,#6320);
#6320 = DEFINITIONAL_REPRESENTATION('',(#6321),#6325);
#6321 = LINE('',#6322,#6323);
#6322 = CARTESIAN_POINT('',(0.,0.));
#6323 = VECTOR('',#6324,1.);
#6324 = DIRECTION('',(0.,-1.));
#6325 = ( GEOMETRIC_REPRESENTATION_CONTEXT(2) 
PARAMETRIC_REPRESENTATION_CONTEXT() REPRESENTATION_CONTEXT('2D SPACE',''
  ) );
#6326 = PCURVE('',#3028,#6327);
#6327 = DEFINITIONAL_REPRESENTATION('',(#6328),#6332);
#6328 = LINE('',#6329,#6330);
#6329 = CARTESIAN_POINT('',(6.062177826491,0.));
#6330 = VECTOR('',#6331,1.);
#6331 = DIRECTION('',(0.,-1.));
#6332 = ( GEOMETRIC_REPRESENTATION_CONTEXT(2) 
PARAMETRIC_REPRESENTATION_CONTEXT() REPRESENTATION_CONTEXT('2D SPACE',''
  ) );
#6333 = ORIENTED_EDGE('',*,*,#6334,.T.);
#6334 = EDGE_CURVE('',#6312,#6187,#6335,.T.);
#6335 = SURFACE_CURVE('',#6336,(#6340,#6347),.PCURVE_S1.);
#6336 = LINE('',#6337,#6338);
#6337 = CARTESIAN_POINT('',(149.95,41.062177826491,37.));
#6338 = VECTOR('',#6339,1.);
#6339 = DIRECTION('',(0.,-0.5,0.866025403784));
#6340 = PCURVE('',#3002,#6341);
#6341 = DEFINITIONAL_REPRESENTATION('',(#6342),#6346);
#6342 = LINE('',#6343,#6344);
#6343 = CARTESIAN_POINT('',(0.,-4.5));
#6344 = VECTOR('',#6345,1.);
#6345 = DIRECTION('',(1.,0.));
#6346 = ( GEOMETRIC_REPRESENTATION_CONTEXT(2) 
PARAMETRIC_REPRESENTATION_CONTEXT() REPRESENTATION_CONTEXT('2D SPACE',''
  ) );
#6347 = PCURVE('',#6225,#6348);
#6348 = DEFINITIONAL_REPRESENTATION('',(#6349),#6353);
#6349 = LINE('',#6350,#6351);
#6350 = CARTESIAN_POINT('',(0.,-6.062177826491));
#6351 = VECTOR('',#6352,1.);
#6352 = DIRECTION('',(0.866025403784,0.5));
#6353 = ( GEOMETRIC_REPRESENTATION_CONTEXT(2) 
PARAMETRIC_REPRESENTATION_CONTEXT() REPRESENTATION_CONTEXT('2D SPACE',''
  ) );
#6354 = ORIENTED_EDGE('',*,*,#6186,.F.);
#6355 = ADVANCED_FACE('',(#6356),#3080,.T.);
#6356 = FACE_BOUND('',#6357,.T.);
#6357 = EDGE_LOOP('',(#6358,#6359,#6360,#6383));
#6358 = ORIENTED_EDGE('',*,*,#3065,.T.);
#6359 = ORIENTED_EDGE('',*,*,#6286,.T.);
#6360 = ORIENTED_EDGE('',*,*,#6361,.T.);
#6361 = EDGE_CURVE('',#6264,#6362,#6364,.T.);
#6362 = VERTEX_POINT('',#6363);
#6363 = CARTESIAN_POINT('',(149.95,31.968911086754,31.75));
#6364 = SURFACE_CURVE('',#6365,(#6369,#6376),.PCURVE_S1.);
#6365 = LINE('',#6366,#6367);
#6366 = CARTESIAN_POINT('',(149.95,28.937822173509,37.));
#6367 = VECTOR('',#6368,1.);
#6368 = DIRECTION('',(0.,0.5,-0.866025403784));
#6369 = PCURVE('',#3080,#6370);
#6370 = DEFINITIONAL_REPRESENTATION('',(#6371),#6375);
#6371 = LINE('',#6372,#6373);
#6372 = CARTESIAN_POINT('',(0.,-4.5));
#6373 = VECTOR('',#6374,1.);
#6374 = DIRECTION('',(1.,0.));
#6375 = ( GEOMETRIC_REPRESENTATION_CONTEXT(2) 
PARAMETRIC_REPRESENTATION_CONTEXT() REPRESENTATION_CONTEXT('2D SPACE',''
  ) );
#6376 = PCURVE('',#6225,#6377);
#6377 = DEFINITIONAL_REPRESENTATION('',(#6378),#6382);
#6378 = LINE('',#6379,#6380);
#6379 = CARTESIAN_POINT('',(0.,6.062177826491));
#6380 = VECTOR('',#6381,1.);
#6381 = DIRECTION('',(-0.866025403784,-0.5));
#6382 = ( GEOMETRIC_REPRESENTATION_CONTEXT(2) 
PARAMETRIC_REPRESENTATION_CONTEXT() REPRESENTATION_CONTEXT('2D SPACE',''
  ) );
#6383 = ORIENTED_EDGE('',*,*,#6384,.F.);
#6384 = EDGE_CURVE('',#3040,#6362,#6385,.T.);
#6385 = SURFACE_CURVE('',#6386,(#6390,#6397),.PCURVE_S1.);
#6386 = LINE('',#6387,#6388);
#6387 = CARTESIAN_POINT('',(145.45,31.968911086754,31.75));
#6388 = VECTOR('',#6389,1.);
#6389 = DIRECTION('',(1.,0.,0.));
#6390 = PCURVE('',#3080,#6391);
#6391 = DEFINITIONAL_REPRESENTATION('',(#6392),#6396);
#6392 = LINE('',#6393,#6394);
#6393 = CARTESIAN_POINT('',(6.062177826491,0.));
#6394 = VECTOR('',#6395,1.);
#6395 = DIRECTION('',(0.,-1.));
#6396 = ( GEOMETRIC_REPRESENTATION_CONTEXT(2) 
PARAMETRIC_REPRESENTATION_CONTEXT() REPRESENTATION_CONTEXT('2D SPACE',''
  ) );
#6397 = PCURVE('',#3054,#6398);
#6398 = DEFINITIONAL_REPRESENTATION('',(#6399),#6403);
#6399 = LINE('',#6400,#6401);
#6400 = CARTESIAN_POINT('',(0.,0.));
#6401 = VECTOR('',#6402,1.);
#6402 = DIRECTION('',(0.,-1.));
#6403 = ( GEOMETRIC_REPRESENTATION_CONTEXT(2) 
PARAMETRIC_REPRESENTATION_CONTEXT() REPRESENTATION_CONTEXT('2D SPACE',''
  ) );
#6404 = ADVANCED_FACE('',(#6405),#3028,.T.);
#6405 = FACE_BOUND('',#6406,.T.);
#6406 = EDGE_LOOP('',(#6407,#6408,#6431,#6452));
#6407 = ORIENTED_EDGE('',*,*,#3013,.T.);
#6408 = ORIENTED_EDGE('',*,*,#6409,.T.);
#6409 = EDGE_CURVE('',#3014,#6410,#6412,.T.);
#6410 = VERTEX_POINT('',#6411);
#6411 = CARTESIAN_POINT('',(149.95,38.031088913246,31.75));
#6412 = SURFACE_CURVE('',#6413,(#6417,#6424),.PCURVE_S1.);
#6413 = LINE('',#6414,#6415);
#6414 = CARTESIAN_POINT('',(145.45,38.031088913246,31.75));
#6415 = VECTOR('',#6416,1.);
#6416 = DIRECTION('',(1.,0.,0.));
#6417 = PCURVE('',#3028,#6418);
#6418 = DEFINITIONAL_REPRESENTATION('',(#6419),#6423);
#6419 = LINE('',#6420,#6421);
#6420 = CARTESIAN_POINT('',(0.,0.));
#6421 = VECTOR('',#6422,1.);
#6422 = DIRECTION('',(0.,-1.));
#6423 = ( GEOMETRIC_REPRESENTATION_CONTEXT(2) 
PARAMETRIC_REPRESENTATION_CONTEXT() REPRESENTATION_CONTEXT('2D SPACE',''
  ) );
#6424 = PCURVE('',#3054,#6425);
#6425 = DEFINITIONAL_REPRESENTATION('',(#6426),#6430);
#6426 = LINE('',#6427,#6428);
#6427 = CARTESIAN_POINT('',(6.062177826491,0.));
#6428 = VECTOR('',#6429,1.);
#6429 = DIRECTION('',(0.,-1.));
#6430 = ( GEOMETRIC_REPRESENTATION_CONTEXT(2) 
PARAMETRIC_REPRESENTATION_CONTEXT() REPRESENTATION_CONTEXT('2D SPACE',''
  ) );
#6431 = ORIENTED_EDGE('',*,*,#6432,.T.);
#6432 = EDGE_CURVE('',#6410,#6312,#6433,.T.);
#6433 = SURFACE_CURVE('',#6434,(#6438,#6445),.PCURVE_S1.);
#6434 = LINE('',#6435,#6436);
#6435 = CARTESIAN_POINT('',(149.95,38.031088913246,31.75));
#6436 = VECTOR('',#6437,1.);
#6437 = DIRECTION('',(0.,0.5,0.866025403784));
#6438 = PCURVE('',#3028,#6439);
#6439 = DEFINITIONAL_REPRESENTATION('',(#6440),#6444);
#6440 = LINE('',#6441,#6442);
#6441 = CARTESIAN_POINT('',(0.,-4.5));
#6442 = VECTOR('',#6443,1.);
#6443 = DIRECTION('',(1.,0.));
#6444 = ( GEOMETRIC_REPRESENTATION_CONTEXT(2) 
PARAMETRIC_REPRESENTATION_CONTEXT() REPRESENTATION_CONTEXT('2D SPACE',''
  ) );
#6445 = PCURVE('',#6225,#6446);
#6446 = DEFINITIONAL_REPRESENTATION('',(#6447),#6451);
#6447 = LINE('',#6448,#6449);
#6448 = CARTESIAN_POINT('',(-5.25,-3.031088913246));
#6449 = VECTOR('',#6450,1.);
#6450 = DIRECTION('',(0.866025403784,-0.5));
#6451 = ( GEOMETRIC_REPRESENTATION_CONTEXT(2) 
PARAMETRIC_REPRESENTATION_CONTEXT() REPRESENTATION_CONTEXT('2D SPACE',''
  ) );
#6452 = ORIENTED_EDGE('',*,*,#6311,.F.);
#6453 = ADVANCED_FACE('',(#6454),#3054,.T.);
#6454 = FACE_BOUND('',#6455,.T.);
#6455 = EDGE_LOOP('',(#6456,#6457,#6458,#6479));
#6456 = ORIENTED_EDGE('',*,*,#3039,.T.);
#6457 = ORIENTED_EDGE('',*,*,#6384,.T.);
#6458 = ORIENTED_EDGE('',*,*,#6459,.T.);
#6459 = EDGE_CURVE('',#6362,#6410,#6460,.T.);
#6460 = SURFACE_CURVE('',#6461,(#6465,#6472),.PCURVE_S1.);
#6461 = LINE('',#6462,#6463);
#6462 = CARTESIAN_POINT('',(149.95,31.968911086754,31.75));
#6463 = VECTOR('',#6464,1.);
#6464 = DIRECTION('',(0.,1.,-5.860457710883E-16));
#6465 = PCURVE('',#3054,#6466);
#6466 = DEFINITIONAL_REPRESENTATION('',(#6467),#6471);
#6467 = LINE('',#6468,#6469);
#6468 = CARTESIAN_POINT('',(0.,-4.5));
#6469 = VECTOR('',#6470,1.);
#6470 = DIRECTION('',(1.,0.));
#6471 = ( GEOMETRIC_REPRESENTATION_CONTEXT(2) 
PARAMETRIC_REPRESENTATION_CONTEXT() REPRESENTATION_CONTEXT('2D SPACE',''
  ) );
#6472 = PCURVE('',#6225,#6473);
#6473 = DEFINITIONAL_REPRESENTATION('',(#6474),#6478);
#6474 = LINE('',#6475,#6476);
#6475 = CARTESIAN_POINT('',(-5.25,3.031088913246));
#6476 = VECTOR('',#6477,1.);
#6477 = DIRECTION('',(-5.860457710883E-16,-1.));
#6478 = ( GEOMETRIC_REPRESENTATION_CONTEXT(2) 
PARAMETRIC_REPRESENTATION_CONTEXT() REPRESENTATION_CONTEXT('2D SPACE',''
  ) );
#6479 = ORIENTED_EDGE('',*,*,#6409,.F.);
#6480 = ADVANCED_FACE('',(#6481),#3416,.F.);
#6481 = FACE_BOUND('',#6482,.F.);
#6482 = EDGE_LOOP('',(#6483,#6504,#6505,#6506));
#6483 = ORIENTED_EDGE('',*,*,#6484,.T.);
#6484 = EDGE_CURVE('',#5976,#3400,#6485,.T.);
#6485 = SEAM_CURVE('',#6486,(#6490,#6497),.PCURVE_S1.);
#6486 = LINE('',#6487,#6488);
#6487 = CARTESIAN_POINT('',(151.75,25.664033178576,-62.36217175223));
#6488 = VECTOR('',#6489,1.);
#6489 = DIRECTION('',(0.,-0.157894736842,0.987455949437));
#6490 = PCURVE('',#3416,#6491);
#6491 = DEFINITIONAL_REPRESENTATION('',(#6492),#6496);
#6492 = LINE('',#6493,#6494);
#6493 = CARTESIAN_POINT('',(6.28318530718,-0.));
#6494 = VECTOR('',#6495,1.);
#6495 = DIRECTION('',(0.,1.));
#6496 = ( GEOMETRIC_REPRESENTATION_CONTEXT(2) 
PARAMETRIC_REPRESENTATION_CONTEXT() REPRESENTATION_CONTEXT('2D SPACE',''
  ) );
#6497 = PCURVE('',#3416,#6498);
#6498 = DEFINITIONAL_REPRESENTATION('',(#6499),#6503);
#6499 = LINE('',#6500,#6501);
#6500 = CARTESIAN_POINT('',(0.,-0.));
#6501 = VECTOR('',#6502,1.);
#6502 = DIRECTION('',(0.,1.));
#6503 = ( GEOMETRIC_REPRESENTATION_CONTEXT(2) 
PARAMETRIC_REPRESENTATION_CONTEXT() REPRESENTATION_CONTEXT('2D SPACE',''
  ) );
#6504 = ORIENTED_EDGE('',*,*,#3399,.T.);
#6505 = ORIENTED_EDGE('',*,*,#6484,.F.);
#6506 = ORIENTED_EDGE('',*,*,#5975,.T.);
#6507 = ADVANCED_FACE('',(#6508),#3460,.F.);
#6508 = FACE_BOUND('',#6509,.F.);
#6509 = EDGE_LOOP('',(#6510,#6531,#6532,#6533));
#6510 = ORIENTED_EDGE('',*,*,#6511,.T.);
#6511 = EDGE_CURVE('',#6120,#3444,#6512,.T.);
#6512 = SEAM_CURVE('',#6513,(#6517,#6524),.PCURVE_S1.);
#6513 = LINE('',#6514,#6515);
#6514 = CARTESIAN_POINT('',(151.75,5.914914189845,-65.52006648907));
#6515 = VECTOR('',#6516,1.);
#6516 = DIRECTION('',(0.,-0.157894736842,0.987455949437));
#6517 = PCURVE('',#3460,#6518);
#6518 = DEFINITIONAL_REPRESENTATION('',(#6519),#6523);
#6519 = LINE('',#6520,#6521);
#6520 = CARTESIAN_POINT('',(6.28318530718,-0.));
#6521 = VECTOR('',#6522,1.);
#6522 = DIRECTION('',(0.,1.));
#6523 = ( GEOMETRIC_REPRESENTATION_CONTEXT(2) 
PARAMETRIC_REPRESENTATION_CONTEXT() REPRESENTATION_CONTEXT('2D SPACE',''
  ) );
#6524 = PCURVE('',#3460,#6525);
#6525 = DEFINITIONAL_REPRESENTATION('',(#6526),#6530);
#6526 = LINE('',#6527,#6528);
#6527 = CARTESIAN_POINT('',(0.,-0.));
#6528 = VECTOR('',#6529,1.);
#6529 = DIRECTION('',(0.,1.));
#6530 = ( GEOMETRIC_REPRESENTATION_CONTEXT(2) 
PARAMETRIC_REPRESENTATION_CONTEXT() REPRESENTATION_CONTEXT('2D SPACE',''
  ) );
#6531 = ORIENTED_EDGE('',*,*,#3443,.T.);
#6532 = ORIENTED_EDGE('',*,*,#6511,.F.);
#6533 = ORIENTED_EDGE('',*,*,#6119,.T.);
#6534 = ADVANCED_FACE('',(#6535),#3536,.T.);
#6535 = FACE_BOUND('',#6536,.T.);
#6536 = EDGE_LOOP('',(#6537,#6565,#6566));
#6537 = ORIENTED_EDGE('',*,*,#6538,.F.);
#6538 = EDGE_CURVE('',#958,#6539,#6541,.T.);
#6539 = VERTEX_POINT('',#6540);
#6540 = CARTESIAN_POINT('',(161.345,43.943409889039,38.00768028493));
#6541 = SURFACE_CURVE('',#6542,(#6546,#6553),.PCURVE_S1.);
#6542 = LINE('',#6543,#6544);
#6543 = CARTESIAN_POINT('',(161.345,49.408827043452,38.623484903498));
#6544 = VECTOR('',#6545,1.);
#6545 = DIRECTION('',(0.,-0.993712209893,-0.111964476103));
#6546 = PCURVE('',#3536,#6547);
#6547 = DEFINITIONAL_REPRESENTATION('',(#6548),#6552);
#6548 = LINE('',#6549,#6550);
#6549 = CARTESIAN_POINT('',(-0.376549086617,-2.402471162241));
#6550 = VECTOR('',#6551,1.);
#6551 = DIRECTION('',(-9.023834966008E-02,0.995920197732));
#6552 = ( GEOMETRIC_REPRESENTATION_CONTEXT(2) 
PARAMETRIC_REPRESENTATION_CONTEXT() REPRESENTATION_CONTEXT('2D SPACE',''
  ) );
#6553 = PCURVE('',#6554,#6559);
#6554 = PLANE('',#6555);
#6555 = AXIS2_PLACEMENT_3D('',#6556,#6557,#6558);
#6556 = CARTESIAN_POINT('',(161.68801686853,46.358614831072,
    37.989943133611));
#6557 = DIRECTION('',(0.643072453267,-8.574299376893E-02,0.760990117458)
  );
#6558 = DIRECTION('',(0.763802983622,-6.938893903907E-18,-0.645449457518
    ));
#6559 = DEFINITIONAL_REPRESENTATION('',(#6560),#6564);
#6560 = LINE('',#6561,#6562);
#6561 = CARTESIAN_POINT('',(-0.670916499309,3.061486785501));
#6562 = VECTOR('',#6563,1.);
#6563 = DIRECTION('',(7.226741036221E-02,-0.997385292352));
#6564 = ( GEOMETRIC_REPRESENTATION_CONTEXT(2) 
PARAMETRIC_REPRESENTATION_CONTEXT() REPRESENTATION_CONTEXT('2D SPACE',''
  ) );
#6565 = ORIENTED_EDGE('',*,*,#3520,.T.);
#6566 = ORIENTED_EDGE('',*,*,#6567,.T.);
#6567 = EDGE_CURVE('',#3521,#6539,#6568,.T.);
#6568 = SURFACE_CURVE('',#6569,(#6573,#6580),.PCURVE_S1.);
#6569 = LINE('',#6570,#6571);
#6570 = CARTESIAN_POINT('',(162.545,49.136454726636,40.226553542367));
#6571 = VECTOR('',#6572,1.);
#6572 = DIRECTION('',(-0.207853018889,-0.899491705601,-0.384332920909));
#6573 = PCURVE('',#3536,#6574);
#6574 = DEFINITIONAL_REPRESENTATION('',(#6575),#6579);
#6575 = LINE('',#6576,#6577);
#6576 = CARTESIAN_POINT('',(1.625824258973,-2.129493645291));
#6577 = VECTOR('',#6578,1.);
#6578 = DIRECTION('',(-0.432799223754,0.901490339337));
#6579 = ( GEOMETRIC_REPRESENTATION_CONTEXT(2) 
PARAMETRIC_REPRESENTATION_CONTEXT() REPRESENTATION_CONTEXT('2D SPACE',''
  ) );
#6580 = PCURVE('',#6581,#6586);
#6581 = PLANE('',#6582);
#6582 = AXIS2_PLACEMENT_3D('',#6583,#6584,#6585);
#6583 = CARTESIAN_POINT('',(162.20198313146,46.176355780784,
    39.255479937789));
#6584 = DIRECTION('',(0.643072453267,0.170407719642,-0.746605001949));
#6585 = DIRECTION('',(-0.757687208333,0.,-0.652617877726));
#6586 = DEFINITIONAL_REPRESENTATION('',(#6587),#6591);
#6587 = LINE('',#6588,#6589);
#6588 = CARTESIAN_POINT('',(-0.893639488467,3.004037075586));
#6589 = VECTOR('',#6590,1.);
#6590 = DIRECTION('',(0.40831010881,-0.912843280659));
#6591 = ( GEOMETRIC_REPRESENTATION_CONTEXT(2) 
PARAMETRIC_REPRESENTATION_CONTEXT() REPRESENTATION_CONTEXT('2D SPACE',''
  ) );
#6592 = ADVANCED_FACE('',(#6593),#3590,.T.);
#6593 = FACE_BOUND('',#6594,.T.);
#6594 = EDGE_LOOP('',(#6595,#6623,#6624));
#6595 = ORIENTED_EDGE('',*,*,#6596,.T.);
#6596 = EDGE_CURVE('',#6597,#3575,#6599,.T.);
#6597 = VERTEX_POINT('',#6598);
#6598 = CARTESIAN_POINT('',(162.545,44.,37.));
#6599 = SURFACE_CURVE('',#6600,(#6604,#6611),.PCURVE_S1.);
#6600 = LINE('',#6601,#6602);
#6601 = CARTESIAN_POINT('',(162.545,44.,37.));
#6602 = VECTOR('',#6603,1.);
#6603 = DIRECTION('',(0.,1.,0.));
#6604 = PCURVE('',#3590,#6605);
#6605 = DEFINITIONAL_REPRESENTATION('',(#6606),#6610);
#6606 = LINE('',#6607,#6608);
#6607 = CARTESIAN_POINT('',(-0.591807873586,3.141309613198));
#6608 = VECTOR('',#6609,1.);
#6609 = DIRECTION('',(0.,-1.));
#6610 = ( GEOMETRIC_REPRESENTATION_CONTEXT(2) 
PARAMETRIC_REPRESENTATION_CONTEXT() REPRESENTATION_CONTEXT('2D SPACE',''
  ) );
#6611 = PCURVE('',#6612,#6617);
#6612 = PLANE('',#6613);
#6613 = AXIS2_PLACEMENT_3D('',#6614,#6615,#6616);
#6614 = CARTESIAN_POINT('',(162.20198313146,46.398032709438,
    36.711957220149));
#6615 = DIRECTION('',(0.643072453267,0.,-0.765805340703));
#6616 = DIRECTION('',(-0.765805340703,0.,-0.643072453267));
#6617 = DEFINITIONAL_REPRESENTATION('',(#6618),#6622);
#6618 = LINE('',#6619,#6620);
#6619 = CARTESIAN_POINT('',(-0.44791652696,-2.398032709438));
#6620 = VECTOR('',#6621,1.);
#6621 = DIRECTION('',(0.,1.));
#6622 = ( GEOMETRIC_REPRESENTATION_CONTEXT(2) 
PARAMETRIC_REPRESENTATION_CONTEXT() REPRESENTATION_CONTEXT('2D SPACE',''
  ) );
#6623 = ORIENTED_EDGE('',*,*,#3574,.T.);
#6624 = ORIENTED_EDGE('',*,*,#6625,.T.);
#6625 = EDGE_CURVE('',#958,#6597,#6626,.T.);
#6626 = SURFACE_CURVE('',#6627,(#6631,#6638),.PCURVE_S1.);
#6627 = LINE('',#6628,#6629);
#6628 = CARTESIAN_POINT('',(161.345,49.408827043452,38.623484903498));
#6629 = VECTOR('',#6630,1.);
#6630 = DIRECTION('',(0.207853018889,-0.936867524692,-0.281205198594));
#6631 = PCURVE('',#3590,#6632);
#6632 = DEFINITIONAL_REPRESENTATION('',(#6633),#6637);
#6633 = LINE('',#6634,#6635);
#6634 = CARTESIAN_POINT('',(1.427029225312,-2.267517430254));
#6635 = VECTOR('',#6636,1.);
#6636 = DIRECTION('',(-0.349684488043,0.936867524692));
#6637 = ( GEOMETRIC_REPRESENTATION_CONTEXT(2) 
PARAMETRIC_REPRESENTATION_CONTEXT() REPRESENTATION_CONTEXT('2D SPACE',''
  ) );
#6638 = PCURVE('',#6554,#6639);
#6639 = DEFINITIONAL_REPRESENTATION('',(#6640),#6644);
#6640 = LINE('',#6641,#6642);
#6641 = CARTESIAN_POINT('',(-0.670916499309,3.061486785501));
#6642 = VECTOR('',#6643,1.);
#6643 = DIRECTION('',(0.340262498866,-0.940330490767));
#6644 = ( GEOMETRIC_REPRESENTATION_CONTEXT(2) 
PARAMETRIC_REPRESENTATION_CONTEXT() REPRESENTATION_CONTEXT('2D SPACE',''
  ) );
#6645 = ADVANCED_FACE('',(#6646),#3642,.T.);
#6646 = FACE_BOUND('',#6647,.T.);
#6647 = EDGE_LOOP('',(#6648,#6671,#6672));
#6648 = ORIENTED_EDGE('',*,*,#6649,.F.);
#6649 = EDGE_CURVE('',#3521,#6650,#6652,.T.);
#6650 = VERTEX_POINT('',#6651);
#6651 = CARTESIAN_POINT('',(162.545,43.774351209636,39.002688405607));
#6652 = SURFACE_CURVE('',#6653,(#6657,#6664),.PCURVE_S1.);
#6653 = LINE('',#6654,#6655);
#6654 = CARTESIAN_POINT('',(162.545,49.136454726636,40.226553542367));
#6655 = VECTOR('',#6656,1.);
#6656 = DIRECTION('',(0.,-0.974927912182,-0.222520933956));
#6657 = PCURVE('',#3642,#6658);
#6658 = DEFINITIONAL_REPRESENTATION('',(#6659),#6663);
#6659 = LINE('',#6660,#6661);
#6660 = CARTESIAN_POINT('',(-0.156268785242,-2.426775013632));
#6661 = VECTOR('',#6662,1.);
#6662 = DIRECTION('',(-0.180530405641,0.983569404078));
#6663 = ( GEOMETRIC_REPRESENTATION_CONTEXT(2) 
PARAMETRIC_REPRESENTATION_CONTEXT() REPRESENTATION_CONTEXT('2D SPACE',''
  ) );
#6664 = PCURVE('',#6581,#6665);
#6665 = DEFINITIONAL_REPRESENTATION('',(#6666),#6670);
#6666 = LINE('',#6667,#6668);
#6667 = CARTESIAN_POINT('',(-0.893639488467,3.004037075586));
#6668 = VECTOR('',#6669,1.);
#6669 = DIRECTION('',(0.145221139668,-0.98939922205));
#6670 = ( GEOMETRIC_REPRESENTATION_CONTEXT(2) 
PARAMETRIC_REPRESENTATION_CONTEXT() REPRESENTATION_CONTEXT('2D SPACE',''
  ) );
#6671 = ORIENTED_EDGE('',*,*,#3628,.T.);
#6672 = ORIENTED_EDGE('',*,*,#6673,.T.);
#6673 = EDGE_CURVE('',#2418,#6650,#6674,.T.);
#6674 = SURFACE_CURVE('',#6675,(#6679,#6686),.PCURVE_S1.);
#6675 = LINE('',#6676,#6677);
#6676 = CARTESIAN_POINT('',(161.345,48.686308289471,41.78904639835));
#6677 = VECTOR('',#6678,1.);
#6678 = DIRECTION('',(0.207853018889,-0.850804256414,-0.482627433748));
#6679 = PCURVE('',#3642,#6680);
#6680 = DEFINITIONAL_REPRESENTATION('',(#6681),#6685);
#6681 = LINE('',#6682,#6683);
#6682 = CARTESIAN_POINT('',(1.812938126224,-1.972638602706));
#6683 = VECTOR('',#6684,1.);
#6684 = DIRECTION('',(-0.513072037784,0.858345550489));
#6685 = ( GEOMETRIC_REPRESENTATION_CONTEXT(2) 
PARAMETRIC_REPRESENTATION_CONTEXT() REPRESENTATION_CONTEXT('2D SPACE',''
  ) );
#6686 = PCURVE('',#6687,#6692);
#6687 = PLANE('',#6688);
#6688 = AXIS2_PLACEMENT_3D('',#6689,#6690,#6691);
#6689 = CARTESIAN_POINT('',(161.68801686853,45.85354757188,
    40.49265277309));
#6690 = DIRECTION('',(0.643072453267,-0.252929469568,0.722830895351));
#6691 = DIRECTION('',(0.747123836079,0.,-0.66468486786));
#6692 = DEFINITIONAL_REPRESENTATION('',(#6693),#6697);
#6693 = LINE('',#6694,#6695);
#6694 = CARTESIAN_POINT('',(-1.117969304161,2.927964296537));
#6695 = VECTOR('',#6696,1.);
#6696 = DIRECTION('',(0.476087096839,-0.879398132943));
#6697 = ( GEOMETRIC_REPRESENTATION_CONTEXT(2) 
PARAMETRIC_REPRESENTATION_CONTEXT() REPRESENTATION_CONTEXT('2D SPACE',''
  ) );
#6698 = ADVANCED_FACE('',(#6699),#3671,.T.);
#6699 = FACE_BOUND('',#6700,.T.);
#6700 = EDGE_LOOP('',(#6701,#6729,#6730));
#6701 = ORIENTED_EDGE('',*,*,#6702,.F.);
#6702 = EDGE_CURVE('',#1014,#6703,#6705,.T.);
#6703 = VERTEX_POINT('',#6704);
#6704 = CARTESIAN_POINT('',(161.345,43.943409889039,35.99231971507));
#6705 = SURFACE_CURVE('',#6706,(#6710,#6717),.PCURVE_S1.);
#6706 = LINE('',#6707,#6708);
#6707 = CARTESIAN_POINT('',(161.345,49.408827043452,35.376515096502));
#6708 = VECTOR('',#6709,1.);
#6709 = DIRECTION('',(0.,-0.993712209893,0.111964476103));
#6710 = PCURVE('',#3671,#6711);
#6711 = DEFINITIONAL_REPRESENTATION('',(#6712),#6716);
#6712 = LINE('',#6713,#6714);
#6713 = CARTESIAN_POINT('',(-0.802237742345,-2.295663630584));
#6714 = VECTOR('',#6715,1.);
#6715 = DIRECTION('',(9.023834966008E-02,0.995920197732));
#6716 = ( GEOMETRIC_REPRESENTATION_CONTEXT(2) 
PARAMETRIC_REPRESENTATION_CONTEXT() REPRESENTATION_CONTEXT('2D SPACE',''
  ) );
#6717 = PCURVE('',#6718,#6723);
#6718 = PLANE('',#6719);
#6719 = AXIS2_PLACEMENT_3D('',#6720,#6721,#6722);
#6720 = CARTESIAN_POINT('',(161.68801686853,46.29411371319,
    35.43759361177));
#6721 = DIRECTION('',(0.643072453267,8.574299376893E-02,0.760990117458)
  );
#6722 = DIRECTION('',(0.763802983622,-6.938893903907E-18,-0.645449457518
    ));
#6723 = DEFINITIONAL_REPRESENTATION('',(#6724),#6728);
#6724 = LINE('',#6725,#6726);
#6725 = CARTESIAN_POINT('',(-0.222574213074,3.126226320425));
#6726 = VECTOR('',#6727,1.);
#6727 = DIRECTION('',(-7.226741036221E-02,-0.997385292352));
#6728 = ( GEOMETRIC_REPRESENTATION_CONTEXT(2) 
PARAMETRIC_REPRESENTATION_CONTEXT() REPRESENTATION_CONTEXT('2D SPACE',''
  ) );
#6729 = ORIENTED_EDGE('',*,*,#3657,.T.);
#6730 = ORIENTED_EDGE('',*,*,#6731,.T.);
#6731 = EDGE_CURVE('',#3575,#6703,#6732,.T.);
#6732 = SURFACE_CURVE('',#6733,(#6737,#6744),.PCURVE_S1.);
#6733 = LINE('',#6734,#6735);
#6734 = CARTESIAN_POINT('',(162.545,49.5,37.));
#6735 = VECTOR('',#6736,1.);
#6736 = DIRECTION('',(-0.207853018889,-0.962461691077,-0.174541157748));
#6737 = PCURVE('',#3671,#6738);
#6738 = DEFINITIONAL_REPRESENTATION('',(#6739),#6743);
#6739 = LINE('',#6740,#6741);
#6740 = CARTESIAN_POINT('',(1.21659019751,-2.387039169708));
#6741 = VECTOR('',#6742,1.);
#6742 = DIRECTION('',(-0.263716465197,0.964600241543));
#6743 = ( GEOMETRIC_REPRESENTATION_CONTEXT(2) 
PARAMETRIC_REPRESENTATION_CONTEXT() REPRESENTATION_CONTEXT('2D SPACE',''
  ) );
#6744 = PCURVE('',#6612,#6745);
#6745 = DEFINITIONAL_REPRESENTATION('',(#6746),#6750);
#6746 = LINE('',#6747,#6748);
#6747 = CARTESIAN_POINT('',(-0.44791652696,3.101967290562));
#6748 = VECTOR('',#6749,1.);
#6749 = DIRECTION('',(0.271417562456,-0.962461691077));
#6750 = ( GEOMETRIC_REPRESENTATION_CONTEXT(2) 
PARAMETRIC_REPRESENTATION_CONTEXT() REPRESENTATION_CONTEXT('2D SPACE',''
  ) );
#6751 = ADVANCED_FACE('',(#6752),#3704,.T.);
#6752 = FACE_BOUND('',#6753,.T.);
#6753 = EDGE_LOOP('',(#6754,#6777,#6778));
#6754 = ORIENTED_EDGE('',*,*,#6755,.F.);
#6755 = EDGE_CURVE('',#2418,#6756,#6758,.T.);
#6756 = VERTEX_POINT('',#6757);
#6757 = CARTESIAN_POINT('',(161.345,43.494949972775,39.972511557597));
#6758 = SURFACE_CURVE('',#6759,(#6763,#6770),.PCURVE_S1.);
#6759 = LINE('',#6760,#6761);
#6760 = CARTESIAN_POINT('',(161.345,48.686308289471,41.78904639835));
#6761 = VECTOR('',#6762,1.);
#6762 = DIRECTION('',(0.,-0.943883330308,-0.330279061955));
#6763 = PCURVE('',#3704,#6764);
#6764 = DEFINITIONAL_REPRESENTATION('',(#6765),#6769);
#6765 = LINE('',#6766,#6767);
#6766 = CARTESIAN_POINT('',(6.921746515185E-02,-2.430815880018));
#6767 = VECTOR('',#6768,1.);
#6768 = DIRECTION('',(-0.270871065698,0.962615637608));
#6769 = ( GEOMETRIC_REPRESENTATION_CONTEXT(2) 
PARAMETRIC_REPRESENTATION_CONTEXT() REPRESENTATION_CONTEXT('2D SPACE',''
  ) );
#6770 = PCURVE('',#6687,#6771);
#6771 = DEFINITIONAL_REPRESENTATION('',(#6772),#6776);
#6772 = LINE('',#6773,#6774);
#6773 = CARTESIAN_POINT('',(-1.117969304161,2.927964296537));
#6774 = VECTOR('',#6775,1.);
#6775 = DIRECTION('',(0.219531494653,-0.975605413503));
#6776 = ( GEOMETRIC_REPRESENTATION_CONTEXT(2) 
PARAMETRIC_REPRESENTATION_CONTEXT() REPRESENTATION_CONTEXT('2D SPACE',''
  ) );
#6777 = ORIENTED_EDGE('',*,*,#3688,.T.);
#6778 = ORIENTED_EDGE('',*,*,#6779,.T.);
#6779 = EDGE_CURVE('',#3689,#6756,#6780,.T.);
#6780 = SURFACE_CURVE('',#6781,(#6785,#6792),.PCURVE_S1.);
#6781 = LINE('',#6782,#6783);
#6782 = CARTESIAN_POINT('',(162.545,48.064048584585,43.291314217205));
#6783 = VECTOR('',#6784,1.);
#6784 = DIRECTION('',(-0.207853018889,-0.791417450055,-0.57485262658));
#6785 = PCURVE('',#3704,#6786);
#6786 = DEFINITIONAL_REPRESENTATION('',(#6787),#6791);
#6787 = LINE('',#6788,#6789);
#6788 = CARTESIAN_POINT('',(1.987885510431,-1.796206809869));
#6789 = VECTOR('',#6790,1.);
#6790 = DIRECTION('',(-0.59038206125,0.807123919701));
#6791 = ( GEOMETRIC_REPRESENTATION_CONTEXT(2) 
PARAMETRIC_REPRESENTATION_CONTEXT() REPRESENTATION_CONTEXT('2D SPACE',''
  ) );
#6792 = PCURVE('',#6793,#6798);
#6793 = PLANE('',#6794);
#6794 = AXIS2_PLACEMENT_3D('',#6795,#6796,#6797);
#6795 = CARTESIAN_POINT('',(162.20198313146,45.394249704885,
    41.685903473285));
#6796 = DIRECTION('',(0.643072453267,0.33227048466,-0.689966770847));
#6797 = DIRECTION('',(-0.73152923209,2.775557561563E-17,-0.681810078099)
  );
#6798 = DEFINITIONAL_REPRESENTATION('',(#6799),#6803);
#6799 = LINE('',#6800,#6801);
#6800 = CARTESIAN_POINT('',(-1.345512091126,2.830623164512));
#6801 = VECTOR('',#6802,1.);
#6802 = DIRECTION('',(0.54399087352,-0.839091133029));
#6803 = ( GEOMETRIC_REPRESENTATION_CONTEXT(2) 
PARAMETRIC_REPRESENTATION_CONTEXT() REPRESENTATION_CONTEXT('2D SPACE',''
  ) );
#6804 = ADVANCED_FACE('',(#6805),#3779,.T.);
#6805 = FACE_BOUND('',#6806,.T.);
#6806 = EDGE_LOOP('',(#6807,#6835,#6836));
#6807 = ORIENTED_EDGE('',*,*,#6808,.F.);
#6808 = EDGE_CURVE('',#3742,#6809,#6811,.T.);
#6809 = VERTEX_POINT('',#6810);
#6810 = CARTESIAN_POINT('',(162.545,43.774351209636,34.997311594393));
#6811 = SURFACE_CURVE('',#6812,(#6816,#6823),.PCURVE_S1.);
#6812 = LINE('',#6813,#6814);
#6813 = CARTESIAN_POINT('',(162.545,49.136454726636,33.773446457633));
#6814 = VECTOR('',#6815,1.);
#6815 = DIRECTION('',(0.,-0.974927912182,0.222520933956));
#6816 = PCURVE('',#3779,#6817);
#6817 = DEFINITIONAL_REPRESENTATION('',(#6818),#6822);
#6818 = LINE('',#6819,#6820);
#6819 = CARTESIAN_POINT('',(-1.007899449863,-2.213096382673));
#6820 = VECTOR('',#6821,1.);
#6821 = DIRECTION('',(0.180530405641,0.983569404078));
#6822 = ( GEOMETRIC_REPRESENTATION_CONTEXT(2) 
PARAMETRIC_REPRESENTATION_CONTEXT() REPRESENTATION_CONTEXT('2D SPACE',''
  ) );
#6823 = PCURVE('',#6824,#6829);
#6824 = PLANE('',#6825);
#6825 = AXIS2_PLACEMENT_3D('',#6826,#6827,#6828);
#6826 = CARTESIAN_POINT('',(162.20198313146,46.048164684001,
    34.182878170252));
#6827 = DIRECTION('',(0.643072453267,-0.170407719642,-0.746605001949));
#6828 = DIRECTION('',(-0.757687208333,-1.387778780781E-17,
    -0.652617877726));
#6829 = DEFINITIONAL_REPRESENTATION('',(#6830),#6834);
#6830 = LINE('',#6831,#6832);
#6831 = CARTESIAN_POINT('',(7.302961831254E-03,3.134130972629));
#6832 = VECTOR('',#6833,1.);
#6833 = DIRECTION('',(-0.145221139668,-0.98939922205));
#6834 = ( GEOMETRIC_REPRESENTATION_CONTEXT(2) 
PARAMETRIC_REPRESENTATION_CONTEXT() REPRESENTATION_CONTEXT('2D SPACE',''
  ) );
#6835 = ORIENTED_EDGE('',*,*,#3765,.T.);
#6836 = ORIENTED_EDGE('',*,*,#6837,.T.);
#6837 = EDGE_CURVE('',#1014,#6809,#6838,.T.);
#6838 = SURFACE_CURVE('',#6839,(#6843,#6850),.PCURVE_S1.);
#6839 = LINE('',#6840,#6841);
#6840 = CARTESIAN_POINT('',(161.345,49.408827043452,35.376515096502));
#6841 = VECTOR('',#6842,1.);
#6842 = DIRECTION('',(0.207853018889,-0.975952343263,-6.568216057219E-02
    ));
#6843 = PCURVE('',#3779,#6844);
#6844 = DEFINITIONAL_REPRESENTATION('',(#6845),#6849);
#6845 = LINE('',#6846,#6847);
#6846 = CARTESIAN_POINT('',(0.994226443261,-2.487882932519));
#6847 = VECTOR('',#6848,1.);
#6848 = DIRECTION('',(-0.174805889255,0.984602915434));
#6849 = ( GEOMETRIC_REPRESENTATION_CONTEXT(2) 
PARAMETRIC_REPRESENTATION_CONTEXT() REPRESENTATION_CONTEXT('2D SPACE',''
  ) );
#6850 = PCURVE('',#6718,#6851);
#6851 = DEFINITIONAL_REPRESENTATION('',(#6852),#6856);
#6852 = LINE('',#6853,#6854);
#6853 = CARTESIAN_POINT('',(-0.222574213074,3.126226320425));
#6854 = VECTOR('',#6855,1.);
#6855 = DIRECTION('',(0.201153270892,-0.979559779498));
#6856 = ( GEOMETRIC_REPRESENTATION_CONTEXT(2) 
PARAMETRIC_REPRESENTATION_CONTEXT() REPRESENTATION_CONTEXT('2D SPACE',''
  ) );
#6857 = ADVANCED_FACE('',(#6858),#3810,.T.);
#6858 = FACE_BOUND('',#6859,.T.);
#6859 = EDGE_LOOP('',(#6860,#6883,#6884));
#6860 = ORIENTED_EDGE('',*,*,#6861,.F.);
#6861 = EDGE_CURVE('',#3689,#6862,#6864,.T.);
#6862 = VERTEX_POINT('',#6863);
#6863 = CARTESIAN_POINT('',(162.545,43.108719811122,40.904953652058));
#6864 = SURFACE_CURVE('',#6865,(#6869,#6876),.PCURVE_S1.);
#6865 = LINE('',#6866,#6867);
#6866 = CARTESIAN_POINT('',(162.545,48.064048584585,43.291314217205));
#6867 = VECTOR('',#6868,1.);
#6868 = DIRECTION('',(0.,-0.900968867902,-0.433883739118));
#6869 = PCURVE('',#3810,#6870);
#6870 = DEFINITIONAL_REPRESENTATION('',(#6871),#6875);
#6871 = LINE('',#6872,#6873);
#6872 = CARTESIAN_POINT('',(0.299929562456,-2.413234169656));
#6873 = VECTOR('',#6874,1.);
#6874 = DIRECTION('',(-0.361132205367,0.932514627363));
#6875 = ( GEOMETRIC_REPRESENTATION_CONTEXT(2) 
PARAMETRIC_REPRESENTATION_CONTEXT() REPRESENTATION_CONTEXT('2D SPACE',''
  ) );
#6876 = PCURVE('',#6793,#6877);
#6877 = DEFINITIONAL_REPRESENTATION('',(#6878),#6882);
#6878 = LINE('',#6879,#6880);
#6879 = CARTESIAN_POINT('',(-1.345512091126,2.830623164512));
#6880 = VECTOR('',#6881,1.);
#6881 = DIRECTION('',(0.295826306054,-0.955241747751));
#6882 = ( GEOMETRIC_REPRESENTATION_CONTEXT(2) 
PARAMETRIC_REPRESENTATION_CONTEXT() REPRESENTATION_CONTEXT('2D SPACE',''
  ) );
#6883 = ORIENTED_EDGE('',*,*,#3796,.T.);
#6884 = ORIENTED_EDGE('',*,*,#6885,.T.);
#6885 = EDGE_CURVE('',#2364,#6862,#6886,.T.);
#6886 = SURFACE_CURVE('',#6887,(#6891,#6898),.PCURVE_S1.);
#6887 = LINE('',#6888,#6889);
#6888 = CARTESIAN_POINT('',(161.345,47.27750088881,44.714465109472));
#6889 = VECTOR('',#6890,1.);
#6890 = DIRECTION('',(0.207853018889,-0.722078110071,-0.659848714097));
#6891 = PCURVE('',#3810,#6892);
#6892 = DEFINITIONAL_REPRESENTATION('',(#6893),#6897);
#6893 = LINE('',#6894,#6895);
#6894 = CARTESIAN_POINT('',(2.149599196574,-1.599146960254));
#6895 = VECTOR('',#6896,1.);
#6896 = DIRECTION('',(-0.66441893539,0.747360340328));
#6897 = ( GEOMETRIC_REPRESENTATION_CONTEXT(2) 
PARAMETRIC_REPRESENTATION_CONTEXT() REPRESENTATION_CONTEXT('2D SPACE',''
  ) );
#6898 = PCURVE('',#6899,#6904);
#6899 = PLANE('',#6900);
#6900 = AXIS2_PLACEMENT_3D('',#6901,#6902,#6903);
#6901 = CARTESIAN_POINT('',(161.68801686853,44.804238116966,
    42.820226218479));
#6902 = DIRECTION('',(0.643072453267,-0.407433005621,0.648425913871));
#6903 = DIRECTION('',(0.710031748261,0.,-0.704169664542));
#6904 = DEFINITIONAL_REPRESENTATION('',(#6905),#6909);
#6905 = LINE('',#6906,#6907);
#6906 = CARTESIAN_POINT('',(-1.577418431283,2.708243227535));
#6907 = VECTOR('',#6908,1.);
#6908 = DIRECTION('',(0.612227690037,-0.790681513349));
#6909 = ( GEOMETRIC_REPRESENTATION_CONTEXT(2) 
PARAMETRIC_REPRESENTATION_CONTEXT() REPRESENTATION_CONTEXT('2D SPACE',''
  ) );
#6910 = ADVANCED_FACE('',(#6911),#3839,.T.);
#6911 = FACE_BOUND('',#6912,.T.);
#6912 = EDGE_LOOP('',(#6913,#6941,#6942));
#6913 = ORIENTED_EDGE('',*,*,#6914,.F.);
#6914 = EDGE_CURVE('',#1068,#6915,#6917,.T.);
#6915 = VERTEX_POINT('',#6916);
#6916 = CARTESIAN_POINT('',(161.345,43.494949972775,34.027488442403));
#6917 = SURFACE_CURVE('',#6918,(#6922,#6929),.PCURVE_S1.);
#6918 = LINE('',#6919,#6920);
#6919 = CARTESIAN_POINT('',(161.345,48.686308289471,32.21095360165));
#6920 = VECTOR('',#6921,1.);
#6921 = DIRECTION('',(0.,-0.943883330308,0.330279061955));
#6922 = PCURVE('',#3839,#6923);
#6923 = DEFINITIONAL_REPRESENTATION('',(#6924),#6928);
#6924 = LINE('',#6925,#6926);
#6925 = CARTESIAN_POINT('',(-1.208584492299,-2.110208621204));
#6926 = VECTOR('',#6927,1.);
#6927 = DIRECTION('',(0.270871065698,0.962615637608));
#6928 = ( GEOMETRIC_REPRESENTATION_CONTEXT(2) 
PARAMETRIC_REPRESENTATION_CONTEXT() REPRESENTATION_CONTEXT('2D SPACE',''
  ) );
#6929 = PCURVE('',#6930,#6935);
#6930 = PLANE('',#6931);
#6931 = AXIS2_PLACEMENT_3D('',#6932,#6933,#6934);
#6932 = CARTESIAN_POINT('',(161.68801686853,45.663278573616,
    32.963589670275));
#6933 = DIRECTION('',(0.643072453267,0.252929469568,0.722830895351));
#6934 = DIRECTION('',(0.747123836079,0.,-0.66468486786));
#6935 = DEFINITIONAL_REPRESENTATION('',(#6936),#6940);
#6936 = LINE('',#6937,#6938);
#6937 = CARTESIAN_POINT('',(0.243989727161,3.124627865824));
#6938 = VECTOR('',#6939,1.);
#6939 = DIRECTION('',(-0.219531494653,-0.975605413503));
#6940 = ( GEOMETRIC_REPRESENTATION_CONTEXT(2) 
PARAMETRIC_REPRESENTATION_CONTEXT() REPRESENTATION_CONTEXT('2D SPACE',''
  ) );
#6941 = ORIENTED_EDGE('',*,*,#3825,.T.);
#6942 = ORIENTED_EDGE('',*,*,#6943,.T.);
#6943 = EDGE_CURVE('',#3742,#6915,#6944,.T.);
#6944 = SURFACE_CURVE('',#6945,(#6949,#6956),.PCURVE_S1.);
#6945 = LINE('',#6946,#6947);
#6946 = CARTESIAN_POINT('',(162.545,49.136454726636,33.773446457633));
#6947 = VECTOR('',#6948,1.);
#6948 = DIRECTION('',(-0.207853018889,-0.977169828473,4.400282788252E-02
    ));
#6949 = PCURVE('',#3839,#6950);
#6950 = DEFINITIONAL_REPRESENTATION('',(#6951),#6955);
#6951 = LINE('',#6952,#6953);
#6952 = CARTESIAN_POINT('',(0.759475784786,-2.569288663954));
#6953 = VECTOR('',#6954,1.);
#6954 = DIRECTION('',(-8.284145158733E-02,0.99656273957));
#6955 = ( GEOMETRIC_REPRESENTATION_CONTEXT(2) 
PARAMETRIC_REPRESENTATION_CONTEXT() REPRESENTATION_CONTEXT('2D SPACE',''
  ) );
#6956 = PCURVE('',#6824,#6957);
#6957 = DEFINITIONAL_REPRESENTATION('',(#6958),#6962);
#6958 = LINE('',#6959,#6960);
#6959 = CARTESIAN_POINT('',(7.302961831254E-03,3.134130972629));
#6960 = VECTOR('',#6961,1.);
#6961 = DIRECTION('',(0.128770541479,-0.99167441615));
#6962 = ( GEOMETRIC_REPRESENTATION_CONTEXT(2) 
PARAMETRIC_REPRESENTATION_CONTEXT() REPRESENTATION_CONTEXT('2D SPACE',''
  ) );
#6963 = ADVANCED_FACE('',(#6964),#3872,.T.);
#6964 = FACE_BOUND('',#6965,.T.);
#6965 = EDGE_LOOP('',(#6966,#6989,#6990));
#6966 = ORIENTED_EDGE('',*,*,#6967,.F.);
#6967 = EDGE_CURVE('',#2364,#6968,#6970,.T.);
#6968 = VERTEX_POINT('',#6969);
#6969 = CARTESIAN_POINT('',(161.345,42.620517793055,41.788288688638));
#6970 = SURFACE_CURVE('',#6971,(#6975,#6982),.PCURVE_S1.);
#6971 = LINE('',#6972,#6973);
#6972 = CARTESIAN_POINT('',(161.345,47.27750088881,44.714465109472));
#6973 = VECTOR('',#6974,1.);
#6974 = DIRECTION('',(0.,-0.846724199228,-0.532032076515));
#6975 = PCURVE('',#3872,#6976);
#6976 = DEFINITIONAL_REPRESENTATION('',(#6977),#6981);
#6977 = LINE('',#6978,#6979);
#6978 = CARTESIAN_POINT('',(0.535536233861,-2.372099880328));
#6979 = VECTOR('',#6980,1.);
#6980 = DIRECTION('',(-0.450988550365,0.892529734765));
#6981 = ( GEOMETRIC_REPRESENTATION_CONTEXT(2) 
PARAMETRIC_REPRESENTATION_CONTEXT() REPRESENTATION_CONTEXT('2D SPACE',''
  ) );
#6982 = PCURVE('',#6899,#6983);
#6983 = DEFINITIONAL_REPRESENTATION('',(#6984),#6988);
#6984 = LINE('',#6985,#6986);
#6985 = CARTESIAN_POINT('',(-1.577418431283,2.708243227535));
#6986 = VECTOR('',#6987,1.);
#6987 = DIRECTION('',(0.374640848846,-0.927170013739));
#6988 = ( GEOMETRIC_REPRESENTATION_CONTEXT(2) 
PARAMETRIC_REPRESENTATION_CONTEXT() REPRESENTATION_CONTEXT('2D SPACE',''
  ) );
#6989 = ORIENTED_EDGE('',*,*,#3856,.T.);
#6990 = ORIENTED_EDGE('',*,*,#6991,.T.);
#6991 = EDGE_CURVE('',#3857,#6968,#6992,.T.);
#6992 = SURFACE_CURVE('',#6993,(#6997,#7004),.PCURVE_S1.);
#6993 = LINE('',#6994,#6995);
#6994 = CARTESIAN_POINT('',(162.545,46.336556495786,46.040602126952));
#6995 = VECTOR('',#6996,1.);
#6996 = DIRECTION('',(-0.207853018889,-0.643658218893,-0.73654682118));
#6997 = PCURVE('',#3872,#6998);
#6998 = DEFINITIONAL_REPRESENTATION('',(#6999),#7003);
#6999 = LINE('',#7000,#7001);
#7000 = CARTESIAN_POINT('',(2.296290414767,-1.380252888948));
#7001 = VECTOR('',#7002,1.);
#7002 = DIRECTION('',(-0.734620330209,0.678478422976));
#7003 = ( GEOMETRIC_REPRESENTATION_CONTEXT(2) 
PARAMETRIC_REPRESENTATION_CONTEXT() REPRESENTATION_CONTEXT('2D SPACE',''
  ) );
#7004 = PCURVE('',#7005,#7010);
#7005 = PLANE('',#7006);
#7006 = AXIS2_PLACEMENT_3D('',#7007,#7008,#7009);
#7007 = CARTESIAN_POINT('',(162.20198313146,44.090932546175,
    43.881356242002));
#7008 = DIRECTION('',(0.643072453267,0.477471820137,-0.598730724804));
#7009 = DIRECTION('',(0.681423463584,0.,0.731889379126));
#7010 = DEFINITIONAL_REPRESENTATION('',(#7011),#7015);
#7011 = LINE('',#7012,#7013);
#7012 = CARTESIAN_POINT('',(1.814068872742,-2.555774718513));
#7013 = VECTOR('',#7014,1.);
#7014 = DIRECTION('',(-0.680706719698,0.732556046837));
#7015 = ( GEOMETRIC_REPRESENTATION_CONTEXT(2) 
PARAMETRIC_REPRESENTATION_CONTEXT() REPRESENTATION_CONTEXT('2D SPACE',''
  ) );
#7016 = ADVANCED_FACE('',(#7017),#3947,.T.);
#7017 = FACE_BOUND('',#7018,.T.);
#7018 = EDGE_LOOP('',(#7019,#7047,#7048));
#7019 = ORIENTED_EDGE('',*,*,#7020,.F.);
#7020 = EDGE_CURVE('',#3910,#7021,#7023,.T.);
#7021 = VERTEX_POINT('',#7022);
#7022 = CARTESIAN_POINT('',(162.545,43.108719811122,33.095046347942));
#7023 = SURFACE_CURVE('',#7024,(#7028,#7035),.PCURVE_S1.);
#7024 = LINE('',#7025,#7026);
#7025 = CARTESIAN_POINT('',(162.545,48.064048584585,30.708685782795));
#7026 = VECTOR('',#7027,1.);
#7027 = DIRECTION('',(0.,-0.900968867902,0.433883739118));
#7028 = PCURVE('',#3947,#7029);
#7029 = DEFINITIONAL_REPRESENTATION('',(#7030),#7034);
#7030 = LINE('',#7031,#7032);
#7031 = CARTESIAN_POINT('',(-1.403668559872,-1.985792404573));
#7032 = VECTOR('',#7033,1.);
#7033 = DIRECTION('',(0.361132205367,0.932514627363));
#7034 = ( GEOMETRIC_REPRESENTATION_CONTEXT(2) 
PARAMETRIC_REPRESENTATION_CONTEXT() REPRESENTATION_CONTEXT('2D SPACE',''
  ) );
#7035 = PCURVE('',#7036,#7041);
#7036 = PLANE('',#7037);
#7037 = AXIS2_PLACEMENT_3D('',#7038,#7039,#7040);
#7038 = CARTESIAN_POINT('',(162.20198313146,45.144295548189,
    31.795061372175));
#7039 = DIRECTION('',(0.643072453267,-0.33227048466,-0.689966770847));
#7040 = DIRECTION('',(-0.73152923209,0.,-0.681810078099));
#7041 = DEFINITIONAL_REPRESENTATION('',(#7042),#7046);
#7042 = LINE('',#7043,#7044);
#7043 = CARTESIAN_POINT('',(0.489774959006,3.095634147694));
#7044 = VECTOR('',#7045,1.);
#7045 = DIRECTION('',(-0.295826306054,-0.955241747751));
#7046 = ( GEOMETRIC_REPRESENTATION_CONTEXT(2) 
PARAMETRIC_REPRESENTATION_CONTEXT() REPRESENTATION_CONTEXT('2D SPACE',''
  ) );
#7047 = ORIENTED_EDGE('',*,*,#3933,.T.);
#7048 = ORIENTED_EDGE('',*,*,#7049,.T.);
#7049 = EDGE_CURVE('',#1068,#7021,#7050,.T.);
#7050 = SURFACE_CURVE('',#7051,(#7055,#7062),.PCURVE_S1.);
#7051 = LINE('',#7052,#7053);
#7052 = CARTESIAN_POINT('',(161.345,48.686308289471,32.21095360165));
#7053 = VECTOR('',#7054,1.);
#7054 = DIRECTION('',(0.207853018889,-0.966098836122,0.153134455246));
#7055 = PCURVE('',#3947,#7056);
#7056 = DEFINITIONAL_REPRESENTATION('',(#7057),#7061);
#7057 = LINE('',#7058,#7059);
#7058 = CARTESIAN_POINT('',(0.511852055983,-2.629839382773));
#7059 = VECTOR('',#7060,1.);
#7060 = DIRECTION('',(1.224713526681E-02,0.999925001026));
#7061 = ( GEOMETRIC_REPRESENTATION_CONTEXT(2) 
PARAMETRIC_REPRESENTATION_CONTEXT() REPRESENTATION_CONTEXT('2D SPACE',''
  ) );
#7062 = PCURVE('',#6930,#7063);
#7063 = DEFINITIONAL_REPRESENTATION('',(#7064),#7068);
#7064 = LINE('',#7065,#7066);
#7065 = CARTESIAN_POINT('',(0.243989727161,3.124627865824));
#7066 = VECTOR('',#7067,1.);
#7067 = DIRECTION('',(5.350578966323E-02,-0.998567539264));
#7068 = ( GEOMETRIC_REPRESENTATION_CONTEXT(2) 
PARAMETRIC_REPRESENTATION_CONTEXT() REPRESENTATION_CONTEXT('2D SPACE',''
  ) );
#7069 = ADVANCED_FACE('',(#7070),#3978,.T.);
#7070 = FACE_BOUND('',#7071,.T.);
#7071 = EDGE_LOOP('',(#7072,#7095,#7096));
#7072 = ORIENTED_EDGE('',*,*,#7073,.F.);
#7073 = EDGE_CURVE('',#3857,#7074,#7076,.T.);
#7074 = VERTEX_POINT('',#7075);
#7075 = CARTESIAN_POINT('',(162.545,42.036483342212,42.611408216729));
#7076 = SURFACE_CURVE('',#7077,(#7081,#7088),.PCURVE_S1.);
#7077 = LINE('',#7078,#7079);
#7078 = CARTESIAN_POINT('',(162.545,46.336556495786,46.040602126952));
#7079 = VECTOR('',#7080,1.);
#7080 = DIRECTION('',(0.,-0.781831482468,-0.623489801859));
#7081 = PCURVE('',#3978,#7082);
#7082 = DEFINITIONAL_REPRESENTATION('',(#7083),#7087);
#7083 = LINE('',#7084,#7085);
#7084 = CARTESIAN_POINT('',(0.775127416232,-2.304958652262));
#7085 = VECTOR('',#7086,1.);
#7086 = DIRECTION('',(-0.539831498154,0.84177310102));
#7087 = ( GEOMETRIC_REPRESENTATION_CONTEXT(2) 
PARAMETRIC_REPRESENTATION_CONTEXT() REPRESENTATION_CONTEXT('2D SPACE',''
  ) );
#7088 = PCURVE('',#7005,#7089);
#7089 = DEFINITIONAL_REPRESENTATION('',(#7090),#7094);
#7090 = LINE('',#7091,#7092);
#7091 = CARTESIAN_POINT('',(1.814068872742,-2.555774718513));
#7092 = VECTOR('',#7093,1.);
#7093 = DIRECTION('',(-0.456325563974,0.889812890255));
#7094 = ( GEOMETRIC_REPRESENTATION_CONTEXT(2) 
PARAMETRIC_REPRESENTATION_CONTEXT() REPRESENTATION_CONTEXT('2D SPACE',''
  ) );
#7095 = ORIENTED_EDGE('',*,*,#3964,.T.);
#7096 = ORIENTED_EDGE('',*,*,#7097,.T.);
#7097 = EDGE_CURVE('',#2310,#7074,#7098,.T.);
#7098 = SURFACE_CURVE('',#7099,(#7103,#7110),.PCURVE_S1.);
#7099 = LINE('',#7100,#7101);
#7100 = CARTESIAN_POINT('',(161.345,45.253048327205,47.253048327205));
#7101 = VECTOR('',#7102,1.);
#7102 = DIRECTION('',(0.207853018889,-0.557143952153,-0.803982424633));
#7103 = PCURVE('',#3978,#7104);
#7104 = DEFINITIONAL_REPRESENTATION('',(#7105),#7109);
#7105 = LINE('',#7106,#7107);
#7106 = CARTESIAN_POINT('',(2.425312147701,-1.138379854273));
#7107 = VECTOR('',#7108,1.);
#7108 = DIRECTION('',(-0.800105595304,0.599859180444));
#7109 = ( GEOMETRIC_REPRESENTATION_CONTEXT(2) 
PARAMETRIC_REPRESENTATION_CONTEXT() REPRESENTATION_CONTEXT('2D SPACE',''
  ) );
#7110 = PCURVE('',#7111,#7116);
#7111 = PLANE('',#7112);
#7112 = AXIS2_PLACEMENT_3D('',#7113,#7114,#7115);
#7113 = CARTESIAN_POINT('',(161.68801686853,43.263303223934,
    44.855949218125));
#7114 = DIRECTION('',(0.643072453267,-0.54150614948,0.54150614948));
#7115 = DIRECTION('',(-0.644115877368,2.775557561563E-17,0.764927928972)
  );
#7116 = DEFINITIONAL_REPRESENTATION('',(#7117),#7121);
#7117 = LINE('',#7118,#7119);
#7118 = CARTESIAN_POINT('',(2.054550668279,-2.366780902052));
#7119 = VECTOR('',#7120,1.);
#7120 = DIRECTION('',(-0.74887004063,0.662716879404));
#7121 = ( GEOMETRIC_REPRESENTATION_CONTEXT(2) 
PARAMETRIC_REPRESENTATION_CONTEXT() REPRESENTATION_CONTEXT('2D SPACE',''
  ) );
#7122 = ADVANCED_FACE('',(#7123),#4007,.T.);
#7123 = FACE_BOUND('',#7124,.T.);
#7124 = EDGE_LOOP('',(#7125,#7153,#7154));
#7125 = ORIENTED_EDGE('',*,*,#7126,.F.);
#7126 = EDGE_CURVE('',#1122,#7127,#7129,.T.);
#7127 = VERTEX_POINT('',#7128);
#7128 = CARTESIAN_POINT('',(161.345,42.620517793055,32.211711311362));
#7129 = SURFACE_CURVE('',#7130,(#7134,#7141),.PCURVE_S1.);
#7130 = LINE('',#7131,#7132);
#7131 = CARTESIAN_POINT('',(161.345,47.27750088881,29.285534890528));
#7132 = VECTOR('',#7133,1.);
#7133 = DIRECTION('',(0.,-0.846724199228,0.532032076515));
#7134 = PCURVE('',#4007,#7135);
#7135 = DEFINITIONAL_REPRESENTATION('',(#7136),#7140);
#7136 = LINE('',#7137,#7138);
#7137 = CARTESIAN_POINT('',(-1.591948482748,-1.838302730322));
#7138 = VECTOR('',#7139,1.);
#7139 = DIRECTION('',(0.450988550365,0.892529734765));
#7140 = ( GEOMETRIC_REPRESENTATION_CONTEXT(2) 
PARAMETRIC_REPRESENTATION_CONTEXT() REPRESENTATION_CONTEXT('2D SPACE',''
  ) );
#7141 = PCURVE('',#7142,#7147);
#7142 = PLANE('',#7143);
#7143 = AXIS2_PLACEMENT_3D('',#7144,#7145,#7146);
#7144 = CARTESIAN_POINT('',(161.68801686853,44.497742120387,
    30.691988197295));
#7145 = DIRECTION('',(0.643072453267,0.407433005621,0.648425913871));
#7146 = DIRECTION('',(0.710031748261,2.775557561563E-17,-0.704169664542)
  );
#7147 = DEFINITIONAL_REPRESENTATION('',(#7148),#7152);
#7148 = LINE('',#7149,#7150);
#7149 = CARTESIAN_POINT('',(0.746828886372,3.04385888328));
#7150 = VECTOR('',#7151,1.);
#7151 = DIRECTION('',(-0.374640848846,-0.927170013739));
#7152 = ( GEOMETRIC_REPRESENTATION_CONTEXT(2) 
PARAMETRIC_REPRESENTATION_CONTEXT() REPRESENTATION_CONTEXT('2D SPACE',''
  ) );
#7153 = ORIENTED_EDGE('',*,*,#3993,.T.);
#7154 = ORIENTED_EDGE('',*,*,#7155,.T.);
#7155 = EDGE_CURVE('',#3910,#7127,#7156,.T.);
#7156 = SURFACE_CURVE('',#7157,(#7161,#7168),.PCURVE_S1.);
#7157 = LINE('',#7158,#7159);
#7158 = CARTESIAN_POINT('',(162.545,48.064048584585,30.708685782795));
#7159 = VECTOR('',#7160,1.);
#7160 = DIRECTION('',(-0.207853018889,-0.942878590363,0.260340327983));
#7161 = PCURVE('',#4007,#7162);
#7162 = DEFINITIONAL_REPRESENTATION('',(#7163),#7167);
#7163 = LINE('',#7164,#7165);
#7164 = CARTESIAN_POINT('',(0.251041617171,-2.667400572252));
#7165 = VECTOR('',#7166,1.);
#7166 = DIRECTION('',(0.110412723481,0.993885823671));
#7167 = ( GEOMETRIC_REPRESENTATION_CONTEXT(2) 
PARAMETRIC_REPRESENTATION_CONTEXT() REPRESENTATION_CONTEXT('2D SPACE',''
  ) );
#7168 = PCURVE('',#7036,#7169);
#7169 = DEFINITIONAL_REPRESENTATION('',(#7170),#7174);
#7170 = LINE('',#7171,#7172);
#7171 = CARTESIAN_POINT('',(0.489774959006,3.095634147694));
#7172 = VECTOR('',#7173,1.);
#7173 = DIRECTION('',(-2.545210005901E-02,-0.999676042827));
#7174 = ( GEOMETRIC_REPRESENTATION_CONTEXT(2) 
PARAMETRIC_REPRESENTATION_CONTEXT() REPRESENTATION_CONTEXT('2D SPACE',''
  ) );
#7175 = ADVANCED_FACE('',(#7176),#4040,.T.);
#7176 = FACE_BOUND('',#7177,.T.);
#7177 = EDGE_LOOP('',(#7178,#7201,#7202));
#7178 = ORIENTED_EDGE('',*,*,#7179,.F.);
#7179 = EDGE_CURVE('',#2310,#7180,#7182,.T.);
#7180 = VERTEX_POINT('',#7181);
#7181 = CARTESIAN_POINT('',(161.345,41.363961030679,43.363961030679));
#7182 = SURFACE_CURVE('',#7183,(#7187,#7194),.PCURVE_S1.);
#7183 = LINE('',#7184,#7185);
#7184 = CARTESIAN_POINT('',(161.345,45.253048327205,47.253048327205));
#7185 = VECTOR('',#7186,1.);
#7186 = DIRECTION('',(0.,-0.707106781187,-0.707106781187));
#7187 = PCURVE('',#4040,#7188);
#7188 = DEFINITIONAL_REPRESENTATION('',(#7189),#7193);
#7189 = LINE('',#7190,#7191);
#7190 = CARTESIAN_POINT('',(1.939314358163,1.467213931318));
#7191 = VECTOR('',#7192,1.);
#7192 = DIRECTION('',(-0.626673721429,-0.779281750634));
#7193 = ( GEOMETRIC_REPRESENTATION_CONTEXT(2) 
PARAMETRIC_REPRESENTATION_CONTEXT() REPRESENTATION_CONTEXT('2D SPACE',''
  ) );
#7194 = PCURVE('',#7111,#7195);
#7195 = DEFINITIONAL_REPRESENTATION('',(#7196),#7200);
#7196 = LINE('',#7197,#7198);
#7197 = CARTESIAN_POINT('',(2.054550668279,-2.366780902052));
#7198 = VECTOR('',#7199,1.);
#7199 = DIRECTION('',(-0.540885725695,0.84109608948));
#7200 = ( GEOMETRIC_REPRESENTATION_CONTEXT(2) 
PARAMETRIC_REPRESENTATION_CONTEXT() REPRESENTATION_CONTEXT('2D SPACE',''
  ) );
#7201 = ORIENTED_EDGE('',*,*,#4024,.T.);
#7202 = ORIENTED_EDGE('',*,*,#7203,.T.);
#7203 = EDGE_CURVE('',#4025,#7180,#7204,.T.);
#7204 = SURFACE_CURVE('',#7205,(#7209,#7216),.PCURVE_S1.);
#7205 = LINE('',#7206,#7207);
#7206 = CARTESIAN_POINT('',(162.545,44.040602126952,48.336556495786));
#7207 = VECTOR('',#7208,1.);
#7208 = DIRECTION('',(-0.207853018889,-0.463623276952,-0.861307482614));
#7209 = PCURVE('',#4040,#7210);
#7210 = DEFINITIONAL_REPRESENTATION('',(#7211),#7215);
#7211 = LINE('',#7212,#7213);
#7212 = CARTESIAN_POINT('',(0.308935753516,2.661316667854));
#7213 = VECTOR('',#7214,1.);
#7214 = DIRECTION('',(-0.314607518173,-0.949221844201));
#7215 = ( GEOMETRIC_REPRESENTATION_CONTEXT(2) 
PARAMETRIC_REPRESENTATION_CONTEXT() REPRESENTATION_CONTEXT('2D SPACE',''
  ) );
#7216 = PCURVE('',#7217,#7222);
#7217 = PLANE('',#7218);
#7218 = AXIS2_PLACEMENT_3D('',#7219,#7220,#7221);
#7219 = CARTESIAN_POINT('',(162.20198313146,42.331758069172,
    45.731749074703));
#7220 = DIRECTION('',(0.643072453267,0.598730724804,-0.477471820137));
#7221 = DIRECTION('',(-0.681423463584,0.731889379126,0.));
#7222 = DEFINITIONAL_REPRESENTATION('',(#7223),#7227);
#7223 = LINE('',#7224,#7225);
#7224 = CARTESIAN_POINT('',(1.016945073847,2.96456624207));
#7225 = VECTOR('',#7226,1.);
#7226 = DIRECTION('',(-0.197685028269,-0.980265591357));
#7227 = ( GEOMETRIC_REPRESENTATION_CONTEXT(2) 
PARAMETRIC_REPRESENTATION_CONTEXT() REPRESENTATION_CONTEXT('2D SPACE',''
  ) );
#7228 = ADVANCED_FACE('',(#7229),#4115,.T.);
#7229 = FACE_BOUND('',#7230,.T.);
#7230 = EDGE_LOOP('',(#7231,#7259,#7260));
#7231 = ORIENTED_EDGE('',*,*,#7232,.F.);
#7232 = EDGE_CURVE('',#4078,#7233,#7235,.T.);
#7233 = VERTEX_POINT('',#7234);
#7234 = CARTESIAN_POINT('',(162.545,42.036483342212,31.388591783271));
#7235 = SURFACE_CURVE('',#7236,(#7240,#7247),.PCURVE_S1.);
#7236 = LINE('',#7237,#7238);
#7237 = CARTESIAN_POINT('',(162.545,46.336556495786,27.959397873048));
#7238 = VECTOR('',#7239,1.);
#7239 = DIRECTION('',(0.,-0.781831482468,0.623489801859));
#7240 = PCURVE('',#4115,#7241);
#7241 = DEFINITIONAL_REPRESENTATION('',(#7242),#7246);
#7242 = LINE('',#7243,#7244);
#7243 = CARTESIAN_POINT('',(-1.771463314145,-1.666005590228));
#7244 = VECTOR('',#7245,1.);
#7245 = DIRECTION('',(0.539831498154,0.84177310102));
#7246 = ( GEOMETRIC_REPRESENTATION_CONTEXT(2) 
PARAMETRIC_REPRESENTATION_CONTEXT() REPRESENTATION_CONTEXT('2D SPACE',''
  ) );
#7247 = PCURVE('',#7248,#7253);
#7248 = PLANE('',#7249);
#7249 = AXIS2_PLACEMENT_3D('',#7250,#7251,#7252);
#7250 = CARTESIAN_POINT('',(162.20198313146,43.731749074703,
    29.668241930828));
#7251 = DIRECTION('',(0.643072453267,-0.477471820137,-0.598730724804));
#7252 = DIRECTION('',(0.681423463584,0.,0.731889379126));
#7253 = DEFINITIONAL_REPRESENTATION('',(#7254),#7258);
#7254 = LINE('',#7255,#7256);
#7255 = CARTESIAN_POINT('',(-1.016945073847,-2.96456624207));
#7256 = VECTOR('',#7257,1.);
#7257 = DIRECTION('',(0.456325563974,0.889812890255));
#7258 = ( GEOMETRIC_REPRESENTATION_CONTEXT(2) 
PARAMETRIC_REPRESENTATION_CONTEXT() REPRESENTATION_CONTEXT('2D SPACE',''
  ) );
#7259 = ORIENTED_EDGE('',*,*,#4101,.T.);
#7260 = ORIENTED_EDGE('',*,*,#7261,.T.);
#7261 = EDGE_CURVE('',#1122,#7233,#7262,.T.);
#7262 = SURFACE_CURVE('',#7263,(#7267,#7274),.PCURVE_S1.);
#7263 = LINE('',#7264,#7265);
#7264 = CARTESIAN_POINT('',(161.345,47.27750088881,29.285534890528));
#7265 = VECTOR('',#7266,1.);
#7266 = DIRECTION('',(0.207853018889,-0.907801099259,0.364272270044));
#7267 = PCURVE('',#4115,#7268);
#7268 = DEFINITIONAL_REPRESENTATION('',(#7269),#7273);
#7269 = LINE('',#7270,#7271);
#7270 = CARTESIAN_POINT('',(-2.284251522709E-02,-2.679090503491));
#7271 = VECTOR('',#7272,1.);
#7272 = DIRECTION('',(0.211395603548,0.977400582566));
#7273 = ( GEOMETRIC_REPRESENTATION_CONTEXT(2) 
PARAMETRIC_REPRESENTATION_CONTEXT() REPRESENTATION_CONTEXT('2D SPACE',''
  ) );
#7274 = PCURVE('',#7142,#7275);
#7275 = DEFINITIONAL_REPRESENTATION('',(#7276),#7280);
#7276 = LINE('',#7277,#7278);
#7277 = CARTESIAN_POINT('',(0.746828886372,3.04385888328));
#7278 = VECTOR('',#7279,1.);
#7279 = DIRECTION('',(-0.108927239816,-0.994049725329));
#7280 = ( GEOMETRIC_REPRESENTATION_CONTEXT(2) 
PARAMETRIC_REPRESENTATION_CONTEXT() REPRESENTATION_CONTEXT('2D SPACE',''
  ) );
#7281 = ADVANCED_FACE('',(#7282),#4146,.T.);
#7282 = FACE_BOUND('',#7283,.T.);
#7283 = EDGE_LOOP('',(#7284,#7307,#7308));
#7284 = ORIENTED_EDGE('',*,*,#7285,.F.);
#7285 = EDGE_CURVE('',#4025,#7286,#7288,.T.);
#7286 = VERTEX_POINT('',#7287);
#7287 = CARTESIAN_POINT('',(162.545,40.611408216729,44.036483342212));
#7288 = SURFACE_CURVE('',#7289,(#7293,#7300),.PCURVE_S1.);
#7289 = LINE('',#7290,#7291);
#7290 = CARTESIAN_POINT('',(162.545,44.040602126952,48.336556495786));
#7291 = VECTOR('',#7292,1.);
#7292 = DIRECTION('',(0.,-0.623489801859,-0.781831482468));
#7293 = PCURVE('',#4146,#7294);
#7294 = DEFINITIONAL_REPRESENTATION('',(#7295),#7299);
#7295 = LINE('',#7296,#7297);
#7296 = CARTESIAN_POINT('',(1.771463314145,1.666005590228));
#7297 = VECTOR('',#7298,1.);
#7298 = DIRECTION('',(-0.539831498154,-0.84177310102));
#7299 = ( GEOMETRIC_REPRESENTATION_CONTEXT(2) 
PARAMETRIC_REPRESENTATION_CONTEXT() REPRESENTATION_CONTEXT('2D SPACE',''
  ) );
#7300 = PCURVE('',#7217,#7301);
#7301 = DEFINITIONAL_REPRESENTATION('',(#7302),#7306);
#7302 = LINE('',#7303,#7304);
#7303 = CARTESIAN_POINT('',(1.016945073847,2.96456624207));
#7304 = VECTOR('',#7305,1.);
#7305 = DIRECTION('',(-0.456325563974,-0.889812890255));
#7306 = ( GEOMETRIC_REPRESENTATION_CONTEXT(2) 
PARAMETRIC_REPRESENTATION_CONTEXT() REPRESENTATION_CONTEXT('2D SPACE',''
  ) );
#7307 = ORIENTED_EDGE('',*,*,#4132,.T.);
#7308 = ORIENTED_EDGE('',*,*,#7309,.T.);
#7309 = EDGE_CURVE('',#2256,#7286,#7310,.T.);
#7310 = SURFACE_CURVE('',#7311,(#7315,#7322),.PCURVE_S1.);
#7311 = LINE('',#7312,#7313);
#7312 = CARTESIAN_POINT('',(161.345,42.714465109472,49.27750088881));
#7313 = VECTOR('',#7314,1.);
#7314 = DIRECTION('',(0.207853018889,-0.364272270044,-0.907801099259));
#7315 = PCURVE('',#4146,#7316);
#7316 = DEFINITIONAL_REPRESENTATION('',(#7317),#7321);
#7317 = LINE('',#7318,#7319);
#7318 = CARTESIAN_POINT('',(2.284251522709E-02,2.679090503491));
#7319 = VECTOR('',#7320,1.);
#7320 = DIRECTION('',(-0.211395603548,-0.977400582566));
#7321 = ( GEOMETRIC_REPRESENTATION_CONTEXT(2) 
PARAMETRIC_REPRESENTATION_CONTEXT() REPRESENTATION_CONTEXT('2D SPACE',''
  ) );
#7322 = PCURVE('',#7323,#7328);
#7323 = PLANE('',#7324);
#7324 = AXIS2_PLACEMENT_3D('',#7325,#7326,#7327);
#7325 = CARTESIAN_POINT('',(161.68801686853,41.308011802705,
    46.497742120387));
#7326 = DIRECTION('',(0.643072453267,-0.648425913871,0.407433005621));
#7327 = DIRECTION('',(-0.710031748261,-0.704169664542,
    -2.775557561563E-17));
#7328 = DEFINITIONAL_REPRESENTATION('',(#7329),#7333);
#7329 = LINE('',#7330,#7331);
#7330 = CARTESIAN_POINT('',(-0.746828886372,-3.04385888328));
#7331 = VECTOR('',#7332,1.);
#7332 = DIRECTION('',(0.108927239816,0.994049725329));
#7333 = ( GEOMETRIC_REPRESENTATION_CONTEXT(2) 
PARAMETRIC_REPRESENTATION_CONTEXT() REPRESENTATION_CONTEXT('2D SPACE',''
  ) );
#7334 = ADVANCED_FACE('',(#7335),#4175,.T.);
#7335 = FACE_BOUND('',#7336,.T.);
#7336 = EDGE_LOOP('',(#7337,#7365,#7366));
#7337 = ORIENTED_EDGE('',*,*,#7338,.F.);
#7338 = EDGE_CURVE('',#1176,#7339,#7341,.T.);
#7339 = VERTEX_POINT('',#7340);
#7340 = CARTESIAN_POINT('',(161.345,41.363961030679,30.636038969321));
#7341 = SURFACE_CURVE('',#7342,(#7346,#7353),.PCURVE_S1.);
#7342 = LINE('',#7343,#7344);
#7343 = CARTESIAN_POINT('',(161.345,45.253048327205,26.746951672795));
#7344 = VECTOR('',#7345,1.);
#7345 = DIRECTION('',(0.,-0.707106781187,0.707106781187));
#7346 = PCURVE('',#4175,#7347);
#7347 = DEFINITIONAL_REPRESENTATION('',(#7348),#7352);
#7348 = LINE('',#7349,#7350);
#7349 = CARTESIAN_POINT('',(-1.939314358163,-1.467213931318));
#7350 = VECTOR('',#7351,1.);
#7351 = DIRECTION('',(0.626673721429,0.779281750634));
#7352 = ( GEOMETRIC_REPRESENTATION_CONTEXT(2) 
PARAMETRIC_REPRESENTATION_CONTEXT() REPRESENTATION_CONTEXT('2D SPACE',''
  ) );
#7353 = PCURVE('',#7354,#7359);
#7354 = PLANE('',#7355);
#7355 = AXIS2_PLACEMENT_3D('',#7356,#7357,#7358);
#7356 = CARTESIAN_POINT('',(161.68801686853,42.855949218125,
    28.736696776066));
#7357 = DIRECTION('',(0.643072453267,0.54150614948,0.54150614948));
#7358 = DIRECTION('',(-0.644115877368,0.764927928972,-2.775557561563E-17
    ));
#7359 = DEFINITIONAL_REPRESENTATION('',(#7360),#7364);
#7360 = LINE('',#7361,#7362);
#7361 = CARTESIAN_POINT('',(2.054550668279,-2.366780902052));
#7362 = VECTOR('',#7363,1.);
#7363 = DIRECTION('',(-0.540885725695,0.84109608948));
#7364 = ( GEOMETRIC_REPRESENTATION_CONTEXT(2) 
PARAMETRIC_REPRESENTATION_CONTEXT() REPRESENTATION_CONTEXT('2D SPACE',''
  ) );
#7365 = ORIENTED_EDGE('',*,*,#4161,.T.);
#7366 = ORIENTED_EDGE('',*,*,#7367,.T.);
#7367 = EDGE_CURVE('',#4078,#7339,#7368,.T.);
#7368 = SURFACE_CURVE('',#7369,(#7373,#7380),.PCURVE_S1.);
#7369 = LINE('',#7370,#7371);
#7370 = CARTESIAN_POINT('',(162.545,46.336556495786,27.959397873048));
#7371 = VECTOR('',#7372,1.);
#7372 = DIRECTION('',(-0.207853018889,-0.861307482614,0.463623276952));
#7373 = PCURVE('',#4175,#7374);
#7374 = DEFINITIONAL_REPRESENTATION('',(#7375),#7379);
#7375 = LINE('',#7376,#7377);
#7376 = CARTESIAN_POINT('',(-0.308935753516,-2.661316667854));
#7377 = VECTOR('',#7378,1.);
#7378 = DIRECTION('',(0.314607518173,0.949221844201));
#7379 = ( GEOMETRIC_REPRESENTATION_CONTEXT(2) 
PARAMETRIC_REPRESENTATION_CONTEXT() REPRESENTATION_CONTEXT('2D SPACE',''
  ) );
#7380 = PCURVE('',#7248,#7381);
#7381 = DEFINITIONAL_REPRESENTATION('',(#7382),#7386);
#7382 = LINE('',#7383,#7384);
#7383 = CARTESIAN_POINT('',(-1.016945073847,-2.96456624207));
#7384 = VECTOR('',#7385,1.);
#7385 = DIRECTION('',(0.197685028269,0.980265591357));
#7386 = ( GEOMETRIC_REPRESENTATION_CONTEXT(2) 
PARAMETRIC_REPRESENTATION_CONTEXT() REPRESENTATION_CONTEXT('2D SPACE',''
  ) );
#7387 = ADVANCED_FACE('',(#7388),#4208,.T.);
#7388 = FACE_BOUND('',#7389,.T.);
#7389 = EDGE_LOOP('',(#7390,#7413,#7414));
#7390 = ORIENTED_EDGE('',*,*,#7391,.F.);
#7391 = EDGE_CURVE('',#2256,#7392,#7394,.T.);
#7392 = VERTEX_POINT('',#7393);
#7393 = CARTESIAN_POINT('',(161.345,39.788288688638,44.620517793055));
#7394 = SURFACE_CURVE('',#7395,(#7399,#7406),.PCURVE_S1.);
#7395 = LINE('',#7396,#7397);
#7396 = CARTESIAN_POINT('',(161.345,42.714465109472,49.27750088881));
#7397 = VECTOR('',#7398,1.);
#7398 = DIRECTION('',(0.,-0.532032076515,-0.846724199228));
#7399 = PCURVE('',#4208,#7400);
#7400 = DEFINITIONAL_REPRESENTATION('',(#7401),#7405);
#7401 = LINE('',#7402,#7403);
#7402 = CARTESIAN_POINT('',(1.591948482748,1.838302730322));
#7403 = VECTOR('',#7404,1.);
#7404 = DIRECTION('',(-0.450988550365,-0.892529734765));
#7405 = ( GEOMETRIC_REPRESENTATION_CONTEXT(2) 
PARAMETRIC_REPRESENTATION_CONTEXT() REPRESENTATION_CONTEXT('2D SPACE',''
  ) );
#7406 = PCURVE('',#7323,#7407);
#7407 = DEFINITIONAL_REPRESENTATION('',(#7408),#7412);
#7408 = LINE('',#7409,#7410);
#7409 = CARTESIAN_POINT('',(-0.746828886372,-3.04385888328));
#7410 = VECTOR('',#7411,1.);
#7411 = DIRECTION('',(0.374640848846,0.927170013739));
#7412 = ( GEOMETRIC_REPRESENTATION_CONTEXT(2) 
PARAMETRIC_REPRESENTATION_CONTEXT() REPRESENTATION_CONTEXT('2D SPACE',''
  ) );
#7413 = ORIENTED_EDGE('',*,*,#4192,.T.);
#7414 = ORIENTED_EDGE('',*,*,#7415,.T.);
#7415 = EDGE_CURVE('',#4193,#7392,#7416,.T.);
#7416 = SURFACE_CURVE('',#7417,(#7421,#7428),.PCURVE_S1.);
#7417 = LINE('',#7418,#7419);
#7418 = CARTESIAN_POINT('',(162.545,41.291314217205,50.064048584585));
#7419 = VECTOR('',#7420,1.);
#7420 = DIRECTION('',(-0.207853018889,-0.260340327983,-0.942878590363));
#7421 = PCURVE('',#4208,#7422);
#7422 = DEFINITIONAL_REPRESENTATION('',(#7423),#7427);
#7423 = LINE('',#7424,#7425);
#7424 = CARTESIAN_POINT('',(-0.251041617171,2.667400572252));
#7425 = VECTOR('',#7426,1.);
#7426 = DIRECTION('',(-0.110412723481,-0.993885823671));
#7427 = ( GEOMETRIC_REPRESENTATION_CONTEXT(2) 
PARAMETRIC_REPRESENTATION_CONTEXT() REPRESENTATION_CONTEXT('2D SPACE',''
  ) );
#7428 = PCURVE('',#7429,#7434);
#7429 = PLANE('',#7430);
#7430 = AXIS2_PLACEMENT_3D('',#7431,#7432,#7433);
#7431 = CARTESIAN_POINT('',(162.20198313146,40.204938627825,
    47.144295548189));
#7432 = DIRECTION('',(0.643072453267,0.689966770847,-0.33227048466));
#7433 = DIRECTION('',(0.73152923209,-0.681810078099,2.775557561563E-17)
  );
#7434 = DEFINITIONAL_REPRESENTATION('',(#7435),#7439);
#7435 = LINE('',#7436,#7437);
#7436 = CARTESIAN_POINT('',(-0.489774959006,-3.095634147694));
#7437 = VECTOR('',#7438,1.);
#7438 = DIRECTION('',(2.545210005901E-02,0.999676042827));
#7439 = ( GEOMETRIC_REPRESENTATION_CONTEXT(2) 
PARAMETRIC_REPRESENTATION_CONTEXT() REPRESENTATION_CONTEXT('2D SPACE',''
  ) );
#7440 = ADVANCED_FACE('',(#7441),#4283,.T.);
#7441 = FACE_BOUND('',#7442,.T.);
#7442 = EDGE_LOOP('',(#7443,#7471,#7472));
#7443 = ORIENTED_EDGE('',*,*,#7444,.F.);
#7444 = EDGE_CURVE('',#4246,#7445,#7447,.T.);
#7445 = VERTEX_POINT('',#7446);
#7446 = CARTESIAN_POINT('',(162.545,40.611408216729,29.963516657788));
#7447 = SURFACE_CURVE('',#7448,(#7452,#7459),.PCURVE_S1.);
#7448 = LINE('',#7449,#7450);
#7449 = CARTESIAN_POINT('',(162.545,44.040602126952,25.663443504214));
#7450 = VECTOR('',#7451,1.);
#7451 = DIRECTION('',(0.,-0.623489801859,0.781831482468));
#7452 = PCURVE('',#4283,#7453);
#7453 = DEFINITIONAL_REPRESENTATION('',(#7454),#7458);
#7454 = LINE('',#7455,#7456);
#7455 = CARTESIAN_POINT('',(0.775127416232,-2.304958652262));
#7456 = VECTOR('',#7457,1.);
#7457 = DIRECTION('',(-0.539831498154,0.84177310102));
#7458 = ( GEOMETRIC_REPRESENTATION_CONTEXT(2) 
PARAMETRIC_REPRESENTATION_CONTEXT() REPRESENTATION_CONTEXT('2D SPACE',''
  ) );
#7459 = PCURVE('',#7460,#7465);
#7460 = PLANE('',#7461);
#7461 = AXIS2_PLACEMENT_3D('',#7462,#7463,#7464);
#7462 = CARTESIAN_POINT('',(162.20198313146,41.881356242002,
    27.909067453825));
#7463 = DIRECTION('',(0.643072453267,-0.598730724804,-0.477471820137));
#7464 = DIRECTION('',(0.681423463584,0.731889379126,2.775557561563E-17)
  );
#7465 = DEFINITIONAL_REPRESENTATION('',(#7466),#7470);
#7466 = LINE('',#7467,#7468);
#7467 = CARTESIAN_POINT('',(1.814068872742,-2.555774718513));
#7468 = VECTOR('',#7469,1.);
#7469 = DIRECTION('',(-0.456325563974,0.889812890255));
#7470 = ( GEOMETRIC_REPRESENTATION_CONTEXT(2) 
PARAMETRIC_REPRESENTATION_CONTEXT() REPRESENTATION_CONTEXT('2D SPACE',''
  ) );
#7471 = ORIENTED_EDGE('',*,*,#4269,.T.);
#7472 = ORIENTED_EDGE('',*,*,#7473,.T.);
#7473 = EDGE_CURVE('',#1176,#7445,#7474,.T.);
#7474 = SURFACE_CURVE('',#7475,(#7479,#7486),.PCURVE_S1.);
#7475 = LINE('',#7476,#7477);
#7476 = CARTESIAN_POINT('',(161.345,45.253048327205,26.746951672795));
#7477 = VECTOR('',#7478,1.);
#7478 = DIRECTION('',(0.207853018889,-0.803982424633,0.557143952153));
#7479 = PCURVE('',#4283,#7480);
#7480 = DEFINITIONAL_REPRESENTATION('',(#7481),#7485);
#7481 = LINE('',#7482,#7483);
#7482 = CARTESIAN_POINT('',(2.425312147701,-1.138379854273));
#7483 = VECTOR('',#7484,1.);
#7484 = DIRECTION('',(-0.800105595304,0.599859180444));
#7485 = ( GEOMETRIC_REPRESENTATION_CONTEXT(2) 
PARAMETRIC_REPRESENTATION_CONTEXT() REPRESENTATION_CONTEXT('2D SPACE',''
  ) );
#7486 = PCURVE('',#7354,#7487);
#7487 = DEFINITIONAL_REPRESENTATION('',(#7488),#7492);
#7488 = LINE('',#7489,#7490);
#7489 = CARTESIAN_POINT('',(2.054550668279,-2.366780902052));
#7490 = VECTOR('',#7491,1.);
#7491 = DIRECTION('',(-0.74887004063,0.662716879404));
#7492 = ( GEOMETRIC_REPRESENTATION_CONTEXT(2) 
PARAMETRIC_REPRESENTATION_CONTEXT() REPRESENTATION_CONTEXT('2D SPACE',''
  ) );
#7493 = ADVANCED_FACE('',(#7494),#4314,.T.);
#7494 = FACE_BOUND('',#7495,.T.);
#7495 = EDGE_LOOP('',(#7496,#7519,#7520));
#7496 = ORIENTED_EDGE('',*,*,#7497,.F.);
#7497 = EDGE_CURVE('',#4193,#7498,#7500,.T.);
#7498 = VERTEX_POINT('',#7499);
#7499 = CARTESIAN_POINT('',(162.545,38.904953652058,45.108719811122));
#7500 = SURFACE_CURVE('',#7501,(#7505,#7512),.PCURVE_S1.);
#7501 = LINE('',#7502,#7503);
#7502 = CARTESIAN_POINT('',(162.545,41.291314217205,50.064048584585));
#7503 = VECTOR('',#7504,1.);
#7504 = DIRECTION('',(0.,-0.433883739118,-0.900968867902));
#7505 = PCURVE('',#4314,#7506);
#7506 = DEFINITIONAL_REPRESENTATION('',(#7507),#7511);
#7507 = LINE('',#7508,#7509);
#7508 = CARTESIAN_POINT('',(1.403668559872,1.985792404573));
#7509 = VECTOR('',#7510,1.);
#7510 = DIRECTION('',(-0.361132205367,-0.932514627363));
#7511 = ( GEOMETRIC_REPRESENTATION_CONTEXT(2) 
PARAMETRIC_REPRESENTATION_CONTEXT() REPRESENTATION_CONTEXT('2D SPACE',''
  ) );
#7512 = PCURVE('',#7429,#7513);
#7513 = DEFINITIONAL_REPRESENTATION('',(#7514),#7518);
#7514 = LINE('',#7515,#7516);
#7515 = CARTESIAN_POINT('',(-0.489774959006,-3.095634147694));
#7516 = VECTOR('',#7517,1.);
#7517 = DIRECTION('',(0.295826306054,0.955241747751));
#7518 = ( GEOMETRIC_REPRESENTATION_CONTEXT(2) 
PARAMETRIC_REPRESENTATION_CONTEXT() REPRESENTATION_CONTEXT('2D SPACE',''
  ) );
#7519 = ORIENTED_EDGE('',*,*,#4300,.T.);
#7520 = ORIENTED_EDGE('',*,*,#7521,.T.);
#7521 = EDGE_CURVE('',#2202,#7498,#7522,.T.);
#7522 = SURFACE_CURVE('',#7523,(#7527,#7534),.PCURVE_S1.);
#7523 = LINE('',#7524,#7525);
#7524 = CARTESIAN_POINT('',(161.345,39.78904639835,50.686308289471));
#7525 = VECTOR('',#7526,1.);
#7526 = DIRECTION('',(0.207853018889,-0.153134455246,-0.966098836122));
#7527 = PCURVE('',#4314,#7528);
#7528 = DEFINITIONAL_REPRESENTATION('',(#7529),#7533);
#7529 = LINE('',#7530,#7531);
#7530 = CARTESIAN_POINT('',(-0.511852055983,2.629839382773));
#7531 = VECTOR('',#7532,1.);
#7532 = DIRECTION('',(-1.224713526681E-02,-0.999925001026));
#7533 = ( GEOMETRIC_REPRESENTATION_CONTEXT(2) 
PARAMETRIC_REPRESENTATION_CONTEXT() REPRESENTATION_CONTEXT('2D SPACE',''
  ) );
#7534 = PCURVE('',#7535,#7540);
#7535 = PLANE('',#7536);
#7536 = AXIS2_PLACEMENT_3D('',#7537,#7538,#7539);
#7537 = CARTESIAN_POINT('',(161.68801686853,39.036410329725,
    47.663278573616));
#7538 = DIRECTION('',(0.643072453267,-0.722830895351,0.252929469568));
#7539 = DIRECTION('',(-0.747123836079,-0.66468486786,0.));
#7540 = DEFINITIONAL_REPRESENTATION('',(#7541),#7545);
#7541 = LINE('',#7542,#7543);
#7542 = CARTESIAN_POINT('',(-0.243989727161,-3.124627865824));
#7543 = VECTOR('',#7544,1.);
#7544 = DIRECTION('',(-5.350578966323E-02,0.998567539264));
#7545 = ( GEOMETRIC_REPRESENTATION_CONTEXT(2) 
PARAMETRIC_REPRESENTATION_CONTEXT() REPRESENTATION_CONTEXT('2D SPACE',''
  ) );
#7546 = ADVANCED_FACE('',(#7547),#4343,.T.);
#7547 = FACE_BOUND('',#7548,.T.);
#7548 = EDGE_LOOP('',(#7549,#7577,#7578));
#7549 = ORIENTED_EDGE('',*,*,#7550,.F.);
#7550 = EDGE_CURVE('',#1230,#7551,#7553,.T.);
#7551 = VERTEX_POINT('',#7552);
#7552 = CARTESIAN_POINT('',(161.345,39.788288688638,29.379482206945));
#7553 = SURFACE_CURVE('',#7554,(#7558,#7565),.PCURVE_S1.);
#7554 = LINE('',#7555,#7556);
#7555 = CARTESIAN_POINT('',(161.345,42.714465109472,24.72249911119));
#7556 = VECTOR('',#7557,1.);
#7557 = DIRECTION('',(0.,-0.532032076515,0.846724199228));
#7558 = PCURVE('',#4343,#7559);
#7559 = DEFINITIONAL_REPRESENTATION('',(#7560),#7564);
#7560 = LINE('',#7561,#7562);
#7561 = CARTESIAN_POINT('',(0.535536233861,-2.372099880328));
#7562 = VECTOR('',#7563,1.);
#7563 = DIRECTION('',(-0.450988550365,0.892529734765));
#7564 = ( GEOMETRIC_REPRESENTATION_CONTEXT(2) 
PARAMETRIC_REPRESENTATION_CONTEXT() REPRESENTATION_CONTEXT('2D SPACE',''
  ) );
#7565 = PCURVE('',#7566,#7571);
#7566 = PLANE('',#7567);
#7567 = AXIS2_PLACEMENT_3D('',#7568,#7569,#7570);
#7568 = CARTESIAN_POINT('',(161.68801686853,40.820226218479,
    27.195761883034));
#7569 = DIRECTION('',(0.643072453267,0.648425913871,0.407433005621));
#7570 = DIRECTION('',(0.710031748261,-0.704169664542,2.775557561563E-17)
  );
#7571 = DEFINITIONAL_REPRESENTATION('',(#7572),#7576);
#7572 = LINE('',#7573,#7574);
#7573 = CARTESIAN_POINT('',(-1.577418431283,2.708243227535));
#7574 = VECTOR('',#7575,1.);
#7575 = DIRECTION('',(0.374640848846,-0.927170013739));
#7576 = ( GEOMETRIC_REPRESENTATION_CONTEXT(2) 
PARAMETRIC_REPRESENTATION_CONTEXT() REPRESENTATION_CONTEXT('2D SPACE',''
  ) );
#7577 = ORIENTED_EDGE('',*,*,#4329,.T.);
#7578 = ORIENTED_EDGE('',*,*,#7579,.T.);
#7579 = EDGE_CURVE('',#4246,#7551,#7580,.T.);
#7580 = SURFACE_CURVE('',#7581,(#7585,#7592),.PCURVE_S1.);
#7581 = LINE('',#7582,#7583);
#7582 = CARTESIAN_POINT('',(162.545,44.040602126952,25.663443504214));
#7583 = VECTOR('',#7584,1.);
#7584 = DIRECTION('',(-0.207853018889,-0.73654682118,0.643658218893));
#7585 = PCURVE('',#4343,#7586);
#7586 = DEFINITIONAL_REPRESENTATION('',(#7587),#7591);
#7587 = LINE('',#7588,#7589);
#7588 = CARTESIAN_POINT('',(2.296290414767,-1.380252888948));
#7589 = VECTOR('',#7590,1.);
#7590 = DIRECTION('',(-0.734620330209,0.678478422976));
#7591 = ( GEOMETRIC_REPRESENTATION_CONTEXT(2) 
PARAMETRIC_REPRESENTATION_CONTEXT() REPRESENTATION_CONTEXT('2D SPACE',''
  ) );
#7592 = PCURVE('',#7460,#7593);
#7593 = DEFINITIONAL_REPRESENTATION('',(#7594),#7598);
#7594 = LINE('',#7595,#7596);
#7595 = CARTESIAN_POINT('',(1.814068872742,-2.555774718513));
#7596 = VECTOR('',#7597,1.);
#7597 = DIRECTION('',(-0.680706719698,0.732556046837));
#7598 = ( GEOMETRIC_REPRESENTATION_CONTEXT(2) 
PARAMETRIC_REPRESENTATION_CONTEXT() REPRESENTATION_CONTEXT('2D SPACE',''
  ) );
#7599 = ADVANCED_FACE('',(#7600),#4376,.T.);
#7600 = FACE_BOUND('',#7601,.T.);
#7601 = EDGE_LOOP('',(#7602,#7625,#7626));
#7602 = ORIENTED_EDGE('',*,*,#7603,.F.);
#7603 = EDGE_CURVE('',#2202,#7604,#7606,.T.);
#7604 = VERTEX_POINT('',#7605);
#7605 = CARTESIAN_POINT('',(161.345,37.972511557597,45.494949972775));
#7606 = SURFACE_CURVE('',#7607,(#7611,#7618),.PCURVE_S1.);
#7607 = LINE('',#7608,#7609);
#7608 = CARTESIAN_POINT('',(161.345,39.78904639835,50.686308289471));
#7609 = VECTOR('',#7610,1.);
#7610 = DIRECTION('',(0.,-0.330279061955,-0.943883330308));
#7611 = PCURVE('',#4376,#7612);
#7612 = DEFINITIONAL_REPRESENTATION('',(#7613),#7617);
#7613 = LINE('',#7614,#7615);
#7614 = CARTESIAN_POINT('',(1.208584492299,2.110208621204));
#7615 = VECTOR('',#7616,1.);
#7616 = DIRECTION('',(-0.270871065698,-0.962615637608));
#7617 = ( GEOMETRIC_REPRESENTATION_CONTEXT(2) 
PARAMETRIC_REPRESENTATION_CONTEXT() REPRESENTATION_CONTEXT('2D SPACE',''
  ) );
#7618 = PCURVE('',#7535,#7619);
#7619 = DEFINITIONAL_REPRESENTATION('',(#7620),#7624);
#7620 = LINE('',#7621,#7622);
#7621 = CARTESIAN_POINT('',(-0.243989727161,-3.124627865824));
#7622 = VECTOR('',#7623,1.);
#7623 = DIRECTION('',(0.219531494653,0.975605413503));
#7624 = ( GEOMETRIC_REPRESENTATION_CONTEXT(2) 
PARAMETRIC_REPRESENTATION_CONTEXT() REPRESENTATION_CONTEXT('2D SPACE',''
  ) );
#7625 = ORIENTED_EDGE('',*,*,#4360,.T.);
#7626 = ORIENTED_EDGE('',*,*,#7627,.T.);
#7627 = EDGE_CURVE('',#4361,#7604,#7628,.T.);
#7628 = SURFACE_CURVE('',#7629,(#7633,#7640),.PCURVE_S1.);
#7629 = LINE('',#7630,#7631);
#7630 = CARTESIAN_POINT('',(162.545,38.226553542367,51.136454726636));
#7631 = VECTOR('',#7632,1.);
#7632 = DIRECTION('',(-0.207853018889,-4.400282788252E-02,
    -0.977169828473));
#7633 = PCURVE('',#4376,#7634);
#7634 = DEFINITIONAL_REPRESENTATION('',(#7635),#7639);
#7635 = LINE('',#7636,#7637);
#7636 = CARTESIAN_POINT('',(-0.759475784786,2.569288663954));
#7637 = VECTOR('',#7638,1.);
#7638 = DIRECTION('',(8.284145158733E-02,-0.99656273957));
#7639 = ( GEOMETRIC_REPRESENTATION_CONTEXT(2) 
PARAMETRIC_REPRESENTATION_CONTEXT() REPRESENTATION_CONTEXT('2D SPACE',''
  ) );
#7640 = PCURVE('',#7641,#7646);
#7641 = PLANE('',#7642);
#7642 = AXIS2_PLACEMENT_3D('',#7643,#7644,#7645);
#7643 = CARTESIAN_POINT('',(162.20198313146,37.817121829748,
    48.048164684001));
#7644 = DIRECTION('',(0.643072453267,0.746605001949,-0.170407719642));
#7645 = DIRECTION('',(0.757687208333,-0.652617877726,0.));
#7646 = DEFINITIONAL_REPRESENTATION('',(#7647),#7651);
#7647 = LINE('',#7648,#7649);
#7648 = CARTESIAN_POINT('',(-7.302961831255E-03,-3.134130972629));
#7649 = VECTOR('',#7650,1.);
#7650 = DIRECTION('',(-0.128770541479,0.99167441615));
#7651 = ( GEOMETRIC_REPRESENTATION_CONTEXT(2) 
PARAMETRIC_REPRESENTATION_CONTEXT() REPRESENTATION_CONTEXT('2D SPACE',''
  ) );
#7652 = ADVANCED_FACE('',(#7653),#4451,.T.);
#7653 = FACE_BOUND('',#7654,.T.);
#7654 = EDGE_LOOP('',(#7655,#7683,#7684));
#7655 = ORIENTED_EDGE('',*,*,#7656,.F.);
#7656 = EDGE_CURVE('',#4414,#7657,#7659,.T.);
#7657 = VERTEX_POINT('',#7658);
#7658 = CARTESIAN_POINT('',(162.545,38.904953652058,28.891280188878));
#7659 = SURFACE_CURVE('',#7660,(#7664,#7671),.PCURVE_S1.);
#7660 = LINE('',#7661,#7662);
#7661 = CARTESIAN_POINT('',(162.545,41.291314217205,23.935951415415));
#7662 = VECTOR('',#7663,1.);
#7663 = DIRECTION('',(0.,-0.433883739118,0.900968867902));
#7664 = PCURVE('',#4451,#7665);
#7665 = DEFINITIONAL_REPRESENTATION('',(#7666),#7670);
#7666 = LINE('',#7667,#7668);
#7667 = CARTESIAN_POINT('',(0.299929562456,-2.413234169656));
#7668 = VECTOR('',#7669,1.);
#7669 = DIRECTION('',(-0.361132205367,0.932514627363));
#7670 = ( GEOMETRIC_REPRESENTATION_CONTEXT(2) 
PARAMETRIC_REPRESENTATION_CONTEXT() REPRESENTATION_CONTEXT('2D SPACE',''
  ) );
#7671 = PCURVE('',#7672,#7677);
#7672 = PLANE('',#7673);
#7673 = AXIS2_PLACEMENT_3D('',#7674,#7675,#7676);
#7674 = CARTESIAN_POINT('',(162.20198313146,39.685903473285,
    26.605750295115));
#7675 = DIRECTION('',(0.643072453267,-0.689966770847,-0.33227048466));
#7676 = DIRECTION('',(-0.73152923209,-0.681810078099,0.));
#7677 = DEFINITIONAL_REPRESENTATION('',(#7678),#7682);
#7678 = LINE('',#7679,#7680);
#7679 = CARTESIAN_POINT('',(-1.345512091126,2.830623164512));
#7680 = VECTOR('',#7681,1.);
#7681 = DIRECTION('',(0.295826306054,-0.955241747751));
#7682 = ( GEOMETRIC_REPRESENTATION_CONTEXT(2) 
PARAMETRIC_REPRESENTATION_CONTEXT() REPRESENTATION_CONTEXT('2D SPACE',''
  ) );
#7683 = ORIENTED_EDGE('',*,*,#4437,.T.);
#7684 = ORIENTED_EDGE('',*,*,#7685,.T.);
#7685 = EDGE_CURVE('',#1230,#7657,#7686,.T.);
#7686 = SURFACE_CURVE('',#7687,(#7691,#7698),.PCURVE_S1.);
#7687 = LINE('',#7688,#7689);
#7688 = CARTESIAN_POINT('',(161.345,42.714465109472,24.72249911119));
#7689 = VECTOR('',#7690,1.);
#7690 = DIRECTION('',(0.207853018889,-0.659848714097,0.722078110071));
#7691 = PCURVE('',#4451,#7692);
#7692 = DEFINITIONAL_REPRESENTATION('',(#7693),#7697);
#7693 = LINE('',#7694,#7695);
#7694 = CARTESIAN_POINT('',(2.149599196574,-1.599146960254));
#7695 = VECTOR('',#7696,1.);
#7696 = DIRECTION('',(-0.66441893539,0.747360340328));
#7697 = ( GEOMETRIC_REPRESENTATION_CONTEXT(2) 
PARAMETRIC_REPRESENTATION_CONTEXT() REPRESENTATION_CONTEXT('2D SPACE',''
  ) );
#7698 = PCURVE('',#7566,#7699);
#7699 = DEFINITIONAL_REPRESENTATION('',(#7700),#7704);
#7700 = LINE('',#7701,#7702);
#7701 = CARTESIAN_POINT('',(-1.577418431283,2.708243227535));
#7702 = VECTOR('',#7703,1.);
#7703 = DIRECTION('',(0.612227690037,-0.790681513349));
#7704 = ( GEOMETRIC_REPRESENTATION_CONTEXT(2) 
PARAMETRIC_REPRESENTATION_CONTEXT() REPRESENTATION_CONTEXT('2D SPACE',''
  ) );
#7705 = ADVANCED_FACE('',(#7706),#4482,.T.);
#7706 = FACE_BOUND('',#7707,.T.);
#7707 = EDGE_LOOP('',(#7708,#7731,#7732));
#7708 = ORIENTED_EDGE('',*,*,#7709,.F.);
#7709 = EDGE_CURVE('',#4361,#7710,#7712,.T.);
#7710 = VERTEX_POINT('',#7711);
#7711 = CARTESIAN_POINT('',(162.545,37.002688405607,45.774351209636));
#7712 = SURFACE_CURVE('',#7713,(#7717,#7724),.PCURVE_S1.);
#7713 = LINE('',#7714,#7715);
#7714 = CARTESIAN_POINT('',(162.545,38.226553542367,51.136454726636));
#7715 = VECTOR('',#7716,1.);
#7716 = DIRECTION('',(0.,-0.222520933956,-0.974927912182));
#7717 = PCURVE('',#4482,#7718);
#7718 = DEFINITIONAL_REPRESENTATION('',(#7719),#7723);
#7719 = LINE('',#7720,#7721);
#7720 = CARTESIAN_POINT('',(1.007899449863,2.213096382673));
#7721 = VECTOR('',#7722,1.);
#7722 = DIRECTION('',(-0.180530405641,-0.983569404078));
#7723 = ( GEOMETRIC_REPRESENTATION_CONTEXT(2) 
PARAMETRIC_REPRESENTATION_CONTEXT() REPRESENTATION_CONTEXT('2D SPACE',''
  ) );
#7724 = PCURVE('',#7641,#7725);
#7725 = DEFINITIONAL_REPRESENTATION('',(#7726),#7730);
#7726 = LINE('',#7727,#7728);
#7727 = CARTESIAN_POINT('',(-7.302961831255E-03,-3.134130972629));
#7728 = VECTOR('',#7729,1.);
#7729 = DIRECTION('',(0.145221139668,0.98939922205));
#7730 = ( GEOMETRIC_REPRESENTATION_CONTEXT(2) 
PARAMETRIC_REPRESENTATION_CONTEXT() REPRESENTATION_CONTEXT('2D SPACE',''
  ) );
#7731 = ORIENTED_EDGE('',*,*,#4468,.T.);
#7732 = ORIENTED_EDGE('',*,*,#7733,.T.);
#7733 = EDGE_CURVE('',#2148,#7710,#7734,.T.);
#7734 = SURFACE_CURVE('',#7735,(#7739,#7746),.PCURVE_S1.);
#7735 = LINE('',#7736,#7737);
#7736 = CARTESIAN_POINT('',(161.345,36.623484903498,51.408827043452));
#7737 = VECTOR('',#7738,1.);
#7738 = DIRECTION('',(0.207853018889,6.568216057219E-02,-0.975952343263)
  );
#7739 = PCURVE('',#4482,#7740);
#7740 = DEFINITIONAL_REPRESENTATION('',(#7741),#7745);
#7741 = LINE('',#7742,#7743);
#7742 = CARTESIAN_POINT('',(-0.994226443261,2.487882932519));
#7743 = VECTOR('',#7744,1.);
#7744 = DIRECTION('',(0.174805889255,-0.984602915434));
#7745 = ( GEOMETRIC_REPRESENTATION_CONTEXT(2) 
PARAMETRIC_REPRESENTATION_CONTEXT() REPRESENTATION_CONTEXT('2D SPACE',''
  ) );
#7746 = PCURVE('',#7747,#7752);
#7747 = PLANE('',#7748);
#7748 = AXIS2_PLACEMENT_3D('',#7749,#7750,#7751);
#7749 = CARTESIAN_POINT('',(161.68801686853,36.56240638823,
    48.29411371319));
#7750 = DIRECTION('',(0.643072453267,-0.760990117458,8.574299376893E-02)
  );
#7751 = DIRECTION('',(-0.763802983622,-0.645449457518,0.));
#7752 = DEFINITIONAL_REPRESENTATION('',(#7753),#7757);
#7753 = LINE('',#7754,#7755);
#7754 = CARTESIAN_POINT('',(0.222574213074,-3.126226320425));
#7755 = VECTOR('',#7756,1.);
#7756 = DIRECTION('',(-0.201153270892,0.979559779498));
#7757 = ( GEOMETRIC_REPRESENTATION_CONTEXT(2) 
PARAMETRIC_REPRESENTATION_CONTEXT() REPRESENTATION_CONTEXT('2D SPACE',''
  ) );
#7758 = ADVANCED_FACE('',(#7759),#4511,.T.);
#7759 = FACE_BOUND('',#7760,.T.);
#7760 = EDGE_LOOP('',(#7761,#7789,#7790));
#7761 = ORIENTED_EDGE('',*,*,#7762,.F.);
#7762 = EDGE_CURVE('',#1284,#7763,#7765,.T.);
#7763 = VERTEX_POINT('',#7764);
#7764 = CARTESIAN_POINT('',(161.345,37.972511557597,28.505050027225));
#7765 = SURFACE_CURVE('',#7766,(#7770,#7777),.PCURVE_S1.);
#7766 = LINE('',#7767,#7768);
#7767 = CARTESIAN_POINT('',(161.345,39.78904639835,23.313691710529));
#7768 = VECTOR('',#7769,1.);
#7769 = DIRECTION('',(0.,-0.330279061955,0.943883330308));
#7770 = PCURVE('',#4511,#7771);
#7771 = DEFINITIONAL_REPRESENTATION('',(#7772),#7776);
#7772 = LINE('',#7773,#7774);
#7773 = CARTESIAN_POINT('',(6.921746515184E-02,-2.430815880018));
#7774 = VECTOR('',#7775,1.);
#7775 = DIRECTION('',(-0.270871065698,0.962615637608));
#7776 = ( GEOMETRIC_REPRESENTATION_CONTEXT(2) 
PARAMETRIC_REPRESENTATION_CONTEXT() REPRESENTATION_CONTEXT('2D SPACE',''
  ) );
#7777 = PCURVE('',#7778,#7783);
#7778 = PLANE('',#7779);
#7779 = AXIS2_PLACEMENT_3D('',#7780,#7781,#7782);
#7780 = CARTESIAN_POINT('',(161.68801686853,38.49265277309,
    26.14645242812));
#7781 = DIRECTION('',(0.643072453267,0.722830895351,0.252929469568));
#7782 = DIRECTION('',(0.747123836079,-0.66468486786,-1.387778780781E-17)
  );
#7783 = DEFINITIONAL_REPRESENTATION('',(#7784),#7788);
#7784 = LINE('',#7785,#7786);
#7785 = CARTESIAN_POINT('',(-1.117969304161,2.927964296537));
#7786 = VECTOR('',#7787,1.);
#7787 = DIRECTION('',(0.219531494653,-0.975605413503));
#7788 = ( GEOMETRIC_REPRESENTATION_CONTEXT(2) 
PARAMETRIC_REPRESENTATION_CONTEXT() REPRESENTATION_CONTEXT('2D SPACE',''
  ) );
#7789 = ORIENTED_EDGE('',*,*,#4497,.T.);
#7790 = ORIENTED_EDGE('',*,*,#7791,.T.);
#7791 = EDGE_CURVE('',#4414,#7763,#7792,.T.);
#7792 = SURFACE_CURVE('',#7793,(#7797,#7804),.PCURVE_S1.);
#7793 = LINE('',#7794,#7795);
#7794 = CARTESIAN_POINT('',(162.545,41.291314217205,23.935951415415));
#7795 = VECTOR('',#7796,1.);
#7796 = DIRECTION('',(-0.207853018889,-0.57485262658,0.791417450055));
#7797 = PCURVE('',#4511,#7798);
#7798 = DEFINITIONAL_REPRESENTATION('',(#7799),#7803);
#7799 = LINE('',#7800,#7801);
#7800 = CARTESIAN_POINT('',(1.987885510431,-1.796206809869));
#7801 = VECTOR('',#7802,1.);
#7802 = DIRECTION('',(-0.59038206125,0.807123919701));
#7803 = ( GEOMETRIC_REPRESENTATION_CONTEXT(2) 
PARAMETRIC_REPRESENTATION_CONTEXT() REPRESENTATION_CONTEXT('2D SPACE',''
  ) );
#7804 = PCURVE('',#7672,#7805);
#7805 = DEFINITIONAL_REPRESENTATION('',(#7806),#7810);
#7806 = LINE('',#7807,#7808);
#7807 = CARTESIAN_POINT('',(-1.345512091126,2.830623164512));
#7808 = VECTOR('',#7809,1.);
#7809 = DIRECTION('',(0.54399087352,-0.839091133029));
#7810 = ( GEOMETRIC_REPRESENTATION_CONTEXT(2) 
PARAMETRIC_REPRESENTATION_CONTEXT() REPRESENTATION_CONTEXT('2D SPACE',''
  ) );
#7811 = ADVANCED_FACE('',(#7812),#4544,.T.);
#7812 = FACE_BOUND('',#7813,.T.);
#7813 = EDGE_LOOP('',(#7814,#7837,#7838));
#7814 = ORIENTED_EDGE('',*,*,#7815,.F.);
#7815 = EDGE_CURVE('',#2148,#7816,#7818,.T.);
#7816 = VERTEX_POINT('',#7817);
#7817 = CARTESIAN_POINT('',(161.345,36.00768028493,45.943409889039));
#7818 = SURFACE_CURVE('',#7819,(#7823,#7830),.PCURVE_S1.);
#7819 = LINE('',#7820,#7821);
#7820 = CARTESIAN_POINT('',(161.345,36.623484903498,51.408827043452));
#7821 = VECTOR('',#7822,1.);
#7822 = DIRECTION('',(0.,-0.111964476103,-0.993712209893));
#7823 = PCURVE('',#4544,#7824);
#7824 = DEFINITIONAL_REPRESENTATION('',(#7825),#7829);
#7825 = LINE('',#7826,#7827);
#7826 = CARTESIAN_POINT('',(0.802237742345,2.295663630584));
#7827 = VECTOR('',#7828,1.);
#7828 = DIRECTION('',(-9.023834966008E-02,-0.995920197732));
#7829 = ( GEOMETRIC_REPRESENTATION_CONTEXT(2) 
PARAMETRIC_REPRESENTATION_CONTEXT() REPRESENTATION_CONTEXT('2D SPACE',''
  ) );
#7830 = PCURVE('',#7747,#7831);
#7831 = DEFINITIONAL_REPRESENTATION('',(#7832),#7836);
#7832 = LINE('',#7833,#7834);
#7833 = CARTESIAN_POINT('',(0.222574213074,-3.126226320425));
#7834 = VECTOR('',#7835,1.);
#7835 = DIRECTION('',(7.226741036221E-02,0.997385292352));
#7836 = ( GEOMETRIC_REPRESENTATION_CONTEXT(2) 
PARAMETRIC_REPRESENTATION_CONTEXT() REPRESENTATION_CONTEXT('2D SPACE',''
  ) );
#7837 = ORIENTED_EDGE('',*,*,#4528,.T.);
#7838 = ORIENTED_EDGE('',*,*,#7839,.T.);
#7839 = EDGE_CURVE('',#4529,#7816,#7840,.T.);
#7840 = SURFACE_CURVE('',#7841,(#7845,#7852),.PCURVE_S1.);
#7841 = LINE('',#7842,#7843);
#7842 = CARTESIAN_POINT('',(162.545,35.,51.5));
#7843 = VECTOR('',#7844,1.);
#7844 = DIRECTION('',(-0.207853018889,0.174541157748,-0.962461691077));
#7845 = PCURVE('',#4544,#7846);
#7846 = DEFINITIONAL_REPRESENTATION('',(#7847),#7851);
#7847 = LINE('',#7848,#7849);
#7848 = CARTESIAN_POINT('',(-1.21659019751,2.387039169708));
#7849 = VECTOR('',#7850,1.);
#7850 = DIRECTION('',(0.263716465197,-0.964600241543));
#7851 = ( GEOMETRIC_REPRESENTATION_CONTEXT(2) 
PARAMETRIC_REPRESENTATION_CONTEXT() REPRESENTATION_CONTEXT('2D SPACE',''
  ) );
#7852 = PCURVE('',#7853,#7858);
#7853 = PLANE('',#7854);
#7854 = AXIS2_PLACEMENT_3D('',#7855,#7856,#7857);
#7855 = CARTESIAN_POINT('',(162.20198313146,35.288042779851,
    48.398032709438));
#7856 = DIRECTION('',(0.643072453267,0.765805340703,0.));
#7857 = DIRECTION('',(0.765805340703,-0.643072453267,0.));
#7858 = DEFINITIONAL_REPRESENTATION('',(#7859),#7863);
#7859 = LINE('',#7860,#7861);
#7860 = CARTESIAN_POINT('',(0.44791652696,-3.101967290562));
#7861 = VECTOR('',#7862,1.);
#7862 = DIRECTION('',(-0.271417562456,0.962461691077));
#7863 = ( GEOMETRIC_REPRESENTATION_CONTEXT(2) 
PARAMETRIC_REPRESENTATION_CONTEXT() REPRESENTATION_CONTEXT('2D SPACE',''
  ) );
#7864 = ADVANCED_FACE('',(#7865),#4619,.T.);
#7865 = FACE_BOUND('',#7866,.T.);
#7866 = EDGE_LOOP('',(#7867,#7895,#7896));
#7867 = ORIENTED_EDGE('',*,*,#7868,.F.);
#7868 = EDGE_CURVE('',#4582,#7869,#7871,.T.);
#7869 = VERTEX_POINT('',#7870);
#7870 = CARTESIAN_POINT('',(162.545,37.002688405607,28.225648790364));
#7871 = SURFACE_CURVE('',#7872,(#7876,#7883),.PCURVE_S1.);
#7872 = LINE('',#7873,#7874);
#7873 = CARTESIAN_POINT('',(162.545,38.226553542367,22.863545273364));
#7874 = VECTOR('',#7875,1.);
#7875 = DIRECTION('',(0.,-0.222520933956,0.974927912182));
#7876 = PCURVE('',#4619,#7877);
#7877 = DEFINITIONAL_REPRESENTATION('',(#7878),#7882);
#7878 = LINE('',#7879,#7880);
#7879 = CARTESIAN_POINT('',(-0.156268785242,-2.426775013632));
#7880 = VECTOR('',#7881,1.);
#7881 = DIRECTION('',(-0.180530405641,0.983569404078));
#7882 = ( GEOMETRIC_REPRESENTATION_CONTEXT(2) 
PARAMETRIC_REPRESENTATION_CONTEXT() REPRESENTATION_CONTEXT('2D SPACE',''
  ) );
#7883 = PCURVE('',#7884,#7889);
#7884 = PLANE('',#7885);
#7885 = AXIS2_PLACEMENT_3D('',#7886,#7887,#7888);
#7886 = CARTESIAN_POINT('',(162.20198313146,37.255479937789,
    25.823644219216));
#7887 = DIRECTION('',(0.643072453267,-0.746605001949,-0.170407719642));
#7888 = DIRECTION('',(-0.757687208333,-0.652617877726,0.));
#7889 = DEFINITIONAL_REPRESENTATION('',(#7890),#7894);
#7890 = LINE('',#7891,#7892);
#7891 = CARTESIAN_POINT('',(-0.893639488467,3.004037075586));
#7892 = VECTOR('',#7893,1.);
#7893 = DIRECTION('',(0.145221139668,-0.98939922205));
#7894 = ( GEOMETRIC_REPRESENTATION_CONTEXT(2) 
PARAMETRIC_REPRESENTATION_CONTEXT() REPRESENTATION_CONTEXT('2D SPACE',''
  ) );
#7895 = ORIENTED_EDGE('',*,*,#4605,.T.);
#7896 = ORIENTED_EDGE('',*,*,#7897,.T.);
#7897 = EDGE_CURVE('',#1284,#7869,#7898,.T.);
#7898 = SURFACE_CURVE('',#7899,(#7903,#7910),.PCURVE_S1.);
#7899 = LINE('',#7900,#7901);
#7900 = CARTESIAN_POINT('',(161.345,39.78904639835,23.313691710529));
#7901 = VECTOR('',#7902,1.);
#7902 = DIRECTION('',(0.207853018889,-0.482627433748,0.850804256414));
#7903 = PCURVE('',#4619,#7904);
#7904 = DEFINITIONAL_REPRESENTATION('',(#7905),#7909);
#7905 = LINE('',#7906,#7907);
#7906 = CARTESIAN_POINT('',(1.812938126224,-1.972638602706));
#7907 = VECTOR('',#7908,1.);
#7908 = DIRECTION('',(-0.513072037784,0.858345550489));
#7909 = ( GEOMETRIC_REPRESENTATION_CONTEXT(2) 
PARAMETRIC_REPRESENTATION_CONTEXT() REPRESENTATION_CONTEXT('2D SPACE',''
  ) );
#7910 = PCURVE('',#7778,#7911);
#7911 = DEFINITIONAL_REPRESENTATION('',(#7912),#7916);
#7912 = LINE('',#7913,#7914);
#7913 = CARTESIAN_POINT('',(-1.117969304161,2.927964296537));
#7914 = VECTOR('',#7915,1.);
#7915 = DIRECTION('',(0.476087096839,-0.879398132943));
#7916 = ( GEOMETRIC_REPRESENTATION_CONTEXT(2) 
PARAMETRIC_REPRESENTATION_CONTEXT() REPRESENTATION_CONTEXT('2D SPACE',''
  ) );
#7917 = ADVANCED_FACE('',(#7918),#4650,.T.);
#7918 = FACE_BOUND('',#7919,.T.);
#7919 = EDGE_LOOP('',(#7920,#7943,#7944));
#7920 = ORIENTED_EDGE('',*,*,#7921,.F.);
#7921 = EDGE_CURVE('',#4529,#7922,#7924,.T.);
#7922 = VERTEX_POINT('',#7923);
#7923 = CARTESIAN_POINT('',(162.545,35.,46.));
#7924 = SURFACE_CURVE('',#7925,(#7929,#7936),.PCURVE_S1.);
#7925 = LINE('',#7926,#7927);
#7926 = CARTESIAN_POINT('',(162.545,35.,51.5));
#7927 = VECTOR('',#7928,1.);
#7928 = DIRECTION('',(0.,-6.123233995737E-17,-1.));
#7929 = PCURVE('',#4650,#7930);
#7930 = DEFINITIONAL_REPRESENTATION('',(#7931),#7935);
#7931 = LINE('',#7932,#7933);
#7932 = CARTESIAN_POINT('',(0.591807873586,2.358690386802));
#7933 = VECTOR('',#7934,1.);
#7934 = DIRECTION('',(-4.924110993449E-17,-1.));
#7935 = ( GEOMETRIC_REPRESENTATION_CONTEXT(2) 
PARAMETRIC_REPRESENTATION_CONTEXT() REPRESENTATION_CONTEXT('2D SPACE',''
  ) );
#7936 = PCURVE('',#7853,#7937);
#7937 = DEFINITIONAL_REPRESENTATION('',(#7938),#7942);
#7938 = LINE('',#7939,#7940);
#7939 = CARTESIAN_POINT('',(0.44791652696,-3.101967290562));
#7940 = VECTOR('',#7941,1.);
#7941 = DIRECTION('',(3.937683107566E-17,1.));
#7942 = ( GEOMETRIC_REPRESENTATION_CONTEXT(2) 
PARAMETRIC_REPRESENTATION_CONTEXT() REPRESENTATION_CONTEXT('2D SPACE',''
  ) );
#7943 = ORIENTED_EDGE('',*,*,#4636,.T.);
#7944 = ORIENTED_EDGE('',*,*,#7945,.T.);
#7945 = EDGE_CURVE('',#2094,#7922,#7946,.T.);
#7946 = SURFACE_CURVE('',#7947,(#7951,#7958),.PCURVE_S1.);
#7947 = LINE('',#7948,#7949);
#7948 = CARTESIAN_POINT('',(161.345,33.376515096502,51.408827043452));
#7949 = VECTOR('',#7950,1.);
#7950 = DIRECTION('',(0.207853018889,0.281205198594,-0.936867524692));
#7951 = PCURVE('',#4650,#7952);
#7952 = DEFINITIONAL_REPRESENTATION('',(#7953),#7957);
#7953 = LINE('',#7954,#7955);
#7954 = CARTESIAN_POINT('',(-1.427029225312,2.267517430254));
#7955 = VECTOR('',#7956,1.);
#7956 = DIRECTION('',(0.349684488043,-0.936867524692));
#7957 = ( GEOMETRIC_REPRESENTATION_CONTEXT(2) 
PARAMETRIC_REPRESENTATION_CONTEXT() REPRESENTATION_CONTEXT('2D SPACE',''
  ) );
#7958 = PCURVE('',#7959,#7964);
#7959 = PLANE('',#7960);
#7960 = AXIS2_PLACEMENT_3D('',#7961,#7962,#7963);
#7961 = CARTESIAN_POINT('',(161.68801686853,34.010056866389,
    48.358614831072));
#7962 = DIRECTION('',(0.643072453267,-0.760990117458,-8.574299376893E-02
    ));
#7963 = DIRECTION('',(-0.763802983622,-0.645449457518,
    -6.938893903907E-18));
#7964 = DEFINITIONAL_REPRESENTATION('',(#7965),#7969);
#7965 = LINE('',#7966,#7967);
#7966 = CARTESIAN_POINT('',(0.670916499309,-3.061486785501));
#7967 = VECTOR('',#7968,1.);
#7968 = DIRECTION('',(-0.340262498866,0.940330490767));
#7969 = ( GEOMETRIC_REPRESENTATION_CONTEXT(2) 
PARAMETRIC_REPRESENTATION_CONTEXT() REPRESENTATION_CONTEXT('2D SPACE',''
  ) );
#7970 = ADVANCED_FACE('',(#7971),#4679,.T.);
#7971 = FACE_BOUND('',#7972,.T.);
#7972 = EDGE_LOOP('',(#7973,#8001,#8002));
#7973 = ORIENTED_EDGE('',*,*,#7974,.F.);
#7974 = EDGE_CURVE('',#1338,#7975,#7977,.T.);
#7975 = VERTEX_POINT('',#7976);
#7976 = CARTESIAN_POINT('',(161.345,36.00768028493,28.056590110961));
#7977 = SURFACE_CURVE('',#7978,(#7982,#7989),.PCURVE_S1.);
#7978 = LINE('',#7979,#7980);
#7979 = CARTESIAN_POINT('',(161.345,36.623484903498,22.591172956548));
#7980 = VECTOR('',#7981,1.);
#7981 = DIRECTION('',(0.,-0.111964476103,0.993712209893));
#7982 = PCURVE('',#4679,#7983);
#7983 = DEFINITIONAL_REPRESENTATION('',(#7984),#7988);
#7984 = LINE('',#7985,#7986);
#7985 = CARTESIAN_POINT('',(-0.376549086617,-2.402471162241));
#7986 = VECTOR('',#7987,1.);
#7987 = DIRECTION('',(-9.023834966008E-02,0.995920197732));
#7988 = ( GEOMETRIC_REPRESENTATION_CONTEXT(2) 
PARAMETRIC_REPRESENTATION_CONTEXT() REPRESENTATION_CONTEXT('2D SPACE',''
  ) );
#7989 = PCURVE('',#7990,#7995);
#7990 = PLANE('',#7991);
#7991 = AXIS2_PLACEMENT_3D('',#7992,#7993,#7994);
#7992 = CARTESIAN_POINT('',(161.68801686853,35.989943133611,
    25.641385168928));
#7993 = DIRECTION('',(0.643072453267,0.760990117458,8.574299376893E-02)
  );
#7994 = DIRECTION('',(0.763802983622,-0.645449457518,0.));
#7995 = DEFINITIONAL_REPRESENTATION('',(#7996),#8000);
#7996 = LINE('',#7997,#7998);
#7997 = CARTESIAN_POINT('',(-0.670916499309,3.061486785501));
#7998 = VECTOR('',#7999,1.);
#7999 = DIRECTION('',(7.226741036221E-02,-0.997385292352));
#8000 = ( GEOMETRIC_REPRESENTATION_CONTEXT(2) 
PARAMETRIC_REPRESENTATION_CONTEXT() REPRESENTATION_CONTEXT('2D SPACE',''
  ) );
#8001 = ORIENTED_EDGE('',*,*,#4665,.T.);
#8002 = ORIENTED_EDGE('',*,*,#8003,.T.);
#8003 = EDGE_CURVE('',#4582,#7975,#8004,.T.);
#8004 = SURFACE_CURVE('',#8005,(#8009,#8016),.PCURVE_S1.);
#8005 = LINE('',#8006,#8007);
#8006 = CARTESIAN_POINT('',(162.545,38.226553542367,22.863545273364));
#8007 = VECTOR('',#8008,1.);
#8008 = DIRECTION('',(-0.207853018889,-0.384332920909,0.899491705601));
#8009 = PCURVE('',#4679,#8010);
#8010 = DEFINITIONAL_REPRESENTATION('',(#8011),#8015);
#8011 = LINE('',#8012,#8013);
#8012 = CARTESIAN_POINT('',(1.625824258973,-2.129493645291));
#8013 = VECTOR('',#8014,1.);
#8014 = DIRECTION('',(-0.432799223754,0.901490339337));
#8015 = ( GEOMETRIC_REPRESENTATION_CONTEXT(2) 
PARAMETRIC_REPRESENTATION_CONTEXT() REPRESENTATION_CONTEXT('2D SPACE',''
  ) );
#8016 = PCURVE('',#7884,#8017);
#8017 = DEFINITIONAL_REPRESENTATION('',(#8018),#8022);
#8018 = LINE('',#8019,#8020);
#8019 = CARTESIAN_POINT('',(-0.893639488467,3.004037075586));
#8020 = VECTOR('',#8021,1.);
#8021 = DIRECTION('',(0.408310108809,-0.912843280659));
#8022 = ( GEOMETRIC_REPRESENTATION_CONTEXT(2) 
PARAMETRIC_REPRESENTATION_CONTEXT() REPRESENTATION_CONTEXT('2D SPACE',''
  ) );
#8023 = ADVANCED_FACE('',(#8024),#4712,.T.);
#8024 = FACE_BOUND('',#8025,.T.);
#8025 = EDGE_LOOP('',(#8026,#8049,#8050));
#8026 = ORIENTED_EDGE('',*,*,#8027,.F.);
#8027 = EDGE_CURVE('',#2094,#8028,#8030,.T.);
#8028 = VERTEX_POINT('',#8029);
#8029 = CARTESIAN_POINT('',(161.345,33.99231971507,45.943409889039));
#8030 = SURFACE_CURVE('',#8031,(#8035,#8042),.PCURVE_S1.);
#8031 = LINE('',#8032,#8033);
#8032 = CARTESIAN_POINT('',(161.345,33.376515096502,51.408827043452));
#8033 = VECTOR('',#8034,1.);
#8034 = DIRECTION('',(0.,0.111964476103,-0.993712209893));
#8035 = PCURVE('',#4712,#8036);
#8036 = DEFINITIONAL_REPRESENTATION('',(#8037),#8041);
#8037 = LINE('',#8038,#8039);
#8038 = CARTESIAN_POINT('',(0.376549086617,2.402471162241));
#8039 = VECTOR('',#8040,1.);
#8040 = DIRECTION('',(9.023834966008E-02,-0.995920197732));
#8041 = ( GEOMETRIC_REPRESENTATION_CONTEXT(2) 
PARAMETRIC_REPRESENTATION_CONTEXT() REPRESENTATION_CONTEXT('2D SPACE',''
  ) );
#8042 = PCURVE('',#7959,#8043);
#8043 = DEFINITIONAL_REPRESENTATION('',(#8044),#8048);
#8044 = LINE('',#8045,#8046);
#8045 = CARTESIAN_POINT('',(0.670916499309,-3.061486785501));
#8046 = VECTOR('',#8047,1.);
#8047 = DIRECTION('',(-7.226741036221E-02,0.997385292352));
#8048 = ( GEOMETRIC_REPRESENTATION_CONTEXT(2) 
PARAMETRIC_REPRESENTATION_CONTEXT() REPRESENTATION_CONTEXT('2D SPACE',''
  ) );
#8049 = ORIENTED_EDGE('',*,*,#4696,.T.);
#8050 = ORIENTED_EDGE('',*,*,#8051,.T.);
#8051 = EDGE_CURVE('',#4697,#8028,#8052,.T.);
#8052 = SURFACE_CURVE('',#8053,(#8057,#8064),.PCURVE_S1.);
#8053 = LINE('',#8054,#8055);
#8054 = CARTESIAN_POINT('',(162.545,31.773446457633,51.136454726636));
#8055 = VECTOR('',#8056,1.);
#8056 = DIRECTION('',(-0.207853018889,0.384332920909,-0.899491705601));
#8057 = PCURVE('',#4712,#8058);
#8058 = DEFINITIONAL_REPRESENTATION('',(#8059),#8063);
#8059 = LINE('',#8060,#8061);
#8060 = CARTESIAN_POINT('',(-1.625824258973,2.129493645291));
#8061 = VECTOR('',#8062,1.);
#8062 = DIRECTION('',(0.432799223754,-0.901490339337));
#8063 = ( GEOMETRIC_REPRESENTATION_CONTEXT(2) 
PARAMETRIC_REPRESENTATION_CONTEXT() REPRESENTATION_CONTEXT('2D SPACE',''
  ) );
#8064 = PCURVE('',#8065,#8070);
#8065 = PLANE('',#8066);
#8066 = AXIS2_PLACEMENT_3D('',#8067,#8068,#8069);
#8067 = CARTESIAN_POINT('',(162.20198313146,32.744520062211,
    48.176355780784));
#8068 = DIRECTION('',(0.643072453267,0.746605001949,0.170407719642));
#8069 = DIRECTION('',(0.757687208333,-0.652617877726,-1.387778780781E-17
    ));
#8070 = DEFINITIONAL_REPRESENTATION('',(#8071),#8075);
#8071 = LINE('',#8072,#8073);
#8072 = CARTESIAN_POINT('',(0.893639488467,-3.004037075586));
#8073 = VECTOR('',#8074,1.);
#8074 = DIRECTION('',(-0.40831010881,0.912843280659));
#8075 = ( GEOMETRIC_REPRESENTATION_CONTEXT(2) 
PARAMETRIC_REPRESENTATION_CONTEXT() REPRESENTATION_CONTEXT('2D SPACE',''
  ) );
#8076 = ADVANCED_FACE('',(#8077),#4787,.T.);
#8077 = FACE_BOUND('',#8078,.T.);
#8078 = EDGE_LOOP('',(#8079,#8107,#8108));
#8079 = ORIENTED_EDGE('',*,*,#8080,.F.);
#8080 = EDGE_CURVE('',#4750,#8081,#8083,.T.);
#8081 = VERTEX_POINT('',#8082);
#8082 = CARTESIAN_POINT('',(162.545,35.,28.));
#8083 = SURFACE_CURVE('',#8084,(#8088,#8095),.PCURVE_S1.);
#8084 = LINE('',#8085,#8086);
#8085 = CARTESIAN_POINT('',(162.545,35.,22.5));
#8086 = VECTOR('',#8087,1.);
#8087 = DIRECTION('',(0.,1.836970198721E-16,1.));
#8088 = PCURVE('',#4787,#8089);
#8089 = DEFINITIONAL_REPRESENTATION('',(#8090),#8094);
#8090 = LINE('',#8091,#8092);
#8091 = CARTESIAN_POINT('',(-0.591807873586,-2.358690386802));
#8092 = VECTOR('',#8093,1.);
#8093 = DIRECTION('',(1.477233298035E-16,1.));
#8094 = ( GEOMETRIC_REPRESENTATION_CONTEXT(2) 
PARAMETRIC_REPRESENTATION_CONTEXT() REPRESENTATION_CONTEXT('2D SPACE',''
  ) );
#8095 = PCURVE('',#8096,#8101);
#8096 = PLANE('',#8097);
#8097 = AXIS2_PLACEMENT_3D('',#8098,#8099,#8100);
#8098 = CARTESIAN_POINT('',(162.20198313146,34.711957220149,
    25.601967290562));
#8099 = DIRECTION('',(0.643072453267,-0.765805340703,1.170586147853E-16)
  );
#8100 = DIRECTION('',(-0.765805340703,-0.643072453267,0.));
#8101 = DEFINITIONAL_REPRESENTATION('',(#8102),#8106);
#8102 = LINE('',#8103,#8104);
#8103 = CARTESIAN_POINT('',(-0.44791652696,3.101967290562));
#8104 = VECTOR('',#8105,1.);
#8105 = DIRECTION('',(-1.18130493227E-16,-1.));
#8106 = ( GEOMETRIC_REPRESENTATION_CONTEXT(2) 
PARAMETRIC_REPRESENTATION_CONTEXT() REPRESENTATION_CONTEXT('2D SPACE',''
  ) );
#8107 = ORIENTED_EDGE('',*,*,#4773,.T.);
#8108 = ORIENTED_EDGE('',*,*,#8109,.T.);
#8109 = EDGE_CURVE('',#1338,#8081,#8110,.T.);
#8110 = SURFACE_CURVE('',#8111,(#8115,#8122),.PCURVE_S1.);
#8111 = LINE('',#8112,#8113);
#8112 = CARTESIAN_POINT('',(161.345,36.623484903498,22.591172956548));
#8113 = VECTOR('',#8114,1.);
#8114 = DIRECTION('',(0.207853018889,-0.281205198594,0.936867524692));
#8115 = PCURVE('',#4787,#8116);
#8116 = DEFINITIONAL_REPRESENTATION('',(#8117),#8121);
#8117 = LINE('',#8118,#8119);
#8118 = CARTESIAN_POINT('',(1.427029225312,-2.267517430254));
#8119 = VECTOR('',#8120,1.);
#8120 = DIRECTION('',(-0.349684488043,0.936867524692));
#8121 = ( GEOMETRIC_REPRESENTATION_CONTEXT(2) 
PARAMETRIC_REPRESENTATION_CONTEXT() REPRESENTATION_CONTEXT('2D SPACE',''
  ) );
#8122 = PCURVE('',#7990,#8123);
#8123 = DEFINITIONAL_REPRESENTATION('',(#8124),#8128);
#8124 = LINE('',#8125,#8126);
#8125 = CARTESIAN_POINT('',(-0.670916499309,3.061486785501));
#8126 = VECTOR('',#8127,1.);
#8127 = DIRECTION('',(0.340262498866,-0.940330490767));
#8128 = ( GEOMETRIC_REPRESENTATION_CONTEXT(2) 
PARAMETRIC_REPRESENTATION_CONTEXT() REPRESENTATION_CONTEXT('2D SPACE',''
  ) );
#8129 = ADVANCED_FACE('',(#8130),#4818,.T.);
#8130 = FACE_BOUND('',#8131,.T.);
#8131 = EDGE_LOOP('',(#8132,#8155,#8156));
#8132 = ORIENTED_EDGE('',*,*,#8133,.F.);
#8133 = EDGE_CURVE('',#4697,#8134,#8136,.T.);
#8134 = VERTEX_POINT('',#8135);
#8135 = CARTESIAN_POINT('',(162.545,32.997311594393,45.774351209636));
#8136 = SURFACE_CURVE('',#8137,(#8141,#8148),.PCURVE_S1.);
#8137 = LINE('',#8138,#8139);
#8138 = CARTESIAN_POINT('',(162.545,31.773446457633,51.136454726636));
#8139 = VECTOR('',#8140,1.);
#8140 = DIRECTION('',(0.,0.222520933956,-0.974927912182));
#8141 = PCURVE('',#4818,#8142);
#8142 = DEFINITIONAL_REPRESENTATION('',(#8143),#8147);
#8143 = LINE('',#8144,#8145);
#8144 = CARTESIAN_POINT('',(0.156268785242,2.426775013632));
#8145 = VECTOR('',#8146,1.);
#8146 = DIRECTION('',(0.180530405641,-0.983569404078));
#8147 = ( GEOMETRIC_REPRESENTATION_CONTEXT(2) 
PARAMETRIC_REPRESENTATION_CONTEXT() REPRESENTATION_CONTEXT('2D SPACE',''
  ) );
#8148 = PCURVE('',#8065,#8149);
#8149 = DEFINITIONAL_REPRESENTATION('',(#8150),#8154);
#8150 = LINE('',#8151,#8152);
#8151 = CARTESIAN_POINT('',(0.893639488467,-3.004037075586));
#8152 = VECTOR('',#8153,1.);
#8153 = DIRECTION('',(-0.145221139668,0.98939922205));
#8154 = ( GEOMETRIC_REPRESENTATION_CONTEXT(2) 
PARAMETRIC_REPRESENTATION_CONTEXT() REPRESENTATION_CONTEXT('2D SPACE',''
  ) );
#8155 = ORIENTED_EDGE('',*,*,#4804,.T.);
#8156 = ORIENTED_EDGE('',*,*,#8157,.T.);
#8157 = EDGE_CURVE('',#2040,#8134,#8158,.T.);
#8158 = SURFACE_CURVE('',#8159,(#8163,#8170),.PCURVE_S1.);
#8159 = LINE('',#8160,#8161);
#8160 = CARTESIAN_POINT('',(161.345,30.21095360165,50.686308289471));
#8161 = VECTOR('',#8162,1.);
#8162 = DIRECTION('',(0.207853018889,0.482627433748,-0.850804256414));
#8163 = PCURVE('',#4818,#8164);
#8164 = DEFINITIONAL_REPRESENTATION('',(#8165),#8169);
#8165 = LINE('',#8166,#8167);
#8166 = CARTESIAN_POINT('',(-1.812938126224,1.972638602706));
#8167 = VECTOR('',#8168,1.);
#8168 = DIRECTION('',(0.513072037784,-0.858345550489));
#8169 = ( GEOMETRIC_REPRESENTATION_CONTEXT(2) 
PARAMETRIC_REPRESENTATION_CONTEXT() REPRESENTATION_CONTEXT('2D SPACE',''
  ) );
#8170 = PCURVE('',#8171,#8176);
#8171 = PLANE('',#8172);
#8172 = AXIS2_PLACEMENT_3D('',#8173,#8174,#8175);
#8173 = CARTESIAN_POINT('',(161.68801686853,31.50734722691,
    47.85354757188));
#8174 = DIRECTION('',(0.643072453267,-0.722830895351,-0.252929469568));
#8175 = DIRECTION('',(-0.747123836079,-0.66468486786,-2.775557561563E-17
    ));
#8176 = DEFINITIONAL_REPRESENTATION('',(#8177),#8181);
#8177 = LINE('',#8178,#8179);
#8178 = CARTESIAN_POINT('',(1.117969304161,-2.927964296537));
#8179 = VECTOR('',#8180,1.);
#8180 = DIRECTION('',(-0.476087096839,0.879398132943));
#8181 = ( GEOMETRIC_REPRESENTATION_CONTEXT(2) 
PARAMETRIC_REPRESENTATION_CONTEXT() REPRESENTATION_CONTEXT('2D SPACE',''
  ) );
#8182 = ADVANCED_FACE('',(#8183),#4847,.T.);
#8183 = FACE_BOUND('',#8184,.T.);
#8184 = EDGE_LOOP('',(#8185,#8213,#8214));
#8185 = ORIENTED_EDGE('',*,*,#8186,.F.);
#8186 = EDGE_CURVE('',#1392,#8187,#8189,.T.);
#8187 = VERTEX_POINT('',#8188);
#8188 = CARTESIAN_POINT('',(161.345,33.99231971507,28.056590110961));
#8189 = SURFACE_CURVE('',#8190,(#8194,#8201),.PCURVE_S1.);
#8190 = LINE('',#8191,#8192);
#8191 = CARTESIAN_POINT('',(161.345,33.376515096502,22.591172956548));
#8192 = VECTOR('',#8193,1.);
#8193 = DIRECTION('',(0.,0.111964476103,0.993712209893));
#8194 = PCURVE('',#4847,#8195);
#8195 = DEFINITIONAL_REPRESENTATION('',(#8196),#8200);
#8196 = LINE('',#8197,#8198);
#8197 = CARTESIAN_POINT('',(-0.802237742345,-2.295663630584));
#8198 = VECTOR('',#8199,1.);
#8199 = DIRECTION('',(9.023834966008E-02,0.995920197732));
#8200 = ( GEOMETRIC_REPRESENTATION_CONTEXT(2) 
PARAMETRIC_REPRESENTATION_CONTEXT() REPRESENTATION_CONTEXT('2D SPACE',''
  ) );
#8201 = PCURVE('',#8202,#8207);
#8202 = PLANE('',#8203);
#8203 = AXIS2_PLACEMENT_3D('',#8204,#8205,#8206);
#8204 = CARTESIAN_POINT('',(161.68801686853,33.43759361177,
    25.70588628681));
#8205 = DIRECTION('',(0.643072453267,0.760990117458,-8.574299376893E-02)
  );
#8206 = DIRECTION('',(0.763802983622,-0.645449457518,0.));
#8207 = DEFINITIONAL_REPRESENTATION('',(#8208),#8212);
#8208 = LINE('',#8209,#8210);
#8209 = CARTESIAN_POINT('',(-0.222574213074,3.126226320425));
#8210 = VECTOR('',#8211,1.);
#8211 = DIRECTION('',(-7.226741036221E-02,-0.997385292352));
#8212 = ( GEOMETRIC_REPRESENTATION_CONTEXT(2) 
PARAMETRIC_REPRESENTATION_CONTEXT() REPRESENTATION_CONTEXT('2D SPACE',''
  ) );
#8213 = ORIENTED_EDGE('',*,*,#4833,.T.);
#8214 = ORIENTED_EDGE('',*,*,#8215,.T.);
#8215 = EDGE_CURVE('',#4750,#8187,#8216,.T.);
#8216 = SURFACE_CURVE('',#8217,(#8221,#8228),.PCURVE_S1.);
#8217 = LINE('',#8218,#8219);
#8218 = CARTESIAN_POINT('',(162.545,35.,22.5));
#8219 = VECTOR('',#8220,1.);
#8220 = DIRECTION('',(-0.207853018889,-0.174541157748,0.962461691077));
#8221 = PCURVE('',#4847,#8222);
#8222 = DEFINITIONAL_REPRESENTATION('',(#8223),#8227);
#8223 = LINE('',#8224,#8225);
#8224 = CARTESIAN_POINT('',(1.21659019751,-2.387039169708));
#8225 = VECTOR('',#8226,1.);
#8226 = DIRECTION('',(-0.263716465197,0.964600241543));
#8227 = ( GEOMETRIC_REPRESENTATION_CONTEXT(2) 
PARAMETRIC_REPRESENTATION_CONTEXT() REPRESENTATION_CONTEXT('2D SPACE',''
  ) );
#8228 = PCURVE('',#8096,#8229);
#8229 = DEFINITIONAL_REPRESENTATION('',(#8230),#8234);
#8230 = LINE('',#8231,#8232);
#8231 = CARTESIAN_POINT('',(-0.44791652696,3.101967290562));
#8232 = VECTOR('',#8233,1.);
#8233 = DIRECTION('',(0.271417562456,-0.962461691077));
#8234 = ( GEOMETRIC_REPRESENTATION_CONTEXT(2) 
PARAMETRIC_REPRESENTATION_CONTEXT() REPRESENTATION_CONTEXT('2D SPACE',''
  ) );
#8235 = ADVANCED_FACE('',(#8236),#4880,.T.);
#8236 = FACE_BOUND('',#8237,.T.);
#8237 = EDGE_LOOP('',(#8238,#8261,#8262));
#8238 = ORIENTED_EDGE('',*,*,#8239,.F.);
#8239 = EDGE_CURVE('',#2040,#8240,#8242,.T.);
#8240 = VERTEX_POINT('',#8241);
#8241 = CARTESIAN_POINT('',(161.345,32.027488442403,45.494949972775));
#8242 = SURFACE_CURVE('',#8243,(#8247,#8254),.PCURVE_S1.);
#8243 = LINE('',#8244,#8245);
#8244 = CARTESIAN_POINT('',(161.345,30.21095360165,50.686308289471));
#8245 = VECTOR('',#8246,1.);
#8246 = DIRECTION('',(0.,0.330279061955,-0.943883330308));
#8247 = PCURVE('',#4880,#8248);
#8248 = DEFINITIONAL_REPRESENTATION('',(#8249),#8253);
#8249 = LINE('',#8250,#8251);
#8250 = CARTESIAN_POINT('',(-6.921746515185E-02,2.430815880018));
#8251 = VECTOR('',#8252,1.);
#8252 = DIRECTION('',(0.270871065698,-0.962615637608));
#8253 = ( GEOMETRIC_REPRESENTATION_CONTEXT(2) 
PARAMETRIC_REPRESENTATION_CONTEXT() REPRESENTATION_CONTEXT('2D SPACE',''
  ) );
#8254 = PCURVE('',#8171,#8255);
#8255 = DEFINITIONAL_REPRESENTATION('',(#8256),#8260);
#8256 = LINE('',#8257,#8258);
#8257 = CARTESIAN_POINT('',(1.117969304161,-2.927964296537));
#8258 = VECTOR('',#8259,1.);
#8259 = DIRECTION('',(-0.219531494653,0.975605413503));
#8260 = ( GEOMETRIC_REPRESENTATION_CONTEXT(2) 
PARAMETRIC_REPRESENTATION_CONTEXT() REPRESENTATION_CONTEXT('2D SPACE',''
  ) );
#8261 = ORIENTED_EDGE('',*,*,#4864,.T.);
#8262 = ORIENTED_EDGE('',*,*,#8263,.T.);
#8263 = EDGE_CURVE('',#4865,#8240,#8264,.T.);
#8264 = SURFACE_CURVE('',#8265,(#8269,#8276),.PCURVE_S1.);
#8265 = LINE('',#8266,#8267);
#8266 = CARTESIAN_POINT('',(162.545,28.708685782795,50.064048584585));
#8267 = VECTOR('',#8268,1.);
#8268 = DIRECTION('',(-0.207853018889,0.57485262658,-0.791417450055));
#8269 = PCURVE('',#4880,#8270);
#8270 = DEFINITIONAL_REPRESENTATION('',(#8271),#8275);
#8271 = LINE('',#8272,#8273);
#8272 = CARTESIAN_POINT('',(-1.987885510431,1.796206809869));
#8273 = VECTOR('',#8274,1.);
#8274 = DIRECTION('',(0.59038206125,-0.807123919701));
#8275 = ( GEOMETRIC_REPRESENTATION_CONTEXT(2) 
PARAMETRIC_REPRESENTATION_CONTEXT() REPRESENTATION_CONTEXT('2D SPACE',''
  ) );
#8276 = PCURVE('',#8277,#8282);
#8277 = PLANE('',#8278);
#8278 = AXIS2_PLACEMENT_3D('',#8279,#8280,#8281);
#8279 = CARTESIAN_POINT('',(162.20198313146,30.314096526715,
    47.394249704885));
#8280 = DIRECTION('',(0.643072453267,0.689966770847,0.33227048466));
#8281 = DIRECTION('',(0.73152923209,-0.681810078099,0.));
#8282 = DEFINITIONAL_REPRESENTATION('',(#8283),#8287);
#8283 = LINE('',#8284,#8285);
#8284 = CARTESIAN_POINT('',(1.345512091126,-2.830623164512));
#8285 = VECTOR('',#8286,1.);
#8286 = DIRECTION('',(-0.54399087352,0.839091133029));
#8287 = ( GEOMETRIC_REPRESENTATION_CONTEXT(2) 
PARAMETRIC_REPRESENTATION_CONTEXT() REPRESENTATION_CONTEXT('2D SPACE',''
  ) );
#8288 = ADVANCED_FACE('',(#8289),#4955,.T.);
#8289 = FACE_BOUND('',#8290,.T.);
#8290 = EDGE_LOOP('',(#8291,#8319,#8320));
#8291 = ORIENTED_EDGE('',*,*,#8292,.F.);
#8292 = EDGE_CURVE('',#4918,#8293,#8295,.T.);
#8293 = VERTEX_POINT('',#8294);
#8294 = CARTESIAN_POINT('',(162.545,32.997311594393,28.225648790364));
#8295 = SURFACE_CURVE('',#8296,(#8300,#8307),.PCURVE_S1.);
#8296 = LINE('',#8297,#8298);
#8297 = CARTESIAN_POINT('',(162.545,31.773446457633,22.863545273364));
#8298 = VECTOR('',#8299,1.);
#8299 = DIRECTION('',(0.,0.222520933956,0.974927912182));
#8300 = PCURVE('',#4955,#8301);
#8301 = DEFINITIONAL_REPRESENTATION('',(#8302),#8306);
#8302 = LINE('',#8303,#8304);
#8303 = CARTESIAN_POINT('',(-1.007899449863,-2.213096382673));
#8304 = VECTOR('',#8305,1.);
#8305 = DIRECTION('',(0.180530405641,0.983569404078));
#8306 = ( GEOMETRIC_REPRESENTATION_CONTEXT(2) 
PARAMETRIC_REPRESENTATION_CONTEXT() REPRESENTATION_CONTEXT('2D SPACE',''
  ) );
#8307 = PCURVE('',#8308,#8313);
#8308 = PLANE('',#8309);
#8309 = AXIS2_PLACEMENT_3D('',#8310,#8311,#8312);
#8310 = CARTESIAN_POINT('',(162.20198313146,32.182878170252,
    25.951835315999));
#8311 = DIRECTION('',(0.643072453267,-0.746605001949,0.170407719642));
#8312 = DIRECTION('',(-0.757687208333,-0.652617877726,1.387778780781E-17
    ));
#8313 = DEFINITIONAL_REPRESENTATION('',(#8314),#8318);
#8314 = LINE('',#8315,#8316);
#8315 = CARTESIAN_POINT('',(7.302961831252E-03,3.134130972629));
#8316 = VECTOR('',#8317,1.);
#8317 = DIRECTION('',(-0.145221139668,-0.98939922205));
#8318 = ( GEOMETRIC_REPRESENTATION_CONTEXT(2) 
PARAMETRIC_REPRESENTATION_CONTEXT() REPRESENTATION_CONTEXT('2D SPACE',''
  ) );
#8319 = ORIENTED_EDGE('',*,*,#4941,.T.);
#8320 = ORIENTED_EDGE('',*,*,#8321,.T.);
#8321 = EDGE_CURVE('',#1392,#8293,#8322,.T.);
#8322 = SURFACE_CURVE('',#8323,(#8327,#8334),.PCURVE_S1.);
#8323 = LINE('',#8324,#8325);
#8324 = CARTESIAN_POINT('',(161.345,33.376515096502,22.591172956548));
#8325 = VECTOR('',#8326,1.);
#8326 = DIRECTION('',(0.207853018889,-6.568216057219E-02,0.975952343263)
  );
#8327 = PCURVE('',#4955,#8328);
#8328 = DEFINITIONAL_REPRESENTATION('',(#8329),#8333);
#8329 = LINE('',#8330,#8331);
#8330 = CARTESIAN_POINT('',(0.994226443261,-2.487882932519));
#8331 = VECTOR('',#8332,1.);
#8332 = DIRECTION('',(-0.174805889255,0.984602915434));
#8333 = ( GEOMETRIC_REPRESENTATION_CONTEXT(2) 
PARAMETRIC_REPRESENTATION_CONTEXT() REPRESENTATION_CONTEXT('2D SPACE',''
  ) );
#8334 = PCURVE('',#8202,#8335);
#8335 = DEFINITIONAL_REPRESENTATION('',(#8336),#8340);
#8336 = LINE('',#8337,#8338);
#8337 = CARTESIAN_POINT('',(-0.222574213074,3.126226320425));
#8338 = VECTOR('',#8339,1.);
#8339 = DIRECTION('',(0.201153270892,-0.979559779498));
#8340 = ( GEOMETRIC_REPRESENTATION_CONTEXT(2) 
PARAMETRIC_REPRESENTATION_CONTEXT() REPRESENTATION_CONTEXT('2D SPACE',''
  ) );
#8341 = ADVANCED_FACE('',(#8342),#4986,.T.);
#8342 = FACE_BOUND('',#8343,.T.);
#8343 = EDGE_LOOP('',(#8344,#8367,#8368));
#8344 = ORIENTED_EDGE('',*,*,#8345,.F.);
#8345 = EDGE_CURVE('',#4865,#8346,#8348,.T.);
#8346 = VERTEX_POINT('',#8347);
#8347 = CARTESIAN_POINT('',(162.545,31.095046347942,45.108719811122));
#8348 = SURFACE_CURVE('',#8349,(#8353,#8360),.PCURVE_S1.);
#8349 = LINE('',#8350,#8351);
#8350 = CARTESIAN_POINT('',(162.545,28.708685782795,50.064048584585));
#8351 = VECTOR('',#8352,1.);
#8352 = DIRECTION('',(0.,0.433883739118,-0.900968867902));
#8353 = PCURVE('',#4986,#8354);
#8354 = DEFINITIONAL_REPRESENTATION('',(#8355),#8359);
#8355 = LINE('',#8356,#8357);
#8356 = CARTESIAN_POINT('',(-0.299929562456,2.413234169656));
#8357 = VECTOR('',#8358,1.);
#8358 = DIRECTION('',(0.361132205367,-0.932514627363));
#8359 = ( GEOMETRIC_REPRESENTATION_CONTEXT(2) 
PARAMETRIC_REPRESENTATION_CONTEXT() REPRESENTATION_CONTEXT('2D SPACE',''
  ) );
#8360 = PCURVE('',#8277,#8361);
#8361 = DEFINITIONAL_REPRESENTATION('',(#8362),#8366);
#8362 = LINE('',#8363,#8364);
#8363 = CARTESIAN_POINT('',(1.345512091126,-2.830623164512));
#8364 = VECTOR('',#8365,1.);
#8365 = DIRECTION('',(-0.295826306054,0.955241747751));
#8366 = ( GEOMETRIC_REPRESENTATION_CONTEXT(2) 
PARAMETRIC_REPRESENTATION_CONTEXT() REPRESENTATION_CONTEXT('2D SPACE',''
  ) );
#8367 = ORIENTED_EDGE('',*,*,#4972,.T.);
#8368 = ORIENTED_EDGE('',*,*,#8369,.T.);
#8369 = EDGE_CURVE('',#1986,#8346,#8370,.T.);
#8370 = SURFACE_CURVE('',#8371,(#8375,#8382),.PCURVE_S1.);
#8371 = LINE('',#8372,#8373);
#8372 = CARTESIAN_POINT('',(161.345,27.285534890528,49.27750088881));
#8373 = VECTOR('',#8374,1.);
#8374 = DIRECTION('',(0.207853018889,0.659848714097,-0.722078110071));
#8375 = PCURVE('',#4986,#8376);
#8376 = DEFINITIONAL_REPRESENTATION('',(#8377),#8381);
#8377 = LINE('',#8378,#8379);
#8378 = CARTESIAN_POINT('',(-2.149599196574,1.599146960254));
#8379 = VECTOR('',#8380,1.);
#8380 = DIRECTION('',(0.66441893539,-0.747360340328));
#8381 = ( GEOMETRIC_REPRESENTATION_CONTEXT(2) 
PARAMETRIC_REPRESENTATION_CONTEXT() REPRESENTATION_CONTEXT('2D SPACE',''
  ) );
#8382 = PCURVE('',#8383,#8388);
#8383 = PLANE('',#8384);
#8384 = AXIS2_PLACEMENT_3D('',#8385,#8386,#8387);
#8385 = CARTESIAN_POINT('',(161.68801686853,29.179773781521,
    46.804238116966));
#8386 = DIRECTION('',(0.643072453267,-0.648425913871,-0.407433005621));
#8387 = DIRECTION('',(-0.710031748261,-0.704169664542,
    -2.775557561563E-17));
#8388 = DEFINITIONAL_REPRESENTATION('',(#8389),#8393);
#8389 = LINE('',#8390,#8391);
#8390 = CARTESIAN_POINT('',(1.577418431283,-2.708243227535));
#8391 = VECTOR('',#8392,1.);
#8392 = DIRECTION('',(-0.612227690037,0.790681513349));
#8393 = ( GEOMETRIC_REPRESENTATION_CONTEXT(2) 
PARAMETRIC_REPRESENTATION_CONTEXT() REPRESENTATION_CONTEXT('2D SPACE',''
  ) );
#8394 = ADVANCED_FACE('',(#8395),#5015,.T.);
#8395 = FACE_BOUND('',#8396,.T.);
#8396 = EDGE_LOOP('',(#8397,#8425,#8426));
#8397 = ORIENTED_EDGE('',*,*,#8398,.F.);
#8398 = EDGE_CURVE('',#1446,#8399,#8401,.T.);
#8399 = VERTEX_POINT('',#8400);
#8400 = CARTESIAN_POINT('',(161.345,32.027488442403,28.505050027225));
#8401 = SURFACE_CURVE('',#8402,(#8406,#8413),.PCURVE_S1.);
#8402 = LINE('',#8403,#8404);
#8403 = CARTESIAN_POINT('',(161.345,30.21095360165,23.313691710529));
#8404 = VECTOR('',#8405,1.);
#8405 = DIRECTION('',(0.,0.330279061955,0.943883330308));
#8406 = PCURVE('',#5015,#8407);
#8407 = DEFINITIONAL_REPRESENTATION('',(#8408),#8412);
#8408 = LINE('',#8409,#8410);
#8409 = CARTESIAN_POINT('',(-1.208584492299,-2.110208621204));
#8410 = VECTOR('',#8411,1.);
#8411 = DIRECTION('',(0.270871065698,0.962615637608));
#8412 = ( GEOMETRIC_REPRESENTATION_CONTEXT(2) 
PARAMETRIC_REPRESENTATION_CONTEXT() REPRESENTATION_CONTEXT('2D SPACE',''
  ) );
#8413 = PCURVE('',#8414,#8419);
#8414 = PLANE('',#8415);
#8415 = AXIS2_PLACEMENT_3D('',#8416,#8417,#8418);
#8416 = CARTESIAN_POINT('',(161.68801686853,30.963589670275,
    26.336721426384));
#8417 = DIRECTION('',(0.643072453267,0.722830895351,-0.252929469568));
#8418 = DIRECTION('',(0.747123836079,-0.66468486786,0.));
#8419 = DEFINITIONAL_REPRESENTATION('',(#8420),#8424);
#8420 = LINE('',#8421,#8422);
#8421 = CARTESIAN_POINT('',(0.243989727161,3.124627865824));
#8422 = VECTOR('',#8423,1.);
#8423 = DIRECTION('',(-0.219531494653,-0.975605413503));
#8424 = ( GEOMETRIC_REPRESENTATION_CONTEXT(2) 
PARAMETRIC_REPRESENTATION_CONTEXT() REPRESENTATION_CONTEXT('2D SPACE',''
  ) );
#8425 = ORIENTED_EDGE('',*,*,#5001,.T.);
#8426 = ORIENTED_EDGE('',*,*,#8427,.T.);
#8427 = EDGE_CURVE('',#4918,#8399,#8428,.T.);
#8428 = SURFACE_CURVE('',#8429,(#8433,#8440),.PCURVE_S1.);
#8429 = LINE('',#8430,#8431);
#8430 = CARTESIAN_POINT('',(162.545,31.773446457633,22.863545273364));
#8431 = VECTOR('',#8432,1.);
#8432 = DIRECTION('',(-0.207853018889,4.400282788252E-02,0.977169828473)
  );
#8433 = PCURVE('',#5015,#8434);
#8434 = DEFINITIONAL_REPRESENTATION('',(#8435),#8439);
#8435 = LINE('',#8436,#8437);
#8436 = CARTESIAN_POINT('',(0.759475784786,-2.569288663954));
#8437 = VECTOR('',#8438,1.);
#8438 = DIRECTION('',(-8.284145158733E-02,0.99656273957));
#8439 = ( GEOMETRIC_REPRESENTATION_CONTEXT(2) 
PARAMETRIC_REPRESENTATION_CONTEXT() REPRESENTATION_CONTEXT('2D SPACE',''
  ) );
#8440 = PCURVE('',#8308,#8441);
#8441 = DEFINITIONAL_REPRESENTATION('',(#8442),#8446);
#8442 = LINE('',#8443,#8444);
#8443 = CARTESIAN_POINT('',(7.302961831252E-03,3.134130972629));
#8444 = VECTOR('',#8445,1.);
#8445 = DIRECTION('',(0.128770541479,-0.99167441615));
#8446 = ( GEOMETRIC_REPRESENTATION_CONTEXT(2) 
PARAMETRIC_REPRESENTATION_CONTEXT() REPRESENTATION_CONTEXT('2D SPACE',''
  ) );
#8447 = ADVANCED_FACE('',(#8448),#5048,.T.);
#8448 = FACE_BOUND('',#8449,.T.);
#8449 = EDGE_LOOP('',(#8450,#8473,#8474));
#8450 = ORIENTED_EDGE('',*,*,#8451,.F.);
#8451 = EDGE_CURVE('',#1986,#8452,#8454,.T.);
#8452 = VERTEX_POINT('',#8453);
#8453 = CARTESIAN_POINT('',(161.345,30.211711311362,44.620517793055));
#8454 = SURFACE_CURVE('',#8455,(#8459,#8466),.PCURVE_S1.);
#8455 = LINE('',#8456,#8457);
#8456 = CARTESIAN_POINT('',(161.345,27.285534890528,49.27750088881));
#8457 = VECTOR('',#8458,1.);
#8458 = DIRECTION('',(0.,0.532032076515,-0.846724199228));
#8459 = PCURVE('',#5048,#8460);
#8460 = DEFINITIONAL_REPRESENTATION('',(#8461),#8465);
#8461 = LINE('',#8462,#8463);
#8462 = CARTESIAN_POINT('',(-0.535536233861,2.372099880328));
#8463 = VECTOR('',#8464,1.);
#8464 = DIRECTION('',(0.450988550365,-0.892529734765));
#8465 = ( GEOMETRIC_REPRESENTATION_CONTEXT(2) 
PARAMETRIC_REPRESENTATION_CONTEXT() REPRESENTATION_CONTEXT('2D SPACE',''
  ) );
#8466 = PCURVE('',#8383,#8467);
#8467 = DEFINITIONAL_REPRESENTATION('',(#8468),#8472);
#8468 = LINE('',#8469,#8470);
#8469 = CARTESIAN_POINT('',(1.577418431283,-2.708243227535));
#8470 = VECTOR('',#8471,1.);
#8471 = DIRECTION('',(-0.374640848846,0.927170013739));
#8472 = ( GEOMETRIC_REPRESENTATION_CONTEXT(2) 
PARAMETRIC_REPRESENTATION_CONTEXT() REPRESENTATION_CONTEXT('2D SPACE',''
  ) );
#8473 = ORIENTED_EDGE('',*,*,#5032,.T.);
#8474 = ORIENTED_EDGE('',*,*,#8475,.T.);
#8475 = EDGE_CURVE('',#5033,#8452,#8476,.T.);
#8476 = SURFACE_CURVE('',#8477,(#8481,#8488),.PCURVE_S1.);
#8477 = LINE('',#8478,#8479);
#8478 = CARTESIAN_POINT('',(162.545,25.959397873048,48.336556495786));
#8479 = VECTOR('',#8480,1.);
#8480 = DIRECTION('',(-0.207853018889,0.73654682118,-0.643658218893));
#8481 = PCURVE('',#5048,#8482);
#8482 = DEFINITIONAL_REPRESENTATION('',(#8483),#8487);
#8483 = LINE('',#8484,#8485);
#8484 = CARTESIAN_POINT('',(-2.296290414767,1.380252888948));
#8485 = VECTOR('',#8486,1.);
#8486 = DIRECTION('',(0.734620330209,-0.678478422976));
#8487 = ( GEOMETRIC_REPRESENTATION_CONTEXT(2) 
PARAMETRIC_REPRESENTATION_CONTEXT() REPRESENTATION_CONTEXT('2D SPACE',''
  ) );
#8488 = PCURVE('',#8489,#8494);
#8489 = PLANE('',#8490);
#8490 = AXIS2_PLACEMENT_3D('',#8491,#8492,#8493);
#8491 = CARTESIAN_POINT('',(162.20198313146,28.118643757998,
    46.090932546175));
#8492 = DIRECTION('',(0.643072453267,0.598730724804,0.477471820137));
#8493 = DIRECTION('',(-0.681423463584,0.731889379126,-2.775557561563E-17
    ));
#8494 = DEFINITIONAL_REPRESENTATION('',(#8495),#8499);
#8495 = LINE('',#8496,#8497);
#8496 = CARTESIAN_POINT('',(-1.814068872742,2.555774718513));
#8497 = VECTOR('',#8498,1.);
#8498 = DIRECTION('',(0.680706719698,-0.732556046837));
#8499 = ( GEOMETRIC_REPRESENTATION_CONTEXT(2) 
PARAMETRIC_REPRESENTATION_CONTEXT() REPRESENTATION_CONTEXT('2D SPACE',''
  ) );
#8500 = ADVANCED_FACE('',(#8501),#5123,.T.);
#8501 = FACE_BOUND('',#8502,.T.);
#8502 = EDGE_LOOP('',(#8503,#8531,#8532));
#8503 = ORIENTED_EDGE('',*,*,#8504,.F.);
#8504 = EDGE_CURVE('',#5086,#8505,#8507,.T.);
#8505 = VERTEX_POINT('',#8506);
#8506 = CARTESIAN_POINT('',(162.545,31.095046347942,28.891280188878));
#8507 = SURFACE_CURVE('',#8508,(#8512,#8519),.PCURVE_S1.);
#8508 = LINE('',#8509,#8510);
#8509 = CARTESIAN_POINT('',(162.545,28.708685782795,23.935951415415));
#8510 = VECTOR('',#8511,1.);
#8511 = DIRECTION('',(0.,0.433883739118,0.900968867902));
#8512 = PCURVE('',#5123,#8513);
#8513 = DEFINITIONAL_REPRESENTATION('',(#8514),#8518);
#8514 = LINE('',#8515,#8516);
#8515 = CARTESIAN_POINT('',(-1.403668559872,-1.985792404573));
#8516 = VECTOR('',#8517,1.);
#8517 = DIRECTION('',(0.361132205367,0.932514627363));
#8518 = ( GEOMETRIC_REPRESENTATION_CONTEXT(2) 
PARAMETRIC_REPRESENTATION_CONTEXT() REPRESENTATION_CONTEXT('2D SPACE',''
  ) );
#8519 = PCURVE('',#8520,#8525);
#8520 = PLANE('',#8521);
#8521 = AXIS2_PLACEMENT_3D('',#8522,#8523,#8524);
#8522 = CARTESIAN_POINT('',(162.20198313146,29.795061372175,
    26.855704451811));
#8523 = DIRECTION('',(0.643072453267,-0.689966770847,0.33227048466));
#8524 = DIRECTION('',(-0.73152923209,-0.681810078099,-2.775557561563E-17
    ));
#8525 = DEFINITIONAL_REPRESENTATION('',(#8526),#8530);
#8526 = LINE('',#8527,#8528);
#8527 = CARTESIAN_POINT('',(0.489774959006,3.095634147694));
#8528 = VECTOR('',#8529,1.);
#8529 = DIRECTION('',(-0.295826306054,-0.955241747751));
#8530 = ( GEOMETRIC_REPRESENTATION_CONTEXT(2) 
PARAMETRIC_REPRESENTATION_CONTEXT() REPRESENTATION_CONTEXT('2D SPACE',''
  ) );
#8531 = ORIENTED_EDGE('',*,*,#5109,.T.);
#8532 = ORIENTED_EDGE('',*,*,#8533,.T.);
#8533 = EDGE_CURVE('',#1446,#8505,#8534,.T.);
#8534 = SURFACE_CURVE('',#8535,(#8539,#8546),.PCURVE_S1.);
#8535 = LINE('',#8536,#8537);
#8536 = CARTESIAN_POINT('',(161.345,30.21095360165,23.313691710529));
#8537 = VECTOR('',#8538,1.);
#8538 = DIRECTION('',(0.207853018889,0.153134455246,0.966098836122));
#8539 = PCURVE('',#5123,#8540);
#8540 = DEFINITIONAL_REPRESENTATION('',(#8541),#8545);
#8541 = LINE('',#8542,#8543);
#8542 = CARTESIAN_POINT('',(0.511852055983,-2.629839382773));
#8543 = VECTOR('',#8544,1.);
#8544 = DIRECTION('',(1.224713526681E-02,0.999925001026));
#8545 = ( GEOMETRIC_REPRESENTATION_CONTEXT(2) 
PARAMETRIC_REPRESENTATION_CONTEXT() REPRESENTATION_CONTEXT('2D SPACE',''
  ) );
#8546 = PCURVE('',#8414,#8547);
#8547 = DEFINITIONAL_REPRESENTATION('',(#8548),#8552);
#8548 = LINE('',#8549,#8550);
#8549 = CARTESIAN_POINT('',(0.243989727161,3.124627865824));
#8550 = VECTOR('',#8551,1.);
#8551 = DIRECTION('',(5.350578966323E-02,-0.998567539264));
#8552 = ( GEOMETRIC_REPRESENTATION_CONTEXT(2) 
PARAMETRIC_REPRESENTATION_CONTEXT() REPRESENTATION_CONTEXT('2D SPACE',''
  ) );
#8553 = ADVANCED_FACE('',(#8554),#5154,.T.);
#8554 = FACE_BOUND('',#8555,.T.);
#8555 = EDGE_LOOP('',(#8556,#8579,#8580));
#8556 = ORIENTED_EDGE('',*,*,#8557,.F.);
#8557 = EDGE_CURVE('',#5033,#8558,#8560,.T.);
#8558 = VERTEX_POINT('',#8559);
#8559 = CARTESIAN_POINT('',(162.545,29.388591783271,44.036483342212));
#8560 = SURFACE_CURVE('',#8561,(#8565,#8572),.PCURVE_S1.);
#8561 = LINE('',#8562,#8563);
#8562 = CARTESIAN_POINT('',(162.545,25.959397873048,48.336556495786));
#8563 = VECTOR('',#8564,1.);
#8564 = DIRECTION('',(0.,0.623489801859,-0.781831482468));
#8565 = PCURVE('',#5154,#8566);
#8566 = DEFINITIONAL_REPRESENTATION('',(#8567),#8571);
#8567 = LINE('',#8568,#8569);
#8568 = CARTESIAN_POINT('',(-0.775127416232,2.304958652262));
#8569 = VECTOR('',#8570,1.);
#8570 = DIRECTION('',(0.539831498154,-0.84177310102));
#8571 = ( GEOMETRIC_REPRESENTATION_CONTEXT(2) 
PARAMETRIC_REPRESENTATION_CONTEXT() REPRESENTATION_CONTEXT('2D SPACE',''
  ) );
#8572 = PCURVE('',#8489,#8573);
#8573 = DEFINITIONAL_REPRESENTATION('',(#8574),#8578);
#8574 = LINE('',#8575,#8576);
#8575 = CARTESIAN_POINT('',(-1.814068872742,2.555774718513));
#8576 = VECTOR('',#8577,1.);
#8577 = DIRECTION('',(0.456325563974,-0.889812890255));
#8578 = ( GEOMETRIC_REPRESENTATION_CONTEXT(2) 
PARAMETRIC_REPRESENTATION_CONTEXT() REPRESENTATION_CONTEXT('2D SPACE',''
  ) );
#8579 = ORIENTED_EDGE('',*,*,#5140,.T.);
#8580 = ORIENTED_EDGE('',*,*,#8581,.T.);
#8581 = EDGE_CURVE('',#1932,#8558,#8582,.T.);
#8582 = SURFACE_CURVE('',#8583,(#8587,#8594),.PCURVE_S1.);
#8583 = LINE('',#8584,#8585);
#8584 = CARTESIAN_POINT('',(161.345,24.746951672795,47.253048327205));
#8585 = VECTOR('',#8586,1.);
#8586 = DIRECTION('',(0.207853018889,0.803982424633,-0.557143952153));
#8587 = PCURVE('',#5154,#8588);
#8588 = DEFINITIONAL_REPRESENTATION('',(#8589),#8593);
#8589 = LINE('',#8590,#8591);
#8590 = CARTESIAN_POINT('',(-2.425312147701,1.138379854273));
#8591 = VECTOR('',#8592,1.);
#8592 = DIRECTION('',(0.800105595304,-0.599859180444));
#8593 = ( GEOMETRIC_REPRESENTATION_CONTEXT(2) 
PARAMETRIC_REPRESENTATION_CONTEXT() REPRESENTATION_CONTEXT('2D SPACE',''
  ) );
#8594 = PCURVE('',#8595,#8600);
#8595 = PLANE('',#8596);
#8596 = AXIS2_PLACEMENT_3D('',#8597,#8598,#8599);
#8597 = CARTESIAN_POINT('',(161.68801686853,27.144050781875,
    45.263303223934));
#8598 = DIRECTION('',(0.643072453267,-0.54150614948,-0.54150614948));
#8599 = DIRECTION('',(0.644115877368,0.,0.764927928972));
#8600 = DEFINITIONAL_REPRESENTATION('',(#8601),#8605);
#8601 = LINE('',#8602,#8603);
#8602 = CARTESIAN_POINT('',(1.301068989799,2.851324213523));
#8603 = VECTOR('',#8604,1.);
#8604 = DIRECTION('',(-0.292293539834,-0.956328649875));
#8605 = ( GEOMETRIC_REPRESENTATION_CONTEXT(2) 
PARAMETRIC_REPRESENTATION_CONTEXT() REPRESENTATION_CONTEXT('2D SPACE',''
  ) );
#8606 = ADVANCED_FACE('',(#8607),#5183,.T.);
#8607 = FACE_BOUND('',#8608,.T.);
#8608 = EDGE_LOOP('',(#8609,#8637,#8638));
#8609 = ORIENTED_EDGE('',*,*,#8610,.F.);
#8610 = EDGE_CURVE('',#1500,#8611,#8613,.T.);
#8611 = VERTEX_POINT('',#8612);
#8612 = CARTESIAN_POINT('',(161.345,30.211711311362,29.379482206945));
#8613 = SURFACE_CURVE('',#8614,(#8618,#8625),.PCURVE_S1.);
#8614 = LINE('',#8615,#8616);
#8615 = CARTESIAN_POINT('',(161.345,27.285534890528,24.72249911119));
#8616 = VECTOR('',#8617,1.);
#8617 = DIRECTION('',(0.,0.532032076515,0.846724199228));
#8618 = PCURVE('',#5183,#8619);
#8619 = DEFINITIONAL_REPRESENTATION('',(#8620),#8624);
#8620 = LINE('',#8621,#8622);
#8621 = CARTESIAN_POINT('',(-1.591948482748,-1.838302730322));
#8622 = VECTOR('',#8623,1.);
#8623 = DIRECTION('',(0.450988550365,0.892529734765));
#8624 = ( GEOMETRIC_REPRESENTATION_CONTEXT(2) 
PARAMETRIC_REPRESENTATION_CONTEXT() REPRESENTATION_CONTEXT('2D SPACE',''
  ) );
#8625 = PCURVE('',#8626,#8631);
#8626 = PLANE('',#8627);
#8627 = AXIS2_PLACEMENT_3D('',#8628,#8629,#8630);
#8628 = CARTESIAN_POINT('',(161.68801686853,28.691988197295,
    27.502257879613));
#8629 = DIRECTION('',(0.643072453267,0.648425913871,-0.407433005621));
#8630 = DIRECTION('',(0.710031748261,-0.704169664542,-2.775557561563E-17
    ));
#8631 = DEFINITIONAL_REPRESENTATION('',(#8632),#8636);
#8632 = LINE('',#8633,#8634);
#8633 = CARTESIAN_POINT('',(0.746828886372,3.04385888328));
#8634 = VECTOR('',#8635,1.);
#8635 = DIRECTION('',(-0.374640848846,-0.927170013739));
#8636 = ( GEOMETRIC_REPRESENTATION_CONTEXT(2) 
PARAMETRIC_REPRESENTATION_CONTEXT() REPRESENTATION_CONTEXT('2D SPACE',''
  ) );
#8637 = ORIENTED_EDGE('',*,*,#5169,.T.);
#8638 = ORIENTED_EDGE('',*,*,#8639,.T.);
#8639 = EDGE_CURVE('',#5086,#8611,#8640,.T.);
#8640 = SURFACE_CURVE('',#8641,(#8645,#8652),.PCURVE_S1.);
#8641 = LINE('',#8642,#8643);
#8642 = CARTESIAN_POINT('',(162.545,28.708685782795,23.935951415415));
#8643 = VECTOR('',#8644,1.);
#8644 = DIRECTION('',(-0.207853018889,0.260340327983,0.942878590363));
#8645 = PCURVE('',#5183,#8646);
#8646 = DEFINITIONAL_REPRESENTATION('',(#8647),#8651);
#8647 = LINE('',#8648,#8649);
#8648 = CARTESIAN_POINT('',(0.251041617171,-2.667400572252));
#8649 = VECTOR('',#8650,1.);
#8650 = DIRECTION('',(0.110412723481,0.993885823671));
#8651 = ( GEOMETRIC_REPRESENTATION_CONTEXT(2) 
PARAMETRIC_REPRESENTATION_CONTEXT() REPRESENTATION_CONTEXT('2D SPACE',''
  ) );
#8652 = PCURVE('',#8520,#8653);
#8653 = DEFINITIONAL_REPRESENTATION('',(#8654),#8658);
#8654 = LINE('',#8655,#8656);
#8655 = CARTESIAN_POINT('',(0.489774959006,3.095634147694));
#8656 = VECTOR('',#8657,1.);
#8657 = DIRECTION('',(-2.545210005901E-02,-0.999676042827));
#8658 = ( GEOMETRIC_REPRESENTATION_CONTEXT(2) 
PARAMETRIC_REPRESENTATION_CONTEXT() REPRESENTATION_CONTEXT('2D SPACE',''
  ) );
#8659 = ADVANCED_FACE('',(#8660),#5216,.T.);
#8660 = FACE_BOUND('',#8661,.T.);
#8661 = EDGE_LOOP('',(#8662,#8685,#8686));
#8662 = ORIENTED_EDGE('',*,*,#8663,.F.);
#8663 = EDGE_CURVE('',#1932,#8664,#8666,.T.);
#8664 = VERTEX_POINT('',#8665);
#8665 = CARTESIAN_POINT('',(161.345,28.636038969321,43.363961030679));
#8666 = SURFACE_CURVE('',#8667,(#8671,#8678),.PCURVE_S1.);
#8667 = LINE('',#8668,#8669);
#8668 = CARTESIAN_POINT('',(161.345,24.746951672795,47.253048327205));
#8669 = VECTOR('',#8670,1.);
#8670 = DIRECTION('',(0.,0.707106781187,-0.707106781187));
#8671 = PCURVE('',#5216,#8672);
#8672 = DEFINITIONAL_REPRESENTATION('',(#8673),#8677);
#8673 = LINE('',#8674,#8675);
#8674 = CARTESIAN_POINT('',(1.939314358163,1.467213931318));
#8675 = VECTOR('',#8676,1.);
#8676 = DIRECTION('',(-0.626673721429,-0.779281750634));
#8677 = ( GEOMETRIC_REPRESENTATION_CONTEXT(2) 
PARAMETRIC_REPRESENTATION_CONTEXT() REPRESENTATION_CONTEXT('2D SPACE',''
  ) );
#8678 = PCURVE('',#8595,#8679);
#8679 = DEFINITIONAL_REPRESENTATION('',(#8680),#8684);
#8680 = LINE('',#8681,#8682);
#8681 = CARTESIAN_POINT('',(1.301068989799,2.851324213523));
#8682 = VECTOR('',#8683,1.);
#8683 = DIRECTION('',(-0.540885725695,-0.84109608948));
#8684 = ( GEOMETRIC_REPRESENTATION_CONTEXT(2) 
PARAMETRIC_REPRESENTATION_CONTEXT() REPRESENTATION_CONTEXT('2D SPACE',''
  ) );
#8685 = ORIENTED_EDGE('',*,*,#5200,.T.);
#8686 = ORIENTED_EDGE('',*,*,#8687,.T.);
#8687 = EDGE_CURVE('',#5201,#8664,#8688,.T.);
#8688 = SURFACE_CURVE('',#8689,(#8693,#8700),.PCURVE_S1.);
#8689 = LINE('',#8690,#8691);
#8690 = CARTESIAN_POINT('',(162.545,23.663443504214,46.040602126952));
#8691 = VECTOR('',#8692,1.);
#8692 = DIRECTION('',(-0.207853018889,0.861307482614,-0.463623276952));
#8693 = PCURVE('',#5216,#8694);
#8694 = DEFINITIONAL_REPRESENTATION('',(#8695),#8699);
#8695 = LINE('',#8696,#8697);
#8696 = CARTESIAN_POINT('',(0.308935753516,2.661316667854));
#8697 = VECTOR('',#8698,1.);
#8698 = DIRECTION('',(-0.314607518173,-0.949221844201));
#8699 = ( GEOMETRIC_REPRESENTATION_CONTEXT(2) 
PARAMETRIC_REPRESENTATION_CONTEXT() REPRESENTATION_CONTEXT('2D SPACE',''
  ) );
#8700 = PCURVE('',#8701,#8706);
#8701 = PLANE('',#8702);
#8702 = AXIS2_PLACEMENT_3D('',#8703,#8704,#8705);
#8703 = CARTESIAN_POINT('',(162.20198313146,26.268250925297,
    44.331758069172));
#8704 = DIRECTION('',(0.643072453267,0.477471820137,0.598730724804));
#8705 = DIRECTION('',(-0.681423463584,0.,0.731889379126));
#8706 = DEFINITIONAL_REPRESENTATION('',(#8707),#8711);
#8707 = LINE('',#8708,#8709);
#8708 = CARTESIAN_POINT('',(1.016945073847,2.96456624207));
#8709 = VECTOR('',#8710,1.);
#8710 = DIRECTION('',(-0.197685028269,-0.980265591357));
#8711 = ( GEOMETRIC_REPRESENTATION_CONTEXT(2) 
PARAMETRIC_REPRESENTATION_CONTEXT() REPRESENTATION_CONTEXT('2D SPACE',''
  ) );
#8712 = ADVANCED_FACE('',(#8713),#5291,.T.);
#8713 = FACE_BOUND('',#8714,.T.);
#8714 = EDGE_LOOP('',(#8715,#8743,#8744));
#8715 = ORIENTED_EDGE('',*,*,#8716,.F.);
#8716 = EDGE_CURVE('',#5254,#8717,#8719,.T.);
#8717 = VERTEX_POINT('',#8718);
#8718 = CARTESIAN_POINT('',(162.545,29.388591783271,29.963516657788));
#8719 = SURFACE_CURVE('',#8720,(#8724,#8731),.PCURVE_S1.);
#8720 = LINE('',#8721,#8722);
#8721 = CARTESIAN_POINT('',(162.545,25.959397873048,25.663443504214));
#8722 = VECTOR('',#8723,1.);
#8723 = DIRECTION('',(0.,0.623489801859,0.781831482468));
#8724 = PCURVE('',#5291,#8725);
#8725 = DEFINITIONAL_REPRESENTATION('',(#8726),#8730);
#8726 = LINE('',#8727,#8728);
#8727 = CARTESIAN_POINT('',(-1.771463314145,-1.666005590228));
#8728 = VECTOR('',#8729,1.);
#8729 = DIRECTION('',(0.539831498154,0.84177310102));
#8730 = ( GEOMETRIC_REPRESENTATION_CONTEXT(2) 
PARAMETRIC_REPRESENTATION_CONTEXT() REPRESENTATION_CONTEXT('2D SPACE',''
  ) );
#8731 = PCURVE('',#8732,#8737);
#8732 = PLANE('',#8733);
#8733 = AXIS2_PLACEMENT_3D('',#8734,#8735,#8736);
#8734 = CARTESIAN_POINT('',(162.20198313146,27.668241930828,
    28.268250925297));
#8735 = DIRECTION('',(0.643072453267,-0.598730724804,0.477471820137));
#8736 = DIRECTION('',(0.681423463584,0.731889379126,-2.775557561563E-17)
  );
#8737 = DEFINITIONAL_REPRESENTATION('',(#8738),#8742);
#8738 = LINE('',#8739,#8740);
#8739 = CARTESIAN_POINT('',(-1.016945073847,-2.96456624207));
#8740 = VECTOR('',#8741,1.);
#8741 = DIRECTION('',(0.456325563974,0.889812890255));
#8742 = ( GEOMETRIC_REPRESENTATION_CONTEXT(2) 
PARAMETRIC_REPRESENTATION_CONTEXT() REPRESENTATION_CONTEXT('2D SPACE',''
  ) );
#8743 = ORIENTED_EDGE('',*,*,#5277,.T.);
#8744 = ORIENTED_EDGE('',*,*,#8745,.T.);
#8745 = EDGE_CURVE('',#1500,#8717,#8746,.T.);
#8746 = SURFACE_CURVE('',#8747,(#8751,#8758),.PCURVE_S1.);
#8747 = LINE('',#8748,#8749);
#8748 = CARTESIAN_POINT('',(161.345,27.285534890528,24.72249911119));
#8749 = VECTOR('',#8750,1.);
#8750 = DIRECTION('',(0.207853018889,0.364272270044,0.907801099259));
#8751 = PCURVE('',#5291,#8752);
#8752 = DEFINITIONAL_REPRESENTATION('',(#8753),#8757);
#8753 = LINE('',#8754,#8755);
#8754 = CARTESIAN_POINT('',(-2.284251522708E-02,-2.679090503491));
#8755 = VECTOR('',#8756,1.);
#8756 = DIRECTION('',(0.211395603548,0.977400582566));
#8757 = ( GEOMETRIC_REPRESENTATION_CONTEXT(2) 
PARAMETRIC_REPRESENTATION_CONTEXT() REPRESENTATION_CONTEXT('2D SPACE',''
  ) );
#8758 = PCURVE('',#8626,#8759);
#8759 = DEFINITIONAL_REPRESENTATION('',(#8760),#8764);
#8760 = LINE('',#8761,#8762);
#8761 = CARTESIAN_POINT('',(0.746828886372,3.04385888328));
#8762 = VECTOR('',#8763,1.);
#8763 = DIRECTION('',(-0.108927239816,-0.994049725329));
#8764 = ( GEOMETRIC_REPRESENTATION_CONTEXT(2) 
PARAMETRIC_REPRESENTATION_CONTEXT() REPRESENTATION_CONTEXT('2D SPACE',''
  ) );
#8765 = ADVANCED_FACE('',(#8766),#5322,.T.);
#8766 = FACE_BOUND('',#8767,.T.);
#8767 = EDGE_LOOP('',(#8768,#8791,#8792));
#8768 = ORIENTED_EDGE('',*,*,#8769,.F.);
#8769 = EDGE_CURVE('',#5201,#8770,#8772,.T.);
#8770 = VERTEX_POINT('',#8771);
#8771 = CARTESIAN_POINT('',(162.545,27.963516657788,42.611408216729));
#8772 = SURFACE_CURVE('',#8773,(#8777,#8784),.PCURVE_S1.);
#8773 = LINE('',#8774,#8775);
#8774 = CARTESIAN_POINT('',(162.545,23.663443504214,46.040602126952));
#8775 = VECTOR('',#8776,1.);
#8776 = DIRECTION('',(0.,0.781831482468,-0.623489801859));
#8777 = PCURVE('',#5322,#8778);
#8778 = DEFINITIONAL_REPRESENTATION('',(#8779),#8783);
#8779 = LINE('',#8780,#8781);
#8780 = CARTESIAN_POINT('',(1.771463314145,1.666005590228));
#8781 = VECTOR('',#8782,1.);
#8782 = DIRECTION('',(-0.539831498154,-0.84177310102));
#8783 = ( GEOMETRIC_REPRESENTATION_CONTEXT(2) 
PARAMETRIC_REPRESENTATION_CONTEXT() REPRESENTATION_CONTEXT('2D SPACE',''
  ) );
#8784 = PCURVE('',#8701,#8785);
#8785 = DEFINITIONAL_REPRESENTATION('',(#8786),#8790);
#8786 = LINE('',#8787,#8788);
#8787 = CARTESIAN_POINT('',(1.016945073847,2.96456624207));
#8788 = VECTOR('',#8789,1.);
#8789 = DIRECTION('',(-0.456325563974,-0.889812890255));
#8790 = ( GEOMETRIC_REPRESENTATION_CONTEXT(2) 
PARAMETRIC_REPRESENTATION_CONTEXT() REPRESENTATION_CONTEXT('2D SPACE',''
  ) );
#8791 = ORIENTED_EDGE('',*,*,#5308,.T.);
#8792 = ORIENTED_EDGE('',*,*,#8793,.T.);
#8793 = EDGE_CURVE('',#1878,#8770,#8794,.T.);
#8794 = SURFACE_CURVE('',#8795,(#8799,#8806),.PCURVE_S1.);
#8795 = LINE('',#8796,#8797);
#8796 = CARTESIAN_POINT('',(161.345,22.72249911119,44.714465109472));
#8797 = VECTOR('',#8798,1.);
#8798 = DIRECTION('',(0.207853018889,0.907801099259,-0.364272270044));
#8799 = PCURVE('',#5322,#8800);
#8800 = DEFINITIONAL_REPRESENTATION('',(#8801),#8805);
#8801 = LINE('',#8802,#8803);
#8802 = CARTESIAN_POINT('',(2.284251522709E-02,2.679090503491));
#8803 = VECTOR('',#8804,1.);
#8804 = DIRECTION('',(-0.211395603548,-0.977400582566));
#8805 = ( GEOMETRIC_REPRESENTATION_CONTEXT(2) 
PARAMETRIC_REPRESENTATION_CONTEXT() REPRESENTATION_CONTEXT('2D SPACE',''
  ) );
#8806 = PCURVE('',#8807,#8812);
#8807 = PLANE('',#8808);
#8808 = AXIS2_PLACEMENT_3D('',#8809,#8810,#8811);
#8809 = CARTESIAN_POINT('',(161.68801686853,25.502257879613,
    43.308011802705));
#8810 = DIRECTION('',(0.643072453267,-0.407433005621,-0.648425913871));
#8811 = DIRECTION('',(-0.710031748261,2.775557561563E-17,-0.704169664542
    ));
#8812 = DEFINITIONAL_REPRESENTATION('',(#8813),#8817);
#8813 = LINE('',#8814,#8815);
#8814 = CARTESIAN_POINT('',(-0.746828886372,-3.04385888328));
#8815 = VECTOR('',#8816,1.);
#8816 = DIRECTION('',(0.108927239816,0.994049725329));
#8817 = ( GEOMETRIC_REPRESENTATION_CONTEXT(2) 
PARAMETRIC_REPRESENTATION_CONTEXT() REPRESENTATION_CONTEXT('2D SPACE',''
  ) );
#8818 = ADVANCED_FACE('',(#8819),#5351,.T.);
#8819 = FACE_BOUND('',#8820,.T.);
#8820 = EDGE_LOOP('',(#8821,#8849,#8850));
#8821 = ORIENTED_EDGE('',*,*,#8822,.F.);
#8822 = EDGE_CURVE('',#1554,#8823,#8825,.T.);
#8823 = VERTEX_POINT('',#8824);
#8824 = CARTESIAN_POINT('',(161.345,28.636038969321,30.636038969321));
#8825 = SURFACE_CURVE('',#8826,(#8830,#8837),.PCURVE_S1.);
#8826 = LINE('',#8827,#8828);
#8827 = CARTESIAN_POINT('',(161.345,24.746951672795,26.746951672795));
#8828 = VECTOR('',#8829,1.);
#8829 = DIRECTION('',(0.,0.707106781187,0.707106781187));
#8830 = PCURVE('',#5351,#8831);
#8831 = DEFINITIONAL_REPRESENTATION('',(#8832),#8836);
#8832 = LINE('',#8833,#8834);
#8833 = CARTESIAN_POINT('',(-1.016944206629,2.208954816341));
#8834 = VECTOR('',#8835,1.);
#8835 = DIRECTION('',(0.626673721429,-0.779281750634));
#8836 = ( GEOMETRIC_REPRESENTATION_CONTEXT(2) 
PARAMETRIC_REPRESENTATION_CONTEXT() REPRESENTATION_CONTEXT('2D SPACE',''
  ) );
#8837 = PCURVE('',#8838,#8843);
#8838 = PLANE('',#8839);
#8839 = AXIS2_PLACEMENT_3D('',#8840,#8841,#8842);
#8840 = CARTESIAN_POINT('',(161.68801686853,26.736696776066,
    29.144050781875));
#8841 = DIRECTION('',(0.643072453267,0.54150614948,-0.54150614948));
#8842 = DIRECTION('',(0.644115877368,0.,0.764927928972));
#8843 = DEFINITIONAL_REPRESENTATION('',(#8844),#8848);
#8844 = LINE('',#8845,#8846);
#8845 = CARTESIAN_POINT('',(-2.054550668279,2.366780902052));
#8846 = VECTOR('',#8847,1.);
#8847 = DIRECTION('',(0.540885725695,-0.84109608948));
#8848 = ( GEOMETRIC_REPRESENTATION_CONTEXT(2) 
PARAMETRIC_REPRESENTATION_CONTEXT() REPRESENTATION_CONTEXT('2D SPACE',''
  ) );
#8849 = ORIENTED_EDGE('',*,*,#5337,.T.);
#8850 = ORIENTED_EDGE('',*,*,#8851,.T.);
#8851 = EDGE_CURVE('',#5254,#8823,#8852,.T.);
#8852 = SURFACE_CURVE('',#8853,(#8857,#8864),.PCURVE_S1.);
#8853 = LINE('',#8854,#8855);
#8854 = CARTESIAN_POINT('',(162.545,25.959397873048,25.663443504214));
#8855 = VECTOR('',#8856,1.);
#8856 = DIRECTION('',(-0.207853018889,0.463623276952,0.861307482614));
#8857 = PCURVE('',#5351,#8858);
#8858 = DEFINITIONAL_REPRESENTATION('',(#8859),#8863);
#8859 = LINE('',#8860,#8861);
#8860 = CARTESIAN_POINT('',(-2.533051419328,0.872753237427));
#8861 = VECTOR('',#8862,1.);
#8862 = DIRECTION('',(0.859612998196,-0.510945685306));
#8863 = ( GEOMETRIC_REPRESENTATION_CONTEXT(2) 
PARAMETRIC_REPRESENTATION_CONTEXT() REPRESENTATION_CONTEXT('2D SPACE',''
  ) );
#8864 = PCURVE('',#8732,#8865);
#8865 = DEFINITIONAL_REPRESENTATION('',(#8866),#8870);
#8866 = LINE('',#8867,#8868);
#8867 = CARTESIAN_POINT('',(-1.016945073847,-2.96456624207));
#8868 = VECTOR('',#8869,1.);
#8869 = DIRECTION('',(0.197685028269,0.980265591357));
#8870 = ( GEOMETRIC_REPRESENTATION_CONTEXT(2) 
PARAMETRIC_REPRESENTATION_CONTEXT() REPRESENTATION_CONTEXT('2D SPACE',''
  ) );
#8871 = ADVANCED_FACE('',(#8872),#5384,.T.);
#8872 = FACE_BOUND('',#8873,.T.);
#8873 = EDGE_LOOP('',(#8874,#8897,#8898));
#8874 = ORIENTED_EDGE('',*,*,#8875,.F.);
#8875 = EDGE_CURVE('',#1878,#8876,#8878,.T.);
#8876 = VERTEX_POINT('',#8877);
#8877 = CARTESIAN_POINT('',(161.345,27.379482206945,41.788288688638));
#8878 = SURFACE_CURVE('',#8879,(#8883,#8890),.PCURVE_S1.);
#8879 = LINE('',#8880,#8881);
#8880 = CARTESIAN_POINT('',(161.345,22.72249911119,44.714465109472));
#8881 = VECTOR('',#8882,1.);
#8882 = DIRECTION('',(0.,0.846724199228,-0.532032076515));
#8883 = PCURVE('',#5384,#8884);
#8884 = DEFINITIONAL_REPRESENTATION('',(#8885),#8889);
#8885 = LINE('',#8886,#8887);
#8886 = CARTESIAN_POINT('',(1.591948482748,1.838302730322));
#8887 = VECTOR('',#8888,1.);
#8888 = DIRECTION('',(-0.450988550365,-0.892529734765));
#8889 = ( GEOMETRIC_REPRESENTATION_CONTEXT(2) 
PARAMETRIC_REPRESENTATION_CONTEXT() REPRESENTATION_CONTEXT('2D SPACE',''
  ) );
#8890 = PCURVE('',#8807,#8891);
#8891 = DEFINITIONAL_REPRESENTATION('',(#8892),#8896);
#8892 = LINE('',#8893,#8894);
#8893 = CARTESIAN_POINT('',(-0.746828886372,-3.04385888328));
#8894 = VECTOR('',#8895,1.);
#8895 = DIRECTION('',(0.374640848846,0.927170013739));
#8896 = ( GEOMETRIC_REPRESENTATION_CONTEXT(2) 
PARAMETRIC_REPRESENTATION_CONTEXT() REPRESENTATION_CONTEXT('2D SPACE',''
  ) );
#8897 = ORIENTED_EDGE('',*,*,#5368,.T.);
#8898 = ORIENTED_EDGE('',*,*,#8899,.T.);
#8899 = EDGE_CURVE('',#5369,#8876,#8900,.T.);
#8900 = SURFACE_CURVE('',#8901,(#8905,#8912),.PCURVE_S1.);
#8901 = LINE('',#8902,#8903);
#8902 = CARTESIAN_POINT('',(162.545,21.935951415415,43.291314217205));
#8903 = VECTOR('',#8904,1.);
#8904 = DIRECTION('',(-0.207853018889,0.942878590363,-0.260340327983));
#8905 = PCURVE('',#5384,#8906);
#8906 = DEFINITIONAL_REPRESENTATION('',(#8907),#8911);
#8907 = LINE('',#8908,#8909);
#8908 = CARTESIAN_POINT('',(-0.251041617171,2.667400572252));
#8909 = VECTOR('',#8910,1.);
#8910 = DIRECTION('',(-0.110412723481,-0.993885823671));
#8911 = ( GEOMETRIC_REPRESENTATION_CONTEXT(2) 
PARAMETRIC_REPRESENTATION_CONTEXT() REPRESENTATION_CONTEXT('2D SPACE',''
  ) );
#8912 = PCURVE('',#8913,#8918);
#8913 = PLANE('',#8914);
#8914 = AXIS2_PLACEMENT_3D('',#8915,#8916,#8917);
#8915 = CARTESIAN_POINT('',(162.20198313146,24.855704451811,
    42.204938627825));
#8916 = DIRECTION('',(0.643072453267,0.33227048466,0.689966770847));
#8917 = DIRECTION('',(0.73152923209,2.775557561563E-17,-0.681810078099)
  );
#8918 = DEFINITIONAL_REPRESENTATION('',(#8919),#8923);
#8919 = LINE('',#8920,#8921);
#8920 = CARTESIAN_POINT('',(-0.489774959006,-3.095634147694));
#8921 = VECTOR('',#8922,1.);
#8922 = DIRECTION('',(2.545210005901E-02,0.999676042827));
#8923 = ( GEOMETRIC_REPRESENTATION_CONTEXT(2) 
PARAMETRIC_REPRESENTATION_CONTEXT() REPRESENTATION_CONTEXT('2D SPACE',''
  ) );
#8924 = ADVANCED_FACE('',(#8925),#5459,.T.);
#8925 = FACE_BOUND('',#8926,.T.);
#8926 = EDGE_LOOP('',(#8927,#8955,#8956));
#8927 = ORIENTED_EDGE('',*,*,#8928,.F.);
#8928 = EDGE_CURVE('',#5422,#8929,#8931,.T.);
#8929 = VERTEX_POINT('',#8930);
#8930 = CARTESIAN_POINT('',(162.545,27.963516657788,31.388591783271));
#8931 = SURFACE_CURVE('',#8932,(#8936,#8943),.PCURVE_S1.);
#8932 = LINE('',#8933,#8934);
#8933 = CARTESIAN_POINT('',(162.545,23.663443504214,27.959397873048));
#8934 = VECTOR('',#8935,1.);
#8935 = DIRECTION('',(0.,0.781831482468,0.623489801859));
#8936 = PCURVE('',#5459,#8937);
#8937 = DEFINITIONAL_REPRESENTATION('',(#8938),#8942);
#8938 = LINE('',#8939,#8940);
#8939 = CARTESIAN_POINT('',(-0.775127416232,2.304958652262));
#8940 = VECTOR('',#8941,1.);
#8941 = DIRECTION('',(0.539831498154,-0.84177310102));
#8942 = ( GEOMETRIC_REPRESENTATION_CONTEXT(2) 
PARAMETRIC_REPRESENTATION_CONTEXT() REPRESENTATION_CONTEXT('2D SPACE',''
  ) );
#8943 = PCURVE('',#8944,#8949);
#8944 = PLANE('',#8945);
#8945 = AXIS2_PLACEMENT_3D('',#8946,#8947,#8948);
#8946 = CARTESIAN_POINT('',(162.20198313146,25.909067453825,
    30.118643757998));
#8947 = DIRECTION('',(0.643072453267,-0.477471820137,0.598730724804));
#8948 = DIRECTION('',(-0.681423463584,-2.775557561563E-17,0.731889379126
    ));
#8949 = DEFINITIONAL_REPRESENTATION('',(#8950),#8954);
#8950 = LINE('',#8951,#8952);
#8951 = CARTESIAN_POINT('',(-1.814068872742,2.555774718513));
#8952 = VECTOR('',#8953,1.);
#8953 = DIRECTION('',(0.456325563974,-0.889812890255));
#8954 = ( GEOMETRIC_REPRESENTATION_CONTEXT(2) 
PARAMETRIC_REPRESENTATION_CONTEXT() REPRESENTATION_CONTEXT('2D SPACE',''
  ) );
#8955 = ORIENTED_EDGE('',*,*,#5445,.T.);
#8956 = ORIENTED_EDGE('',*,*,#8957,.T.);
#8957 = EDGE_CURVE('',#1554,#8929,#8958,.T.);
#8958 = SURFACE_CURVE('',#8959,(#8963,#8970),.PCURVE_S1.);
#8959 = LINE('',#8960,#8961);
#8960 = CARTESIAN_POINT('',(161.345,24.746951672795,26.746951672795));
#8961 = VECTOR('',#8962,1.);
#8962 = DIRECTION('',(0.207853018889,0.557143952153,0.803982424633));
#8963 = PCURVE('',#5459,#8964);
#8964 = DEFINITIONAL_REPRESENTATION('',(#8965),#8969);
#8965 = LINE('',#8966,#8967);
#8966 = CARTESIAN_POINT('',(-2.425312147701,1.138379854273));
#8967 = VECTOR('',#8968,1.);
#8968 = DIRECTION('',(0.800105595304,-0.599859180444));
#8969 = ( GEOMETRIC_REPRESENTATION_CONTEXT(2) 
PARAMETRIC_REPRESENTATION_CONTEXT() REPRESENTATION_CONTEXT('2D SPACE',''
  ) );
#8970 = PCURVE('',#8838,#8971);
#8971 = DEFINITIONAL_REPRESENTATION('',(#8972),#8976);
#8972 = LINE('',#8973,#8974);
#8973 = CARTESIAN_POINT('',(-2.054550668279,2.366780902052));
#8974 = VECTOR('',#8975,1.);
#8975 = DIRECTION('',(0.74887004063,-0.662716879404));
#8976 = ( GEOMETRIC_REPRESENTATION_CONTEXT(2) 
PARAMETRIC_REPRESENTATION_CONTEXT() REPRESENTATION_CONTEXT('2D SPACE',''
  ) );
#8977 = ADVANCED_FACE('',(#8978),#5490,.T.);
#8978 = FACE_BOUND('',#8979,.T.);
#8979 = EDGE_LOOP('',(#8980,#9003,#9004));
#8980 = ORIENTED_EDGE('',*,*,#8981,.F.);
#8981 = EDGE_CURVE('',#5369,#8982,#8984,.T.);
#8982 = VERTEX_POINT('',#8983);
#8983 = CARTESIAN_POINT('',(162.545,26.891280188878,40.904953652058));
#8984 = SURFACE_CURVE('',#8985,(#8989,#8996),.PCURVE_S1.);
#8985 = LINE('',#8986,#8987);
#8986 = CARTESIAN_POINT('',(162.545,21.935951415415,43.291314217205));
#8987 = VECTOR('',#8988,1.);
#8988 = DIRECTION('',(0.,0.900968867902,-0.433883739118));
#8989 = PCURVE('',#5490,#8990);
#8990 = DEFINITIONAL_REPRESENTATION('',(#8991),#8995);
#8991 = LINE('',#8992,#8993);
#8992 = CARTESIAN_POINT('',(1.403668559872,1.985792404573));
#8993 = VECTOR('',#8994,1.);
#8994 = DIRECTION('',(-0.361132205367,-0.932514627363));
#8995 = ( GEOMETRIC_REPRESENTATION_CONTEXT(2) 
PARAMETRIC_REPRESENTATION_CONTEXT() REPRESENTATION_CONTEXT('2D SPACE',''
  ) );
#8996 = PCURVE('',#8913,#8997);
#8997 = DEFINITIONAL_REPRESENTATION('',(#8998),#9002);
#8998 = LINE('',#8999,#9000);
#8999 = CARTESIAN_POINT('',(-0.489774959006,-3.095634147694));
#9000 = VECTOR('',#9001,1.);
#9001 = DIRECTION('',(0.295826306054,0.955241747751));
#9002 = ( GEOMETRIC_REPRESENTATION_CONTEXT(2) 
PARAMETRIC_REPRESENTATION_CONTEXT() REPRESENTATION_CONTEXT('2D SPACE',''
  ) );
#9003 = ORIENTED_EDGE('',*,*,#5476,.T.);
#9004 = ORIENTED_EDGE('',*,*,#9005,.T.);
#9005 = EDGE_CURVE('',#1824,#8982,#9006,.T.);
#9006 = SURFACE_CURVE('',#9007,(#9011,#9018),.PCURVE_S1.);
#9007 = LINE('',#9008,#9009);
#9008 = CARTESIAN_POINT('',(161.345,21.313691710529,41.78904639835));
#9009 = VECTOR('',#9010,1.);
#9010 = DIRECTION('',(0.207853018889,0.966098836122,-0.153134455246));
#9011 = PCURVE('',#5490,#9012);
#9012 = DEFINITIONAL_REPRESENTATION('',(#9013),#9017);
#9013 = LINE('',#9014,#9015);
#9014 = CARTESIAN_POINT('',(-0.511852055983,2.629839382773));
#9015 = VECTOR('',#9016,1.);
#9016 = DIRECTION('',(-1.224713526681E-02,-0.999925001026));
#9017 = ( GEOMETRIC_REPRESENTATION_CONTEXT(2) 
PARAMETRIC_REPRESENTATION_CONTEXT() REPRESENTATION_CONTEXT('2D SPACE',''
  ) );
#9018 = PCURVE('',#9019,#9024);
#9019 = PLANE('',#9020);
#9020 = AXIS2_PLACEMENT_3D('',#9021,#9022,#9023);
#9021 = CARTESIAN_POINT('',(161.68801686853,24.336721426384,
    41.036410329725));
#9022 = DIRECTION('',(0.643072453267,-0.252929469568,-0.722830895351));
#9023 = DIRECTION('',(-0.747123836079,1.387778780781E-17,-0.66468486786)
  );
#9024 = DEFINITIONAL_REPRESENTATION('',(#9025),#9029);
#9025 = LINE('',#9026,#9027);
#9026 = CARTESIAN_POINT('',(-0.243989727161,-3.124627865824));
#9027 = VECTOR('',#9028,1.);
#9028 = DIRECTION('',(-5.350578966323E-02,0.998567539264));
#9029 = ( GEOMETRIC_REPRESENTATION_CONTEXT(2) 
PARAMETRIC_REPRESENTATION_CONTEXT() REPRESENTATION_CONTEXT('2D SPACE',''
  ) );
#9030 = ADVANCED_FACE('',(#9031),#5519,.T.);
#9031 = FACE_BOUND('',#9032,.T.);
#9032 = EDGE_LOOP('',(#9033,#9061,#9062));
#9033 = ORIENTED_EDGE('',*,*,#9034,.F.);
#9034 = EDGE_CURVE('',#1608,#9035,#9037,.T.);
#9035 = VERTEX_POINT('',#9036);
#9036 = CARTESIAN_POINT('',(161.345,27.379482206945,32.211711311362));
#9037 = SURFACE_CURVE('',#9038,(#9042,#9049),.PCURVE_S1.);
#9038 = LINE('',#9039,#9040);
#9039 = CARTESIAN_POINT('',(161.345,22.72249911119,29.285534890528));
#9040 = VECTOR('',#9041,1.);
#9041 = DIRECTION('',(0.,0.846724199228,0.532032076515));
#9042 = PCURVE('',#5519,#9043);
#9043 = DEFINITIONAL_REPRESENTATION('',(#9044),#9048);
#9044 = LINE('',#9045,#9046);
#9045 = CARTESIAN_POINT('',(-0.535536233861,2.372099880328));
#9046 = VECTOR('',#9047,1.);
#9047 = DIRECTION('',(0.450988550365,-0.892529734765));
#9048 = ( GEOMETRIC_REPRESENTATION_CONTEXT(2) 
PARAMETRIC_REPRESENTATION_CONTEXT() REPRESENTATION_CONTEXT('2D SPACE',''
  ) );
#9049 = PCURVE('',#9050,#9055);
#9050 = PLANE('',#9051);
#9051 = AXIS2_PLACEMENT_3D('',#9052,#9053,#9054);
#9052 = CARTESIAN_POINT('',(161.68801686853,25.195761883034,
    31.179773781521));
#9053 = DIRECTION('',(0.643072453267,0.407433005621,-0.648425913871));
#9054 = DIRECTION('',(-0.710031748261,0.,-0.704169664542));
#9055 = DEFINITIONAL_REPRESENTATION('',(#9056),#9060);
#9056 = LINE('',#9057,#9058);
#9057 = CARTESIAN_POINT('',(1.577418431283,-2.708243227535));
#9058 = VECTOR('',#9059,1.);
#9059 = DIRECTION('',(-0.374640848846,0.927170013739));
#9060 = ( GEOMETRIC_REPRESENTATION_CONTEXT(2) 
PARAMETRIC_REPRESENTATION_CONTEXT() REPRESENTATION_CONTEXT('2D SPACE',''
  ) );
#9061 = ORIENTED_EDGE('',*,*,#5505,.T.);
#9062 = ORIENTED_EDGE('',*,*,#9063,.T.);
#9063 = EDGE_CURVE('',#5422,#9035,#9064,.T.);
#9064 = SURFACE_CURVE('',#9065,(#9069,#9076),.PCURVE_S1.);
#9065 = LINE('',#9066,#9067);
#9066 = CARTESIAN_POINT('',(162.545,23.663443504214,27.959397873048));
#9067 = VECTOR('',#9068,1.);
#9068 = DIRECTION('',(-0.207853018889,0.643658218893,0.73654682118));
#9069 = PCURVE('',#5519,#9070);
#9070 = DEFINITIONAL_REPRESENTATION('',(#9071),#9075);
#9071 = LINE('',#9072,#9073);
#9072 = CARTESIAN_POINT('',(-2.296290414767,1.380252888948));
#9073 = VECTOR('',#9074,1.);
#9074 = DIRECTION('',(0.734620330209,-0.678478422976));
#9075 = ( GEOMETRIC_REPRESENTATION_CONTEXT(2) 
PARAMETRIC_REPRESENTATION_CONTEXT() REPRESENTATION_CONTEXT('2D SPACE',''
  ) );
#9076 = PCURVE('',#8944,#9077);
#9077 = DEFINITIONAL_REPRESENTATION('',(#9078),#9082);
#9078 = LINE('',#9079,#9080);
#9079 = CARTESIAN_POINT('',(-1.814068872742,2.555774718513));
#9080 = VECTOR('',#9081,1.);
#9081 = DIRECTION('',(0.680706719698,-0.732556046837));
#9082 = ( GEOMETRIC_REPRESENTATION_CONTEXT(2) 
PARAMETRIC_REPRESENTATION_CONTEXT() REPRESENTATION_CONTEXT('2D SPACE',''
  ) );
#9083 = ADVANCED_FACE('',(#9084),#5552,.T.);
#9084 = FACE_BOUND('',#9085,.T.);
#9085 = EDGE_LOOP('',(#9086,#9109,#9110));
#9086 = ORIENTED_EDGE('',*,*,#9087,.F.);
#9087 = EDGE_CURVE('',#1824,#9088,#9090,.T.);
#9088 = VERTEX_POINT('',#9089);
#9089 = CARTESIAN_POINT('',(161.345,26.505050027225,39.972511557597));
#9090 = SURFACE_CURVE('',#9091,(#9095,#9102),.PCURVE_S1.);
#9091 = LINE('',#9092,#9093);
#9092 = CARTESIAN_POINT('',(161.345,21.313691710529,41.78904639835));
#9093 = VECTOR('',#9094,1.);
#9094 = DIRECTION('',(0.,0.943883330308,-0.330279061955));
#9095 = PCURVE('',#5552,#9096);
#9096 = DEFINITIONAL_REPRESENTATION('',(#9097),#9101);
#9097 = LINE('',#9098,#9099);
#9098 = CARTESIAN_POINT('',(1.208584492299,2.110208621204));
#9099 = VECTOR('',#9100,1.);
#9100 = DIRECTION('',(-0.270871065698,-0.962615637608));
#9101 = ( GEOMETRIC_REPRESENTATION_CONTEXT(2) 
PARAMETRIC_REPRESENTATION_CONTEXT() REPRESENTATION_CONTEXT('2D SPACE',''
  ) );
#9102 = PCURVE('',#9019,#9103);
#9103 = DEFINITIONAL_REPRESENTATION('',(#9104),#9108);
#9104 = LINE('',#9105,#9106);
#9105 = CARTESIAN_POINT('',(-0.243989727161,-3.124627865824));
#9106 = VECTOR('',#9107,1.);
#9107 = DIRECTION('',(0.219531494653,0.975605413503));
#9108 = ( GEOMETRIC_REPRESENTATION_CONTEXT(2) 
PARAMETRIC_REPRESENTATION_CONTEXT() REPRESENTATION_CONTEXT('2D SPACE',''
  ) );
#9109 = ORIENTED_EDGE('',*,*,#5536,.T.);
#9110 = ORIENTED_EDGE('',*,*,#9111,.T.);
#9111 = EDGE_CURVE('',#5537,#9088,#9112,.T.);
#9112 = SURFACE_CURVE('',#9113,(#9117,#9124),.PCURVE_S1.);
#9113 = LINE('',#9114,#9115);
#9114 = CARTESIAN_POINT('',(162.545,20.863545273364,40.226553542367));
#9115 = VECTOR('',#9116,1.);
#9116 = DIRECTION('',(-0.207853018889,0.977169828473,-4.400282788252E-02
    ));
#9117 = PCURVE('',#5552,#9118);
#9118 = DEFINITIONAL_REPRESENTATION('',(#9119),#9123);
#9119 = LINE('',#9120,#9121);
#9120 = CARTESIAN_POINT('',(-0.759475784786,2.569288663954));
#9121 = VECTOR('',#9122,1.);
#9122 = DIRECTION('',(8.284145158733E-02,-0.99656273957));
#9123 = ( GEOMETRIC_REPRESENTATION_CONTEXT(2) 
PARAMETRIC_REPRESENTATION_CONTEXT() REPRESENTATION_CONTEXT('2D SPACE',''
  ) );
#9124 = PCURVE('',#9125,#9130);
#9125 = PLANE('',#9126);
#9126 = AXIS2_PLACEMENT_3D('',#9127,#9128,#9129);
#9127 = CARTESIAN_POINT('',(162.20198313146,23.951835315999,
    39.817121829748));
#9128 = DIRECTION('',(0.643072453267,0.170407719642,0.746605001949));
#9129 = DIRECTION('',(0.757687208333,1.387778780781E-17,-0.652617877726)
  );
#9130 = DEFINITIONAL_REPRESENTATION('',(#9131),#9135);
#9131 = LINE('',#9132,#9133);
#9132 = CARTESIAN_POINT('',(-7.302961831251E-03,-3.134130972629));
#9133 = VECTOR('',#9134,1.);
#9134 = DIRECTION('',(-0.128770541479,0.99167441615));
#9135 = ( GEOMETRIC_REPRESENTATION_CONTEXT(2) 
PARAMETRIC_REPRESENTATION_CONTEXT() REPRESENTATION_CONTEXT('2D SPACE',''
  ) );
#9136 = ADVANCED_FACE('',(#9137),#5627,.T.);
#9137 = FACE_BOUND('',#9138,.T.);
#9138 = EDGE_LOOP('',(#9139,#9167,#9168));
#9139 = ORIENTED_EDGE('',*,*,#9140,.F.);
#9140 = EDGE_CURVE('',#5590,#9141,#9143,.T.);
#9141 = VERTEX_POINT('',#9142);
#9142 = CARTESIAN_POINT('',(162.545,26.891280188878,33.095046347942));
#9143 = SURFACE_CURVE('',#9144,(#9148,#9155),.PCURVE_S1.);
#9144 = LINE('',#9145,#9146);
#9145 = CARTESIAN_POINT('',(162.545,21.935951415415,30.708685782795));
#9146 = VECTOR('',#9147,1.);
#9147 = DIRECTION('',(0.,0.900968867902,0.433883739118));
#9148 = PCURVE('',#5627,#9149);
#9149 = DEFINITIONAL_REPRESENTATION('',(#9150),#9154);
#9150 = LINE('',#9151,#9152);
#9151 = CARTESIAN_POINT('',(-0.299929562456,2.413234169656));
#9152 = VECTOR('',#9153,1.);
#9153 = DIRECTION('',(0.361132205367,-0.932514627363));
#9154 = ( GEOMETRIC_REPRESENTATION_CONTEXT(2) 
PARAMETRIC_REPRESENTATION_CONTEXT() REPRESENTATION_CONTEXT('2D SPACE',''
  ) );
#9155 = PCURVE('',#9156,#9161);
#9156 = PLANE('',#9157);
#9157 = AXIS2_PLACEMENT_3D('',#9158,#9159,#9160);
#9158 = CARTESIAN_POINT('',(162.20198313146,24.605750295115,
    32.314096526715));
#9159 = DIRECTION('',(0.643072453267,-0.33227048466,0.689966770847));
#9160 = DIRECTION('',(0.73152923209,2.775557561563E-17,-0.681810078099)
  );
#9161 = DEFINITIONAL_REPRESENTATION('',(#9162),#9166);
#9162 = LINE('',#9163,#9164);
#9163 = CARTESIAN_POINT('',(1.345512091126,-2.830623164512));
#9164 = VECTOR('',#9165,1.);
#9165 = DIRECTION('',(-0.295826306054,0.955241747751));
#9166 = ( GEOMETRIC_REPRESENTATION_CONTEXT(2) 
PARAMETRIC_REPRESENTATION_CONTEXT() REPRESENTATION_CONTEXT('2D SPACE',''
  ) );
#9167 = ORIENTED_EDGE('',*,*,#5613,.T.);
#9168 = ORIENTED_EDGE('',*,*,#9169,.T.);
#9169 = EDGE_CURVE('',#1608,#9141,#9170,.T.);
#9170 = SURFACE_CURVE('',#9171,(#9175,#9182),.PCURVE_S1.);
#9171 = LINE('',#9172,#9173);
#9172 = CARTESIAN_POINT('',(161.345,22.72249911119,29.285534890528));
#9173 = VECTOR('',#9174,1.);
#9174 = DIRECTION('',(0.207853018889,0.722078110071,0.659848714097));
#9175 = PCURVE('',#5627,#9176);
#9176 = DEFINITIONAL_REPRESENTATION('',(#9177),#9181);
#9177 = LINE('',#9178,#9179);
#9178 = CARTESIAN_POINT('',(-2.149599196574,1.599146960254));
#9179 = VECTOR('',#9180,1.);
#9180 = DIRECTION('',(0.66441893539,-0.747360340328));
#9181 = ( GEOMETRIC_REPRESENTATION_CONTEXT(2) 
PARAMETRIC_REPRESENTATION_CONTEXT() REPRESENTATION_CONTEXT('2D SPACE',''
  ) );
#9182 = PCURVE('',#9050,#9183);
#9183 = DEFINITIONAL_REPRESENTATION('',(#9184),#9188);
#9184 = LINE('',#9185,#9186);
#9185 = CARTESIAN_POINT('',(1.577418431283,-2.708243227535));
#9186 = VECTOR('',#9187,1.);
#9187 = DIRECTION('',(-0.612227690037,0.790681513349));
#9188 = ( GEOMETRIC_REPRESENTATION_CONTEXT(2) 
PARAMETRIC_REPRESENTATION_CONTEXT() REPRESENTATION_CONTEXT('2D SPACE',''
  ) );
#9189 = ADVANCED_FACE('',(#9190),#5658,.T.);
#9190 = FACE_BOUND('',#9191,.T.);
#9191 = EDGE_LOOP('',(#9192,#9215,#9216));
#9192 = ORIENTED_EDGE('',*,*,#9193,.F.);
#9193 = EDGE_CURVE('',#5537,#9194,#9196,.T.);
#9194 = VERTEX_POINT('',#9195);
#9195 = CARTESIAN_POINT('',(162.545,26.225648790364,39.002688405607));
#9196 = SURFACE_CURVE('',#9197,(#9201,#9208),.PCURVE_S1.);
#9197 = LINE('',#9198,#9199);
#9198 = CARTESIAN_POINT('',(162.545,20.863545273364,40.226553542367));
#9199 = VECTOR('',#9200,1.);
#9200 = DIRECTION('',(0.,0.974927912182,-0.222520933956));
#9201 = PCURVE('',#5658,#9202);
#9202 = DEFINITIONAL_REPRESENTATION('',(#9203),#9207);
#9203 = LINE('',#9204,#9205);
#9204 = CARTESIAN_POINT('',(1.007899449863,2.213096382673));
#9205 = VECTOR('',#9206,1.);
#9206 = DIRECTION('',(-0.180530405641,-0.983569404078));
#9207 = ( GEOMETRIC_REPRESENTATION_CONTEXT(2) 
PARAMETRIC_REPRESENTATION_CONTEXT() REPRESENTATION_CONTEXT('2D SPACE',''
  ) );
#9208 = PCURVE('',#9125,#9209);
#9209 = DEFINITIONAL_REPRESENTATION('',(#9210),#9214);
#9210 = LINE('',#9211,#9212);
#9211 = CARTESIAN_POINT('',(-7.302961831251E-03,-3.134130972629));
#9212 = VECTOR('',#9213,1.);
#9213 = DIRECTION('',(0.145221139668,0.98939922205));
#9214 = ( GEOMETRIC_REPRESENTATION_CONTEXT(2) 
PARAMETRIC_REPRESENTATION_CONTEXT() REPRESENTATION_CONTEXT('2D SPACE',''
  ) );
#9215 = ORIENTED_EDGE('',*,*,#5644,.T.);
#9216 = ORIENTED_EDGE('',*,*,#9217,.T.);
#9217 = EDGE_CURVE('',#1770,#9194,#9218,.T.);
#9218 = SURFACE_CURVE('',#9219,(#9223,#9230),.PCURVE_S1.);
#9219 = LINE('',#9220,#9221);
#9220 = CARTESIAN_POINT('',(161.345,20.591172956548,38.623484903498));
#9221 = VECTOR('',#9222,1.);
#9222 = DIRECTION('',(0.207853018889,0.975952343263,6.568216057219E-02)
  );
#9223 = PCURVE('',#5658,#9224);
#9224 = DEFINITIONAL_REPRESENTATION('',(#9225),#9229);
#9225 = LINE('',#9226,#9227);
#9226 = CARTESIAN_POINT('',(-0.994226443261,2.487882932519));
#9227 = VECTOR('',#9228,1.);
#9228 = DIRECTION('',(0.174805889255,-0.984602915434));
#9229 = ( GEOMETRIC_REPRESENTATION_CONTEXT(2) 
PARAMETRIC_REPRESENTATION_CONTEXT() REPRESENTATION_CONTEXT('2D SPACE',''
  ) );
#9230 = PCURVE('',#9231,#9236);
#9231 = PLANE('',#9232);
#9232 = AXIS2_PLACEMENT_3D('',#9233,#9234,#9235);
#9233 = CARTESIAN_POINT('',(161.68801686853,23.70588628681,
    38.56240638823));
#9234 = DIRECTION('',(0.643072453267,-8.574299376893E-02,-0.760990117458
    ));
#9235 = DIRECTION('',(-0.763802983622,0.,-0.645449457518));
#9236 = DEFINITIONAL_REPRESENTATION('',(#9237),#9241);
#9237 = LINE('',#9238,#9239);
#9238 = CARTESIAN_POINT('',(0.222574213074,-3.126226320425));
#9239 = VECTOR('',#9240,1.);
#9240 = DIRECTION('',(-0.201153270892,0.979559779498));
#9241 = ( GEOMETRIC_REPRESENTATION_CONTEXT(2) 
PARAMETRIC_REPRESENTATION_CONTEXT() REPRESENTATION_CONTEXT('2D SPACE',''
  ) );
#9242 = ADVANCED_FACE('',(#9243),#5687,.T.);
#9243 = FACE_BOUND('',#9244,.T.);
#9244 = EDGE_LOOP('',(#9245,#9273,#9274));
#9245 = ORIENTED_EDGE('',*,*,#9246,.F.);
#9246 = EDGE_CURVE('',#1662,#9247,#9249,.T.);
#9247 = VERTEX_POINT('',#9248);
#9248 = CARTESIAN_POINT('',(161.345,26.505050027225,34.027488442403));
#9249 = SURFACE_CURVE('',#9250,(#9254,#9261),.PCURVE_S1.);
#9250 = LINE('',#9251,#9252);
#9251 = CARTESIAN_POINT('',(161.345,21.313691710529,32.21095360165));
#9252 = VECTOR('',#9253,1.);
#9253 = DIRECTION('',(0.,0.943883330308,0.330279061955));
#9254 = PCURVE('',#5687,#9255);
#9255 = DEFINITIONAL_REPRESENTATION('',(#9256),#9260);
#9256 = LINE('',#9257,#9258);
#9257 = CARTESIAN_POINT('',(-6.921746515184E-02,2.430815880018));
#9258 = VECTOR('',#9259,1.);
#9259 = DIRECTION('',(0.270871065698,-0.962615637608));
#9260 = ( GEOMETRIC_REPRESENTATION_CONTEXT(2) 
PARAMETRIC_REPRESENTATION_CONTEXT() REPRESENTATION_CONTEXT('2D SPACE',''
  ) );
#9261 = PCURVE('',#9262,#9267);
#9262 = PLANE('',#9263);
#9263 = AXIS2_PLACEMENT_3D('',#9264,#9265,#9266);
#9264 = CARTESIAN_POINT('',(161.68801686853,24.14645242812,
    33.50734722691));
#9265 = DIRECTION('',(0.643072453267,0.252929469568,-0.722830895351));
#9266 = DIRECTION('',(-0.747123836079,1.387778780781E-17,-0.66468486786)
  );
#9267 = DEFINITIONAL_REPRESENTATION('',(#9268),#9272);
#9268 = LINE('',#9269,#9270);
#9269 = CARTESIAN_POINT('',(1.117969304161,-2.927964296537));
#9270 = VECTOR('',#9271,1.);
#9271 = DIRECTION('',(-0.219531494653,0.975605413503));
#9272 = ( GEOMETRIC_REPRESENTATION_CONTEXT(2) 
PARAMETRIC_REPRESENTATION_CONTEXT() REPRESENTATION_CONTEXT('2D SPACE',''
  ) );
#9273 = ORIENTED_EDGE('',*,*,#5673,.T.);
#9274 = ORIENTED_EDGE('',*,*,#9275,.T.);
#9275 = EDGE_CURVE('',#5590,#9247,#9276,.T.);
#9276 = SURFACE_CURVE('',#9277,(#9281,#9288),.PCURVE_S1.);
#9277 = LINE('',#9278,#9279);
#9278 = CARTESIAN_POINT('',(162.545,21.935951415415,30.708685782795));
#9279 = VECTOR('',#9280,1.);
#9280 = DIRECTION('',(-0.207853018889,0.791417450055,0.57485262658));
#9281 = PCURVE('',#5687,#9282);
#9282 = DEFINITIONAL_REPRESENTATION('',(#9283),#9287);
#9283 = LINE('',#9284,#9285);
#9284 = CARTESIAN_POINT('',(-1.987885510431,1.796206809869));
#9285 = VECTOR('',#9286,1.);
#9286 = DIRECTION('',(0.59038206125,-0.807123919701));
#9287 = ( GEOMETRIC_REPRESENTATION_CONTEXT(2) 
PARAMETRIC_REPRESENTATION_CONTEXT() REPRESENTATION_CONTEXT('2D SPACE',''
  ) );
#9288 = PCURVE('',#9156,#9289);
#9289 = DEFINITIONAL_REPRESENTATION('',(#9290),#9294);
#9290 = LINE('',#9291,#9292);
#9291 = CARTESIAN_POINT('',(1.345512091126,-2.830623164512));
#9292 = VECTOR('',#9293,1.);
#9293 = DIRECTION('',(-0.54399087352,0.839091133029));
#9294 = ( GEOMETRIC_REPRESENTATION_CONTEXT(2) 
PARAMETRIC_REPRESENTATION_CONTEXT() REPRESENTATION_CONTEXT('2D SPACE',''
  ) );
#9295 = ADVANCED_FACE('',(#9296),#5720,.T.);
#9296 = FACE_BOUND('',#9297,.T.);
#9297 = EDGE_LOOP('',(#9298,#9321,#9322));
#9298 = ORIENTED_EDGE('',*,*,#9299,.F.);
#9299 = EDGE_CURVE('',#1770,#9300,#9302,.T.);
#9300 = VERTEX_POINT('',#9301);
#9301 = CARTESIAN_POINT('',(161.345,26.056590110961,38.00768028493));
#9302 = SURFACE_CURVE('',#9303,(#9307,#9314),.PCURVE_S1.);
#9303 = LINE('',#9304,#9305);
#9304 = CARTESIAN_POINT('',(161.345,20.591172956548,38.623484903498));
#9305 = VECTOR('',#9306,1.);
#9306 = DIRECTION('',(0.,0.993712209893,-0.111964476103));
#9307 = PCURVE('',#5720,#9308);
#9308 = DEFINITIONAL_REPRESENTATION('',(#9309),#9313);
#9309 = LINE('',#9310,#9311);
#9310 = CARTESIAN_POINT('',(0.802237742345,2.295663630584));
#9311 = VECTOR('',#9312,1.);
#9312 = DIRECTION('',(-9.023834966008E-02,-0.995920197732));
#9313 = ( GEOMETRIC_REPRESENTATION_CONTEXT(2) 
PARAMETRIC_REPRESENTATION_CONTEXT() REPRESENTATION_CONTEXT('2D SPACE',''
  ) );
#9314 = PCURVE('',#9231,#9315);
#9315 = DEFINITIONAL_REPRESENTATION('',(#9316),#9320);
#9316 = LINE('',#9317,#9318);
#9317 = CARTESIAN_POINT('',(0.222574213074,-3.126226320425));
#9318 = VECTOR('',#9319,1.);
#9319 = DIRECTION('',(7.226741036221E-02,0.997385292352));
#9320 = ( GEOMETRIC_REPRESENTATION_CONTEXT(2) 
PARAMETRIC_REPRESENTATION_CONTEXT() REPRESENTATION_CONTEXT('2D SPACE',''
  ) );
#9321 = ORIENTED_EDGE('',*,*,#5704,.T.);
#9322 = ORIENTED_EDGE('',*,*,#9323,.T.);
#9323 = EDGE_CURVE('',#5705,#9300,#9324,.T.);
#9324 = SURFACE_CURVE('',#9325,(#9329,#9336),.PCURVE_S1.);
#9325 = LINE('',#9326,#9327);
#9326 = CARTESIAN_POINT('',(162.545,20.5,37.));
#9327 = VECTOR('',#9328,1.);
#9328 = DIRECTION('',(-0.207853018889,0.962461691077,0.174541157748));
#9329 = PCURVE('',#5720,#9330);
#9330 = DEFINITIONAL_REPRESENTATION('',(#9331),#9335);
#9331 = LINE('',#9332,#9333);
#9332 = CARTESIAN_POINT('',(-1.21659019751,2.387039169708));
#9333 = VECTOR('',#9334,1.);
#9334 = DIRECTION('',(0.263716465197,-0.964600241543));
#9335 = ( GEOMETRIC_REPRESENTATION_CONTEXT(2) 
PARAMETRIC_REPRESENTATION_CONTEXT() REPRESENTATION_CONTEXT('2D SPACE',''
  ) );
#9336 = PCURVE('',#9337,#9342);
#9337 = PLANE('',#9338);
#9338 = AXIS2_PLACEMENT_3D('',#9339,#9340,#9341);
#9339 = CARTESIAN_POINT('',(162.20198313146,23.601967290562,
    37.288042779851));
#9340 = DIRECTION('',(0.643072453267,0.,0.765805340703));
#9341 = DIRECTION('',(0.765805340703,0.,-0.643072453267));
#9342 = DEFINITIONAL_REPRESENTATION('',(#9343),#9347);
#9343 = LINE('',#9344,#9345);
#9344 = CARTESIAN_POINT('',(0.44791652696,-3.101967290562));
#9345 = VECTOR('',#9346,1.);
#9346 = DIRECTION('',(-0.271417562456,0.962461691077));
#9347 = ( GEOMETRIC_REPRESENTATION_CONTEXT(2) 
PARAMETRIC_REPRESENTATION_CONTEXT() REPRESENTATION_CONTEXT('2D SPACE',''
  ) );
#9348 = ADVANCED_FACE('',(#9349),#5795,.T.);
#9349 = FACE_BOUND('',#9350,.T.);
#9350 = EDGE_LOOP('',(#9351,#9379,#9380));
#9351 = ORIENTED_EDGE('',*,*,#9352,.F.);
#9352 = EDGE_CURVE('',#5758,#9353,#9355,.T.);
#9353 = VERTEX_POINT('',#9354);
#9354 = CARTESIAN_POINT('',(162.545,26.225648790364,34.997311594393));
#9355 = SURFACE_CURVE('',#9356,(#9360,#9367),.PCURVE_S1.);
#9356 = LINE('',#9357,#9358);
#9357 = CARTESIAN_POINT('',(162.545,20.863545273364,33.773446457633));
#9358 = VECTOR('',#9359,1.);
#9359 = DIRECTION('',(0.,0.974927912182,0.222520933956));
#9360 = PCURVE('',#5795,#9361);
#9361 = DEFINITIONAL_REPRESENTATION('',(#9362),#9366);
#9362 = LINE('',#9363,#9364);
#9363 = CARTESIAN_POINT('',(0.156268785242,2.426775013632));
#9364 = VECTOR('',#9365,1.);
#9365 = DIRECTION('',(0.180530405641,-0.983569404078));
#9366 = ( GEOMETRIC_REPRESENTATION_CONTEXT(2) 
PARAMETRIC_REPRESENTATION_CONTEXT() REPRESENTATION_CONTEXT('2D SPACE',''
  ) );
#9367 = PCURVE('',#9368,#9373);
#9368 = PLANE('',#9369);
#9369 = AXIS2_PLACEMENT_3D('',#9370,#9371,#9372);
#9370 = CARTESIAN_POINT('',(162.20198313146,23.823644219216,
    34.744520062211));
#9371 = DIRECTION('',(0.643072453267,-0.170407719642,0.746605001949));
#9372 = DIRECTION('',(0.757687208333,1.387778780781E-17,-0.652617877726)
  );
#9373 = DEFINITIONAL_REPRESENTATION('',(#9374),#9378);
#9374 = LINE('',#9375,#9376);
#9375 = CARTESIAN_POINT('',(0.893639488467,-3.004037075586));
#9376 = VECTOR('',#9377,1.);
#9377 = DIRECTION('',(-0.145221139668,0.98939922205));
#9378 = ( GEOMETRIC_REPRESENTATION_CONTEXT(2) 
PARAMETRIC_REPRESENTATION_CONTEXT() REPRESENTATION_CONTEXT('2D SPACE',''
  ) );
#9379 = ORIENTED_EDGE('',*,*,#5781,.T.);
#9380 = ORIENTED_EDGE('',*,*,#9381,.T.);
#9381 = EDGE_CURVE('',#1662,#9353,#9382,.T.);
#9382 = SURFACE_CURVE('',#9383,(#9387,#9394),.PCURVE_S1.);
#9383 = LINE('',#9384,#9385);
#9384 = CARTESIAN_POINT('',(161.345,21.313691710529,32.21095360165));
#9385 = VECTOR('',#9386,1.);
#9386 = DIRECTION('',(0.207853018889,0.850804256414,0.482627433748));
#9387 = PCURVE('',#5795,#9388);
#9388 = DEFINITIONAL_REPRESENTATION('',(#9389),#9393);
#9389 = LINE('',#9390,#9391);
#9390 = CARTESIAN_POINT('',(-1.812938126224,1.972638602706));
#9391 = VECTOR('',#9392,1.);
#9392 = DIRECTION('',(0.513072037784,-0.858345550489));
#9393 = ( GEOMETRIC_REPRESENTATION_CONTEXT(2) 
PARAMETRIC_REPRESENTATION_CONTEXT() REPRESENTATION_CONTEXT('2D SPACE',''
  ) );
#9394 = PCURVE('',#9262,#9395);
#9395 = DEFINITIONAL_REPRESENTATION('',(#9396),#9400);
#9396 = LINE('',#9397,#9398);
#9397 = CARTESIAN_POINT('',(1.117969304161,-2.927964296537));
#9398 = VECTOR('',#9399,1.);
#9399 = DIRECTION('',(-0.476087096839,0.879398132943));
#9400 = ( GEOMETRIC_REPRESENTATION_CONTEXT(2) 
PARAMETRIC_REPRESENTATION_CONTEXT() REPRESENTATION_CONTEXT('2D SPACE',''
  ) );
#9401 = ADVANCED_FACE('',(#9402),#5826,.T.);
#9402 = FACE_BOUND('',#9403,.T.);
#9403 = EDGE_LOOP('',(#9404,#9427,#9428));
#9404 = ORIENTED_EDGE('',*,*,#9405,.F.);
#9405 = EDGE_CURVE('',#5705,#9406,#9408,.T.);
#9406 = VERTEX_POINT('',#9407);
#9407 = CARTESIAN_POINT('',(162.545,26.,37.));
#9408 = SURFACE_CURVE('',#9409,(#9413,#9420),.PCURVE_S1.);
#9409 = LINE('',#9410,#9411);
#9410 = CARTESIAN_POINT('',(162.545,20.5,37.));
#9411 = VECTOR('',#9412,1.);
#9412 = DIRECTION('',(0.,1.,-1.224646799147E-16));
#9413 = PCURVE('',#5826,#9414);
#9414 = DEFINITIONAL_REPRESENTATION('',(#9415),#9419);
#9415 = LINE('',#9416,#9417);
#9416 = CARTESIAN_POINT('',(0.591807873586,2.358690386802));
#9417 = VECTOR('',#9418,1.);
#9418 = DIRECTION('',(-9.848221986897E-17,-1.));
#9419 = ( GEOMETRIC_REPRESENTATION_CONTEXT(2) 
PARAMETRIC_REPRESENTATION_CONTEXT() REPRESENTATION_CONTEXT('2D SPACE',''
  ) );
#9420 = PCURVE('',#9337,#9421);
#9421 = DEFINITIONAL_REPRESENTATION('',(#9422),#9426);
#9422 = LINE('',#9423,#9424);
#9423 = CARTESIAN_POINT('',(0.44791652696,-3.101967290562));
#9424 = VECTOR('',#9425,1.);
#9425 = DIRECTION('',(7.875366215132E-17,1.));
#9426 = ( GEOMETRIC_REPRESENTATION_CONTEXT(2) 
PARAMETRIC_REPRESENTATION_CONTEXT() REPRESENTATION_CONTEXT('2D SPACE',''
  ) );
#9427 = ORIENTED_EDGE('',*,*,#5812,.T.);
#9428 = ORIENTED_EDGE('',*,*,#9429,.T.);
#9429 = EDGE_CURVE('',#1716,#9406,#9430,.T.);
#9430 = SURFACE_CURVE('',#9431,(#9435,#9442),.PCURVE_S1.);
#9431 = LINE('',#9432,#9433);
#9432 = CARTESIAN_POINT('',(161.345,20.591172956548,35.376515096502));
#9433 = VECTOR('',#9434,1.);
#9434 = DIRECTION('',(0.207853018889,0.936867524692,0.281205198594));
#9435 = PCURVE('',#5826,#9436);
#9436 = DEFINITIONAL_REPRESENTATION('',(#9437),#9441);
#9437 = LINE('',#9438,#9439);
#9438 = CARTESIAN_POINT('',(-1.427029225312,2.267517430254));
#9439 = VECTOR('',#9440,1.);
#9440 = DIRECTION('',(0.349684488043,-0.936867524692));
#9441 = ( GEOMETRIC_REPRESENTATION_CONTEXT(2) 
PARAMETRIC_REPRESENTATION_CONTEXT() REPRESENTATION_CONTEXT('2D SPACE',''
  ) );
#9442 = PCURVE('',#9443,#9448);
#9443 = PLANE('',#9444);
#9444 = AXIS2_PLACEMENT_3D('',#9445,#9446,#9447);
#9445 = CARTESIAN_POINT('',(161.68801686853,23.641385168928,
    36.010056866389));
#9446 = DIRECTION('',(0.643072453267,8.574299376893E-02,-0.760990117458)
  );
#9447 = DIRECTION('',(-0.763802983622,0.,-0.645449457518));
#9448 = DEFINITIONAL_REPRESENTATION('',(#9449),#9453);
#9449 = LINE('',#9450,#9451);
#9450 = CARTESIAN_POINT('',(0.670916499309,-3.061486785501));
#9451 = VECTOR('',#9452,1.);
#9452 = DIRECTION('',(-0.340262498866,0.940330490767));
#9453 = ( GEOMETRIC_REPRESENTATION_CONTEXT(2) 
PARAMETRIC_REPRESENTATION_CONTEXT() REPRESENTATION_CONTEXT('2D SPACE',''
  ) );
#9454 = ADVANCED_FACE('',(#9455),#5855,.T.);
#9455 = FACE_BOUND('',#9456,.T.);
#9456 = EDGE_LOOP('',(#9457,#9480,#9481));
#9457 = ORIENTED_EDGE('',*,*,#9458,.F.);
#9458 = EDGE_CURVE('',#1716,#9459,#9461,.T.);
#9459 = VERTEX_POINT('',#9460);
#9460 = CARTESIAN_POINT('',(161.345,26.056590110961,35.99231971507));
#9461 = SURFACE_CURVE('',#9462,(#9466,#9473),.PCURVE_S1.);
#9462 = LINE('',#9463,#9464);
#9463 = CARTESIAN_POINT('',(161.345,20.591172956548,35.376515096502));
#9464 = VECTOR('',#9465,1.);
#9465 = DIRECTION('',(0.,0.993712209893,0.111964476103));
#9466 = PCURVE('',#5855,#9467);
#9467 = DEFINITIONAL_REPRESENTATION('',(#9468),#9472);
#9468 = LINE('',#9469,#9470);
#9469 = CARTESIAN_POINT('',(0.376549086617,2.402471162241));
#9470 = VECTOR('',#9471,1.);
#9471 = DIRECTION('',(9.023834966008E-02,-0.995920197732));
#9472 = ( GEOMETRIC_REPRESENTATION_CONTEXT(2) 
PARAMETRIC_REPRESENTATION_CONTEXT() REPRESENTATION_CONTEXT('2D SPACE',''
  ) );
#9473 = PCURVE('',#9443,#9474);
#9474 = DEFINITIONAL_REPRESENTATION('',(#9475),#9479);
#9475 = LINE('',#9476,#9477);
#9476 = CARTESIAN_POINT('',(0.670916499309,-3.061486785501));
#9477 = VECTOR('',#9478,1.);
#9478 = DIRECTION('',(-7.226741036221E-02,0.997385292352));
#9479 = ( GEOMETRIC_REPRESENTATION_CONTEXT(2) 
PARAMETRIC_REPRESENTATION_CONTEXT() REPRESENTATION_CONTEXT('2D SPACE',''
  ) );
#9480 = ORIENTED_EDGE('',*,*,#5841,.T.);
#9481 = ORIENTED_EDGE('',*,*,#9482,.T.);
#9482 = EDGE_CURVE('',#5758,#9459,#9483,.T.);
#9483 = SURFACE_CURVE('',#9484,(#9488,#9495),.PCURVE_S1.);
#9484 = LINE('',#9485,#9486);
#9485 = CARTESIAN_POINT('',(162.545,20.863545273364,33.773446457633));
#9486 = VECTOR('',#9487,1.);
#9487 = DIRECTION('',(-0.207853018889,0.899491705601,0.384332920909));
#9488 = PCURVE('',#5855,#9489);
#9489 = DEFINITIONAL_REPRESENTATION('',(#9490),#9494);
#9490 = LINE('',#9491,#9492);
#9491 = CARTESIAN_POINT('',(-1.625824258973,2.129493645291));
#9492 = VECTOR('',#9493,1.);
#9493 = DIRECTION('',(0.432799223754,-0.901490339337));
#9494 = ( GEOMETRIC_REPRESENTATION_CONTEXT(2) 
PARAMETRIC_REPRESENTATION_CONTEXT() REPRESENTATION_CONTEXT('2D SPACE',''
  ) );
#9495 = PCURVE('',#9368,#9496);
#9496 = DEFINITIONAL_REPRESENTATION('',(#9497),#9501);
#9497 = LINE('',#9498,#9499);
#9498 = CARTESIAN_POINT('',(0.893639488467,-3.004037075586));
#9499 = VECTOR('',#9500,1.);
#9500 = DIRECTION('',(-0.40831010881,0.912843280659));
#9501 = ( GEOMETRIC_REPRESENTATION_CONTEXT(2) 
PARAMETRIC_REPRESENTATION_CONTEXT() REPRESENTATION_CONTEXT('2D SPACE',''
  ) );
#9502 = ADVANCED_FACE('',(#9503,#9511),#6225,.F.);
#9503 = FACE_BOUND('',#9504,.F.);
#9504 = EDGE_LOOP('',(#9505,#9506,#9507,#9508,#9509,#9510));
#9505 = ORIENTED_EDGE('',*,*,#6334,.T.);
#9506 = ORIENTED_EDGE('',*,*,#6209,.T.);
#9507 = ORIENTED_EDGE('',*,*,#6263,.T.);
#9508 = ORIENTED_EDGE('',*,*,#6361,.T.);
#9509 = ORIENTED_EDGE('',*,*,#6459,.T.);
#9510 = ORIENTED_EDGE('',*,*,#6432,.T.);
#9511 = FACE_BOUND('',#9512,.F.);
#9512 = EDGE_LOOP('',(#9513));
#9513 = ORIENTED_EDGE('',*,*,#9514,.F.);
#9514 = EDGE_CURVE('',#9515,#9515,#9517,.T.);
#9515 = VERTEX_POINT('',#9516);
#9516 = CARTESIAN_POINT('',(149.95,35.,40.3));
#9517 = SURFACE_CURVE('',#9518,(#9523,#9530),.PCURVE_S1.);
#9518 = CIRCLE('',#9519,3.3);
#9519 = AXIS2_PLACEMENT_3D('',#9520,#9521,#9522);
#9520 = CARTESIAN_POINT('',(149.95,35.,37.));
#9521 = DIRECTION('',(1.,0.,0.));
#9522 = DIRECTION('',(-0.,0.,1.));
#9523 = PCURVE('',#6225,#9524);
#9524 = DEFINITIONAL_REPRESENTATION('',(#9525),#9529);
#9525 = CIRCLE('',#9526,3.3);
#9526 = AXIS2_PLACEMENT_2D('',#9527,#9528);
#9527 = CARTESIAN_POINT('',(0.,0.));
#9528 = DIRECTION('',(1.,0.));
#9529 = ( GEOMETRIC_REPRESENTATION_CONTEXT(2) 
PARAMETRIC_REPRESENTATION_CONTEXT() REPRESENTATION_CONTEXT('2D SPACE',''
  ) );
#9530 = PCURVE('',#9531,#9536);
#9531 = CYLINDRICAL_SURFACE('',#9532,3.3);
#9532 = AXIS2_PLACEMENT_3D('',#9533,#9534,#9535);
#9533 = CARTESIAN_POINT('',(144.5,35.,37.));
#9534 = DIRECTION('',(1.,0.,0.));
#9535 = DIRECTION('',(-0.,0.,1.));
#9536 = DEFINITIONAL_REPRESENTATION('',(#9537),#9541);
#9537 = LINE('',#9538,#9539);
#9538 = CARTESIAN_POINT('',(0.,5.45));
#9539 = VECTOR('',#9540,1.);
#9540 = DIRECTION('',(1.,0.));
#9541 = ( GEOMETRIC_REPRESENTATION_CONTEXT(2) 
PARAMETRIC_REPRESENTATION_CONTEXT() REPRESENTATION_CONTEXT('2D SPACE',''
  ) );
#9542 = ADVANCED_FACE('',(#9543),#6554,.T.);
#9543 = FACE_BOUND('',#9544,.T.);
#9544 = EDGE_LOOP('',(#9545,#9546,#9547));
#9545 = ORIENTED_EDGE('',*,*,#6625,.F.);
#9546 = ORIENTED_EDGE('',*,*,#6538,.T.);
#9547 = ORIENTED_EDGE('',*,*,#9548,.T.);
#9548 = EDGE_CURVE('',#6539,#6597,#9549,.T.);
#9549 = SURFACE_CURVE('',#9550,(#9554,#9561),.PCURVE_S1.);
#9550 = LINE('',#9551,#9552);
#9551 = CARTESIAN_POINT('',(161.345,43.943409889039,38.00768028493));
#9552 = VECTOR('',#9553,1.);
#9553 = DIRECTION('',(0.765306434144,3.609064668938E-02,-0.642653504681)
  );
#9554 = PCURVE('',#6554,#9555);
#9555 = DEFINITIONAL_REPRESENTATION('',(#9556),#9560);
#9556 = LINE('',#9557,#9558);
#9557 = CARTESIAN_POINT('',(-0.273445742316,-2.424132322434));
#9558 = VECTOR('',#9559,1.);
#9559 = DIRECTION('',(0.999343693753,3.622404941902E-02));
#9560 = ( GEOMETRIC_REPRESENTATION_CONTEXT(2) 
PARAMETRIC_REPRESENTATION_CONTEXT() REPRESENTATION_CONTEXT('2D SPACE',''
  ) );
#9561 = PCURVE('',#9562,#9567);
#9562 = PLANE('',#9563);
#9563 = AXIS2_PLACEMENT_3D('',#9564,#9565,#9566);
#9564 = CARTESIAN_POINT('',(161.90055254745,43.970851086309,
    37.519044496558));
#9565 = DIRECTION('',(3.837124438397E-15,-0.998426815018,
    -5.607044723719E-02));
#9566 = DIRECTION('',(0.,5.607044723719E-02,-0.998426815018));
#9567 = DEFINITIONAL_REPRESENTATION('',(#9568),#9572);
#9568 = LINE('',#9569,#9570);
#9569 = CARTESIAN_POINT('',(-0.489405714091,-0.55555254745));
#9570 = VECTOR('',#9571,1.);
#9571 = DIRECTION('',(0.64366611054,0.765306434144));
#9572 = ( GEOMETRIC_REPRESENTATION_CONTEXT(2) 
PARAMETRIC_REPRESENTATION_CONTEXT() REPRESENTATION_CONTEXT('2D SPACE',''
  ) );
#9573 = ADVANCED_FACE('',(#9574),#6581,.T.);
#9574 = FACE_BOUND('',#9575,.T.);
#9575 = EDGE_LOOP('',(#9576,#9577,#9578));
#9576 = ORIENTED_EDGE('',*,*,#6567,.F.);
#9577 = ORIENTED_EDGE('',*,*,#6649,.T.);
#9578 = ORIENTED_EDGE('',*,*,#9579,.T.);
#9579 = EDGE_CURVE('',#6650,#6539,#9580,.T.);
#9580 = SURFACE_CURVE('',#9581,(#9585,#9592),.PCURVE_S1.);
#9581 = LINE('',#9582,#9583);
#9582 = CARTESIAN_POINT('',(162.545,43.774351209636,39.002688405607));
#9583 = VECTOR('',#9584,1.);
#9584 = DIRECTION('',(-0.765306434144,0.107818079246,-0.634571763983));
#9585 = PCURVE('',#6581,#9586);
#9586 = DEFINITIONAL_REPRESENTATION('',(#9587),#9591);
#9587 = LINE('',#9588,#9589);
#9588 = CARTESIAN_POINT('',(-9.49232202915E-02,-2.43765864569));
#9589 = VECTOR('',#9590,1.);
#9590 = DIRECTION('',(0.993995773482,0.1094184733));
#9591 = ( GEOMETRIC_REPRESENTATION_CONTEXT(2) 
PARAMETRIC_REPRESENTATION_CONTEXT() REPRESENTATION_CONTEXT('2D SPACE',''
  ) );
#9592 = PCURVE('',#9593,#9598);
#9593 = PLANE('',#9594);
#9594 = AXIS2_PLACEMENT_3D('',#9595,#9596,#9597);
#9595 = CARTESIAN_POINT('',(161.75844733132,43.830574981461,
    38.671778985646));
#9596 = DIRECTION('',(-0.,-0.985871018518,-0.167506223305));
#9597 = DIRECTION('',(0.,0.167506223305,-0.985871018518));
#9598 = DEFINITIONAL_REPRESENTATION('',(#9599),#9603);
#9599 = LINE('',#9600,#9601);
#9600 = CARTESIAN_POINT('',(-0.335651838573,0.786552668676));
#9601 = VECTOR('',#9602,1.);
#9602 = DIRECTION('',(0.64366611054,-0.765306434144));
#9603 = ( GEOMETRIC_REPRESENTATION_CONTEXT(2) 
PARAMETRIC_REPRESENTATION_CONTEXT() REPRESENTATION_CONTEXT('2D SPACE',''
  ) );
#9604 = ADVANCED_FACE('',(#9605),#6612,.T.);
#9605 = FACE_BOUND('',#9606,.T.);
#9606 = EDGE_LOOP('',(#9607,#9608,#9609));
#9607 = ORIENTED_EDGE('',*,*,#6731,.F.);
#9608 = ORIENTED_EDGE('',*,*,#6596,.F.);
#9609 = ORIENTED_EDGE('',*,*,#9610,.T.);
#9610 = EDGE_CURVE('',#6597,#6703,#9611,.T.);
#9611 = SURFACE_CURVE('',#9612,(#9616,#9623),.PCURVE_S1.);
#9612 = LINE('',#9613,#9614);
#9613 = CARTESIAN_POINT('',(162.545,44.,37.));
#9614 = VECTOR('',#9615,1.);
#9615 = DIRECTION('',(-0.765306434144,-3.609064668938E-02,
    -0.642653504681));
#9616 = PCURVE('',#6612,#9617);
#9617 = DEFINITIONAL_REPRESENTATION('',(#9618),#9622);
#9618 = LINE('',#9619,#9620);
#9619 = CARTESIAN_POINT('',(-0.44791652696,-2.398032709438));
#9620 = VECTOR('',#9621,1.);
#9621 = DIRECTION('',(0.999348520398,-3.609064668938E-02));
#9622 = ( GEOMETRIC_REPRESENTATION_CONTEXT(2) 
PARAMETRIC_REPRESENTATION_CONTEXT() REPRESENTATION_CONTEXT('2D SPACE',''
  ) );
#9623 = PCURVE('',#9624,#9629);
#9624 = PLANE('',#9625);
#9625 = AXIS2_PLACEMENT_3D('',#9626,#9627,#9628);
#9626 = CARTESIAN_POINT('',(161.75844733132,43.981179851295,
    36.664876203859));
#9627 = DIRECTION('',(-0.,-0.998426815018,5.607044723719E-02));
#9628 = DIRECTION('',(0.,-5.607044723719E-02,-0.998426815018));
#9629 = DEFINITIONAL_REPRESENTATION('',(#9630),#9634);
#9630 = LINE('',#9631,#9632);
#9631 = CARTESIAN_POINT('',(-0.335651838573,0.786552668676));
#9632 = VECTOR('',#9633,1.);
#9633 = DIRECTION('',(0.64366611054,-0.765306434144));
#9634 = ( GEOMETRIC_REPRESENTATION_CONTEXT(2) 
PARAMETRIC_REPRESENTATION_CONTEXT() REPRESENTATION_CONTEXT('2D SPACE',''
  ) );
#9635 = ADVANCED_FACE('',(#9636),#6687,.T.);
#9636 = FACE_BOUND('',#9637,.T.);
#9637 = EDGE_LOOP('',(#9638,#9639,#9640));
#9638 = ORIENTED_EDGE('',*,*,#6673,.F.);
#9639 = ORIENTED_EDGE('',*,*,#6755,.T.);
#9640 = ORIENTED_EDGE('',*,*,#9641,.T.);
#9641 = EDGE_CURVE('',#6756,#6650,#9642,.T.);
#9642 = SURFACE_CURVE('',#9643,(#9647,#9654),.PCURVE_S1.);
#9643 = LINE('',#9644,#9645);
#9644 = CARTESIAN_POINT('',(161.345,43.494949972775,39.972511557597));
#9645 = VECTOR('',#9646,1.);
#9646 = DIRECTION('',(0.765306434144,0.178189636898,-0.618509915167));
#9647 = PCURVE('',#6687,#9648);
#9648 = DEFINITIONAL_REPRESENTATION('',(#9649),#9653);
#9649 = LINE('',#9650,#9651);
#9650 = CARTESIAN_POINT('',(8.94539164294E-02,-2.437865477727));
#9651 = VECTOR('',#9652,1.);
#9652 = DIRECTION('',(0.982892860087,0.184178244075));
#9653 = ( GEOMETRIC_REPRESENTATION_CONTEXT(2) 
PARAMETRIC_REPRESENTATION_CONTEXT() REPRESENTATION_CONTEXT('2D SPACE',''
  ) );
#9654 = PCURVE('',#9655,#9660);
#9655 = PLANE('',#9656);
#9656 = AXIS2_PLACEMENT_3D('',#9657,#9658,#9659);
#9657 = CARTESIAN_POINT('',(161.90055254745,43.63043485393,
    39.502233129468));
#9658 = DIRECTION('',(2.085729542562E-14,-0.960917321945,-0.276835511425
    ));
#9659 = DIRECTION('',(0.,0.276835511425,-0.960917321945));
#9660 = DEFINITIONAL_REPRESENTATION('',(#9661),#9665);
#9661 = LINE('',#9662,#9663);
#9662 = CARTESIAN_POINT('',(-0.489405714091,-0.55555254745));
#9663 = VECTOR('',#9664,1.);
#9664 = DIRECTION('',(0.64366611054,0.765306434144));
#9665 = ( GEOMETRIC_REPRESENTATION_CONTEXT(2) 
PARAMETRIC_REPRESENTATION_CONTEXT() REPRESENTATION_CONTEXT('2D SPACE',''
  ) );
#9666 = ADVANCED_FACE('',(#9667),#6718,.T.);
#9667 = FACE_BOUND('',#9668,.T.);
#9668 = EDGE_LOOP('',(#9669,#9670,#9671));
#9669 = ORIENTED_EDGE('',*,*,#6837,.F.);
#9670 = ORIENTED_EDGE('',*,*,#6702,.T.);
#9671 = ORIENTED_EDGE('',*,*,#9672,.T.);
#9672 = EDGE_CURVE('',#6703,#6809,#9673,.T.);
#9673 = SURFACE_CURVE('',#9674,(#9678,#9685),.PCURVE_S1.);
#9674 = LINE('',#9675,#9676);
#9675 = CARTESIAN_POINT('',(161.345,43.943409889039,35.99231971507));
#9676 = VECTOR('',#9677,1.);
#9677 = DIRECTION('',(0.765306434144,-0.107818079246,-0.634571763983));
#9678 = PCURVE('',#6718,#9679);
#9679 = DEFINITIONAL_REPRESENTATION('',(#9680),#9684);
#9680 = LINE('',#9681,#9682);
#9681 = CARTESIAN_POINT('',(-0.620044970066,-2.35939278751));
#9682 = VECTOR('',#9683,1.);
#9683 = DIRECTION('',(0.994127338604,-0.108216609818));
#9684 = ( GEOMETRIC_REPRESENTATION_CONTEXT(2) 
PARAMETRIC_REPRESENTATION_CONTEXT() REPRESENTATION_CONTEXT('2D SPACE',''
  ) );
#9685 = PCURVE('',#9686,#9691);
#9686 = PLANE('',#9687);
#9687 = AXIS2_PLACEMENT_3D('',#9688,#9689,#9690);
#9688 = CARTESIAN_POINT('',(161.90055254745,43.861431386208,
    35.509828805251));
#9689 = DIRECTION('',(4.765758722025E-15,-0.985871018518,0.167506223305)
  );
#9690 = DIRECTION('',(0.,-0.167506223305,-0.985871018518));
#9691 = DEFINITIONAL_REPRESENTATION('',(#9692),#9696);
#9692 = LINE('',#9693,#9694);
#9693 = CARTESIAN_POINT('',(-0.489405714091,-0.55555254745));
#9694 = VECTOR('',#9695,1.);
#9695 = DIRECTION('',(0.64366611054,0.765306434144));
#9696 = ( GEOMETRIC_REPRESENTATION_CONTEXT(2) 
PARAMETRIC_REPRESENTATION_CONTEXT() REPRESENTATION_CONTEXT('2D SPACE',''
  ) );
#9697 = ADVANCED_FACE('',(#9698),#6793,.T.);
#9698 = FACE_BOUND('',#9699,.T.);
#9699 = EDGE_LOOP('',(#9700,#9701,#9702));
#9700 = ORIENTED_EDGE('',*,*,#6779,.F.);
#9701 = ORIENTED_EDGE('',*,*,#6861,.T.);
#9702 = ORIENTED_EDGE('',*,*,#9703,.T.);
#9703 = EDGE_CURVE('',#6862,#6756,#9704,.T.);
#9704 = SURFACE_CURVE('',#9705,(#9709,#9716),.PCURVE_S1.);
#9705 = LINE('',#9706,#9707);
#9706 = CARTESIAN_POINT('',(162.545,43.108719811122,40.904953652058));
#9707 = VECTOR('',#9708,1.);
#9708 = DIRECTION('',(-0.765306434144,0.246320356478,-0.594669945299));
#9709 = PCURVE('',#6793,#9710);
#9710 = DEFINITIONAL_REPRESENTATION('',(#9711),#9715);
#9711 = LINE('',#9712,#9713);
#9712 = CARTESIAN_POINT('',(0.281532592169,-2.423206448119));
#9713 = VECTOR('',#9714,1.);
#9714 = DIRECTION('',(0.965295989931,0.261158288828));
#9715 = ( GEOMETRIC_REPRESENTATION_CONTEXT(2) 
PARAMETRIC_REPRESENTATION_CONTEXT() REPRESENTATION_CONTEXT('2D SPACE',''
  ) );
#9716 = PCURVE('',#9717,#9722);
#9717 = PLANE('',#9718);
#9718 = AXIS2_PLACEMENT_3D('',#9719,#9720,#9721);
#9719 = CARTESIAN_POINT('',(161.75844733132,43.237168208786,
    40.594851788351));
#9720 = DIRECTION('',(-0.,-0.923879532511,-0.382683432365));
#9721 = DIRECTION('',(0.,0.382683432365,-0.923879532511));
#9722 = DEFINITIONAL_REPRESENTATION('',(#9723),#9727);
#9723 = LINE('',#9724,#9725);
#9724 = CARTESIAN_POINT('',(-0.335651838573,0.786552668676));
#9725 = VECTOR('',#9726,1.);
#9726 = DIRECTION('',(0.64366611054,-0.765306434144));
#9727 = ( GEOMETRIC_REPRESENTATION_CONTEXT(2) 
PARAMETRIC_REPRESENTATION_CONTEXT() REPRESENTATION_CONTEXT('2D SPACE',''
  ) );
#9728 = ADVANCED_FACE('',(#9729),#6824,.T.);
#9729 = FACE_BOUND('',#9730,.T.);
#9730 = EDGE_LOOP('',(#9731,#9732,#9733));
#9731 = ORIENTED_EDGE('',*,*,#6943,.F.);
#9732 = ORIENTED_EDGE('',*,*,#6808,.T.);
#9733 = ORIENTED_EDGE('',*,*,#9734,.T.);
#9734 = EDGE_CURVE('',#6809,#6915,#9735,.T.);
#9735 = SURFACE_CURVE('',#9736,(#9740,#9747),.PCURVE_S1.);
#9736 = LINE('',#9737,#9738);
#9737 = CARTESIAN_POINT('',(162.545,43.774351209636,34.997311594393));
#9738 = VECTOR('',#9739,1.);
#9739 = DIRECTION('',(-0.765306434144,-0.178189636898,-0.618509915167));
#9740 = PCURVE('',#6824,#9741);
#9741 = DEFINITIONAL_REPRESENTATION('',(#9742),#9746);
#9742 = LINE('',#9743,#9744);
#9743 = CARTESIAN_POINT('',(-0.791413306344,-2.307564748647));
#9744 = VECTOR('',#9745,1.);
#9745 = DIRECTION('',(0.983513523795,-0.180834588816));
#9746 = ( GEOMETRIC_REPRESENTATION_CONTEXT(2) 
PARAMETRIC_REPRESENTATION_CONTEXT() REPRESENTATION_CONTEXT('2D SPACE',''
  ) );
#9747 = PCURVE('',#9748,#9753);
#9748 = PLANE('',#9749);
#9749 = AXIS2_PLACEMENT_3D('',#9750,#9751,#9752);
#9750 = CARTESIAN_POINT('',(161.75844733132,43.681430861244,
    34.674777928566));
#9751 = DIRECTION('',(-0.,-0.960917321945,0.276835511425));
#9752 = DIRECTION('',(0.,-0.276835511425,-0.960917321945));
#9753 = DEFINITIONAL_REPRESENTATION('',(#9754),#9758);
#9754 = LINE('',#9755,#9756);
#9755 = CARTESIAN_POINT('',(-0.335651838573,0.786552668676));
#9756 = VECTOR('',#9757,1.);
#9757 = DIRECTION('',(0.64366611054,-0.765306434144));
#9758 = ( GEOMETRIC_REPRESENTATION_CONTEXT(2) 
PARAMETRIC_REPRESENTATION_CONTEXT() REPRESENTATION_CONTEXT('2D SPACE',''
  ) );
#9759 = ADVANCED_FACE('',(#9760),#6899,.T.);
#9760 = FACE_BOUND('',#9761,.T.);
#9761 = EDGE_LOOP('',(#9762,#9763,#9764));
#9762 = ORIENTED_EDGE('',*,*,#6885,.F.);
#9763 = ORIENTED_EDGE('',*,*,#6967,.T.);
#9764 = ORIENTED_EDGE('',*,*,#9765,.T.);
#9765 = EDGE_CURVE('',#6968,#6862,#9766,.T.);
#9766 = SURFACE_CURVE('',#9767,(#9771,#9778),.PCURVE_S1.);
#9767 = LINE('',#9768,#9769);
#9768 = CARTESIAN_POINT('',(161.345,42.620517793055,41.788288688638));
#9769 = VECTOR('',#9770,1.);
#9770 = DIRECTION('',(0.765306434144,0.311353454658,-0.563351655833));
#9771 = PCURVE('',#6899,#9772);
#9772 = DEFINITIONAL_REPRESENTATION('',(#9773),#9777);
#9773 = LINE('',#9774,#9775);
#9774 = CARTESIAN_POINT('',(0.483106237368,-2.391191848028));
#9775 = VECTOR('',#9776,1.);
#9776 = DIRECTION('',(0.940087011898,0.340934612588));
#9777 = ( GEOMETRIC_REPRESENTATION_CONTEXT(2) 
PARAMETRIC_REPRESENTATION_CONTEXT() REPRESENTATION_CONTEXT('2D SPACE',''
  ) );
#9778 = PCURVE('',#9779,#9784);
#9779 = PLANE('',#9780);
#9780 = AXIS2_PLACEMENT_3D('',#9781,#9782,#9783);
#9781 = CARTESIAN_POINT('',(161.90055254745,42.857252580418,
    41.35994934485));
#9782 = DIRECTION('',(2.392727095959E-15,-0.875223421909,-0.483718887105
    ));
#9783 = DIRECTION('',(1.972152263053E-31,0.483718887105,-0.875223421909)
  );
#9784 = DEFINITIONAL_REPRESENTATION('',(#9785),#9789);
#9785 = LINE('',#9786,#9787);
#9786 = CARTESIAN_POINT('',(-0.489405714091,-0.55555254745));
#9787 = VECTOR('',#9788,1.);
#9788 = DIRECTION('',(0.64366611054,0.765306434144));
#9789 = ( GEOMETRIC_REPRESENTATION_CONTEXT(2) 
PARAMETRIC_REPRESENTATION_CONTEXT() REPRESENTATION_CONTEXT('2D SPACE',''
  ) );
#9790 = ADVANCED_FACE('',(#9791),#6930,.T.);
#9791 = FACE_BOUND('',#9792,.T.);
#9792 = EDGE_LOOP('',(#9793,#9794,#9795));
#9793 = ORIENTED_EDGE('',*,*,#7049,.F.);
#9794 = ORIENTED_EDGE('',*,*,#6914,.T.);
#9795 = ORIENTED_EDGE('',*,*,#9796,.T.);
#9796 = EDGE_CURVE('',#6915,#7021,#9797,.T.);
#9797 = SURFACE_CURVE('',#9798,(#9802,#9809),.PCURVE_S1.);
#9798 = LINE('',#9799,#9800);
#9799 = CARTESIAN_POINT('',(161.345,43.494949972775,34.027488442403));
#9800 = VECTOR('',#9801,1.);
#9801 = DIRECTION('',(0.765306434144,-0.246320356478,-0.594669945299));
#9802 = PCURVE('',#6930,#9803);
#9803 = DEFINITIONAL_REPRESENTATION('',(#9804),#9808);
#9804 = LINE('',#9805,#9806);
#9805 = CARTESIAN_POINT('',(-0.963433493429,-2.241201908441));
#9806 = VECTOR('',#9807,1.);
#9807 = DIRECTION('',(0.967046792865,-0.254598704649));
#9808 = ( GEOMETRIC_REPRESENTATION_CONTEXT(2) 
PARAMETRIC_REPRESENTATION_CONTEXT() REPRESENTATION_CONTEXT('2D SPACE',''
  ) );
#9809 = PCURVE('',#9810,#9815);
#9810 = PLANE('',#9811);
#9811 = AXIS2_PLACEMENT_3D('',#9812,#9813,#9814);
#9812 = CARTESIAN_POINT('',(161.90055254745,43.307662514288,
    33.575336520061));
#9813 = DIRECTION('',(-8.155918274279E-15,-0.923879532511,0.382683432365
    ));
#9814 = DIRECTION('',(0.,-0.382683432365,-0.923879532511));
#9815 = DEFINITIONAL_REPRESENTATION('',(#9816),#9820);
#9816 = LINE('',#9817,#9818);
#9817 = CARTESIAN_POINT('',(-0.489405714091,-0.55555254745));
#9818 = VECTOR('',#9819,1.);
#9819 = DIRECTION('',(0.64366611054,0.765306434144));
#9820 = ( GEOMETRIC_REPRESENTATION_CONTEXT(2) 
PARAMETRIC_REPRESENTATION_CONTEXT() REPRESENTATION_CONTEXT('2D SPACE',''
  ) );
#9821 = ADVANCED_FACE('',(#9822),#7005,.T.);
#9822 = FACE_BOUND('',#9823,.T.);
#9823 = EDGE_LOOP('',(#9824,#9825,#9826));
#9824 = ORIENTED_EDGE('',*,*,#6991,.F.);
#9825 = ORIENTED_EDGE('',*,*,#7073,.T.);
#9826 = ORIENTED_EDGE('',*,*,#9827,.T.);
#9827 = EDGE_CURVE('',#7074,#6968,#9828,.T.);
#9828 = SURFACE_CURVE('',#9829,(#9833,#9840),.PCURVE_S1.);
#9829 = LINE('',#9830,#9831);
#9830 = CARTESIAN_POINT('',(162.545,42.036483342212,42.611408216729));
#9831 = VECTOR('',#9832,1.);
#9832 = DIRECTION('',(-0.765306434144,0.372471102493,-0.524948892431));
#9833 = PCURVE('',#7005,#9834);
#9834 = DEFINITIONAL_REPRESENTATION('',(#9835),#9839);
#9835 = LINE('',#9836,#9837);
#9836 = CARTESIAN_POINT('',(-0.695721729115,2.338196177889));
#9837 = VECTOR('',#9838,1.);
#9838 = DIRECTION('',(-0.905702280012,-0.423914354535));
#9839 = ( GEOMETRIC_REPRESENTATION_CONTEXT(2) 
PARAMETRIC_REPRESENTATION_CONTEXT() REPRESENTATION_CONTEXT('2D SPACE',''
  ) );
#9840 = PCURVE('',#9841,#9846);
#9841 = PLANE('',#9842);
#9842 = AXIS2_PLACEMENT_3D('',#9843,#9844,#9845);
#9843 = CARTESIAN_POINT('',(161.75844733132,42.230715426704,
    42.337663711594));
#9844 = DIRECTION('',(-0.,-0.815560868959,-0.57867129618));
#9845 = DIRECTION('',(0.,0.57867129618,-0.815560868959));
#9846 = DEFINITIONAL_REPRESENTATION('',(#9847),#9851);
#9847 = LINE('',#9848,#9849);
#9848 = CARTESIAN_POINT('',(-0.335651838573,0.786552668676));
#9849 = VECTOR('',#9850,1.);
#9850 = DIRECTION('',(0.64366611054,-0.765306434144));
#9851 = ( GEOMETRIC_REPRESENTATION_CONTEXT(2) 
PARAMETRIC_REPRESENTATION_CONTEXT() REPRESENTATION_CONTEXT('2D SPACE',''
  ) );
#9852 = ADVANCED_FACE('',(#9853),#7036,.T.);
#9853 = FACE_BOUND('',#9854,.T.);
#9854 = EDGE_LOOP('',(#9855,#9856,#9857));
#9855 = ORIENTED_EDGE('',*,*,#7155,.F.);
#9856 = ORIENTED_EDGE('',*,*,#7020,.T.);
#9857 = ORIENTED_EDGE('',*,*,#9858,.T.);
#9858 = EDGE_CURVE('',#7021,#7127,#9859,.T.);
#9859 = SURFACE_CURVE('',#9860,(#9864,#9871),.PCURVE_S1.);
#9860 = LINE('',#9861,#9862);
#9861 = CARTESIAN_POINT('',(162.545,43.108719811122,33.095046347942));
#9862 = VECTOR('',#9863,1.);
#9863 = DIRECTION('',(-0.765306434144,-0.311353454658,-0.563351655833));
#9864 = PCURVE('',#7036,#9865);
#9865 = DEFINITIONAL_REPRESENTATION('',(#9866),#9870);
#9866 = LINE('',#9867,#9868);
#9867 = CARTESIAN_POINT('',(-1.137269724289,-2.158195464937));
#9868 = VECTOR('',#9869,1.);
#9869 = DIRECTION('',(0.943942864544,-0.330108873671));
#9870 = ( GEOMETRIC_REPRESENTATION_CONTEXT(2) 
PARAMETRIC_REPRESENTATION_CONTEXT() REPRESENTATION_CONTEXT('2D SPACE',''
  ) );
#9871 = PCURVE('',#9872,#9877);
#9872 = PLANE('',#9873);
#9873 = AXIS2_PLACEMENT_3D('',#9874,#9875,#9876);
#9874 = CARTESIAN_POINT('',(161.75844733132,42.946358677313,
    32.801275997216));
#9875 = DIRECTION('',(-1.312375002378E-16,-0.875223421909,0.483718887105
    ));
#9876 = DIRECTION('',(0.,-0.483718887105,-0.875223421909));
#9877 = DEFINITIONAL_REPRESENTATION('',(#9878),#9882);
#9878 = LINE('',#9879,#9880);
#9879 = CARTESIAN_POINT('',(-0.335651838573,0.786552668676));
#9880 = VECTOR('',#9881,1.);
#9881 = DIRECTION('',(0.64366611054,-0.765306434144));
#9882 = ( GEOMETRIC_REPRESENTATION_CONTEXT(2) 
PARAMETRIC_REPRESENTATION_CONTEXT() REPRESENTATION_CONTEXT('2D SPACE',''
  ) );
#9883 = ADVANCED_FACE('',(#9884),#7111,.T.);
#9884 = FACE_BOUND('',#9885,.T.);
#9885 = EDGE_LOOP('',(#9886,#9887,#9888));
#9886 = ORIENTED_EDGE('',*,*,#7097,.F.);
#9887 = ORIENTED_EDGE('',*,*,#7179,.T.);
#9888 = ORIENTED_EDGE('',*,*,#9889,.T.);
#9889 = EDGE_CURVE('',#7180,#7074,#9890,.T.);
#9890 = SURFACE_CURVE('',#9891,(#9895,#9902),.PCURVE_S1.);
#9891 = LINE('',#9892,#9893);
#9892 = CARTESIAN_POINT('',(161.345,41.363961030679,43.363961030679));
#9893 = VECTOR('',#9894,1.);
#9894 = DIRECTION('',(0.765306434144,0.428904710102,-0.479944592125));
#9895 = PCURVE('',#7111,#9896);
#9896 = DEFINITIONAL_REPRESENTATION('',(#9897),#9901);
#9897 = LINE('',#9898,#9899);
#9898 = CARTESIAN_POINT('',(-0.920320823046,2.25924759009));
#9899 = VECTOR('',#9900,1.);
#9900 = DIRECTION('',(-0.86006904816,-0.510177647881));
#9901 = ( GEOMETRIC_REPRESENTATION_CONTEXT(2) 
PARAMETRIC_REPRESENTATION_CONTEXT() REPRESENTATION_CONTEXT('2D SPACE',''
  ) );
#9902 = PCURVE('',#9903,#9908);
#9903 = PLANE('',#9904);
#9904 = AXIS2_PLACEMENT_3D('',#9905,#9906,#9907);
#9905 = CARTESIAN_POINT('',(161.90055254745,41.690074853494,
    42.999039494518));
#9906 = DIRECTION('',(2.699496346812E-15,-0.745642164883,-0.666346577952
    ));
#9907 = DIRECTION('',(0.,0.666346577952,-0.745642164883));
#9908 = DEFINITIONAL_REPRESENTATION('',(#9909),#9913);
#9909 = LINE('',#9910,#9911);
#9910 = CARTESIAN_POINT('',(-0.489405714091,-0.55555254745));
#9911 = VECTOR('',#9912,1.);
#9912 = DIRECTION('',(0.64366611054,0.765306434144));
#9913 = ( GEOMETRIC_REPRESENTATION_CONTEXT(2) 
PARAMETRIC_REPRESENTATION_CONTEXT() REPRESENTATION_CONTEXT('2D SPACE',''
  ) );
#9914 = ADVANCED_FACE('',(#9915),#7142,.T.);
#9915 = FACE_BOUND('',#9916,.T.);
#9916 = EDGE_LOOP('',(#9917,#9918,#9919));
#9917 = ORIENTED_EDGE('',*,*,#7261,.F.);
#9918 = ORIENTED_EDGE('',*,*,#7126,.T.);
#9919 = ORIENTED_EDGE('',*,*,#9920,.T.);
#9920 = EDGE_CURVE('',#7127,#7233,#9921,.T.);
#9921 = SURFACE_CURVE('',#9922,(#9926,#9933),.PCURVE_S1.);
#9922 = LINE('',#9923,#9924);
#9923 = CARTESIAN_POINT('',(161.345,42.620517793055,32.211711311362));
#9924 = VECTOR('',#9925,1.);
#9925 = DIRECTION('',(0.765306434144,-0.372471102493,-0.524948892431));
#9926 = PCURVE('',#7142,#9927);
#9927 = DEFINITIONAL_REPRESENTATION('',(#9928),#9932);
#9928 = LINE('',#9929,#9930);
#9929 = CARTESIAN_POINT('',(-1.313695782279,-2.055576192283));
#9930 = VECTOR('',#9931,1.);
#9931 = DIRECTION('',(0.913044950876,-0.407858943361));
#9932 = ( GEOMETRIC_REPRESENTATION_CONTEXT(2) 
PARAMETRIC_REPRESENTATION_CONTEXT() REPRESENTATION_CONTEXT('2D SPACE',''
  ) );
#9933 = PCURVE('',#9934,#9939);
#9934 = PLANE('',#9935);
#9935 = AXIS2_PLACEMENT_3D('',#9936,#9937,#9938);
#9936 = CARTESIAN_POINT('',(161.90055254745,42.337312754124,
    31.812571161904));
#9937 = DIRECTION('',(3.366671310149E-14,-0.815560868959,0.57867129618)
  );
#9938 = DIRECTION('',(3.155443620884E-30,-0.57867129618,-0.815560868959)
  );
#9939 = DEFINITIONAL_REPRESENTATION('',(#9940),#9944);
#9940 = LINE('',#9941,#9942);
#9941 = CARTESIAN_POINT('',(-0.489405714091,-0.55555254745));
#9942 = VECTOR('',#9943,1.);
#9943 = DIRECTION('',(0.64366611054,0.765306434144));
#9944 = ( GEOMETRIC_REPRESENTATION_CONTEXT(2) 
PARAMETRIC_REPRESENTATION_CONTEXT() REPRESENTATION_CONTEXT('2D SPACE',''
  ) );
#9945 = ADVANCED_FACE('',(#9946),#7217,.T.);
#9946 = FACE_BOUND('',#9947,.T.);
#9947 = EDGE_LOOP('',(#9948,#9949,#9950));
#9948 = ORIENTED_EDGE('',*,*,#7203,.F.);
#9949 = ORIENTED_EDGE('',*,*,#7285,.T.);
#9950 = ORIENTED_EDGE('',*,*,#9951,.T.);
#9951 = EDGE_CURVE('',#7286,#7180,#9952,.T.);
#9952 = SURFACE_CURVE('',#9953,(#9957,#9964),.PCURVE_S1.);
#9953 = LINE('',#9954,#9955);
#9954 = CARTESIAN_POINT('',(162.545,40.611408216729,44.036483342212));
#9955 = VECTOR('',#9956,1.);
#9956 = DIRECTION('',(-0.765306434144,0.479944592125,-0.428904710102));
#9957 = PCURVE('',#7217,#9958);
#9958 = DEFINITIONAL_REPRESENTATION('',(#9959),#9963);
#9959 = LINE('',#9960,#9961);
#9960 = CARTESIAN_POINT('',(-1.492845528009,-1.929404654333));
#9961 = VECTOR('',#9962,1.);
#9962 = DIRECTION('',(0.872764110603,-0.488142199819));
#9963 = ( GEOMETRIC_REPRESENTATION_CONTEXT(2) 
PARAMETRIC_REPRESENTATION_CONTEXT() REPRESENTATION_CONTEXT('2D SPACE',''
  ) );
#9964 = PCURVE('',#9965,#9970);
#9965 = PLANE('',#9966);
#9966 = AXIS2_PLACEMENT_3D('',#9967,#9968,#9969);
#9967 = CARTESIAN_POINT('',(161.75844733132,40.861684380289,
    43.812822888196));
#9968 = DIRECTION('',(1.897586461219E-16,-0.666346577952,-0.745642164883
    ));
#9969 = DIRECTION('',(-1.232595164408E-32,-0.745642164883,0.666346577952
    ));
#9970 = DEFINITIONAL_REPRESENTATION('',(#9971),#9975);
#9971 = LINE('',#9972,#9973);
#9972 = CARTESIAN_POINT('',(0.335651838573,-0.786552668676));
#9973 = VECTOR('',#9974,1.);
#9974 = DIRECTION('',(-0.64366611054,0.765306434144));
#9975 = ( GEOMETRIC_REPRESENTATION_CONTEXT(2) 
PARAMETRIC_REPRESENTATION_CONTEXT() REPRESENTATION_CONTEXT('2D SPACE',''
  ) );
#9976 = ADVANCED_FACE('',(#9977),#7248,.T.);
#9977 = FACE_BOUND('',#9978,.T.);
#9978 = EDGE_LOOP('',(#9979,#9980,#9981));
#9979 = ORIENTED_EDGE('',*,*,#7367,.F.);
#9980 = ORIENTED_EDGE('',*,*,#7232,.T.);
#9981 = ORIENTED_EDGE('',*,*,#9982,.T.);
#9982 = EDGE_CURVE('',#7233,#7339,#9983,.T.);
#9983 = SURFACE_CURVE('',#9984,(#9988,#9995),.PCURVE_S1.);
#9984 = LINE('',#9985,#9986);
#9985 = CARTESIAN_POINT('',(162.545,42.036483342212,31.388591783271));
#9986 = VECTOR('',#9987,1.);
#9987 = DIRECTION('',(-0.765306434144,-0.428904710102,-0.479944592125));
#9988 = PCURVE('',#7248,#9989);
#9989 = DEFINITIONAL_REPRESENTATION('',(#9990),#9994);
#9990 = LINE('',#9991,#9992);
#9991 = CARTESIAN_POINT('',(1.492845528009,1.929404654333));
#9992 = VECTOR('',#9993,1.);
#9993 = DIRECTION('',(-0.872764110603,0.488142199819));
#9994 = ( GEOMETRIC_REPRESENTATION_CONTEXT(2) 
PARAMETRIC_REPRESENTATION_CONTEXT() REPRESENTATION_CONTEXT('2D SPACE',''
  ) );
#9995 = PCURVE('',#9996,#10001);
#9996 = PLANE('',#9997);
#9997 = AXIS2_PLACEMENT_3D('',#9998,#9999,#10000);
#9998 = CARTESIAN_POINT('',(161.75844733132,41.812822888196,
    31.138315619711));
#9999 = DIRECTION('',(0.,-0.745642164883,0.666346577952));
#10000 = DIRECTION('',(0.,-0.666346577952,-0.745642164883));
#10001 = DEFINITIONAL_REPRESENTATION('',(#10002),#10006);
#10002 = LINE('',#10003,#10004);
#10003 = CARTESIAN_POINT('',(-0.335651838573,0.786552668676));
#10004 = VECTOR('',#10005,1.);
#10005 = DIRECTION('',(0.64366611054,-0.765306434144));
#10006 = ( GEOMETRIC_REPRESENTATION_CONTEXT(2) 
PARAMETRIC_REPRESENTATION_CONTEXT() REPRESENTATION_CONTEXT('2D SPACE',''
  ) );
#10007 = ADVANCED_FACE('',(#10008),#7323,.T.);
#10008 = FACE_BOUND('',#10009,.T.);
#10009 = EDGE_LOOP('',(#10010,#10011,#10012));
#10010 = ORIENTED_EDGE('',*,*,#7309,.F.);
#10011 = ORIENTED_EDGE('',*,*,#7391,.T.);
#10012 = ORIENTED_EDGE('',*,*,#10013,.T.);
#10013 = EDGE_CURVE('',#7392,#7286,#10014,.T.);
#10014 = SURFACE_CURVE('',#10015,(#10019,#10026),.PCURVE_S1.);
#10015 = LINE('',#10016,#10017);
#10016 = CARTESIAN_POINT('',(161.345,39.788288688638,44.620517793055));
#10017 = VECTOR('',#10018,1.);
#10018 = DIRECTION('',(0.765306434144,0.524948892431,-0.372471102493));
#10019 = PCURVE('',#7323,#10020);
#10020 = DEFINITIONAL_REPRESENTATION('',(#10021),#10025);
#10021 = LINE('',#10022,#10023);
#10022 = CARTESIAN_POINT('',(1.313695782279,2.055576192283));
#10023 = VECTOR('',#10024,1.);
#10024 = DIRECTION('',(-0.913044950876,0.407858943361));
#10025 = ( GEOMETRIC_REPRESENTATION_CONTEXT(2) 
PARAMETRIC_REPRESENTATION_CONTEXT() REPRESENTATION_CONTEXT('2D SPACE',''
  ) );
#10026 = PCURVE('',#10027,#10032);
#10027 = PLANE('',#10028);
#10028 = AXIS2_PLACEMENT_3D('',#10029,#10030,#10031);
#10029 = CARTESIAN_POINT('',(161.90055254745,40.187428838096,
    44.337312754124));
#10030 = DIRECTION('',(5.94030251744E-15,-0.57867129618,-0.815560868959)
  );
#10031 = DIRECTION('',(0.,-0.815560868959,0.57867129618));
#10032 = DEFINITIONAL_REPRESENTATION('',(#10033),#10037);
#10033 = LINE('',#10034,#10035);
#10034 = CARTESIAN_POINT('',(0.489405714091,0.55555254745));
#10035 = VECTOR('',#10036,1.);
#10036 = DIRECTION('',(-0.64366611054,-0.765306434144));
#10037 = ( GEOMETRIC_REPRESENTATION_CONTEXT(2) 
PARAMETRIC_REPRESENTATION_CONTEXT() REPRESENTATION_CONTEXT('2D SPACE',''
  ) );
#10038 = ADVANCED_FACE('',(#10039),#7354,.T.);
#10039 = FACE_BOUND('',#10040,.T.);
#10040 = EDGE_LOOP('',(#10041,#10042,#10043));
#10041 = ORIENTED_EDGE('',*,*,#7473,.F.);
#10042 = ORIENTED_EDGE('',*,*,#7338,.T.);
#10043 = ORIENTED_EDGE('',*,*,#10044,.T.);
#10044 = EDGE_CURVE('',#7339,#7445,#10045,.T.);
#10045 = SURFACE_CURVE('',#10046,(#10050,#10057),.PCURVE_S1.);
#10046 = LINE('',#10047,#10048);
#10047 = CARTESIAN_POINT('',(161.345,41.363961030679,30.636038969321));
#10048 = VECTOR('',#10049,1.);
#10049 = DIRECTION('',(0.765306434144,-0.479944592125,-0.428904710102));
#10050 = PCURVE('',#7354,#10051);
#10051 = DEFINITIONAL_REPRESENTATION('',(#10052),#10056);
#10052 = LINE('',#10053,#10054);
#10053 = CARTESIAN_POINT('',(-0.920320823046,2.25924759009));
#10054 = VECTOR('',#10055,1.);
#10055 = DIRECTION('',(-0.86006904816,-0.510177647881));
#10056 = ( GEOMETRIC_REPRESENTATION_CONTEXT(2) 
PARAMETRIC_REPRESENTATION_CONTEXT() REPRESENTATION_CONTEXT('2D SPACE',''
  ) );
#10057 = PCURVE('',#10058,#10063);
#10058 = PLANE('',#10059);
#10059 = AXIS2_PLACEMENT_3D('',#10060,#10061,#10062);
#10060 = CARTESIAN_POINT('',(161.90055254745,40.999039494518,
    30.309925146506));
#10061 = DIRECTION('',(1.37228580602E-14,-0.666346577952,0.745642164883)
  );
#10062 = DIRECTION('',(-7.88860905221E-31,0.745642164883,0.666346577952)
  );
#10063 = DEFINITIONAL_REPRESENTATION('',(#10064),#10068);
#10064 = LINE('',#10065,#10066);
#10065 = CARTESIAN_POINT('',(0.489405714091,0.55555254745));
#10066 = VECTOR('',#10067,1.);
#10067 = DIRECTION('',(-0.64366611054,-0.765306434144));
#10068 = ( GEOMETRIC_REPRESENTATION_CONTEXT(2) 
PARAMETRIC_REPRESENTATION_CONTEXT() REPRESENTATION_CONTEXT('2D SPACE',''
  ) );
#10069 = ADVANCED_FACE('',(#10070),#7429,.T.);
#10070 = FACE_BOUND('',#10071,.T.);
#10071 = EDGE_LOOP('',(#10072,#10073,#10074));
#10072 = ORIENTED_EDGE('',*,*,#7415,.F.);
#10073 = ORIENTED_EDGE('',*,*,#7497,.T.);
#10074 = ORIENTED_EDGE('',*,*,#10075,.T.);
#10075 = EDGE_CURVE('',#7498,#7392,#10076,.T.);
#10076 = SURFACE_CURVE('',#10077,(#10081,#10088),.PCURVE_S1.);
#10077 = LINE('',#10078,#10079);
#10078 = CARTESIAN_POINT('',(162.545,38.904953652058,45.108719811122));
#10079 = VECTOR('',#10080,1.);
#10080 = DIRECTION('',(-0.765306434144,0.563351655833,-0.311353454658));
#10081 = PCURVE('',#7429,#10082);
#10082 = DEFINITIONAL_REPRESENTATION('',(#10083),#10087);
#10083 = LINE('',#10084,#10085);
#10084 = CARTESIAN_POINT('',(1.137269724289,2.158195464937));
#10085 = VECTOR('',#10086,1.);
#10086 = DIRECTION('',(-0.943942864544,0.330108873671));
#10087 = ( GEOMETRIC_REPRESENTATION_CONTEXT(2) 
PARAMETRIC_REPRESENTATION_CONTEXT() REPRESENTATION_CONTEXT('2D SPACE',''
  ) );
#10088 = PCURVE('',#10089,#10094);
#10089 = PLANE('',#10090);
#10090 = AXIS2_PLACEMENT_3D('',#10091,#10092,#10093);
#10091 = CARTESIAN_POINT('',(161.75844733132,39.198724002784,
    44.946358677313));
#10092 = DIRECTION('',(-0.,-0.483718887105,-0.875223421909));
#10093 = DIRECTION('',(0.,-0.875223421909,0.483718887105));
#10094 = DEFINITIONAL_REPRESENTATION('',(#10095),#10099);
#10095 = LINE('',#10096,#10097);
#10096 = CARTESIAN_POINT('',(0.335651838573,-0.786552668676));
#10097 = VECTOR('',#10098,1.);
#10098 = DIRECTION('',(-0.64366611054,0.765306434144));
#10099 = ( GEOMETRIC_REPRESENTATION_CONTEXT(2) 
PARAMETRIC_REPRESENTATION_CONTEXT() REPRESENTATION_CONTEXT('2D SPACE',''
  ) );
#10100 = ADVANCED_FACE('',(#10101),#7460,.T.);
#10101 = FACE_BOUND('',#10102,.T.);
#10102 = EDGE_LOOP('',(#10103,#10104,#10105));
#10103 = ORIENTED_EDGE('',*,*,#7579,.F.);
#10104 = ORIENTED_EDGE('',*,*,#7444,.T.);
#10105 = ORIENTED_EDGE('',*,*,#10106,.T.);
#10106 = EDGE_CURVE('',#7445,#7551,#10107,.T.);
#10107 = SURFACE_CURVE('',#10108,(#10112,#10119),.PCURVE_S1.);
#10108 = LINE('',#10109,#10110);
#10109 = CARTESIAN_POINT('',(162.545,40.611408216729,29.963516657788));
#10110 = VECTOR('',#10111,1.);
#10111 = DIRECTION('',(-0.765306434144,-0.524948892431,-0.372471102493)
  );
#10112 = PCURVE('',#7460,#10113);
#10113 = DEFINITIONAL_REPRESENTATION('',(#10114),#10118);
#10114 = LINE('',#10115,#10116);
#10115 = CARTESIAN_POINT('',(-0.695721729115,2.338196177889));
#10116 = VECTOR('',#10117,1.);
#10117 = DIRECTION('',(-0.905702280012,-0.423914354535));
#10118 = ( GEOMETRIC_REPRESENTATION_CONTEXT(2) 
PARAMETRIC_REPRESENTATION_CONTEXT() REPRESENTATION_CONTEXT('2D SPACE',''
  ) );
#10119 = PCURVE('',#10120,#10125);
#10120 = PLANE('',#10121);
#10121 = AXIS2_PLACEMENT_3D('',#10122,#10123,#10124);
#10122 = CARTESIAN_POINT('',(161.75844733132,40.337663711594,
    29.769284573296));
#10123 = DIRECTION('',(-1.160066505686E-16,-0.57867129618,0.815560868959
    ));
#10124 = DIRECTION('',(6.162975822039E-33,0.815560868959,0.57867129618)
  );
#10125 = DEFINITIONAL_REPRESENTATION('',(#10126),#10130);
#10126 = LINE('',#10127,#10128);
#10127 = CARTESIAN_POINT('',(0.335651838573,-0.786552668676));
#10128 = VECTOR('',#10129,1.);
#10129 = DIRECTION('',(-0.64366611054,0.765306434144));
#10130 = ( GEOMETRIC_REPRESENTATION_CONTEXT(2) 
PARAMETRIC_REPRESENTATION_CONTEXT() REPRESENTATION_CONTEXT('2D SPACE',''
  ) );
#10131 = ADVANCED_FACE('',(#10132),#7535,.T.);
#10132 = FACE_BOUND('',#10133,.T.);
#10133 = EDGE_LOOP('',(#10134,#10135,#10136));
#10134 = ORIENTED_EDGE('',*,*,#7521,.F.);
#10135 = ORIENTED_EDGE('',*,*,#7603,.T.);
#10136 = ORIENTED_EDGE('',*,*,#10137,.T.);
#10137 = EDGE_CURVE('',#7604,#7498,#10138,.T.);
#10138 = SURFACE_CURVE('',#10139,(#10143,#10150),.PCURVE_S1.);
#10139 = LINE('',#10140,#10141);
#10140 = CARTESIAN_POINT('',(161.345,37.972511557597,45.494949972775));
#10141 = VECTOR('',#10142,1.);
#10142 = DIRECTION('',(0.765306434144,0.594669945299,-0.246320356478));
#10143 = PCURVE('',#7535,#10144);
#10144 = DEFINITIONAL_REPRESENTATION('',(#10145),#10149);
#10145 = LINE('',#10146,#10147);
#10146 = CARTESIAN_POINT('',(0.963433493429,2.241201908441));
#10147 = VECTOR('',#10148,1.);
#10148 = DIRECTION('',(-0.967046792865,0.254598704649));
#10149 = ( GEOMETRIC_REPRESENTATION_CONTEXT(2) 
PARAMETRIC_REPRESENTATION_CONTEXT() REPRESENTATION_CONTEXT('2D SPACE',''
  ) );
#10150 = PCURVE('',#10151,#10156);
#10151 = PLANE('',#10152);
#10152 = AXIS2_PLACEMENT_3D('',#10153,#10154,#10155);
#10153 = CARTESIAN_POINT('',(161.90055254745,38.424663479939,
    45.307662514288));
#10154 = DIRECTION('',(-2.13419432562E-14,-0.382683432365,
    -0.923879532511));
#10155 = DIRECTION('',(0.,-0.923879532511,0.382683432365));
#10156 = DEFINITIONAL_REPRESENTATION('',(#10157),#10161);
#10157 = LINE('',#10158,#10159);
#10158 = CARTESIAN_POINT('',(0.489405714091,0.55555254745));
#10159 = VECTOR('',#10160,1.);
#10160 = DIRECTION('',(-0.64366611054,-0.765306434144));
#10161 = ( GEOMETRIC_REPRESENTATION_CONTEXT(2) 
PARAMETRIC_REPRESENTATION_CONTEXT() REPRESENTATION_CONTEXT('2D SPACE',''
  ) );
#10162 = ADVANCED_FACE('',(#10163),#7566,.T.);
#10163 = FACE_BOUND('',#10164,.T.);
#10164 = EDGE_LOOP('',(#10165,#10166,#10167));
#10165 = ORIENTED_EDGE('',*,*,#7685,.F.);
#10166 = ORIENTED_EDGE('',*,*,#7550,.T.);
#10167 = ORIENTED_EDGE('',*,*,#10168,.T.);
#10168 = EDGE_CURVE('',#7551,#7657,#10169,.T.);
#10169 = SURFACE_CURVE('',#10170,(#10174,#10181),.PCURVE_S1.);
#10170 = LINE('',#10171,#10172);
#10171 = CARTESIAN_POINT('',(161.345,39.788288688638,29.379482206945));
#10172 = VECTOR('',#10173,1.);
#10173 = DIRECTION('',(0.765306434144,-0.563351655833,-0.311353454658));
#10174 = PCURVE('',#7566,#10175);
#10175 = DEFINITIONAL_REPRESENTATION('',(#10176),#10180);
#10176 = LINE('',#10177,#10178);
#10177 = CARTESIAN_POINT('',(0.483106237368,-2.391191848028));
#10178 = VECTOR('',#10179,1.);
#10179 = DIRECTION('',(0.940087011898,0.340934612588));
#10180 = ( GEOMETRIC_REPRESENTATION_CONTEXT(2) 
PARAMETRIC_REPRESENTATION_CONTEXT() REPRESENTATION_CONTEXT('2D SPACE',''
  ) );
#10181 = PCURVE('',#10182,#10187);
#10182 = PLANE('',#10183);
#10183 = AXIS2_PLACEMENT_3D('',#10184,#10185,#10186);
#10184 = CARTESIAN_POINT('',(161.90055254745,39.35994934485,
    29.142747419582));
#10185 = DIRECTION('',(-2.095930333098E-14,-0.483718887105,
    0.875223421909));
#10186 = DIRECTION('',(0.,0.875223421909,0.483718887105));
#10187 = DEFINITIONAL_REPRESENTATION('',(#10188),#10192);
#10188 = LINE('',#10189,#10190);
#10189 = CARTESIAN_POINT('',(0.489405714091,0.55555254745));
#10190 = VECTOR('',#10191,1.);
#10191 = DIRECTION('',(-0.64366611054,-0.765306434144));
#10192 = ( GEOMETRIC_REPRESENTATION_CONTEXT(2) 
PARAMETRIC_REPRESENTATION_CONTEXT() REPRESENTATION_CONTEXT('2D SPACE',''
  ) );
#10193 = ADVANCED_FACE('',(#10194),#7641,.T.);
#10194 = FACE_BOUND('',#10195,.T.);
#10195 = EDGE_LOOP('',(#10196,#10197,#10198));
#10196 = ORIENTED_EDGE('',*,*,#7627,.F.);
#10197 = ORIENTED_EDGE('',*,*,#7709,.T.);
#10198 = ORIENTED_EDGE('',*,*,#10199,.T.);
#10199 = EDGE_CURVE('',#7710,#7604,#10200,.T.);
#10200 = SURFACE_CURVE('',#10201,(#10205,#10212),.PCURVE_S1.);
#10201 = LINE('',#10202,#10203);
#10202 = CARTESIAN_POINT('',(162.545,37.002688405607,45.774351209636));
#10203 = VECTOR('',#10204,1.);
#10204 = DIRECTION('',(-0.765306434144,0.618509915167,-0.178189636898));
#10205 = PCURVE('',#7641,#10206);
#10206 = DEFINITIONAL_REPRESENTATION('',(#10207),#10211);
#10207 = LINE('',#10208,#10209);
#10208 = CARTESIAN_POINT('',(0.791413306344,2.307564748647));
#10209 = VECTOR('',#10210,1.);
#10210 = DIRECTION('',(-0.983513523795,0.180834588816));
#10211 = ( GEOMETRIC_REPRESENTATION_CONTEXT(2) 
PARAMETRIC_REPRESENTATION_CONTEXT() REPRESENTATION_CONTEXT('2D SPACE',''
  ) );
#10212 = PCURVE('',#10213,#10218);
#10213 = PLANE('',#10214);
#10214 = AXIS2_PLACEMENT_3D('',#10215,#10216,#10217);
#10215 = CARTESIAN_POINT('',(161.75844733132,37.325222071434,
    45.681430861244));
#10216 = DIRECTION('',(-0.,-0.276835511425,-0.960917321945));
#10217 = DIRECTION('',(0.,-0.960917321945,0.276835511425));
#10218 = DEFINITIONAL_REPRESENTATION('',(#10219),#10223);
#10219 = LINE('',#10220,#10221);
#10220 = CARTESIAN_POINT('',(0.335651838573,-0.786552668676));
#10221 = VECTOR('',#10222,1.);
#10222 = DIRECTION('',(-0.64366611054,0.765306434144));
#10223 = ( GEOMETRIC_REPRESENTATION_CONTEXT(2) 
PARAMETRIC_REPRESENTATION_CONTEXT() REPRESENTATION_CONTEXT('2D SPACE',''
  ) );
#10224 = ADVANCED_FACE('',(#10225),#7672,.T.);
#10225 = FACE_BOUND('',#10226,.T.);
#10226 = EDGE_LOOP('',(#10227,#10228,#10229));
#10227 = ORIENTED_EDGE('',*,*,#7791,.F.);
#10228 = ORIENTED_EDGE('',*,*,#7656,.T.);
#10229 = ORIENTED_EDGE('',*,*,#10230,.T.);
#10230 = EDGE_CURVE('',#7657,#7763,#10231,.T.);
#10231 = SURFACE_CURVE('',#10232,(#10236,#10243),.PCURVE_S1.);
#10232 = LINE('',#10233,#10234);
#10233 = CARTESIAN_POINT('',(162.545,38.904953652058,28.891280188878));
#10234 = VECTOR('',#10235,1.);
#10235 = DIRECTION('',(-0.765306434144,-0.594669945299,-0.246320356478)
  );
#10236 = PCURVE('',#7672,#10237);
#10237 = DEFINITIONAL_REPRESENTATION('',(#10238),#10242);
#10238 = LINE('',#10239,#10240);
#10239 = CARTESIAN_POINT('',(0.281532592169,-2.423206448119));
#10240 = VECTOR('',#10241,1.);
#10241 = DIRECTION('',(0.965295989931,0.261158288828));
#10242 = ( GEOMETRIC_REPRESENTATION_CONTEXT(2) 
PARAMETRIC_REPRESENTATION_CONTEXT() REPRESENTATION_CONTEXT('2D SPACE',''
  ) );
#10243 = PCURVE('',#10244,#10249);
#10244 = PLANE('',#10245);
#10245 = AXIS2_PLACEMENT_3D('',#10246,#10247,#10248);
#10246 = CARTESIAN_POINT('',(161.75844733132,38.594851788351,
    28.762831791214));
#10247 = DIRECTION('',(0.,-0.382683432365,0.923879532511));
#10248 = DIRECTION('',(0.,0.923879532511,0.382683432365));
#10249 = DEFINITIONAL_REPRESENTATION('',(#10250),#10254);
#10250 = LINE('',#10251,#10252);
#10251 = CARTESIAN_POINT('',(0.335651838573,-0.786552668676));
#10252 = VECTOR('',#10253,1.);
#10253 = DIRECTION('',(-0.64366611054,0.765306434144));
#10254 = ( GEOMETRIC_REPRESENTATION_CONTEXT(2) 
PARAMETRIC_REPRESENTATION_CONTEXT() REPRESENTATION_CONTEXT('2D SPACE',''
  ) );
#10255 = ADVANCED_FACE('',(#10256),#7747,.T.);
#10256 = FACE_BOUND('',#10257,.T.);
#10257 = EDGE_LOOP('',(#10258,#10259,#10260));
#10258 = ORIENTED_EDGE('',*,*,#7733,.F.);
#10259 = ORIENTED_EDGE('',*,*,#7815,.T.);
#10260 = ORIENTED_EDGE('',*,*,#10261,.T.);
#10261 = EDGE_CURVE('',#7816,#7710,#10262,.T.);
#10262 = SURFACE_CURVE('',#10263,(#10267,#10274),.PCURVE_S1.);
#10263 = LINE('',#10264,#10265);
#10264 = CARTESIAN_POINT('',(161.345,36.00768028493,45.943409889039));
#10265 = VECTOR('',#10266,1.);
#10266 = DIRECTION('',(0.765306434144,0.634571763983,-0.107818079246));
#10267 = PCURVE('',#7747,#10268);
#10268 = DEFINITIONAL_REPRESENTATION('',(#10269),#10273);
#10269 = LINE('',#10270,#10271);
#10270 = CARTESIAN_POINT('',(0.620044970066,2.35939278751));
#10271 = VECTOR('',#10272,1.);
#10272 = DIRECTION('',(-0.994127338604,0.108216609818));
#10273 = ( GEOMETRIC_REPRESENTATION_CONTEXT(2) 
PARAMETRIC_REPRESENTATION_CONTEXT() REPRESENTATION_CONTEXT('2D SPACE',''
  ) );
#10274 = PCURVE('',#10275,#10280);
#10275 = PLANE('',#10276);
#10276 = AXIS2_PLACEMENT_3D('',#10277,#10278,#10279);
#10277 = CARTESIAN_POINT('',(161.90055254745,36.490171194749,
    45.861431386208));
#10278 = DIRECTION('',(3.568430610591E-15,-0.167506223305,
    -0.985871018518));
#10279 = DIRECTION('',(0.,-0.985871018518,0.167506223305));
#10280 = DEFINITIONAL_REPRESENTATION('',(#10281),#10285);
#10281 = LINE('',#10282,#10283);
#10282 = CARTESIAN_POINT('',(0.489405714091,0.55555254745));
#10283 = VECTOR('',#10284,1.);
#10284 = DIRECTION('',(-0.64366611054,-0.765306434144));
#10285 = ( GEOMETRIC_REPRESENTATION_CONTEXT(2) 
PARAMETRIC_REPRESENTATION_CONTEXT() REPRESENTATION_CONTEXT('2D SPACE',''
  ) );
#10286 = ADVANCED_FACE('',(#10287),#7778,.T.);
#10287 = FACE_BOUND('',#10288,.T.);
#10288 = EDGE_LOOP('',(#10289,#10290,#10291));
#10289 = ORIENTED_EDGE('',*,*,#7897,.F.);
#10290 = ORIENTED_EDGE('',*,*,#7762,.T.);
#10291 = ORIENTED_EDGE('',*,*,#10292,.T.);
#10292 = EDGE_CURVE('',#7763,#7869,#10293,.T.);
#10293 = SURFACE_CURVE('',#10294,(#10298,#10305),.PCURVE_S1.);
#10294 = LINE('',#10295,#10296);
#10295 = CARTESIAN_POINT('',(161.345,37.972511557597,28.505050027225));
#10296 = VECTOR('',#10297,1.);
#10297 = DIRECTION('',(0.765306434144,-0.618509915167,-0.178189636898));
#10298 = PCURVE('',#7778,#10299);
#10299 = DEFINITIONAL_REPRESENTATION('',(#10300),#10304);
#10300 = LINE('',#10301,#10302);
#10301 = CARTESIAN_POINT('',(8.94539164294E-02,-2.437865477727));
#10302 = VECTOR('',#10303,1.);
#10303 = DIRECTION('',(0.982892860087,0.184178244075));
#10304 = ( GEOMETRIC_REPRESENTATION_CONTEXT(2) 
PARAMETRIC_REPRESENTATION_CONTEXT() REPRESENTATION_CONTEXT('2D SPACE',''
  ) );
#10305 = PCURVE('',#10306,#10311);
#10306 = PLANE('',#10307);
#10307 = AXIS2_PLACEMENT_3D('',#10308,#10309,#10310);
#10308 = CARTESIAN_POINT('',(161.90055254745,37.502233129468,
    28.36956514607));
#10309 = DIRECTION('',(6.223520547538E-15,-0.276835511425,0.960917321945
    ));
#10310 = DIRECTION('',(0.,0.960917321945,0.276835511425));
#10311 = DEFINITIONAL_REPRESENTATION('',(#10312),#10316);
#10312 = LINE('',#10313,#10314);
#10313 = CARTESIAN_POINT('',(0.489405714091,0.55555254745));
#10314 = VECTOR('',#10315,1.);
#10315 = DIRECTION('',(-0.64366611054,-0.765306434144));
#10316 = ( GEOMETRIC_REPRESENTATION_CONTEXT(2) 
PARAMETRIC_REPRESENTATION_CONTEXT() REPRESENTATION_CONTEXT('2D SPACE',''
  ) );
#10317 = ADVANCED_FACE('',(#10318),#7853,.T.);
#10318 = FACE_BOUND('',#10319,.T.);
#10319 = EDGE_LOOP('',(#10320,#10321,#10322));
#10320 = ORIENTED_EDGE('',*,*,#7839,.F.);
#10321 = ORIENTED_EDGE('',*,*,#7921,.T.);
#10322 = ORIENTED_EDGE('',*,*,#10323,.T.);
#10323 = EDGE_CURVE('',#7922,#7816,#10324,.T.);
#10324 = SURFACE_CURVE('',#10325,(#10329,#10336),.PCURVE_S1.);
#10325 = LINE('',#10326,#10327);
#10326 = CARTESIAN_POINT('',(162.545,35.,46.));
#10327 = VECTOR('',#10328,1.);
#10328 = DIRECTION('',(-0.765306434144,0.642653504681,
    -3.609064668938E-02));
#10329 = PCURVE('',#7853,#10330);
#10330 = DEFINITIONAL_REPRESENTATION('',(#10331),#10335);
#10331 = LINE('',#10332,#10333);
#10332 = CARTESIAN_POINT('',(0.44791652696,2.398032709438));
#10333 = VECTOR('',#10334,1.);
#10334 = DIRECTION('',(-0.999348520398,3.609064668938E-02));
#10335 = ( GEOMETRIC_REPRESENTATION_CONTEXT(2) 
PARAMETRIC_REPRESENTATION_CONTEXT() REPRESENTATION_CONTEXT('2D SPACE',''
  ) );
#10336 = PCURVE('',#10337,#10342);
#10337 = PLANE('',#10338);
#10338 = AXIS2_PLACEMENT_3D('',#10339,#10340,#10341);
#10339 = CARTESIAN_POINT('',(161.75844733132,35.335123796141,
    45.981179851295));
#10340 = DIRECTION('',(-0.,-5.607044723719E-02,-0.998426815018));
#10341 = DIRECTION('',(0.,-0.998426815018,5.607044723719E-02));
#10342 = DEFINITIONAL_REPRESENTATION('',(#10343),#10347);
#10343 = LINE('',#10344,#10345);
#10344 = CARTESIAN_POINT('',(0.335651838573,-0.786552668676));
#10345 = VECTOR('',#10346,1.);
#10346 = DIRECTION('',(-0.64366611054,0.765306434144));
#10347 = ( GEOMETRIC_REPRESENTATION_CONTEXT(2) 
PARAMETRIC_REPRESENTATION_CONTEXT() REPRESENTATION_CONTEXT('2D SPACE',''
  ) );
#10348 = ADVANCED_FACE('',(#10349),#7884,.T.);
#10349 = FACE_BOUND('',#10350,.T.);
#10350 = EDGE_LOOP('',(#10351,#10352,#10353));
#10351 = ORIENTED_EDGE('',*,*,#8003,.F.);
#10352 = ORIENTED_EDGE('',*,*,#7868,.T.);
#10353 = ORIENTED_EDGE('',*,*,#10354,.T.);
#10354 = EDGE_CURVE('',#7869,#7975,#10355,.T.);
#10355 = SURFACE_CURVE('',#10356,(#10360,#10367),.PCURVE_S1.);
#10356 = LINE('',#10357,#10358);
#10357 = CARTESIAN_POINT('',(162.545,37.002688405607,28.225648790364));
#10358 = VECTOR('',#10359,1.);
#10359 = DIRECTION('',(-0.765306434144,-0.634571763983,-0.107818079246)
  );
#10360 = PCURVE('',#7884,#10361);
#10361 = DEFINITIONAL_REPRESENTATION('',(#10362),#10366);
#10362 = LINE('',#10363,#10364);
#10363 = CARTESIAN_POINT('',(-9.492322029151E-02,-2.43765864569));
#10364 = VECTOR('',#10365,1.);
#10365 = DIRECTION('',(0.993995773482,0.1094184733));
#10366 = ( GEOMETRIC_REPRESENTATION_CONTEXT(2) 
PARAMETRIC_REPRESENTATION_CONTEXT() REPRESENTATION_CONTEXT('2D SPACE',''
  ) );
#10367 = PCURVE('',#10368,#10373);
#10368 = PLANE('',#10369);
#10369 = AXIS2_PLACEMENT_3D('',#10370,#10371,#10372);
#10370 = CARTESIAN_POINT('',(161.75844733132,36.671778985646,
    28.169425018539));
#10371 = DIRECTION('',(0.,-0.167506223305,0.985871018518));
#10372 = DIRECTION('',(0.,0.985871018518,0.167506223305));
#10373 = DEFINITIONAL_REPRESENTATION('',(#10374),#10378);
#10374 = LINE('',#10375,#10376);
#10375 = CARTESIAN_POINT('',(0.335651838573,-0.786552668676));
#10376 = VECTOR('',#10377,1.);
#10377 = DIRECTION('',(-0.64366611054,0.765306434144));
#10378 = ( GEOMETRIC_REPRESENTATION_CONTEXT(2) 
PARAMETRIC_REPRESENTATION_CONTEXT() REPRESENTATION_CONTEXT('2D SPACE',''
  ) );
#10379 = ADVANCED_FACE('',(#10380),#7959,.T.);
#10380 = FACE_BOUND('',#10381,.T.);
#10381 = EDGE_LOOP('',(#10382,#10383,#10384));
#10382 = ORIENTED_EDGE('',*,*,#7945,.F.);
#10383 = ORIENTED_EDGE('',*,*,#8027,.T.);
#10384 = ORIENTED_EDGE('',*,*,#10385,.T.);
#10385 = EDGE_CURVE('',#8028,#7922,#10386,.T.);
#10386 = SURFACE_CURVE('',#10387,(#10391,#10398),.PCURVE_S1.);
#10387 = LINE('',#10388,#10389);
#10388 = CARTESIAN_POINT('',(161.345,33.99231971507,45.943409889039));
#10389 = VECTOR('',#10390,1.);
#10390 = DIRECTION('',(0.765306434144,0.642653504681,3.609064668938E-02)
  );
#10391 = PCURVE('',#7959,#10392);
#10392 = DEFINITIONAL_REPRESENTATION('',(#10393),#10397);
#10393 = LINE('',#10394,#10395);
#10394 = CARTESIAN_POINT('',(0.273445742316,2.424132322434));
#10395 = VECTOR('',#10396,1.);
#10396 = DIRECTION('',(-0.999343693753,-3.622404941902E-02));
#10397 = ( GEOMETRIC_REPRESENTATION_CONTEXT(2) 
PARAMETRIC_REPRESENTATION_CONTEXT() REPRESENTATION_CONTEXT('2D SPACE',''
  ) );
#10398 = PCURVE('',#10399,#10404);
#10399 = PLANE('',#10400);
#10400 = AXIS2_PLACEMENT_3D('',#10401,#10402,#10403);
#10401 = CARTESIAN_POINT('',(161.90055254745,34.480955503442,
    45.970851086309));
#10402 = DIRECTION('',(-1.766933161168E-15,5.607044723719E-02,
    -0.998426815018));
#10403 = DIRECTION('',(-1.232595164408E-32,-0.998426815018,
    -5.607044723719E-02));
#10404 = DEFINITIONAL_REPRESENTATION('',(#10405),#10409);
#10405 = LINE('',#10406,#10407);
#10406 = CARTESIAN_POINT('',(0.489405714091,0.55555254745));
#10407 = VECTOR('',#10408,1.);
#10408 = DIRECTION('',(-0.64366611054,-0.765306434144));
#10409 = ( GEOMETRIC_REPRESENTATION_CONTEXT(2) 
PARAMETRIC_REPRESENTATION_CONTEXT() REPRESENTATION_CONTEXT('2D SPACE',''
  ) );
#10410 = ADVANCED_FACE('',(#10411),#7990,.T.);
#10411 = FACE_BOUND('',#10412,.T.);
#10412 = EDGE_LOOP('',(#10413,#10414,#10415));
#10413 = ORIENTED_EDGE('',*,*,#8109,.F.);
#10414 = ORIENTED_EDGE('',*,*,#7974,.T.);
#10415 = ORIENTED_EDGE('',*,*,#10416,.T.);
#10416 = EDGE_CURVE('',#7975,#8081,#10417,.T.);
#10417 = SURFACE_CURVE('',#10418,(#10422,#10429),.PCURVE_S1.);
#10418 = LINE('',#10419,#10420);
#10419 = CARTESIAN_POINT('',(161.345,36.00768028493,28.056590110961));
#10420 = VECTOR('',#10421,1.);
#10421 = DIRECTION('',(0.765306434144,-0.642653504681,
    -3.609064668938E-02));
#10422 = PCURVE('',#7990,#10423);
#10423 = DEFINITIONAL_REPRESENTATION('',(#10424),#10428);
#10424 = LINE('',#10425,#10426);
#10425 = CARTESIAN_POINT('',(-0.273445742316,-2.424132322434));
#10426 = VECTOR('',#10427,1.);
#10427 = DIRECTION('',(0.999343693753,3.622404941902E-02));
#10428 = ( GEOMETRIC_REPRESENTATION_CONTEXT(2) 
PARAMETRIC_REPRESENTATION_CONTEXT() REPRESENTATION_CONTEXT('2D SPACE',''
  ) );
#10429 = PCURVE('',#10430,#10435);
#10430 = PLANE('',#10431);
#10431 = AXIS2_PLACEMENT_3D('',#10432,#10433,#10434);
#10432 = CARTESIAN_POINT('',(161.90055254745,35.519044496558,
    28.029148913691));
#10433 = DIRECTION('',(-2.696744949468E-15,-5.60704472372E-02,
    0.998426815018));
#10434 = DIRECTION('',(-2.465190328816E-32,0.998426815018,
    5.60704472372E-02));
#10435 = DEFINITIONAL_REPRESENTATION('',(#10436),#10440);
#10436 = LINE('',#10437,#10438);
#10437 = CARTESIAN_POINT('',(0.489405714091,0.55555254745));
#10438 = VECTOR('',#10439,1.);
#10439 = DIRECTION('',(-0.64366611054,-0.765306434144));
#10440 = ( GEOMETRIC_REPRESENTATION_CONTEXT(2) 
PARAMETRIC_REPRESENTATION_CONTEXT() REPRESENTATION_CONTEXT('2D SPACE',''
  ) );
#10441 = ADVANCED_FACE('',(#10442),#8065,.T.);
#10442 = FACE_BOUND('',#10443,.T.);
#10443 = EDGE_LOOP('',(#10444,#10445,#10446));
#10444 = ORIENTED_EDGE('',*,*,#8051,.F.);
#10445 = ORIENTED_EDGE('',*,*,#8133,.T.);
#10446 = ORIENTED_EDGE('',*,*,#10447,.T.);
#10447 = EDGE_CURVE('',#8134,#8028,#10448,.T.);
#10448 = SURFACE_CURVE('',#10449,(#10453,#10460),.PCURVE_S1.);
#10449 = LINE('',#10450,#10451);
#10450 = CARTESIAN_POINT('',(162.545,32.997311594393,45.774351209636));
#10451 = VECTOR('',#10452,1.);
#10452 = DIRECTION('',(-0.765306434144,0.634571763983,0.107818079246));
#10453 = PCURVE('',#8065,#10454);
#10454 = DEFINITIONAL_REPRESENTATION('',(#10455),#10459);
#10455 = LINE('',#10456,#10457);
#10456 = CARTESIAN_POINT('',(9.492322029151E-02,2.43765864569));
#10457 = VECTOR('',#10458,1.);
#10458 = DIRECTION('',(-0.993995773482,-0.1094184733));
#10459 = ( GEOMETRIC_REPRESENTATION_CONTEXT(2) 
PARAMETRIC_REPRESENTATION_CONTEXT() REPRESENTATION_CONTEXT('2D SPACE',''
  ) );
#10460 = PCURVE('',#10461,#10466);
#10461 = PLANE('',#10462);
#10462 = AXIS2_PLACEMENT_3D('',#10463,#10464,#10465);
#10463 = CARTESIAN_POINT('',(161.75844733132,33.328221014354,
    45.830574981461));
#10464 = DIRECTION('',(-0.,0.167506223305,-0.985871018518));
#10465 = DIRECTION('',(0.,-0.985871018518,-0.167506223305));
#10466 = DEFINITIONAL_REPRESENTATION('',(#10467),#10471);
#10467 = LINE('',#10468,#10469);
#10468 = CARTESIAN_POINT('',(0.335651838573,-0.786552668676));
#10469 = VECTOR('',#10470,1.);
#10470 = DIRECTION('',(-0.64366611054,0.765306434144));
#10471 = ( GEOMETRIC_REPRESENTATION_CONTEXT(2) 
PARAMETRIC_REPRESENTATION_CONTEXT() REPRESENTATION_CONTEXT('2D SPACE',''
  ) );
#10472 = ADVANCED_FACE('',(#10473),#8096,.T.);
#10473 = FACE_BOUND('',#10474,.T.);
#10474 = EDGE_LOOP('',(#10475,#10476,#10477));
#10475 = ORIENTED_EDGE('',*,*,#8215,.F.);
#10476 = ORIENTED_EDGE('',*,*,#8080,.T.);
#10477 = ORIENTED_EDGE('',*,*,#10478,.T.);
#10478 = EDGE_CURVE('',#8081,#8187,#10479,.T.);
#10479 = SURFACE_CURVE('',#10480,(#10484,#10491),.PCURVE_S1.);
#10480 = LINE('',#10481,#10482);
#10481 = CARTESIAN_POINT('',(162.545,35.,28.));
#10482 = VECTOR('',#10483,1.);
#10483 = DIRECTION('',(-0.765306434144,-0.642653504681,
    3.609064668938E-02));
#10484 = PCURVE('',#8096,#10485);
#10485 = DEFINITIONAL_REPRESENTATION('',(#10486),#10490);
#10486 = LINE('',#10487,#10488);
#10487 = CARTESIAN_POINT('',(-0.44791652696,-2.398032709438));
#10488 = VECTOR('',#10489,1.);
#10489 = DIRECTION('',(0.999348520398,-3.609064668938E-02));
#10490 = ( GEOMETRIC_REPRESENTATION_CONTEXT(2) 
PARAMETRIC_REPRESENTATION_CONTEXT() REPRESENTATION_CONTEXT('2D SPACE',''
  ) );
#10491 = PCURVE('',#10492,#10497);
#10492 = PLANE('',#10493);
#10493 = AXIS2_PLACEMENT_3D('',#10494,#10495,#10496);
#10494 = CARTESIAN_POINT('',(161.75844733132,34.664876203859,
    28.018820148705));
#10495 = DIRECTION('',(0.,5.607044723719E-02,0.998426815018));
#10496 = DIRECTION('',(0.,0.998426815018,-5.607044723719E-02));
#10497 = DEFINITIONAL_REPRESENTATION('',(#10498),#10502);
#10498 = LINE('',#10499,#10500);
#10499 = CARTESIAN_POINT('',(0.335651838573,-0.786552668676));
#10500 = VECTOR('',#10501,1.);
#10501 = DIRECTION('',(-0.64366611054,0.765306434144));
#10502 = ( GEOMETRIC_REPRESENTATION_CONTEXT(2) 
PARAMETRIC_REPRESENTATION_CONTEXT() REPRESENTATION_CONTEXT('2D SPACE',''
  ) );
#10503 = ADVANCED_FACE('',(#10504),#8171,.T.);
#10504 = FACE_BOUND('',#10505,.T.);
#10505 = EDGE_LOOP('',(#10506,#10507,#10508));
#10506 = ORIENTED_EDGE('',*,*,#8157,.F.);
#10507 = ORIENTED_EDGE('',*,*,#8239,.T.);
#10508 = ORIENTED_EDGE('',*,*,#10509,.T.);
#10509 = EDGE_CURVE('',#8240,#8134,#10510,.T.);
#10510 = SURFACE_CURVE('',#10511,(#10515,#10522),.PCURVE_S1.);
#10511 = LINE('',#10512,#10513);
#10512 = CARTESIAN_POINT('',(161.345,32.027488442403,45.494949972775));
#10513 = VECTOR('',#10514,1.);
#10514 = DIRECTION('',(0.765306434144,0.618509915167,0.178189636898));
#10515 = PCURVE('',#8171,#10516);
#10516 = DEFINITIONAL_REPRESENTATION('',(#10517),#10521);
#10517 = LINE('',#10518,#10519);
#10518 = CARTESIAN_POINT('',(-8.94539164294E-02,2.437865477727));
#10519 = VECTOR('',#10520,1.);
#10520 = DIRECTION('',(-0.982892860087,-0.184178244075));
#10521 = ( GEOMETRIC_REPRESENTATION_CONTEXT(2) 
PARAMETRIC_REPRESENTATION_CONTEXT() REPRESENTATION_CONTEXT('2D SPACE',''
  ) );
#10522 = PCURVE('',#10523,#10528);
#10523 = PLANE('',#10524);
#10524 = AXIS2_PLACEMENT_3D('',#10525,#10526,#10527);
#10525 = CARTESIAN_POINT('',(161.90055254745,32.497766870532,
    45.63043485393));
#10526 = DIRECTION('',(-5.90566503696E-15,0.276835511425,-0.960917321945
    ));
#10527 = DIRECTION('',(0.,-0.960917321945,-0.276835511425));
#10528 = DEFINITIONAL_REPRESENTATION('',(#10529),#10533);
#10529 = LINE('',#10530,#10531);
#10530 = CARTESIAN_POINT('',(0.489405714091,0.55555254745));
#10531 = VECTOR('',#10532,1.);
#10532 = DIRECTION('',(-0.64366611054,-0.765306434144));
#10533 = ( GEOMETRIC_REPRESENTATION_CONTEXT(2) 
PARAMETRIC_REPRESENTATION_CONTEXT() REPRESENTATION_CONTEXT('2D SPACE',''
  ) );
#10534 = ADVANCED_FACE('',(#10535),#8202,.T.);
#10535 = FACE_BOUND('',#10536,.T.);
#10536 = EDGE_LOOP('',(#10537,#10538,#10539));
#10537 = ORIENTED_EDGE('',*,*,#8321,.F.);
#10538 = ORIENTED_EDGE('',*,*,#8186,.T.);
#10539 = ORIENTED_EDGE('',*,*,#10540,.T.);
#10540 = EDGE_CURVE('',#8187,#8293,#10541,.T.);
#10541 = SURFACE_CURVE('',#10542,(#10546,#10553),.PCURVE_S1.);
#10542 = LINE('',#10543,#10544);
#10543 = CARTESIAN_POINT('',(161.345,33.99231971507,28.056590110961));
#10544 = VECTOR('',#10545,1.);
#10545 = DIRECTION('',(0.765306434144,-0.634571763983,0.107818079246));
#10546 = PCURVE('',#8202,#10547);
#10547 = DEFINITIONAL_REPRESENTATION('',(#10548),#10552);
#10548 = LINE('',#10549,#10550);
#10549 = CARTESIAN_POINT('',(-0.620044970066,-2.35939278751));
#10550 = VECTOR('',#10551,1.);
#10551 = DIRECTION('',(0.994127338604,-0.108216609818));
#10552 = ( GEOMETRIC_REPRESENTATION_CONTEXT(2) 
PARAMETRIC_REPRESENTATION_CONTEXT() REPRESENTATION_CONTEXT('2D SPACE',''
  ) );
#10553 = PCURVE('',#10554,#10559);
#10554 = PLANE('',#10555);
#10555 = AXIS2_PLACEMENT_3D('',#10556,#10557,#10558);
#10556 = CARTESIAN_POINT('',(161.90055254745,33.509828805251,
    28.138568613792));
#10557 = DIRECTION('',(-4.006165300798E-16,0.167506223305,0.985871018518
    ));
#10558 = DIRECTION('',(0.,0.985871018518,-0.167506223305));
#10559 = DEFINITIONAL_REPRESENTATION('',(#10560),#10564);
#10560 = LINE('',#10561,#10562);
#10561 = CARTESIAN_POINT('',(0.489405714091,0.55555254745));
#10562 = VECTOR('',#10563,1.);
#10563 = DIRECTION('',(-0.64366611054,-0.765306434144));
#10564 = ( GEOMETRIC_REPRESENTATION_CONTEXT(2) 
PARAMETRIC_REPRESENTATION_CONTEXT() REPRESENTATION_CONTEXT('2D SPACE',''
  ) );
#10565 = ADVANCED_FACE('',(#10566),#8277,.T.);
#10566 = FACE_BOUND('',#10567,.T.);
#10567 = EDGE_LOOP('',(#10568,#10569,#10570));
#10568 = ORIENTED_EDGE('',*,*,#8263,.F.);
#10569 = ORIENTED_EDGE('',*,*,#8345,.T.);
#10570 = ORIENTED_EDGE('',*,*,#10571,.T.);
#10571 = EDGE_CURVE('',#8346,#8240,#10572,.T.);
#10572 = SURFACE_CURVE('',#10573,(#10577,#10584),.PCURVE_S1.);
#10573 = LINE('',#10574,#10575);
#10574 = CARTESIAN_POINT('',(162.545,31.095046347942,45.108719811122));
#10575 = VECTOR('',#10576,1.);
#10576 = DIRECTION('',(-0.765306434144,0.594669945299,0.246320356478));
#10577 = PCURVE('',#8277,#10578);
#10578 = DEFINITIONAL_REPRESENTATION('',(#10579),#10583);
#10579 = LINE('',#10580,#10581);
#10580 = CARTESIAN_POINT('',(-0.281532592169,2.423206448119));
#10581 = VECTOR('',#10582,1.);
#10582 = DIRECTION('',(-0.965295989931,-0.261158288828));
#10583 = ( GEOMETRIC_REPRESENTATION_CONTEXT(2) 
PARAMETRIC_REPRESENTATION_CONTEXT() REPRESENTATION_CONTEXT('2D SPACE',''
  ) );
#10584 = PCURVE('',#10585,#10590);
#10585 = PLANE('',#10586);
#10586 = AXIS2_PLACEMENT_3D('',#10587,#10588,#10589);
#10587 = CARTESIAN_POINT('',(161.75844733132,31.405148211649,
    45.237168208786));
#10588 = DIRECTION('',(-0.,0.382683432365,-0.923879532511));
#10589 = DIRECTION('',(0.,-0.923879532511,-0.382683432365));
#10590 = DEFINITIONAL_REPRESENTATION('',(#10591),#10595);
#10591 = LINE('',#10592,#10593);
#10592 = CARTESIAN_POINT('',(0.335651838573,-0.786552668676));
#10593 = VECTOR('',#10594,1.);
#10594 = DIRECTION('',(-0.64366611054,0.765306434144));
#10595 = ( GEOMETRIC_REPRESENTATION_CONTEXT(2) 
PARAMETRIC_REPRESENTATION_CONTEXT() REPRESENTATION_CONTEXT('2D SPACE',''
  ) );
#10596 = ADVANCED_FACE('',(#10597),#8308,.T.);
#10597 = FACE_BOUND('',#10598,.T.);
#10598 = EDGE_LOOP('',(#10599,#10600,#10601));
#10599 = ORIENTED_EDGE('',*,*,#8427,.F.);
#10600 = ORIENTED_EDGE('',*,*,#8292,.T.);
#10601 = ORIENTED_EDGE('',*,*,#10602,.T.);
#10602 = EDGE_CURVE('',#8293,#8399,#10603,.T.);
#10603 = SURFACE_CURVE('',#10604,(#10608,#10615),.PCURVE_S1.);
#10604 = LINE('',#10605,#10606);
#10605 = CARTESIAN_POINT('',(162.545,32.997311594393,28.225648790364));
#10606 = VECTOR('',#10607,1.);
#10607 = DIRECTION('',(-0.765306434144,-0.618509915167,0.178189636898));
#10608 = PCURVE('',#8308,#10609);
#10609 = DEFINITIONAL_REPRESENTATION('',(#10610),#10614);
#10610 = LINE('',#10611,#10612);
#10611 = CARTESIAN_POINT('',(-0.791413306344,-2.307564748647));
#10612 = VECTOR('',#10613,1.);
#10613 = DIRECTION('',(0.983513523795,-0.180834588816));
#10614 = ( GEOMETRIC_REPRESENTATION_CONTEXT(2) 
PARAMETRIC_REPRESENTATION_CONTEXT() REPRESENTATION_CONTEXT('2D SPACE',''
  ) );
#10615 = PCURVE('',#10616,#10621);
#10616 = PLANE('',#10617);
#10617 = AXIS2_PLACEMENT_3D('',#10618,#10619,#10620);
#10618 = CARTESIAN_POINT('',(161.75844733132,32.674777928566,
    28.318569138756));
#10619 = DIRECTION('',(0.,0.276835511425,0.960917321945));
#10620 = DIRECTION('',(0.,0.960917321945,-0.276835511425));
#10621 = DEFINITIONAL_REPRESENTATION('',(#10622),#10626);
#10622 = LINE('',#10623,#10624);
#10623 = CARTESIAN_POINT('',(0.335651838573,-0.786552668676));
#10624 = VECTOR('',#10625,1.);
#10625 = DIRECTION('',(-0.64366611054,0.765306434144));
#10626 = ( GEOMETRIC_REPRESENTATION_CONTEXT(2) 
PARAMETRIC_REPRESENTATION_CONTEXT() REPRESENTATION_CONTEXT('2D SPACE',''
  ) );
#10627 = ADVANCED_FACE('',(#10628),#8383,.T.);
#10628 = FACE_BOUND('',#10629,.T.);
#10629 = EDGE_LOOP('',(#10630,#10631,#10632));
#10630 = ORIENTED_EDGE('',*,*,#8369,.F.);
#10631 = ORIENTED_EDGE('',*,*,#8451,.T.);
#10632 = ORIENTED_EDGE('',*,*,#10633,.T.);
#10633 = EDGE_CURVE('',#8452,#8346,#10634,.T.);
#10634 = SURFACE_CURVE('',#10635,(#10639,#10646),.PCURVE_S1.);
#10635 = LINE('',#10636,#10637);
#10636 = CARTESIAN_POINT('',(161.345,30.211711311362,44.620517793055));
#10637 = VECTOR('',#10638,1.);
#10638 = DIRECTION('',(0.765306434144,0.563351655833,0.311353454658));
#10639 = PCURVE('',#8383,#10640);
#10640 = DEFINITIONAL_REPRESENTATION('',(#10641),#10645);
#10641 = LINE('',#10642,#10643);
#10642 = CARTESIAN_POINT('',(-0.483106237368,2.391191848028));
#10643 = VECTOR('',#10644,1.);
#10644 = DIRECTION('',(-0.940087011898,-0.340934612588));
#10645 = ( GEOMETRIC_REPRESENTATION_CONTEXT(2) 
PARAMETRIC_REPRESENTATION_CONTEXT() REPRESENTATION_CONTEXT('2D SPACE',''
  ) );
#10646 = PCURVE('',#10647,#10652);
#10647 = PLANE('',#10648);
#10648 = AXIS2_PLACEMENT_3D('',#10649,#10650,#10651);
#10649 = CARTESIAN_POINT('',(161.90055254745,30.64005065515,
    44.857252580418));
#10650 = DIRECTION('',(3.826426021309E-15,0.483718887105,-0.875223421909
    ));
#10651 = DIRECTION('',(0.,-0.875223421909,-0.483718887105));
#10652 = DEFINITIONAL_REPRESENTATION('',(#10653),#10657);
#10653 = LINE('',#10654,#10655);
#10654 = CARTESIAN_POINT('',(0.489405714091,0.55555254745));
#10655 = VECTOR('',#10656,1.);
#10656 = DIRECTION('',(-0.64366611054,-0.765306434144));
#10657 = ( GEOMETRIC_REPRESENTATION_CONTEXT(2) 
PARAMETRIC_REPRESENTATION_CONTEXT() REPRESENTATION_CONTEXT('2D SPACE',''
  ) );
#10658 = ADVANCED_FACE('',(#10659),#8414,.T.);
#10659 = FACE_BOUND('',#10660,.T.);
#10660 = EDGE_LOOP('',(#10661,#10662,#10663));
#10661 = ORIENTED_EDGE('',*,*,#8533,.F.);
#10662 = ORIENTED_EDGE('',*,*,#8398,.T.);
#10663 = ORIENTED_EDGE('',*,*,#10664,.T.);
#10664 = EDGE_CURVE('',#8399,#8505,#10665,.T.);
#10665 = SURFACE_CURVE('',#10666,(#10670,#10677),.PCURVE_S1.);
#10666 = LINE('',#10667,#10668);
#10667 = CARTESIAN_POINT('',(161.345,32.027488442403,28.505050027225));
#10668 = VECTOR('',#10669,1.);
#10669 = DIRECTION('',(0.765306434144,-0.594669945299,0.246320356478));
#10670 = PCURVE('',#8414,#10671);
#10671 = DEFINITIONAL_REPRESENTATION('',(#10672),#10676);
#10672 = LINE('',#10673,#10674);
#10673 = CARTESIAN_POINT('',(-0.963433493429,-2.241201908441));
#10674 = VECTOR('',#10675,1.);
#10675 = DIRECTION('',(0.967046792865,-0.254598704649));
#10676 = ( GEOMETRIC_REPRESENTATION_CONTEXT(2) 
PARAMETRIC_REPRESENTATION_CONTEXT() REPRESENTATION_CONTEXT('2D SPACE',''
  ) );
#10677 = PCURVE('',#10678,#10683);
#10678 = PLANE('',#10679);
#10679 = AXIS2_PLACEMENT_3D('',#10680,#10681,#10682);
#10680 = CARTESIAN_POINT('',(161.90055254745,31.575336520061,
    28.692337485712));
#10681 = DIRECTION('',(-1.098911523572E-14,0.382683432365,0.923879532511
    ));
#10682 = DIRECTION('',(0.,0.923879532511,-0.382683432365));
#10683 = DEFINITIONAL_REPRESENTATION('',(#10684),#10688);
#10684 = LINE('',#10685,#10686);
#10685 = CARTESIAN_POINT('',(0.489405714091,0.55555254745));
#10686 = VECTOR('',#10687,1.);
#10687 = DIRECTION('',(-0.64366611054,-0.765306434144));
#10688 = ( GEOMETRIC_REPRESENTATION_CONTEXT(2) 
PARAMETRIC_REPRESENTATION_CONTEXT() REPRESENTATION_CONTEXT('2D SPACE',''
  ) );
#10689 = ADVANCED_FACE('',(#10690),#8489,.T.);
#10690 = FACE_BOUND('',#10691,.T.);
#10691 = EDGE_LOOP('',(#10692,#10693,#10694));
#10692 = ORIENTED_EDGE('',*,*,#8475,.F.);
#10693 = ORIENTED_EDGE('',*,*,#8557,.T.);
#10694 = ORIENTED_EDGE('',*,*,#10695,.T.);
#10695 = EDGE_CURVE('',#8558,#8452,#10696,.T.);
#10696 = SURFACE_CURVE('',#10697,(#10701,#10708),.PCURVE_S1.);
#10697 = LINE('',#10698,#10699);
#10698 = CARTESIAN_POINT('',(162.545,29.388591783271,44.036483342212));
#10699 = VECTOR('',#10700,1.);
#10700 = DIRECTION('',(-0.765306434144,0.524948892431,0.372471102493));
#10701 = PCURVE('',#8489,#10702);
#10702 = DEFINITIONAL_REPRESENTATION('',(#10703),#10707);
#10703 = LINE('',#10704,#10705);
#10704 = CARTESIAN_POINT('',(0.695721729115,-2.338196177889));
#10705 = VECTOR('',#10706,1.);
#10706 = DIRECTION('',(0.905702280012,0.423914354535));
#10707 = ( GEOMETRIC_REPRESENTATION_CONTEXT(2) 
PARAMETRIC_REPRESENTATION_CONTEXT() REPRESENTATION_CONTEXT('2D SPACE',''
  ) );
#10708 = PCURVE('',#10709,#10714);
#10709 = PLANE('',#10710);
#10710 = AXIS2_PLACEMENT_3D('',#10711,#10712,#10713);
#10711 = CARTESIAN_POINT('',(161.75844733132,29.662336288406,
    44.230715426704));
#10712 = DIRECTION('',(-1.160066505686E-16,0.57867129618,-0.815560868959
    ));
#10713 = DIRECTION('',(6.162975822039E-33,-0.815560868959,-0.57867129618
    ));
#10714 = DEFINITIONAL_REPRESENTATION('',(#10715),#10719);
#10715 = LINE('',#10716,#10717);
#10716 = CARTESIAN_POINT('',(0.335651838573,-0.786552668676));
#10717 = VECTOR('',#10718,1.);
#10718 = DIRECTION('',(-0.64366611054,0.765306434144));
#10719 = ( GEOMETRIC_REPRESENTATION_CONTEXT(2) 
PARAMETRIC_REPRESENTATION_CONTEXT() REPRESENTATION_CONTEXT('2D SPACE',''
  ) );
#10720 = ADVANCED_FACE('',(#10721),#8520,.T.);
#10721 = FACE_BOUND('',#10722,.T.);
#10722 = EDGE_LOOP('',(#10723,#10724,#10725));
#10723 = ORIENTED_EDGE('',*,*,#8639,.F.);
#10724 = ORIENTED_EDGE('',*,*,#8504,.T.);
#10725 = ORIENTED_EDGE('',*,*,#10726,.T.);
#10726 = EDGE_CURVE('',#8505,#8611,#10727,.T.);
#10727 = SURFACE_CURVE('',#10728,(#10732,#10739),.PCURVE_S1.);
#10728 = LINE('',#10729,#10730);
#10729 = CARTESIAN_POINT('',(162.545,31.095046347942,28.891280188878));
#10730 = VECTOR('',#10731,1.);
#10731 = DIRECTION('',(-0.765306434144,-0.563351655833,0.311353454658));
#10732 = PCURVE('',#8520,#10733);
#10733 = DEFINITIONAL_REPRESENTATION('',(#10734),#10738);
#10734 = LINE('',#10735,#10736);
#10735 = CARTESIAN_POINT('',(-1.137269724289,-2.158195464937));
#10736 = VECTOR('',#10737,1.);
#10737 = DIRECTION('',(0.943942864544,-0.330108873671));
#10738 = ( GEOMETRIC_REPRESENTATION_CONTEXT(2) 
PARAMETRIC_REPRESENTATION_CONTEXT() REPRESENTATION_CONTEXT('2D SPACE',''
  ) );
#10739 = PCURVE('',#10740,#10745);
#10740 = PLANE('',#10741);
#10741 = AXIS2_PLACEMENT_3D('',#10742,#10743,#10744);
#10742 = CARTESIAN_POINT('',(161.75844733132,30.801275997216,
    29.053641322687));
#10743 = DIRECTION('',(0.,0.483718887105,0.875223421909));
#10744 = DIRECTION('',(0.,0.875223421909,-0.483718887105));
#10745 = DEFINITIONAL_REPRESENTATION('',(#10746),#10750);
#10746 = LINE('',#10747,#10748);
#10747 = CARTESIAN_POINT('',(0.335651838573,-0.786552668676));
#10748 = VECTOR('',#10749,1.);
#10749 = DIRECTION('',(-0.64366611054,0.765306434144));
#10750 = ( GEOMETRIC_REPRESENTATION_CONTEXT(2) 
PARAMETRIC_REPRESENTATION_CONTEXT() REPRESENTATION_CONTEXT('2D SPACE',''
  ) );
#10751 = ADVANCED_FACE('',(#10752),#8595,.T.);
#10752 = FACE_BOUND('',#10753,.T.);
#10753 = EDGE_LOOP('',(#10754,#10755,#10756));
#10754 = ORIENTED_EDGE('',*,*,#8581,.F.);
#10755 = ORIENTED_EDGE('',*,*,#8663,.T.);
#10756 = ORIENTED_EDGE('',*,*,#10757,.T.);
#10757 = EDGE_CURVE('',#8664,#8558,#10758,.T.);
#10758 = SURFACE_CURVE('',#10759,(#10763,#10770),.PCURVE_S1.);
#10759 = LINE('',#10760,#10761);
#10760 = CARTESIAN_POINT('',(161.345,28.636038969321,43.363961030679));
#10761 = VECTOR('',#10762,1.);
#10762 = DIRECTION('',(0.765306434144,0.479944592125,0.428904710102));
#10763 = PCURVE('',#8595,#10764);
#10764 = DEFINITIONAL_REPRESENTATION('',(#10765),#10769);
#10765 = LINE('',#10766,#10767);
#10766 = CARTESIAN_POINT('',(-1.673802501525,-1.774704278618));
#10767 = VECTOR('',#10768,1.);
#10768 = DIRECTION('',(0.821027216909,-0.570889051475));
#10769 = ( GEOMETRIC_REPRESENTATION_CONTEXT(2) 
PARAMETRIC_REPRESENTATION_CONTEXT() REPRESENTATION_CONTEXT('2D SPACE',''
  ) );
#10770 = PCURVE('',#10771,#10776);
#10771 = PLANE('',#10772);
#10772 = AXIS2_PLACEMENT_3D('',#10773,#10774,#10775);
#10773 = CARTESIAN_POINT('',(161.90055254745,29.000960505482,
    43.690074853494));
#10774 = DIRECTION('',(-1.014693810736E-14,0.666346577952,
    -0.745642164883));
#10775 = DIRECTION('',(0.,-0.745642164883,-0.666346577952));
#10776 = DEFINITIONAL_REPRESENTATION('',(#10777),#10781);
#10777 = LINE('',#10778,#10779);
#10778 = CARTESIAN_POINT('',(0.489405714091,0.55555254745));
#10779 = VECTOR('',#10780,1.);
#10780 = DIRECTION('',(-0.64366611054,-0.765306434144));
#10781 = ( GEOMETRIC_REPRESENTATION_CONTEXT(2) 
PARAMETRIC_REPRESENTATION_CONTEXT() REPRESENTATION_CONTEXT('2D SPACE',''
  ) );
#10782 = ADVANCED_FACE('',(#10783),#8626,.T.);
#10783 = FACE_BOUND('',#10784,.T.);
#10784 = EDGE_LOOP('',(#10785,#10786,#10787));
#10785 = ORIENTED_EDGE('',*,*,#8745,.F.);
#10786 = ORIENTED_EDGE('',*,*,#8610,.T.);
#10787 = ORIENTED_EDGE('',*,*,#10788,.T.);
#10788 = EDGE_CURVE('',#8611,#8717,#10789,.T.);
#10789 = SURFACE_CURVE('',#10790,(#10794,#10801),.PCURVE_S1.);
#10790 = LINE('',#10791,#10792);
#10791 = CARTESIAN_POINT('',(161.345,30.211711311362,29.379482206945));
#10792 = VECTOR('',#10793,1.);
#10793 = DIRECTION('',(0.765306434144,-0.524948892431,0.372471102493));
#10794 = PCURVE('',#8626,#10795);
#10795 = DEFINITIONAL_REPRESENTATION('',(#10796),#10800);
#10796 = LINE('',#10797,#10798);
#10797 = CARTESIAN_POINT('',(-1.313695782279,-2.055576192283));
#10798 = VECTOR('',#10799,1.);
#10799 = DIRECTION('',(0.913044950876,-0.407858943361));
#10800 = ( GEOMETRIC_REPRESENTATION_CONTEXT(2) 
PARAMETRIC_REPRESENTATION_CONTEXT() REPRESENTATION_CONTEXT('2D SPACE',''
  ) );
#10801 = PCURVE('',#10802,#10807);
#10802 = PLANE('',#10803);
#10803 = AXIS2_PLACEMENT_3D('',#10804,#10805,#10806);
#10804 = CARTESIAN_POINT('',(161.90055254745,29.812571161904,
    29.662687245876));
#10805 = DIRECTION('',(1.28791966E-14,0.57867129618,0.815560868959));
#10806 = DIRECTION('',(7.88860905221E-31,0.815560868959,-0.57867129618)
  );
#10807 = DEFINITIONAL_REPRESENTATION('',(#10808),#10812);
#10808 = LINE('',#10809,#10810);
#10809 = CARTESIAN_POINT('',(0.489405714091,0.55555254745));
#10810 = VECTOR('',#10811,1.);
#10811 = DIRECTION('',(-0.64366611054,-0.765306434144));
#10812 = ( GEOMETRIC_REPRESENTATION_CONTEXT(2) 
PARAMETRIC_REPRESENTATION_CONTEXT() REPRESENTATION_CONTEXT('2D SPACE',''
  ) );
#10813 = ADVANCED_FACE('',(#10814),#8701,.T.);
#10814 = FACE_BOUND('',#10815,.T.);
#10815 = EDGE_LOOP('',(#10816,#10817,#10818));
#10816 = ORIENTED_EDGE('',*,*,#8687,.F.);
#10817 = ORIENTED_EDGE('',*,*,#8769,.T.);
#10818 = ORIENTED_EDGE('',*,*,#10819,.T.);
#10819 = EDGE_CURVE('',#8770,#8664,#10820,.T.);
#10820 = SURFACE_CURVE('',#10821,(#10825,#10832),.PCURVE_S1.);
#10821 = LINE('',#10822,#10823);
#10822 = CARTESIAN_POINT('',(162.545,27.963516657788,42.611408216729));
#10823 = VECTOR('',#10824,1.);
#10824 = DIRECTION('',(-0.765306434144,0.428904710102,0.479944592125));
#10825 = PCURVE('',#8701,#10826);
#10826 = DEFINITIONAL_REPRESENTATION('',(#10827),#10831);
#10827 = LINE('',#10828,#10829);
#10828 = CARTESIAN_POINT('',(-1.492845528009,-1.929404654333));
#10829 = VECTOR('',#10830,1.);
#10830 = DIRECTION('',(0.872764110603,-0.488142199819));
#10831 = ( GEOMETRIC_REPRESENTATION_CONTEXT(2) 
PARAMETRIC_REPRESENTATION_CONTEXT() REPRESENTATION_CONTEXT('2D SPACE',''
  ) );
#10832 = PCURVE('',#10833,#10838);
#10833 = PLANE('',#10834);
#10834 = AXIS2_PLACEMENT_3D('',#10835,#10836,#10837);
#10835 = CARTESIAN_POINT('',(161.75844733132,28.187177111804,
    42.861684380289));
#10836 = DIRECTION('',(1.138547131086E-16,0.745642164883,-0.666346577952
    ));
#10837 = DIRECTION('',(0.,0.666346577952,0.745642164883));
#10838 = DEFINITIONAL_REPRESENTATION('',(#10839),#10843);
#10839 = LINE('',#10840,#10841);
#10840 = CARTESIAN_POINT('',(-0.335651838573,0.786552668676));
#10841 = VECTOR('',#10842,1.);
#10842 = DIRECTION('',(0.64366611054,-0.765306434144));
#10843 = ( GEOMETRIC_REPRESENTATION_CONTEXT(2) 
PARAMETRIC_REPRESENTATION_CONTEXT() REPRESENTATION_CONTEXT('2D SPACE',''
  ) );
#10844 = ADVANCED_FACE('',(#10845),#8732,.T.);
#10845 = FACE_BOUND('',#10846,.T.);
#10846 = EDGE_LOOP('',(#10847,#10848,#10849));
#10847 = ORIENTED_EDGE('',*,*,#8851,.F.);
#10848 = ORIENTED_EDGE('',*,*,#8716,.T.);
#10849 = ORIENTED_EDGE('',*,*,#10850,.T.);
#10850 = EDGE_CURVE('',#8717,#8823,#10851,.T.);
#10851 = SURFACE_CURVE('',#10852,(#10856,#10863),.PCURVE_S1.);
#10852 = LINE('',#10853,#10854);
#10853 = CARTESIAN_POINT('',(162.545,29.388591783271,29.963516657788));
#10854 = VECTOR('',#10855,1.);
#10855 = DIRECTION('',(-0.765306434144,-0.479944592125,0.428904710102));
#10856 = PCURVE('',#8732,#10857);
#10857 = DEFINITIONAL_REPRESENTATION('',(#10858),#10862);
#10858 = LINE('',#10859,#10860);
#10859 = CARTESIAN_POINT('',(1.492845528009,1.929404654333));
#10860 = VECTOR('',#10861,1.);
#10861 = DIRECTION('',(-0.872764110603,0.488142199819));
#10862 = ( GEOMETRIC_REPRESENTATION_CONTEXT(2) 
PARAMETRIC_REPRESENTATION_CONTEXT() REPRESENTATION_CONTEXT('2D SPACE',''
  ) );
#10863 = PCURVE('',#10864,#10869);
#10864 = PLANE('',#10865);
#10865 = AXIS2_PLACEMENT_3D('',#10866,#10867,#10868);
#10866 = CARTESIAN_POINT('',(161.75844733132,29.138315619711,
    30.187177111804));
#10867 = DIRECTION('',(0.,0.666346577952,0.745642164883));
#10868 = DIRECTION('',(0.,0.745642164883,-0.666346577952));
#10869 = DEFINITIONAL_REPRESENTATION('',(#10870),#10874);
#10870 = LINE('',#10871,#10872);
#10871 = CARTESIAN_POINT('',(0.335651838573,-0.786552668676));
#10872 = VECTOR('',#10873,1.);
#10873 = DIRECTION('',(-0.64366611054,0.765306434144));
#10874 = ( GEOMETRIC_REPRESENTATION_CONTEXT(2) 
PARAMETRIC_REPRESENTATION_CONTEXT() REPRESENTATION_CONTEXT('2D SPACE',''
  ) );
#10875 = ADVANCED_FACE('',(#10876),#8807,.T.);
#10876 = FACE_BOUND('',#10877,.T.);
#10877 = EDGE_LOOP('',(#10878,#10879,#10880));
#10878 = ORIENTED_EDGE('',*,*,#8793,.F.);
#10879 = ORIENTED_EDGE('',*,*,#8875,.T.);
#10880 = ORIENTED_EDGE('',*,*,#10881,.T.);
#10881 = EDGE_CURVE('',#8876,#8770,#10882,.T.);
#10882 = SURFACE_CURVE('',#10883,(#10887,#10894),.PCURVE_S1.);
#10883 = LINE('',#10884,#10885);
#10884 = CARTESIAN_POINT('',(161.345,27.379482206945,41.788288688638));
#10885 = VECTOR('',#10886,1.);
#10886 = DIRECTION('',(0.765306434144,0.372471102493,0.524948892431));
#10887 = PCURVE('',#8807,#10888);
#10888 = DEFINITIONAL_REPRESENTATION('',(#10889),#10893);
#10889 = LINE('',#10890,#10891);
#10890 = CARTESIAN_POINT('',(1.313695782279,2.055576192283));
#10891 = VECTOR('',#10892,1.);
#10892 = DIRECTION('',(-0.913044950876,0.407858943361));
#10893 = ( GEOMETRIC_REPRESENTATION_CONTEXT(2) 
PARAMETRIC_REPRESENTATION_CONTEXT() REPRESENTATION_CONTEXT('2D SPACE',''
  ) );
#10894 = PCURVE('',#10895,#10900);
#10895 = PLANE('',#10896);
#10896 = AXIS2_PLACEMENT_3D('',#10897,#10898,#10899);
#10897 = CARTESIAN_POINT('',(161.90055254745,27.662687245876,
    42.187428838096));
#10898 = DIRECTION('',(-2.206650111946E-14,0.815560868959,-0.57867129618
    ));
#10899 = DIRECTION('',(0.,0.57867129618,0.815560868959));
#10900 = DEFINITIONAL_REPRESENTATION('',(#10901),#10905);
#10901 = LINE('',#10902,#10903);
#10902 = CARTESIAN_POINT('',(-0.489405714091,-0.55555254745));
#10903 = VECTOR('',#10904,1.);
#10904 = DIRECTION('',(0.64366611054,0.765306434144));
#10905 = ( GEOMETRIC_REPRESENTATION_CONTEXT(2) 
PARAMETRIC_REPRESENTATION_CONTEXT() REPRESENTATION_CONTEXT('2D SPACE',''
  ) );
#10906 = ADVANCED_FACE('',(#10907),#8838,.T.);
#10907 = FACE_BOUND('',#10908,.T.);
#10908 = EDGE_LOOP('',(#10909,#10910,#10911));
#10909 = ORIENTED_EDGE('',*,*,#8957,.F.);
#10910 = ORIENTED_EDGE('',*,*,#8822,.T.);
#10911 = ORIENTED_EDGE('',*,*,#10912,.T.);
#10912 = EDGE_CURVE('',#8823,#8929,#10913,.T.);
#10913 = SURFACE_CURVE('',#10914,(#10918,#10925),.PCURVE_S1.);
#10914 = LINE('',#10915,#10916);
#10915 = CARTESIAN_POINT('',(161.345,28.636038969321,30.636038969321));
#10916 = VECTOR('',#10917,1.);
#10917 = DIRECTION('',(0.765306434144,-0.428904710102,0.479944592125));
#10918 = PCURVE('',#8838,#10919);
#10919 = DEFINITIONAL_REPRESENTATION('',(#10920),#10924);
#10920 = LINE('',#10921,#10922);
#10921 = CARTESIAN_POINT('',(0.920320823046,-2.25924759009));
#10922 = VECTOR('',#10923,1.);
#10923 = DIRECTION('',(0.86006904816,0.510177647881));
#10924 = ( GEOMETRIC_REPRESENTATION_CONTEXT(2) 
PARAMETRIC_REPRESENTATION_CONTEXT() REPRESENTATION_CONTEXT('2D SPACE',''
  ) );
#10925 = PCURVE('',#10926,#10931);
#10926 = PLANE('',#10927);
#10927 = AXIS2_PLACEMENT_3D('',#10928,#10929,#10930);
#10928 = CARTESIAN_POINT('',(161.90055254745,28.309925146506,
    31.000960505482));
#10929 = DIRECTION('',(1.091514700033E-14,0.745642164883,0.666346577952)
  );
#10930 = DIRECTION('',(0.,-0.666346577952,0.745642164883));
#10931 = DEFINITIONAL_REPRESENTATION('',(#10932),#10936);
#10932 = LINE('',#10933,#10934);
#10933 = CARTESIAN_POINT('',(-0.489405714091,-0.55555254745));
#10934 = VECTOR('',#10935,1.);
#10935 = DIRECTION('',(0.64366611054,0.765306434144));
#10936 = ( GEOMETRIC_REPRESENTATION_CONTEXT(2) 
PARAMETRIC_REPRESENTATION_CONTEXT() REPRESENTATION_CONTEXT('2D SPACE',''
  ) );
#10937 = ADVANCED_FACE('',(#10938),#8913,.T.);
#10938 = FACE_BOUND('',#10939,.T.);
#10939 = EDGE_LOOP('',(#10940,#10941,#10942));
#10940 = ORIENTED_EDGE('',*,*,#8899,.F.);
#10941 = ORIENTED_EDGE('',*,*,#8981,.T.);
#10942 = ORIENTED_EDGE('',*,*,#10943,.T.);
#10943 = EDGE_CURVE('',#8982,#8876,#10944,.T.);
#10944 = SURFACE_CURVE('',#10945,(#10949,#10956),.PCURVE_S1.);
#10945 = LINE('',#10946,#10947);
#10946 = CARTESIAN_POINT('',(162.545,26.891280188878,40.904953652058));
#10947 = VECTOR('',#10948,1.);
#10948 = DIRECTION('',(-0.765306434144,0.311353454658,0.563351655833));
#10949 = PCURVE('',#8913,#10950);
#10950 = DEFINITIONAL_REPRESENTATION('',(#10951),#10955);
#10951 = LINE('',#10952,#10953);
#10952 = CARTESIAN_POINT('',(1.137269724289,2.158195464937));
#10953 = VECTOR('',#10954,1.);
#10954 = DIRECTION('',(-0.943942864544,0.330108873671));
#10955 = ( GEOMETRIC_REPRESENTATION_CONTEXT(2) 
PARAMETRIC_REPRESENTATION_CONTEXT() REPRESENTATION_CONTEXT('2D SPACE',''
  ) );
#10956 = PCURVE('',#10957,#10962);
#10957 = PLANE('',#10958);
#10958 = AXIS2_PLACEMENT_3D('',#10959,#10960,#10961);
#10959 = CARTESIAN_POINT('',(161.75844733132,27.053641322687,
    41.198724002784));
#10960 = DIRECTION('',(0.,0.875223421909,-0.483718887105));
#10961 = DIRECTION('',(0.,0.483718887105,0.875223421909));
#10962 = DEFINITIONAL_REPRESENTATION('',(#10963),#10967);
#10963 = LINE('',#10964,#10965);
#10964 = CARTESIAN_POINT('',(-0.335651838573,0.786552668676));
#10965 = VECTOR('',#10966,1.);
#10966 = DIRECTION('',(0.64366611054,-0.765306434144));
#10967 = ( GEOMETRIC_REPRESENTATION_CONTEXT(2) 
PARAMETRIC_REPRESENTATION_CONTEXT() REPRESENTATION_CONTEXT('2D SPACE',''
  ) );
#10968 = ADVANCED_FACE('',(#10969),#8944,.T.);
#10969 = FACE_BOUND('',#10970,.T.);
#10970 = EDGE_LOOP('',(#10971,#10972,#10973));
#10971 = ORIENTED_EDGE('',*,*,#9063,.F.);
#10972 = ORIENTED_EDGE('',*,*,#8928,.T.);
#10973 = ORIENTED_EDGE('',*,*,#10974,.T.);
#10974 = EDGE_CURVE('',#8929,#9035,#10975,.T.);
#10975 = SURFACE_CURVE('',#10976,(#10980,#10987),.PCURVE_S1.);
#10976 = LINE('',#10977,#10978);
#10977 = CARTESIAN_POINT('',(162.545,27.963516657788,31.388591783271));
#10978 = VECTOR('',#10979,1.);
#10979 = DIRECTION('',(-0.765306434144,-0.372471102493,0.524948892431));
#10980 = PCURVE('',#8944,#10981);
#10981 = DEFINITIONAL_REPRESENTATION('',(#10982),#10986);
#10982 = LINE('',#10983,#10984);
#10983 = CARTESIAN_POINT('',(0.695721729115,-2.338196177889));
#10984 = VECTOR('',#10985,1.);
#10985 = DIRECTION('',(0.905702280012,0.423914354535));
#10986 = ( GEOMETRIC_REPRESENTATION_CONTEXT(2) 
PARAMETRIC_REPRESENTATION_CONTEXT() REPRESENTATION_CONTEXT('2D SPACE',''
  ) );
#10987 = PCURVE('',#10988,#10993);
#10988 = PLANE('',#10989);
#10989 = AXIS2_PLACEMENT_3D('',#10990,#10991,#10992);
#10990 = CARTESIAN_POINT('',(161.75844733132,27.769284573296,
    31.662336288406));
#10991 = DIRECTION('',(0.,0.815560868959,0.57867129618));
#10992 = DIRECTION('',(0.,-0.57867129618,0.815560868959));
#10993 = DEFINITIONAL_REPRESENTATION('',(#10994),#10998);
#10994 = LINE('',#10995,#10996);
#10995 = CARTESIAN_POINT('',(-0.335651838573,0.786552668676));
#10996 = VECTOR('',#10997,1.);
#10997 = DIRECTION('',(0.64366611054,-0.765306434144));
#10998 = ( GEOMETRIC_REPRESENTATION_CONTEXT(2) 
PARAMETRIC_REPRESENTATION_CONTEXT() REPRESENTATION_CONTEXT('2D SPACE',''
  ) );
#10999 = ADVANCED_FACE('',(#11000),#9019,.T.);
#11000 = FACE_BOUND('',#11001,.T.);
#11001 = EDGE_LOOP('',(#11002,#11003,#11004));
#11002 = ORIENTED_EDGE('',*,*,#9005,.F.);
#11003 = ORIENTED_EDGE('',*,*,#9087,.T.);
#11004 = ORIENTED_EDGE('',*,*,#11005,.T.);
#11005 = EDGE_CURVE('',#9088,#8982,#11006,.T.);
#11006 = SURFACE_CURVE('',#11007,(#11011,#11018),.PCURVE_S1.);
#11007 = LINE('',#11008,#11009);
#11008 = CARTESIAN_POINT('',(161.345,26.505050027225,39.972511557597));
#11009 = VECTOR('',#11010,1.);
#11010 = DIRECTION('',(0.765306434144,0.246320356478,0.594669945299));
#11011 = PCURVE('',#9019,#11012);
#11012 = DEFINITIONAL_REPRESENTATION('',(#11013),#11017);
#11013 = LINE('',#11014,#11015);
#11014 = CARTESIAN_POINT('',(0.963433493429,2.241201908441));
#11015 = VECTOR('',#11016,1.);
#11016 = DIRECTION('',(-0.967046792865,0.254598704649));
#11017 = ( GEOMETRIC_REPRESENTATION_CONTEXT(2) 
PARAMETRIC_REPRESENTATION_CONTEXT() REPRESENTATION_CONTEXT('2D SPACE',''
  ) );
#11018 = PCURVE('',#11019,#11024);
#11019 = PLANE('',#11020);
#11020 = AXIS2_PLACEMENT_3D('',#11021,#11022,#11023);
#11021 = CARTESIAN_POINT('',(161.90055254745,26.692337485712,
    40.424663479939));
#11022 = DIRECTION('',(-3.88156544016E-15,0.923879532511,-0.382683432365
    ));
#11023 = DIRECTION('',(1.972152263053E-31,0.382683432365,0.923879532511)
  );
#11024 = DEFINITIONAL_REPRESENTATION('',(#11025),#11029);
#11025 = LINE('',#11026,#11027);
#11026 = CARTESIAN_POINT('',(-0.489405714091,-0.55555254745));
#11027 = VECTOR('',#11028,1.);
#11028 = DIRECTION('',(0.64366611054,0.765306434144));
#11029 = ( GEOMETRIC_REPRESENTATION_CONTEXT(2) 
PARAMETRIC_REPRESENTATION_CONTEXT() REPRESENTATION_CONTEXT('2D SPACE',''
  ) );
#11030 = ADVANCED_FACE('',(#11031),#9050,.T.);
#11031 = FACE_BOUND('',#11032,.T.);
#11032 = EDGE_LOOP('',(#11033,#11034,#11035));
#11033 = ORIENTED_EDGE('',*,*,#9169,.F.);
#11034 = ORIENTED_EDGE('',*,*,#9034,.T.);
#11035 = ORIENTED_EDGE('',*,*,#11036,.T.);
#11036 = EDGE_CURVE('',#9035,#9141,#11037,.T.);
#11037 = SURFACE_CURVE('',#11038,(#11042,#11049),.PCURVE_S1.);
#11038 = LINE('',#11039,#11040);
#11039 = CARTESIAN_POINT('',(161.345,27.379482206945,32.211711311362));
#11040 = VECTOR('',#11041,1.);
#11041 = DIRECTION('',(0.765306434144,-0.311353454658,0.563351655833));
#11042 = PCURVE('',#9050,#11043);
#11043 = DEFINITIONAL_REPRESENTATION('',(#11044),#11048);
#11044 = LINE('',#11045,#11046);
#11045 = CARTESIAN_POINT('',(-0.483106237368,2.391191848028));
#11046 = VECTOR('',#11047,1.);
#11047 = DIRECTION('',(-0.940087011898,-0.340934612588));
#11048 = ( GEOMETRIC_REPRESENTATION_CONTEXT(2) 
PARAMETRIC_REPRESENTATION_CONTEXT() REPRESENTATION_CONTEXT('2D SPACE',''
  ) );
#11049 = PCURVE('',#11050,#11055);
#11050 = PLANE('',#11051);
#11051 = AXIS2_PLACEMENT_3D('',#11052,#11053,#11054);
#11052 = CARTESIAN_POINT('',(161.90055254745,27.142747419582,
    32.64005065515));
#11053 = DIRECTION('',(2.392727095959E-15,0.875223421909,0.483718887105)
  );
#11054 = DIRECTION('',(1.972152263053E-31,-0.483718887105,0.875223421909
    ));
#11055 = DEFINITIONAL_REPRESENTATION('',(#11056),#11060);
#11056 = LINE('',#11057,#11058);
#11057 = CARTESIAN_POINT('',(-0.489405714091,-0.55555254745));
#11058 = VECTOR('',#11059,1.);
#11059 = DIRECTION('',(0.64366611054,0.765306434144));
#11060 = ( GEOMETRIC_REPRESENTATION_CONTEXT(2) 
PARAMETRIC_REPRESENTATION_CONTEXT() REPRESENTATION_CONTEXT('2D SPACE',''
  ) );
#11061 = ADVANCED_FACE('',(#11062),#9125,.T.);
#11062 = FACE_BOUND('',#11063,.T.);
#11063 = EDGE_LOOP('',(#11064,#11065,#11066));
#11064 = ORIENTED_EDGE('',*,*,#9111,.F.);
#11065 = ORIENTED_EDGE('',*,*,#9193,.T.);
#11066 = ORIENTED_EDGE('',*,*,#11067,.T.);
#11067 = EDGE_CURVE('',#9194,#9088,#11068,.T.);
#11068 = SURFACE_CURVE('',#11069,(#11073,#11080),.PCURVE_S1.);
#11069 = LINE('',#11070,#11071);
#11070 = CARTESIAN_POINT('',(162.545,26.225648790364,39.002688405607));
#11071 = VECTOR('',#11072,1.);
#11072 = DIRECTION('',(-0.765306434144,0.178189636898,0.618509915167));
#11073 = PCURVE('',#9125,#11074);
#11074 = DEFINITIONAL_REPRESENTATION('',(#11075),#11079);
#11075 = LINE('',#11076,#11077);
#11076 = CARTESIAN_POINT('',(0.791413306344,2.307564748647));
#11077 = VECTOR('',#11078,1.);
#11078 = DIRECTION('',(-0.983513523795,0.180834588816));
#11079 = ( GEOMETRIC_REPRESENTATION_CONTEXT(2) 
PARAMETRIC_REPRESENTATION_CONTEXT() REPRESENTATION_CONTEXT('2D SPACE',''
  ) );
#11080 = PCURVE('',#11081,#11086);
#11081 = PLANE('',#11082);
#11082 = AXIS2_PLACEMENT_3D('',#11083,#11084,#11085);
#11083 = CARTESIAN_POINT('',(161.75844733132,26.318569138756,
    39.325222071434));
#11084 = DIRECTION('',(0.,0.960917321945,-0.276835511425));
#11085 = DIRECTION('',(0.,0.276835511425,0.960917321945));
#11086 = DEFINITIONAL_REPRESENTATION('',(#11087),#11091);
#11087 = LINE('',#11088,#11089);
#11088 = CARTESIAN_POINT('',(-0.335651838573,0.786552668676));
#11089 = VECTOR('',#11090,1.);
#11090 = DIRECTION('',(0.64366611054,-0.765306434144));
#11091 = ( GEOMETRIC_REPRESENTATION_CONTEXT(2) 
PARAMETRIC_REPRESENTATION_CONTEXT() REPRESENTATION_CONTEXT('2D SPACE',''
  ) );
#11092 = ADVANCED_FACE('',(#11093),#9156,.T.);
#11093 = FACE_BOUND('',#11094,.T.);
#11094 = EDGE_LOOP('',(#11095,#11096,#11097));
#11095 = ORIENTED_EDGE('',*,*,#9275,.F.);
#11096 = ORIENTED_EDGE('',*,*,#9140,.T.);
#11097 = ORIENTED_EDGE('',*,*,#11098,.T.);
#11098 = EDGE_CURVE('',#9141,#9247,#11099,.T.);
#11099 = SURFACE_CURVE('',#11100,(#11104,#11111),.PCURVE_S1.);
#11100 = LINE('',#11101,#11102);
#11101 = CARTESIAN_POINT('',(162.545,26.891280188878,33.095046347942));
#11102 = VECTOR('',#11103,1.);
#11103 = DIRECTION('',(-0.765306434144,-0.246320356478,0.594669945299));
#11104 = PCURVE('',#9156,#11105);
#11105 = DEFINITIONAL_REPRESENTATION('',(#11106),#11110);
#11106 = LINE('',#11107,#11108);
#11107 = CARTESIAN_POINT('',(-0.281532592169,2.423206448119));
#11108 = VECTOR('',#11109,1.);
#11109 = DIRECTION('',(-0.965295989931,-0.261158288828));
#11110 = ( GEOMETRIC_REPRESENTATION_CONTEXT(2) 
PARAMETRIC_REPRESENTATION_CONTEXT() REPRESENTATION_CONTEXT('2D SPACE',''
  ) );
#11111 = PCURVE('',#11112,#11117);
#11112 = PLANE('',#11113);
#11113 = AXIS2_PLACEMENT_3D('',#11114,#11115,#11116);
#11114 = CARTESIAN_POINT('',(161.75844733132,26.762831791214,
    33.405148211649));
#11115 = DIRECTION('',(0.,0.923879532511,0.382683432365));
#11116 = DIRECTION('',(0.,-0.382683432365,0.923879532511));
#11117 = DEFINITIONAL_REPRESENTATION('',(#11118),#11122);
#11118 = LINE('',#11119,#11120);
#11119 = CARTESIAN_POINT('',(-0.335651838573,0.786552668676));
#11120 = VECTOR('',#11121,1.);
#11121 = DIRECTION('',(0.64366611054,-0.765306434144));
#11122 = ( GEOMETRIC_REPRESENTATION_CONTEXT(2) 
PARAMETRIC_REPRESENTATION_CONTEXT() REPRESENTATION_CONTEXT('2D SPACE',''
  ) );
#11123 = ADVANCED_FACE('',(#11124),#9231,.T.);
#11124 = FACE_BOUND('',#11125,.T.);
#11125 = EDGE_LOOP('',(#11126,#11127,#11128));
#11126 = ORIENTED_EDGE('',*,*,#9217,.F.);
#11127 = ORIENTED_EDGE('',*,*,#9299,.T.);
#11128 = ORIENTED_EDGE('',*,*,#11129,.T.);
#11129 = EDGE_CURVE('',#9300,#9194,#11130,.T.);
#11130 = SURFACE_CURVE('',#11131,(#11135,#11142),.PCURVE_S1.);
#11131 = LINE('',#11132,#11133);
#11132 = CARTESIAN_POINT('',(161.345,26.056590110961,38.00768028493));
#11133 = VECTOR('',#11134,1.);
#11134 = DIRECTION('',(0.765306434144,0.107818079246,0.634571763983));
#11135 = PCURVE('',#9231,#11136);
#11136 = DEFINITIONAL_REPRESENTATION('',(#11137),#11141);
#11137 = LINE('',#11138,#11139);
#11138 = CARTESIAN_POINT('',(0.620044970066,2.35939278751));
#11139 = VECTOR('',#11140,1.);
#11140 = DIRECTION('',(-0.994127338604,0.108216609818));
#11141 = ( GEOMETRIC_REPRESENTATION_CONTEXT(2) 
PARAMETRIC_REPRESENTATION_CONTEXT() REPRESENTATION_CONTEXT('2D SPACE',''
  ) );
#11142 = PCURVE('',#11143,#11148);
#11143 = PLANE('',#11144);
#11144 = AXIS2_PLACEMENT_3D('',#11145,#11146,#11147);
#11145 = CARTESIAN_POINT('',(161.90055254745,26.138568613792,
    38.490171194749));
#11146 = DIRECTION('',(7.707849421288E-15,0.985871018518,-0.167506223305
    ));
#11147 = DIRECTION('',(-1.972152263053E-31,0.167506223305,0.985871018518
    ));
#11148 = DEFINITIONAL_REPRESENTATION('',(#11149),#11153);
#11149 = LINE('',#11150,#11151);
#11150 = CARTESIAN_POINT('',(-0.489405714091,-0.55555254745));
#11151 = VECTOR('',#11152,1.);
#11152 = DIRECTION('',(0.64366611054,0.765306434144));
#11153 = ( GEOMETRIC_REPRESENTATION_CONTEXT(2) 
PARAMETRIC_REPRESENTATION_CONTEXT() REPRESENTATION_CONTEXT('2D SPACE',''
  ) );
#11154 = ADVANCED_FACE('',(#11155),#9262,.T.);
#11155 = FACE_BOUND('',#11156,.T.);
#11156 = EDGE_LOOP('',(#11157,#11158,#11159));
#11157 = ORIENTED_EDGE('',*,*,#9381,.F.);
#11158 = ORIENTED_EDGE('',*,*,#9246,.T.);
#11159 = ORIENTED_EDGE('',*,*,#11160,.T.);
#11160 = EDGE_CURVE('',#9247,#9353,#11161,.T.);
#11161 = SURFACE_CURVE('',#11162,(#11166,#11173),.PCURVE_S1.);
#11162 = LINE('',#11163,#11164);
#11163 = CARTESIAN_POINT('',(161.345,26.505050027225,34.027488442403));
#11164 = VECTOR('',#11165,1.);
#11165 = DIRECTION('',(0.765306434144,-0.178189636898,0.618509915167));
#11166 = PCURVE('',#9262,#11167);
#11167 = DEFINITIONAL_REPRESENTATION('',(#11168),#11172);
#11168 = LINE('',#11169,#11170);
#11169 = CARTESIAN_POINT('',(-8.94539164294E-02,2.437865477727));
#11170 = VECTOR('',#11171,1.);
#11171 = DIRECTION('',(-0.982892860087,-0.184178244075));
#11172 = ( GEOMETRIC_REPRESENTATION_CONTEXT(2) 
PARAMETRIC_REPRESENTATION_CONTEXT() REPRESENTATION_CONTEXT('2D SPACE',''
  ) );
#11173 = PCURVE('',#11174,#11179);
#11174 = PLANE('',#11175);
#11175 = AXIS2_PLACEMENT_3D('',#11176,#11177,#11178);
#11176 = CARTESIAN_POINT('',(161.90055254745,26.36956514607,
    34.497766870532));
#11177 = DIRECTION('',(-1.133917409192E-14,0.960917321945,0.276835511425
    ));
#11178 = DIRECTION('',(0.,-0.276835511425,0.960917321945));
#11179 = DEFINITIONAL_REPRESENTATION('',(#11180),#11184);
#11180 = LINE('',#11181,#11182);
#11181 = CARTESIAN_POINT('',(-0.489405714091,-0.55555254745));
#11182 = VECTOR('',#11183,1.);
#11183 = DIRECTION('',(0.64366611054,0.765306434144));
#11184 = ( GEOMETRIC_REPRESENTATION_CONTEXT(2) 
PARAMETRIC_REPRESENTATION_CONTEXT() REPRESENTATION_CONTEXT('2D SPACE',''
  ) );
#11185 = ADVANCED_FACE('',(#11186),#9337,.T.);
#11186 = FACE_BOUND('',#11187,.T.);
#11187 = EDGE_LOOP('',(#11188,#11189,#11190));
#11188 = ORIENTED_EDGE('',*,*,#9323,.F.);
#11189 = ORIENTED_EDGE('',*,*,#9405,.T.);
#11190 = ORIENTED_EDGE('',*,*,#11191,.T.);
#11191 = EDGE_CURVE('',#9406,#9300,#11192,.T.);
#11192 = SURFACE_CURVE('',#11193,(#11197,#11204),.PCURVE_S1.);
#11193 = LINE('',#11194,#11195);
#11194 = CARTESIAN_POINT('',(162.545,26.,37.));
#11195 = VECTOR('',#11196,1.);
#11196 = DIRECTION('',(-0.765306434144,3.609064668938E-02,0.642653504681
    ));
#11197 = PCURVE('',#9337,#11198);
#11198 = DEFINITIONAL_REPRESENTATION('',(#11199),#11203);
#11199 = LINE('',#11200,#11201);
#11200 = CARTESIAN_POINT('',(0.44791652696,2.398032709438));
#11201 = VECTOR('',#11202,1.);
#11202 = DIRECTION('',(-0.999348520398,3.609064668938E-02));
#11203 = ( GEOMETRIC_REPRESENTATION_CONTEXT(2) 
PARAMETRIC_REPRESENTATION_CONTEXT() REPRESENTATION_CONTEXT('2D SPACE',''
  ) );
#11204 = PCURVE('',#11205,#11210);
#11205 = PLANE('',#11206);
#11206 = AXIS2_PLACEMENT_3D('',#11207,#11208,#11209);
#11207 = CARTESIAN_POINT('',(161.75844733132,26.018820148705,
    37.335123796141));
#11208 = DIRECTION('',(0.,0.998426815018,-5.607044723719E-02));
#11209 = DIRECTION('',(0.,5.607044723719E-02,0.998426815018));
#11210 = DEFINITIONAL_REPRESENTATION('',(#11211),#11215);
#11211 = LINE('',#11212,#11213);
#11212 = CARTESIAN_POINT('',(-0.335651838573,0.786552668676));
#11213 = VECTOR('',#11214,1.);
#11214 = DIRECTION('',(0.64366611054,-0.765306434144));
#11215 = ( GEOMETRIC_REPRESENTATION_CONTEXT(2) 
PARAMETRIC_REPRESENTATION_CONTEXT() REPRESENTATION_CONTEXT('2D SPACE',''
  ) );
#11216 = ADVANCED_FACE('',(#11217),#9368,.T.);
#11217 = FACE_BOUND('',#11218,.T.);
#11218 = EDGE_LOOP('',(#11219,#11220,#11221));
#11219 = ORIENTED_EDGE('',*,*,#9482,.F.);
#11220 = ORIENTED_EDGE('',*,*,#9352,.T.);
#11221 = ORIENTED_EDGE('',*,*,#11222,.T.);
#11222 = EDGE_CURVE('',#9353,#9459,#11223,.T.);
#11223 = SURFACE_CURVE('',#11224,(#11228,#11235),.PCURVE_S1.);
#11224 = LINE('',#11225,#11226);
#11225 = CARTESIAN_POINT('',(162.545,26.225648790364,34.997311594393));
#11226 = VECTOR('',#11227,1.);
#11227 = DIRECTION('',(-0.765306434144,-0.107818079246,0.634571763983));
#11228 = PCURVE('',#9368,#11229);
#11229 = DEFINITIONAL_REPRESENTATION('',(#11230),#11234);
#11230 = LINE('',#11231,#11232);
#11231 = CARTESIAN_POINT('',(9.492322029151E-02,2.43765864569));
#11232 = VECTOR('',#11233,1.);
#11233 = DIRECTION('',(-0.993995773482,-0.1094184733));
#11234 = ( GEOMETRIC_REPRESENTATION_CONTEXT(2) 
PARAMETRIC_REPRESENTATION_CONTEXT() REPRESENTATION_CONTEXT('2D SPACE',''
  ) );
#11235 = PCURVE('',#11236,#11241);
#11236 = PLANE('',#11237);
#11237 = AXIS2_PLACEMENT_3D('',#11238,#11239,#11240);
#11238 = CARTESIAN_POINT('',(161.75844733132,26.169425018539,
    35.328221014354));
#11239 = DIRECTION('',(0.,0.985871018518,0.167506223305));
#11240 = DIRECTION('',(0.,-0.167506223305,0.985871018518));
#11241 = DEFINITIONAL_REPRESENTATION('',(#11242),#11246);
#11242 = LINE('',#11243,#11244);
#11243 = CARTESIAN_POINT('',(-0.335651838573,0.786552668676));
#11244 = VECTOR('',#11245,1.);
#11245 = DIRECTION('',(0.64366611054,-0.765306434144));
#11246 = ( GEOMETRIC_REPRESENTATION_CONTEXT(2) 
PARAMETRIC_REPRESENTATION_CONTEXT() REPRESENTATION_CONTEXT('2D SPACE',''
  ) );
#11247 = ADVANCED_FACE('',(#11248),#9443,.T.);
#11248 = FACE_BOUND('',#11249,.T.);
#11249 = EDGE_LOOP('',(#11250,#11251,#11252));
#11250 = ORIENTED_EDGE('',*,*,#9429,.F.);
#11251 = ORIENTED_EDGE('',*,*,#9458,.T.);
#11252 = ORIENTED_EDGE('',*,*,#11253,.T.);
#11253 = EDGE_CURVE('',#9459,#9406,#11254,.T.);
#11254 = SURFACE_CURVE('',#11255,(#11259,#11266),.PCURVE_S1.);
#11255 = LINE('',#11256,#11257);
#11256 = CARTESIAN_POINT('',(161.345,26.056590110961,35.99231971507));
#11257 = VECTOR('',#11258,1.);
#11258 = DIRECTION('',(0.765306434144,-3.609064668938E-02,0.642653504681
    ));
#11259 = PCURVE('',#9443,#11260);
#11260 = DEFINITIONAL_REPRESENTATION('',(#11261),#11265);
#11261 = LINE('',#11262,#11263);
#11262 = CARTESIAN_POINT('',(0.273445742316,2.424132322434));
#11263 = VECTOR('',#11264,1.);
#11264 = DIRECTION('',(-0.999343693753,-3.622404941902E-02));
#11265 = ( GEOMETRIC_REPRESENTATION_CONTEXT(2) 
PARAMETRIC_REPRESENTATION_CONTEXT() REPRESENTATION_CONTEXT('2D SPACE',''
  ) );
#11266 = PCURVE('',#11267,#11272);
#11267 = PLANE('',#11268);
#11268 = AXIS2_PLACEMENT_3D('',#11269,#11270,#11271);
#11269 = CARTESIAN_POINT('',(161.90055254745,26.029148913691,
    36.480955503442));
#11270 = DIRECTION('',(3.837124438397E-15,0.998426815018,
    5.607044723719E-02));
#11271 = DIRECTION('',(0.,-5.607044723719E-02,0.998426815018));
#11272 = DEFINITIONAL_REPRESENTATION('',(#11273),#11277);
#11273 = LINE('',#11274,#11275);
#11274 = CARTESIAN_POINT('',(-0.489405714091,-0.55555254745));
#11275 = VECTOR('',#11276,1.);
#11276 = DIRECTION('',(0.64366611054,0.765306434144));
#11277 = ( GEOMETRIC_REPRESENTATION_CONTEXT(2) 
PARAMETRIC_REPRESENTATION_CONTEXT() REPRESENTATION_CONTEXT('2D SPACE',''
  ) );
#11278 = ADVANCED_FACE('',(#11279),#9531,.F.);
#11279 = FACE_BOUND('',#11280,.F.);
#11280 = EDGE_LOOP('',(#11281,#11304,#11331,#11332));
#11281 = ORIENTED_EDGE('',*,*,#11282,.T.);
#11282 = EDGE_CURVE('',#9515,#11283,#11285,.T.);
#11283 = VERTEX_POINT('',#11284);
#11284 = CARTESIAN_POINT('',(161.345,35.,40.3));
#11285 = SEAM_CURVE('',#11286,(#11290,#11297),.PCURVE_S1.);
#11286 = LINE('',#11287,#11288);
#11287 = CARTESIAN_POINT('',(144.5,35.,40.3));
#11288 = VECTOR('',#11289,1.);
#11289 = DIRECTION('',(1.,0.,0.));
#11290 = PCURVE('',#9531,#11291);
#11291 = DEFINITIONAL_REPRESENTATION('',(#11292),#11296);
#11292 = LINE('',#11293,#11294);
#11293 = CARTESIAN_POINT('',(6.28318530718,-0.));
#11294 = VECTOR('',#11295,1.);
#11295 = DIRECTION('',(0.,1.));
#11296 = ( GEOMETRIC_REPRESENTATION_CONTEXT(2) 
PARAMETRIC_REPRESENTATION_CONTEXT() REPRESENTATION_CONTEXT('2D SPACE',''
  ) );
#11297 = PCURVE('',#9531,#11298);
#11298 = DEFINITIONAL_REPRESENTATION('',(#11299),#11303);
#11299 = LINE('',#11300,#11301);
#11300 = CARTESIAN_POINT('',(0.,-0.));
#11301 = VECTOR('',#11302,1.);
#11302 = DIRECTION('',(0.,1.));
#11303 = ( GEOMETRIC_REPRESENTATION_CONTEXT(2) 
PARAMETRIC_REPRESENTATION_CONTEXT() REPRESENTATION_CONTEXT('2D SPACE',''
  ) );
#11304 = ORIENTED_EDGE('',*,*,#11305,.F.);
#11305 = EDGE_CURVE('',#11283,#11283,#11306,.T.);
#11306 = SURFACE_CURVE('',#11307,(#11312,#11319),.PCURVE_S1.);
#11307 = CIRCLE('',#11308,3.3);
#11308 = AXIS2_PLACEMENT_3D('',#11309,#11310,#11311);
#11309 = CARTESIAN_POINT('',(161.345,35.,37.));
#11310 = DIRECTION('',(1.,0.,0.));
#11311 = DIRECTION('',(-0.,0.,1.));
#11312 = PCURVE('',#9531,#11313);
#11313 = DEFINITIONAL_REPRESENTATION('',(#11314),#11318);
#11314 = LINE('',#11315,#11316);
#11315 = CARTESIAN_POINT('',(0.,16.845));
#11316 = VECTOR('',#11317,1.);
#11317 = DIRECTION('',(1.,0.));
#11318 = ( GEOMETRIC_REPRESENTATION_CONTEXT(2) 
PARAMETRIC_REPRESENTATION_CONTEXT() REPRESENTATION_CONTEXT('2D SPACE',''
  ) );
#11319 = PCURVE('',#11320,#11325);
#11320 = PLANE('',#11321);
#11321 = AXIS2_PLACEMENT_3D('',#11322,#11323,#11324);
#11322 = CARTESIAN_POINT('',(161.345,-44.,1.));
#11323 = DIRECTION('',(1.,0.,0.));
#11324 = DIRECTION('',(0.,0.,1.));
#11325 = DEFINITIONAL_REPRESENTATION('',(#11326),#11330);
#11326 = CIRCLE('',#11327,3.3);
#11327 = AXIS2_PLACEMENT_2D('',#11328,#11329);
#11328 = CARTESIAN_POINT('',(36.,-79.));
#11329 = DIRECTION('',(1.,0.));
#11330 = ( GEOMETRIC_REPRESENTATION_CONTEXT(2) 
PARAMETRIC_REPRESENTATION_CONTEXT() REPRESENTATION_CONTEXT('2D SPACE',''
  ) );
#11331 = ORIENTED_EDGE('',*,*,#11282,.F.);
#11332 = ORIENTED_EDGE('',*,*,#9514,.T.);
#11333 = ADVANCED_FACE('',(#11334),#9562,.T.);
#11334 = FACE_BOUND('',#11335,.T.);
#11335 = EDGE_LOOP('',(#11336,#11337,#11360));
#11336 = ORIENTED_EDGE('',*,*,#9548,.F.);
#11337 = ORIENTED_EDGE('',*,*,#11338,.T.);
#11338 = EDGE_CURVE('',#6539,#11339,#11341,.T.);
#11339 = VERTEX_POINT('',#11340);
#11340 = CARTESIAN_POINT('',(161.345,44.,37.));
#11341 = SURFACE_CURVE('',#11342,(#11346,#11353),.PCURVE_S1.);
#11342 = LINE('',#11343,#11344);
#11343 = CARTESIAN_POINT('',(161.345,43.943409889039,38.00768028493));
#11344 = VECTOR('',#11345,1.);
#11345 = DIRECTION('',(0.,5.607044723719E-02,-0.998426815018));
#11346 = PCURVE('',#9562,#11347);
#11347 = DEFINITIONAL_REPRESENTATION('',(#11348),#11352);
#11348 = LINE('',#11349,#11350);
#11349 = CARTESIAN_POINT('',(-0.489405714091,-0.55555254745));
#11350 = VECTOR('',#11351,1.);
#11351 = DIRECTION('',(1.,2.544076419338E-29));
#11352 = ( GEOMETRIC_REPRESENTATION_CONTEXT(2) 
PARAMETRIC_REPRESENTATION_CONTEXT() REPRESENTATION_CONTEXT('2D SPACE',''
  ) );
#11353 = PCURVE('',#11320,#11354);
#11354 = DEFINITIONAL_REPRESENTATION('',(#11355),#11359);
#11355 = LINE('',#11356,#11357);
#11356 = CARTESIAN_POINT('',(37.00768028493,-87.94340988903));
#11357 = VECTOR('',#11358,1.);
#11358 = DIRECTION('',(-0.998426815018,-5.607044723719E-02));
#11359 = ( GEOMETRIC_REPRESENTATION_CONTEXT(2) 
PARAMETRIC_REPRESENTATION_CONTEXT() REPRESENTATION_CONTEXT('2D SPACE',''
  ) );
#11360 = ORIENTED_EDGE('',*,*,#11361,.T.);
#11361 = EDGE_CURVE('',#11339,#6597,#11362,.T.);
#11362 = SURFACE_CURVE('',#11363,(#11367,#11374),.PCURVE_S1.);
#11363 = LINE('',#11364,#11365);
#11364 = CARTESIAN_POINT('',(161.245,44.,37.));
#11365 = VECTOR('',#11366,1.);
#11366 = DIRECTION('',(1.,0.,0.));
#11367 = PCURVE('',#9562,#11368);
#11368 = DEFINITIONAL_REPRESENTATION('',(#11369),#11373);
#11369 = LINE('',#11370,#11371);
#11370 = CARTESIAN_POINT('',(0.519862336179,-0.65555254745));
#11371 = VECTOR('',#11372,1.);
#11372 = DIRECTION('',(0.,1.));
#11373 = ( GEOMETRIC_REPRESENTATION_CONTEXT(2) 
PARAMETRIC_REPRESENTATION_CONTEXT() REPRESENTATION_CONTEXT('2D SPACE',''
  ) );
#11374 = PCURVE('',#9624,#11375);
#11375 = DEFINITIONAL_REPRESENTATION('',(#11376),#11380);
#11376 = LINE('',#11377,#11378);
#11377 = CARTESIAN_POINT('',(-0.335651838573,-0.513447331324));
#11378 = VECTOR('',#11379,1.);
#11379 = DIRECTION('',(0.,1.));
#11380 = ( GEOMETRIC_REPRESENTATION_CONTEXT(2) 
PARAMETRIC_REPRESENTATION_CONTEXT() REPRESENTATION_CONTEXT('2D SPACE',''
  ) );
#11381 = ADVANCED_FACE('',(#11382),#9593,.T.);
#11382 = FACE_BOUND('',#11383,.T.);
#11383 = EDGE_LOOP('',(#11384,#11385,#11408));
#11384 = ORIENTED_EDGE('',*,*,#9579,.F.);
#11385 = ORIENTED_EDGE('',*,*,#11386,.T.);
#11386 = EDGE_CURVE('',#6650,#11387,#11389,.T.);
#11387 = VERTEX_POINT('',#11388);
#11388 = CARTESIAN_POINT('',(161.345,43.774351209636,39.002688405607));
#11389 = SURFACE_CURVE('',#11390,(#11394,#11401),.PCURVE_S1.);
#11390 = LINE('',#11391,#11392);
#11391 = CARTESIAN_POINT('',(162.545,43.774351209636,39.002688405607));
#11392 = VECTOR('',#11393,1.);
#11393 = DIRECTION('',(-1.,0.,0.));
#11394 = PCURVE('',#9593,#11395);
#11395 = DEFINITIONAL_REPRESENTATION('',(#11396),#11400);
#11396 = LINE('',#11397,#11398);
#11397 = CARTESIAN_POINT('',(-0.335651838573,0.786552668676));
#11398 = VECTOR('',#11399,1.);
#11399 = DIRECTION('',(0.,-1.));
#11400 = ( GEOMETRIC_REPRESENTATION_CONTEXT(2) 
PARAMETRIC_REPRESENTATION_CONTEXT() REPRESENTATION_CONTEXT('2D SPACE',''
  ) );
#11401 = PCURVE('',#9655,#11402);
#11402 = DEFINITIONAL_REPRESENTATION('',(#11403),#11407);
#11403 = LINE('',#11404,#11405);
#11404 = CARTESIAN_POINT('',(0.519862336179,0.64444745255));
#11405 = VECTOR('',#11406,1.);
#11406 = DIRECTION('',(0.,-1.));
#11407 = ( GEOMETRIC_REPRESENTATION_CONTEXT(2) 
PARAMETRIC_REPRESENTATION_CONTEXT() REPRESENTATION_CONTEXT('2D SPACE',''
  ) );
#11408 = ORIENTED_EDGE('',*,*,#11409,.T.);
#11409 = EDGE_CURVE('',#11387,#6539,#11410,.T.);
#11410 = SURFACE_CURVE('',#11411,(#11415,#11421),.PCURVE_S1.);
#11411 = LINE('',#11412,#11413);
#11412 = CARTESIAN_POINT('',(161.345,45.708935096586,27.616543166296));
#11413 = VECTOR('',#11414,1.);
#11414 = DIRECTION('',(0.,0.167506223305,-0.985871018518));
#11415 = PCURVE('',#9593,#11416);
#11416 = DEFINITIONAL_REPRESENTATION('',(#11417),#11420);
#11417 = B_SPLINE_CURVE_WITH_KNOTS('',1,(#11418,#11419),.UNSPECIFIED.,
  .F.,.F.,(2,2),(-11.54932544464,-10.54005739437),
  .PIECEWISE_BEZIER_KNOTS.);
#11418 = CARTESIAN_POINT('',(-0.335651838573,-0.413447331324));
#11419 = CARTESIAN_POINT('',(0.673616211697,-0.413447331324));
#11420 = ( GEOMETRIC_REPRESENTATION_CONTEXT(2) 
PARAMETRIC_REPRESENTATION_CONTEXT() REPRESENTATION_CONTEXT('2D SPACE',''
  ) );
#11421 = PCURVE('',#11320,#11422);
#11422 = DEFINITIONAL_REPRESENTATION('',(#11423),#11426);
#11423 = B_SPLINE_CURVE_WITH_KNOTS('',1,(#11424,#11425),.UNSPECIFIED.,
  .F.,.F.,(2,2),(-11.54932544464,-10.54005739437),
  .PIECEWISE_BEZIER_KNOTS.);
#11424 = CARTESIAN_POINT('',(38.002688405607,-87.77435120963));
#11425 = CARTESIAN_POINT('',(37.00768028493,-87.94340988903));
#11426 = ( GEOMETRIC_REPRESENTATION_CONTEXT(2) 
PARAMETRIC_REPRESENTATION_CONTEXT() REPRESENTATION_CONTEXT('2D SPACE',''
  ) );
#11427 = ADVANCED_FACE('',(#11428),#9624,.T.);
#11428 = FACE_BOUND('',#11429,.T.);
#11429 = EDGE_LOOP('',(#11430,#11431,#11432));
#11430 = ORIENTED_EDGE('',*,*,#9610,.F.);
#11431 = ORIENTED_EDGE('',*,*,#11361,.F.);
#11432 = ORIENTED_EDGE('',*,*,#11433,.T.);
#11433 = EDGE_CURVE('',#11339,#6703,#11434,.T.);
#11434 = SURFACE_CURVE('',#11435,(#11439,#11445),.PCURVE_S1.);
#11435 = LINE('',#11436,#11437);
#11436 = CARTESIAN_POINT('',(161.345,42.844578258369,16.425809738617));
#11437 = VECTOR('',#11438,1.);
#11438 = DIRECTION('',(0.,-5.607044723719E-02,-0.998426815018));
#11439 = PCURVE('',#9624,#11440);
#11440 = DEFINITIONAL_REPRESENTATION('',(#11441),#11444);
#11441 = B_SPLINE_CURVE_WITH_KNOTS('',1,(#11442,#11443),.UNSPECIFIED.,
  .F.,.F.,(2,2),(-20.60660826804,-19.59734021777),
  .PIECEWISE_BEZIER_KNOTS.);
#11442 = CARTESIAN_POINT('',(-0.335651838573,-0.413447331324));
#11443 = CARTESIAN_POINT('',(0.673616211697,-0.413447331324));
#11444 = ( GEOMETRIC_REPRESENTATION_CONTEXT(2) 
PARAMETRIC_REPRESENTATION_CONTEXT() REPRESENTATION_CONTEXT('2D SPACE',''
  ) );
#11445 = PCURVE('',#11320,#11446);
#11446 = DEFINITIONAL_REPRESENTATION('',(#11447),#11450);
#11447 = B_SPLINE_CURVE_WITH_KNOTS('',1,(#11448,#11449),.UNSPECIFIED.,
  .F.,.F.,(2,2),(-20.60660826804,-19.59734021777),
  .PIECEWISE_BEZIER_KNOTS.);
#11448 = CARTESIAN_POINT('',(36.,-88.));
#11449 = CARTESIAN_POINT('',(34.99231971507,-87.94340988903));
#11450 = ( GEOMETRIC_REPRESENTATION_CONTEXT(2) 
PARAMETRIC_REPRESENTATION_CONTEXT() REPRESENTATION_CONTEXT('2D SPACE',''
  ) );
#11451 = ADVANCED_FACE('',(#11452),#9655,.T.);
#11452 = FACE_BOUND('',#11453,.T.);
#11453 = EDGE_LOOP('',(#11454,#11455,#11476));
#11454 = ORIENTED_EDGE('',*,*,#9641,.F.);
#11455 = ORIENTED_EDGE('',*,*,#11456,.T.);
#11456 = EDGE_CURVE('',#6756,#11387,#11457,.T.);
#11457 = SURFACE_CURVE('',#11458,(#11462,#11469),.PCURVE_S1.);
#11458 = LINE('',#11459,#11460);
#11459 = CARTESIAN_POINT('',(161.345,43.494949972775,39.972511557597));
#11460 = VECTOR('',#11461,1.);
#11461 = DIRECTION('',(0.,0.276835511425,-0.960917321945));
#11462 = PCURVE('',#9655,#11463);
#11463 = DEFINITIONAL_REPRESENTATION('',(#11464),#11468);
#11464 = LINE('',#11465,#11466);
#11465 = CARTESIAN_POINT('',(-0.489405714091,-0.55555254745));
#11466 = VECTOR('',#11467,1.);
#11467 = DIRECTION('',(1.,5.506249118443E-28));
#11468 = ( GEOMETRIC_REPRESENTATION_CONTEXT(2) 
PARAMETRIC_REPRESENTATION_CONTEXT() REPRESENTATION_CONTEXT('2D SPACE',''
  ) );
#11469 = PCURVE('',#11320,#11470);
#11470 = DEFINITIONAL_REPRESENTATION('',(#11471),#11475);
#11471 = LINE('',#11472,#11473);
#11472 = CARTESIAN_POINT('',(38.972511557597,-87.49494997277));
#11473 = VECTOR('',#11474,1.);
#11474 = DIRECTION('',(-0.960917321945,-0.276835511425));
#11475 = ( GEOMETRIC_REPRESENTATION_CONTEXT(2) 
PARAMETRIC_REPRESENTATION_CONTEXT() REPRESENTATION_CONTEXT('2D SPACE',''
  ) );
#11476 = ORIENTED_EDGE('',*,*,#11386,.F.);
#11477 = ADVANCED_FACE('',(#11478),#9686,.T.);
#11478 = FACE_BOUND('',#11479,.T.);
#11479 = EDGE_LOOP('',(#11480,#11481,#11504));
#11480 = ORIENTED_EDGE('',*,*,#9672,.F.);
#11481 = ORIENTED_EDGE('',*,*,#11482,.T.);
#11482 = EDGE_CURVE('',#6703,#11483,#11485,.T.);
#11483 = VERTEX_POINT('',#11484);
#11484 = CARTESIAN_POINT('',(161.345,43.774351209636,34.997311594393));
#11485 = SURFACE_CURVE('',#11486,(#11490,#11497),.PCURVE_S1.);
#11486 = LINE('',#11487,#11488);
#11487 = CARTESIAN_POINT('',(161.345,43.943409889039,35.99231971507));
#11488 = VECTOR('',#11489,1.);
#11489 = DIRECTION('',(0.,-0.167506223305,-0.985871018518));
#11490 = PCURVE('',#9686,#11491);
#11491 = DEFINITIONAL_REPRESENTATION('',(#11492),#11496);
#11492 = LINE('',#11493,#11494);
#11493 = CARTESIAN_POINT('',(-0.489405714091,-0.55555254745));
#11494 = VECTOR('',#11495,1.);
#11495 = DIRECTION('',(1.,1.794658559378E-29));
#11496 = ( GEOMETRIC_REPRESENTATION_CONTEXT(2) 
PARAMETRIC_REPRESENTATION_CONTEXT() REPRESENTATION_CONTEXT('2D SPACE',''
  ) );
#11497 = PCURVE('',#11320,#11498);
#11498 = DEFINITIONAL_REPRESENTATION('',(#11499),#11503);
#11499 = LINE('',#11500,#11501);
#11500 = CARTESIAN_POINT('',(34.99231971507,-87.94340988903));
#11501 = VECTOR('',#11502,1.);
#11502 = DIRECTION('',(-0.985871018518,0.167506223305));
#11503 = ( GEOMETRIC_REPRESENTATION_CONTEXT(2) 
PARAMETRIC_REPRESENTATION_CONTEXT() REPRESENTATION_CONTEXT('2D SPACE',''
  ) );
#11504 = ORIENTED_EDGE('',*,*,#11505,.F.);
#11505 = EDGE_CURVE('',#6809,#11483,#11506,.T.);
#11506 = SURFACE_CURVE('',#11507,(#11511,#11518),.PCURVE_S1.);
#11507 = LINE('',#11508,#11509);
#11508 = CARTESIAN_POINT('',(162.545,43.774351209636,34.997311594393));
#11509 = VECTOR('',#11510,1.);
#11510 = DIRECTION('',(-1.,0.,0.));
#11511 = PCURVE('',#9686,#11512);
#11512 = DEFINITIONAL_REPRESENTATION('',(#11513),#11517);
#11513 = LINE('',#11514,#11515);
#11514 = CARTESIAN_POINT('',(0.519862336179,0.64444745255));
#11515 = VECTOR('',#11516,1.);
#11516 = DIRECTION('',(0.,-1.));
#11517 = ( GEOMETRIC_REPRESENTATION_CONTEXT(2) 
PARAMETRIC_REPRESENTATION_CONTEXT() REPRESENTATION_CONTEXT('2D SPACE',''
  ) );
#11518 = PCURVE('',#9748,#11519);
#11519 = DEFINITIONAL_REPRESENTATION('',(#11520),#11524);
#11520 = LINE('',#11521,#11522);
#11521 = CARTESIAN_POINT('',(-0.335651838573,0.786552668676));
#11522 = VECTOR('',#11523,1.);
#11523 = DIRECTION('',(-0.,-1.));
#11524 = ( GEOMETRIC_REPRESENTATION_CONTEXT(2) 
PARAMETRIC_REPRESENTATION_CONTEXT() REPRESENTATION_CONTEXT('2D SPACE',''
  ) );
#11525 = ADVANCED_FACE('',(#11526),#9717,.T.);
#11526 = FACE_BOUND('',#11527,.T.);
#11527 = EDGE_LOOP('',(#11528,#11529,#11552));
#11528 = ORIENTED_EDGE('',*,*,#9703,.F.);
#11529 = ORIENTED_EDGE('',*,*,#11530,.T.);
#11530 = EDGE_CURVE('',#6862,#11531,#11533,.T.);
#11531 = VERTEX_POINT('',#11532);
#11532 = CARTESIAN_POINT('',(161.345,43.108719811122,40.904953652058));
#11533 = SURFACE_CURVE('',#11534,(#11538,#11545),.PCURVE_S1.);
#11534 = LINE('',#11535,#11536);
#11535 = CARTESIAN_POINT('',(162.545,43.108719811122,40.904953652058));
#11536 = VECTOR('',#11537,1.);
#11537 = DIRECTION('',(-1.,0.,0.));
#11538 = PCURVE('',#9717,#11539);
#11539 = DEFINITIONAL_REPRESENTATION('',(#11540),#11544);
#11540 = LINE('',#11541,#11542);
#11541 = CARTESIAN_POINT('',(-0.335651838573,0.786552668676));
#11542 = VECTOR('',#11543,1.);
#11543 = DIRECTION('',(0.,-1.));
#11544 = ( GEOMETRIC_REPRESENTATION_CONTEXT(2) 
PARAMETRIC_REPRESENTATION_CONTEXT() REPRESENTATION_CONTEXT('2D SPACE',''
  ) );
#11545 = PCURVE('',#9779,#11546);
#11546 = DEFINITIONAL_REPRESENTATION('',(#11547),#11551);
#11547 = LINE('',#11548,#11549);
#11548 = CARTESIAN_POINT('',(0.519862336179,0.64444745255));
#11549 = VECTOR('',#11550,1.);
#11550 = DIRECTION('',(0.,-1.));
#11551 = ( GEOMETRIC_REPRESENTATION_CONTEXT(2) 
PARAMETRIC_REPRESENTATION_CONTEXT() REPRESENTATION_CONTEXT('2D SPACE',''
  ) );
#11552 = ORIENTED_EDGE('',*,*,#11553,.T.);
#11553 = EDGE_CURVE('',#11531,#6756,#11554,.T.);
#11554 = SURFACE_CURVE('',#11555,(#11559,#11565),.PCURVE_S1.);
#11555 = LINE('',#11556,#11557);
#11556 = CARTESIAN_POINT('',(161.345,43.848821509481,39.118190094344));
#11557 = VECTOR('',#11558,1.);
#11558 = DIRECTION('',(0.,0.382683432365,-0.923879532511));
#11559 = PCURVE('',#9717,#11560);
#11560 = DEFINITIONAL_REPRESENTATION('',(#11561),#11564);
#11561 = B_SPLINE_CURVE_WITH_KNOTS('',1,(#11562,#11563),.UNSPECIFIED.,
  .F.,.F.,(2,2),(-1.933978938636,-0.924710888366),
  .PIECEWISE_BEZIER_KNOTS.);
#11562 = CARTESIAN_POINT('',(-0.335651838573,-0.413447331324));
#11563 = CARTESIAN_POINT('',(0.673616211697,-0.413447331324));
#11564 = ( GEOMETRIC_REPRESENTATION_CONTEXT(2) 
PARAMETRIC_REPRESENTATION_CONTEXT() REPRESENTATION_CONTEXT('2D SPACE',''
  ) );
#11565 = PCURVE('',#11320,#11566);
#11566 = DEFINITIONAL_REPRESENTATION('',(#11567),#11570);
#11567 = B_SPLINE_CURVE_WITH_KNOTS('',1,(#11568,#11569),.UNSPECIFIED.,
  .F.,.F.,(2,2),(-1.933978938636,-0.924710888366),
  .PIECEWISE_BEZIER_KNOTS.);
#11568 = CARTESIAN_POINT('',(39.904953652058,-87.10871981112));
#11569 = CARTESIAN_POINT('',(38.972511557597,-87.49494997277));
#11570 = ( GEOMETRIC_REPRESENTATION_CONTEXT(2) 
PARAMETRIC_REPRESENTATION_CONTEXT() REPRESENTATION_CONTEXT('2D SPACE',''
  ) );
#11571 = ADVANCED_FACE('',(#11572),#9748,.T.);
#11572 = FACE_BOUND('',#11573,.T.);
#11573 = EDGE_LOOP('',(#11574,#11575,#11576));
#11574 = ORIENTED_EDGE('',*,*,#9734,.F.);
#11575 = ORIENTED_EDGE('',*,*,#11505,.T.);
#11576 = ORIENTED_EDGE('',*,*,#11577,.T.);
#11577 = EDGE_CURVE('',#11483,#6915,#11578,.T.);
#11578 = SURFACE_CURVE('',#11579,(#11583,#11589),.PCURVE_S1.);
#11579 = LINE('',#11580,#11581);
#11580 = CARTESIAN_POINT('',(161.345,35.842554972346,7.46543766925));
#11581 = VECTOR('',#11582,1.);
#11582 = DIRECTION('',(0.,-0.276835511425,-0.960917321945));
#11583 = PCURVE('',#9748,#11584);
#11584 = DEFINITIONAL_REPRESENTATION('',(#11585),#11588);
#11585 = B_SPLINE_CURVE_WITH_KNOTS('',1,(#11586,#11587),.UNSPECIFIED.,
  .F.,.F.,(2,2),(-28.65165742814,-27.64238937787),
  .PIECEWISE_BEZIER_KNOTS.);
#11586 = CARTESIAN_POINT('',(-0.335651838573,-0.413447331324));
#11587 = CARTESIAN_POINT('',(0.673616211697,-0.413447331324));
#11588 = ( GEOMETRIC_REPRESENTATION_CONTEXT(2) 
PARAMETRIC_REPRESENTATION_CONTEXT() REPRESENTATION_CONTEXT('2D SPACE',''
  ) );
#11589 = PCURVE('',#11320,#11590);
#11590 = DEFINITIONAL_REPRESENTATION('',(#11591),#11594);
#11591 = B_SPLINE_CURVE_WITH_KNOTS('',1,(#11592,#11593),.UNSPECIFIED.,
  .F.,.F.,(2,2),(-28.65165742814,-27.64238937787),
  .PIECEWISE_BEZIER_KNOTS.);
#11592 = CARTESIAN_POINT('',(33.997311594393,-87.77435120963));
#11593 = CARTESIAN_POINT('',(33.027488442403,-87.49494997277));
#11594 = ( GEOMETRIC_REPRESENTATION_CONTEXT(2) 
PARAMETRIC_REPRESENTATION_CONTEXT() REPRESENTATION_CONTEXT('2D SPACE',''
  ) );
#11595 = ADVANCED_FACE('',(#11596),#9779,.T.);
#11596 = FACE_BOUND('',#11597,.T.);
#11597 = EDGE_LOOP('',(#11598,#11599,#11620));
#11598 = ORIENTED_EDGE('',*,*,#9765,.F.);
#11599 = ORIENTED_EDGE('',*,*,#11600,.T.);
#11600 = EDGE_CURVE('',#6968,#11531,#11601,.T.);
#11601 = SURFACE_CURVE('',#11602,(#11606,#11613),.PCURVE_S1.);
#11602 = LINE('',#11603,#11604);
#11603 = CARTESIAN_POINT('',(161.345,42.620517793055,41.788288688638));
#11604 = VECTOR('',#11605,1.);
#11605 = DIRECTION('',(0.,0.483718887105,-0.875223421909));
#11606 = PCURVE('',#9779,#11607);
#11607 = DEFINITIONAL_REPRESENTATION('',(#11608),#11612);
#11608 = LINE('',#11609,#11610);
#11609 = CARTESIAN_POINT('',(-0.489405714091,-0.55555254745));
#11610 = VECTOR('',#11611,1.);
#11611 = DIRECTION('',(1.,9.466330862652E-30));
#11612 = ( GEOMETRIC_REPRESENTATION_CONTEXT(2) 
PARAMETRIC_REPRESENTATION_CONTEXT() REPRESENTATION_CONTEXT('2D SPACE',''
  ) );
#11613 = PCURVE('',#11320,#11614);
#11614 = DEFINITIONAL_REPRESENTATION('',(#11615),#11619);
#11615 = LINE('',#11616,#11617);
#11616 = CARTESIAN_POINT('',(40.788288688638,-86.62051779305));
#11617 = VECTOR('',#11618,1.);
#11618 = DIRECTION('',(-0.875223421909,-0.483718887105));
#11619 = ( GEOMETRIC_REPRESENTATION_CONTEXT(2) 
PARAMETRIC_REPRESENTATION_CONTEXT() REPRESENTATION_CONTEXT('2D SPACE',''
  ) );
#11620 = ORIENTED_EDGE('',*,*,#11530,.F.);
#11621 = ADVANCED_FACE('',(#11622),#9810,.T.);
#11622 = FACE_BOUND('',#11623,.T.);
#11623 = EDGE_LOOP('',(#11624,#11625,#11648));
#11624 = ORIENTED_EDGE('',*,*,#9796,.F.);
#11625 = ORIENTED_EDGE('',*,*,#11626,.T.);
#11626 = EDGE_CURVE('',#6915,#11627,#11629,.T.);
#11627 = VERTEX_POINT('',#11628);
#11628 = CARTESIAN_POINT('',(161.345,43.108719811122,33.095046347942));
#11629 = SURFACE_CURVE('',#11630,(#11634,#11641),.PCURVE_S1.);
#11630 = LINE('',#11631,#11632);
#11631 = CARTESIAN_POINT('',(161.345,43.494949972775,34.027488442403));
#11632 = VECTOR('',#11633,1.);
#11633 = DIRECTION('',(0.,-0.382683432365,-0.923879532511));
#11634 = PCURVE('',#9810,#11635);
#11635 = DEFINITIONAL_REPRESENTATION('',(#11636),#11640);
#11636 = LINE('',#11637,#11638);
#11637 = CARTESIAN_POINT('',(-0.489405714091,-0.55555254745));
#11638 = VECTOR('',#11639,1.);
#11639 = DIRECTION('',(1.,1.013686263209E-28));
#11640 = ( GEOMETRIC_REPRESENTATION_CONTEXT(2) 
PARAMETRIC_REPRESENTATION_CONTEXT() REPRESENTATION_CONTEXT('2D SPACE',''
  ) );
#11641 = PCURVE('',#11320,#11642);
#11642 = DEFINITIONAL_REPRESENTATION('',(#11643),#11647);
#11643 = LINE('',#11644,#11645);
#11644 = CARTESIAN_POINT('',(33.027488442403,-87.49494997277));
#11645 = VECTOR('',#11646,1.);
#11646 = DIRECTION('',(-0.923879532511,0.382683432365));
#11647 = ( GEOMETRIC_REPRESENTATION_CONTEXT(2) 
PARAMETRIC_REPRESENTATION_CONTEXT() REPRESENTATION_CONTEXT('2D SPACE',''
  ) );
#11648 = ORIENTED_EDGE('',*,*,#11649,.F.);
#11649 = EDGE_CURVE('',#7021,#11627,#11650,.T.);
#11650 = SURFACE_CURVE('',#11651,(#11655,#11662),.PCURVE_S1.);
#11651 = LINE('',#11652,#11653);
#11652 = CARTESIAN_POINT('',(162.545,43.108719811122,33.095046347942));
#11653 = VECTOR('',#11654,1.);
#11654 = DIRECTION('',(-1.,0.,0.));
#11655 = PCURVE('',#9810,#11656);
#11656 = DEFINITIONAL_REPRESENTATION('',(#11657),#11661);
#11657 = LINE('',#11658,#11659);
#11658 = CARTESIAN_POINT('',(0.519862336179,0.64444745255));
#11659 = VECTOR('',#11660,1.);
#11660 = DIRECTION('',(0.,-1.));
#11661 = ( GEOMETRIC_REPRESENTATION_CONTEXT(2) 
PARAMETRIC_REPRESENTATION_CONTEXT() REPRESENTATION_CONTEXT('2D SPACE',''
  ) );
#11662 = PCURVE('',#9872,#11663);
#11663 = DEFINITIONAL_REPRESENTATION('',(#11664),#11668);
#11664 = LINE('',#11665,#11666);
#11665 = CARTESIAN_POINT('',(-0.335651838573,0.786552668676));
#11666 = VECTOR('',#11667,1.);
#11667 = DIRECTION('',(0.,-1.));
#11668 = ( GEOMETRIC_REPRESENTATION_CONTEXT(2) 
PARAMETRIC_REPRESENTATION_CONTEXT() REPRESENTATION_CONTEXT('2D SPACE',''
  ) );
#11669 = ADVANCED_FACE('',(#11670),#9841,.T.);
#11670 = FACE_BOUND('',#11671,.T.);
#11671 = EDGE_LOOP('',(#11672,#11673,#11696));
#11672 = ORIENTED_EDGE('',*,*,#9827,.F.);
#11673 = ORIENTED_EDGE('',*,*,#11674,.T.);
#11674 = EDGE_CURVE('',#7074,#11675,#11677,.T.);
#11675 = VERTEX_POINT('',#11676);
#11676 = CARTESIAN_POINT('',(161.345,42.036483342212,42.611408216729));
#11677 = SURFACE_CURVE('',#11678,(#11682,#11689),.PCURVE_S1.);
#11678 = LINE('',#11679,#11680);
#11679 = CARTESIAN_POINT('',(162.545,42.036483342212,42.611408216729));
#11680 = VECTOR('',#11681,1.);
#11681 = DIRECTION('',(-1.,0.,0.));
#11682 = PCURVE('',#9841,#11683);
#11683 = DEFINITIONAL_REPRESENTATION('',(#11684),#11688);
#11684 = LINE('',#11685,#11686);
#11685 = CARTESIAN_POINT('',(-0.335651838573,0.786552668676));
#11686 = VECTOR('',#11687,1.);
#11687 = DIRECTION('',(0.,-1.));
#11688 = ( GEOMETRIC_REPRESENTATION_CONTEXT(2) 
PARAMETRIC_REPRESENTATION_CONTEXT() REPRESENTATION_CONTEXT('2D SPACE',''
  ) );
#11689 = PCURVE('',#9903,#11690);
#11690 = DEFINITIONAL_REPRESENTATION('',(#11691),#11695);
#11691 = LINE('',#11692,#11693);
#11692 = CARTESIAN_POINT('',(0.519862336179,0.64444745255));
#11693 = VECTOR('',#11694,1.);
#11694 = DIRECTION('',(0.,-1.));
#11695 = ( GEOMETRIC_REPRESENTATION_CONTEXT(2) 
PARAMETRIC_REPRESENTATION_CONTEXT() REPRESENTATION_CONTEXT('2D SPACE',''
  ) );
#11696 = ORIENTED_EDGE('',*,*,#11697,.T.);
#11697 = EDGE_CURVE('',#11675,#6968,#11698,.T.);
#11698 = SURFACE_CURVE('',#11699,(#11703,#11709),.PCURVE_S1.);
#11699 = LINE('',#11700,#11701);
#11700 = CARTESIAN_POINT('',(161.345,37.547569443559,48.937940298133));
#11701 = VECTOR('',#11702,1.);
#11702 = DIRECTION('',(0.,0.57867129618,-0.815560868959));
#11703 = PCURVE('',#9841,#11704);
#11704 = DEFINITIONAL_REPRESENTATION('',(#11705),#11708);
#11705 = B_SPLINE_CURVE_WITH_KNOTS('',1,(#11706,#11707),.UNSPECIFIED.,
  .F.,.F.,(2,2),(7.757277625982,8.766545676251),
  .PIECEWISE_BEZIER_KNOTS.);
#11706 = CARTESIAN_POINT('',(-0.335651838573,-0.413447331324));
#11707 = CARTESIAN_POINT('',(0.673616211697,-0.413447331324));
#11708 = ( GEOMETRIC_REPRESENTATION_CONTEXT(2) 
PARAMETRIC_REPRESENTATION_CONTEXT() REPRESENTATION_CONTEXT('2D SPACE',''
  ) );
#11709 = PCURVE('',#11320,#11710);
#11710 = DEFINITIONAL_REPRESENTATION('',(#11711),#11714);
#11711 = B_SPLINE_CURVE_WITH_KNOTS('',1,(#11712,#11713),.UNSPECIFIED.,
  .F.,.F.,(2,2),(7.757277625982,8.766545676251),
  .PIECEWISE_BEZIER_KNOTS.);
#11712 = CARTESIAN_POINT('',(41.611408216729,-86.03648334221));
#11713 = CARTESIAN_POINT('',(40.788288688638,-86.62051779305));
#11714 = ( GEOMETRIC_REPRESENTATION_CONTEXT(2) 
PARAMETRIC_REPRESENTATION_CONTEXT() REPRESENTATION_CONTEXT('2D SPACE',''
  ) );
#11715 = ADVANCED_FACE('',(#11716),#9872,.T.);
#11716 = FACE_BOUND('',#11717,.T.);
#11717 = EDGE_LOOP('',(#11718,#11719,#11720));
#11718 = ORIENTED_EDGE('',*,*,#9858,.F.);
#11719 = ORIENTED_EDGE('',*,*,#11649,.T.);
#11720 = ORIENTED_EDGE('',*,*,#11721,.T.);
#11721 = EDGE_CURVE('',#11627,#7127,#11722,.T.);
#11722 = SURFACE_CURVE('',#11723,(#11727,#11733),.PCURVE_S1.);
#11723 = LINE('',#11724,#11725);
#11724 = CARTESIAN_POINT('',(161.345,26.042604457824,2.216235790038));
#11725 = VECTOR('',#11726,1.);
#11726 = DIRECTION('',(0.,-0.483718887105,-0.875223421909));
#11727 = PCURVE('',#9872,#11728);
#11728 = DEFINITIONAL_REPRESENTATION('',(#11729),#11732);
#11729 = B_SPLINE_CURVE_WITH_KNOTS('',1,(#11730,#11731),.UNSPECIFIED.,
  .F.,.F.,(2,2),(-35.28106056686,-34.27179251659),
  .PIECEWISE_BEZIER_KNOTS.);
#11730 = CARTESIAN_POINT('',(-0.335651838573,-0.413447331324));
#11731 = CARTESIAN_POINT('',(0.673616211697,-0.413447331324));
#11732 = ( GEOMETRIC_REPRESENTATION_CONTEXT(2) 
PARAMETRIC_REPRESENTATION_CONTEXT() REPRESENTATION_CONTEXT('2D SPACE',''
  ) );
#11733 = PCURVE('',#11320,#11734);
#11734 = DEFINITIONAL_REPRESENTATION('',(#11735),#11738);
#11735 = B_SPLINE_CURVE_WITH_KNOTS('',1,(#11736,#11737),.UNSPECIFIED.,
  .F.,.F.,(2,2),(-35.28106056686,-34.27179251659),
  .PIECEWISE_BEZIER_KNOTS.);
#11736 = CARTESIAN_POINT('',(32.095046347942,-87.10871981112));
#11737 = CARTESIAN_POINT('',(31.211711311362,-86.62051779305));
#11738 = ( GEOMETRIC_REPRESENTATION_CONTEXT(2) 
PARAMETRIC_REPRESENTATION_CONTEXT() REPRESENTATION_CONTEXT('2D SPACE',''
  ) );
#11739 = ADVANCED_FACE('',(#11740),#9903,.T.);
#11740 = FACE_BOUND('',#11741,.T.);
#11741 = EDGE_LOOP('',(#11742,#11743,#11764));
#11742 = ORIENTED_EDGE('',*,*,#9889,.F.);
#11743 = ORIENTED_EDGE('',*,*,#11744,.T.);
#11744 = EDGE_CURVE('',#7180,#11675,#11745,.T.);
#11745 = SURFACE_CURVE('',#11746,(#11750,#11757),.PCURVE_S1.);
#11746 = LINE('',#11747,#11748);
#11747 = CARTESIAN_POINT('',(161.345,41.363961030679,43.363961030679));
#11748 = VECTOR('',#11749,1.);
#11749 = DIRECTION('',(0.,0.666346577952,-0.745642164883));
#11750 = PCURVE('',#9903,#11751);
#11751 = DEFINITIONAL_REPRESENTATION('',(#11752),#11756);
#11752 = LINE('',#11753,#11754);
#11753 = CARTESIAN_POINT('',(-0.489405714091,-0.55555254745));
#11754 = VECTOR('',#11755,1.);
#11755 = DIRECTION('',(1.,-5.916456789158E-30));
#11756 = ( GEOMETRIC_REPRESENTATION_CONTEXT(2) 
PARAMETRIC_REPRESENTATION_CONTEXT() REPRESENTATION_CONTEXT('2D SPACE',''
  ) );
#11757 = PCURVE('',#11320,#11758);
#11758 = DEFINITIONAL_REPRESENTATION('',(#11759),#11763);
#11759 = LINE('',#11760,#11761);
#11760 = CARTESIAN_POINT('',(42.363961030679,-85.36396103067));
#11761 = VECTOR('',#11762,1.);
#11762 = DIRECTION('',(-0.745642164883,-0.666346577952));
#11763 = ( GEOMETRIC_REPRESENTATION_CONTEXT(2) 
PARAMETRIC_REPRESENTATION_CONTEXT() REPRESENTATION_CONTEXT('2D SPACE',''
  ) );
#11764 = ORIENTED_EDGE('',*,*,#11674,.F.);
#11765 = ADVANCED_FACE('',(#11766),#9934,.T.);
#11766 = FACE_BOUND('',#11767,.T.);
#11767 = EDGE_LOOP('',(#11768,#11769,#11792));
#11768 = ORIENTED_EDGE('',*,*,#9920,.F.);
#11769 = ORIENTED_EDGE('',*,*,#11770,.T.);
#11770 = EDGE_CURVE('',#7127,#11771,#11773,.T.);
#11771 = VERTEX_POINT('',#11772);
#11772 = CARTESIAN_POINT('',(161.345,42.036483342212,31.388591783271));
#11773 = SURFACE_CURVE('',#11774,(#11778,#11785),.PCURVE_S1.);
#11774 = LINE('',#11775,#11776);
#11775 = CARTESIAN_POINT('',(161.345,42.620517793055,32.211711311362));
#11776 = VECTOR('',#11777,1.);
#11777 = DIRECTION('',(0.,-0.57867129618,-0.815560868959));
#11778 = PCURVE('',#9934,#11779);
#11779 = DEFINITIONAL_REPRESENTATION('',(#11780),#11784);
#11780 = LINE('',#11781,#11782);
#11781 = CARTESIAN_POINT('',(-0.489405714091,-0.55555254745));
#11782 = VECTOR('',#11783,1.);
#11783 = DIRECTION('',(1.,1.350529869738E-27));
#11784 = ( GEOMETRIC_REPRESENTATION_CONTEXT(2) 
PARAMETRIC_REPRESENTATION_CONTEXT() REPRESENTATION_CONTEXT('2D SPACE',''
  ) );
#11785 = PCURVE('',#11320,#11786);
#11786 = DEFINITIONAL_REPRESENTATION('',(#11787),#11791);
#11787 = LINE('',#11788,#11789);
#11788 = CARTESIAN_POINT('',(31.211711311362,-86.62051779305));
#11789 = VECTOR('',#11790,1.);
#11790 = DIRECTION('',(-0.815560868959,0.57867129618));
#11791 = ( GEOMETRIC_REPRESENTATION_CONTEXT(2) 
PARAMETRIC_REPRESENTATION_CONTEXT() REPRESENTATION_CONTEXT('2D SPACE',''
  ) );
#11792 = ORIENTED_EDGE('',*,*,#11793,.F.);
#11793 = EDGE_CURVE('',#7233,#11771,#11794,.T.);
#11794 = SURFACE_CURVE('',#11795,(#11799,#11806),.PCURVE_S1.);
#11795 = LINE('',#11796,#11797);
#11796 = CARTESIAN_POINT('',(162.545,42.036483342212,31.388591783271));
#11797 = VECTOR('',#11798,1.);
#11798 = DIRECTION('',(-1.,0.,0.));
#11799 = PCURVE('',#9934,#11800);
#11800 = DEFINITIONAL_REPRESENTATION('',(#11801),#11805);
#11801 = LINE('',#11802,#11803);
#11802 = CARTESIAN_POINT('',(0.519862336179,0.64444745255));
#11803 = VECTOR('',#11804,1.);
#11804 = DIRECTION('',(0.,-1.));
#11805 = ( GEOMETRIC_REPRESENTATION_CONTEXT(2) 
PARAMETRIC_REPRESENTATION_CONTEXT() REPRESENTATION_CONTEXT('2D SPACE',''
  ) );
#11806 = PCURVE('',#9996,#11807);
#11807 = DEFINITIONAL_REPRESENTATION('',(#11808),#11812);
#11808 = LINE('',#11809,#11810);
#11809 = CARTESIAN_POINT('',(-0.335651838573,0.786552668676));
#11810 = VECTOR('',#11811,1.);
#11811 = DIRECTION('',(-0.,-1.));
#11812 = ( GEOMETRIC_REPRESENTATION_CONTEXT(2) 
PARAMETRIC_REPRESENTATION_CONTEXT() REPRESENTATION_CONTEXT('2D SPACE',''
  ) );
#11813 = ADVANCED_FACE('',(#11814),#9965,.T.);
#11814 = FACE_BOUND('',#11815,.T.);
#11815 = EDGE_LOOP('',(#11816,#11817,#11840));
#11816 = ORIENTED_EDGE('',*,*,#9951,.F.);
#11817 = ORIENTED_EDGE('',*,*,#11818,.T.);
#11818 = EDGE_CURVE('',#7286,#11819,#11821,.T.);
#11819 = VERTEX_POINT('',#11820);
#11820 = CARTESIAN_POINT('',(161.345,40.611408216729,44.036483342212));
#11821 = SURFACE_CURVE('',#11822,(#11826,#11833),.PCURVE_S1.);
#11822 = LINE('',#11823,#11824);
#11823 = CARTESIAN_POINT('',(162.545,40.611408216729,44.036483342212));
#11824 = VECTOR('',#11825,1.);
#11825 = DIRECTION('',(-1.,0.,0.));
#11826 = PCURVE('',#9965,#11827);
#11827 = DEFINITIONAL_REPRESENTATION('',(#11828),#11832);
#11828 = LINE('',#11829,#11830);
#11829 = CARTESIAN_POINT('',(0.335651838573,-0.786552668676));
#11830 = VECTOR('',#11831,1.);
#11831 = DIRECTION('',(2.465190328816E-32,1.));
#11832 = ( GEOMETRIC_REPRESENTATION_CONTEXT(2) 
PARAMETRIC_REPRESENTATION_CONTEXT() REPRESENTATION_CONTEXT('2D SPACE',''
  ) );
#11833 = PCURVE('',#10027,#11834);
#11834 = DEFINITIONAL_REPRESENTATION('',(#11835),#11839);
#11835 = LINE('',#11836,#11837);
#11836 = CARTESIAN_POINT('',(-0.519862336179,-0.64444745255));
#11837 = VECTOR('',#11838,1.);
#11838 = DIRECTION('',(0.,1.));
#11839 = ( GEOMETRIC_REPRESENTATION_CONTEXT(2) 
PARAMETRIC_REPRESENTATION_CONTEXT() REPRESENTATION_CONTEXT('2D SPACE',''
  ) );
#11840 = ORIENTED_EDGE('',*,*,#11841,.T.);
#11841 = EDGE_CURVE('',#11819,#7180,#11842,.T.);
#11842 = SURFACE_CURVE('',#11843,(#11847,#11853),.PCURVE_S1.);
#11843 = LINE('',#11844,#11845);
#11844 = CARTESIAN_POINT('',(161.345,27.906795987995,55.390018967642));
#11845 = VECTOR('',#11846,1.);
#11846 = DIRECTION('',(0.,0.745642164883,-0.666346577952));
#11847 = PCURVE('',#9965,#11848);
#11848 = DEFINITIONAL_REPRESENTATION('',(#11849),#11852);
#11849 = B_SPLINE_CURVE_WITH_KNOTS('',1,(#11850,#11851),.UNSPECIFIED.,
  .F.,.F.,(2,2),(17.038484177895,18.047752228165),
  .PIECEWISE_BEZIER_KNOTS.);
#11850 = CARTESIAN_POINT('',(0.335651838573,0.413447331324));
#11851 = CARTESIAN_POINT('',(-0.673616211697,0.413447331324));
#11852 = ( GEOMETRIC_REPRESENTATION_CONTEXT(2) 
PARAMETRIC_REPRESENTATION_CONTEXT() REPRESENTATION_CONTEXT('2D SPACE',''
  ) );
#11853 = PCURVE('',#11320,#11854);
#11854 = DEFINITIONAL_REPRESENTATION('',(#11855),#11858);
#11855 = B_SPLINE_CURVE_WITH_KNOTS('',1,(#11856,#11857),.UNSPECIFIED.,
  .F.,.F.,(2,2),(17.038484177895,18.047752228165),
  .PIECEWISE_BEZIER_KNOTS.);
#11856 = CARTESIAN_POINT('',(43.036483342212,-84.61140821672));
#11857 = CARTESIAN_POINT('',(42.363961030679,-85.36396103067));
#11858 = ( GEOMETRIC_REPRESENTATION_CONTEXT(2) 
PARAMETRIC_REPRESENTATION_CONTEXT() REPRESENTATION_CONTEXT('2D SPACE',''
  ) );
#11859 = ADVANCED_FACE('',(#11860),#9996,.T.);
#11860 = FACE_BOUND('',#11861,.T.);
#11861 = EDGE_LOOP('',(#11862,#11863,#11864));
#11862 = ORIENTED_EDGE('',*,*,#9982,.F.);
#11863 = ORIENTED_EDGE('',*,*,#11793,.T.);
#11864 = ORIENTED_EDGE('',*,*,#11865,.T.);
#11865 = EDGE_CURVE('',#11771,#7339,#11866,.T.);
#11866 = SURFACE_CURVE('',#11867,(#11871,#11877),.PCURVE_S1.);
#11867 = LINE('',#11868,#11869);
#11868 = CARTESIAN_POINT('',(161.345,15.274411051322,1.441819067682));
#11869 = VECTOR('',#11870,1.);
#11870 = DIRECTION('',(0.,-0.666346577952,-0.745642164883));
#11871 = PCURVE('',#9996,#11872);
#11872 = DEFINITIONAL_REPRESENTATION('',(#11873),#11876);
#11873 = B_SPLINE_CURVE_WITH_KNOTS('',1,(#11874,#11875),.UNSPECIFIED.,
  .F.,.F.,(2,2),(-40.16239172885,-39.15312367858),
  .PIECEWISE_BEZIER_KNOTS.);
#11874 = CARTESIAN_POINT('',(-0.335651838573,-0.413447331324));
#11875 = CARTESIAN_POINT('',(0.673616211697,-0.413447331324));
#11876 = ( GEOMETRIC_REPRESENTATION_CONTEXT(2) 
PARAMETRIC_REPRESENTATION_CONTEXT() REPRESENTATION_CONTEXT('2D SPACE',''
  ) );
#11877 = PCURVE('',#11320,#11878);
#11878 = DEFINITIONAL_REPRESENTATION('',(#11879),#11882);
#11879 = B_SPLINE_CURVE_WITH_KNOTS('',1,(#11880,#11881),.UNSPECIFIED.,
  .F.,.F.,(2,2),(-40.16239172885,-39.15312367858),
  .PIECEWISE_BEZIER_KNOTS.);
#11880 = CARTESIAN_POINT('',(30.388591783271,-86.03648334221));
#11881 = CARTESIAN_POINT('',(29.636038969321,-85.36396103067));
#11882 = ( GEOMETRIC_REPRESENTATION_CONTEXT(2) 
PARAMETRIC_REPRESENTATION_CONTEXT() REPRESENTATION_CONTEXT('2D SPACE',''
  ) );
#11883 = ADVANCED_FACE('',(#11884),#10027,.T.);
#11884 = FACE_BOUND('',#11885,.T.);
#11885 = EDGE_LOOP('',(#11886,#11887,#11908));
#11886 = ORIENTED_EDGE('',*,*,#10013,.F.);
#11887 = ORIENTED_EDGE('',*,*,#11888,.T.);
#11888 = EDGE_CURVE('',#7392,#11819,#11889,.T.);
#11889 = SURFACE_CURVE('',#11890,(#11894,#11901),.PCURVE_S1.);
#11890 = LINE('',#11891,#11892);
#11891 = CARTESIAN_POINT('',(161.345,39.788288688638,44.620517793055));
#11892 = VECTOR('',#11893,1.);
#11893 = DIRECTION('',(0.,0.815560868959,-0.57867129618));
#11894 = PCURVE('',#10027,#11895);
#11895 = DEFINITIONAL_REPRESENTATION('',(#11896),#11900);
#11896 = LINE('',#11897,#11898);
#11897 = CARTESIAN_POINT('',(0.489405714091,0.55555254745));
#11898 = VECTOR('',#11899,1.);
#11899 = DIRECTION('',(-1.,-3.155443620884E-29));
#11900 = ( GEOMETRIC_REPRESENTATION_CONTEXT(2) 
PARAMETRIC_REPRESENTATION_CONTEXT() REPRESENTATION_CONTEXT('2D SPACE',''
  ) );
#11901 = PCURVE('',#11320,#11902);
#11902 = DEFINITIONAL_REPRESENTATION('',(#11903),#11907);
#11903 = LINE('',#11904,#11905);
#11904 = CARTESIAN_POINT('',(43.620517793055,-83.78828868863));
#11905 = VECTOR('',#11906,1.);
#11906 = DIRECTION('',(-0.57867129618,-0.815560868959));
#11907 = ( GEOMETRIC_REPRESENTATION_CONTEXT(2) 
PARAMETRIC_REPRESENTATION_CONTEXT() REPRESENTATION_CONTEXT('2D SPACE',''
  ) );
#11908 = ORIENTED_EDGE('',*,*,#11818,.F.);
#11909 = ADVANCED_FACE('',(#11910),#10058,.T.);
#11910 = FACE_BOUND('',#11911,.T.);
#11911 = EDGE_LOOP('',(#11912,#11913,#11936));
#11912 = ORIENTED_EDGE('',*,*,#10044,.F.);
#11913 = ORIENTED_EDGE('',*,*,#11914,.T.);
#11914 = EDGE_CURVE('',#7339,#11915,#11917,.T.);
#11915 = VERTEX_POINT('',#11916);
#11916 = CARTESIAN_POINT('',(161.345,40.611408216729,29.963516657788));
#11917 = SURFACE_CURVE('',#11918,(#11922,#11929),.PCURVE_S1.);
#11918 = LINE('',#11919,#11920);
#11919 = CARTESIAN_POINT('',(161.345,41.363961030679,30.636038969321));
#11920 = VECTOR('',#11921,1.);
#11921 = DIRECTION('',(0.,-0.745642164883,-0.666346577952));
#11922 = PCURVE('',#10058,#11923);
#11923 = DEFINITIONAL_REPRESENTATION('',(#11924),#11928);
#11924 = LINE('',#11925,#11926);
#11925 = CARTESIAN_POINT('',(0.489405714091,0.55555254745));
#11926 = VECTOR('',#11927,1.);
#11927 = DIRECTION('',(-1.,-2.674238468699E-28));
#11928 = ( GEOMETRIC_REPRESENTATION_CONTEXT(2) 
PARAMETRIC_REPRESENTATION_CONTEXT() REPRESENTATION_CONTEXT('2D SPACE',''
  ) );
#11929 = PCURVE('',#11320,#11930);
#11930 = DEFINITIONAL_REPRESENTATION('',(#11931),#11935);
#11931 = LINE('',#11932,#11933);
#11932 = CARTESIAN_POINT('',(29.636038969321,-85.36396103067));
#11933 = VECTOR('',#11934,1.);
#11934 = DIRECTION('',(-0.666346577952,0.745642164883));
#11935 = ( GEOMETRIC_REPRESENTATION_CONTEXT(2) 
PARAMETRIC_REPRESENTATION_CONTEXT() REPRESENTATION_CONTEXT('2D SPACE',''
  ) );
#11936 = ORIENTED_EDGE('',*,*,#11937,.F.);
#11937 = EDGE_CURVE('',#7445,#11915,#11938,.T.);
#11938 = SURFACE_CURVE('',#11939,(#11943,#11950),.PCURVE_S1.);
#11939 = LINE('',#11940,#11941);
#11940 = CARTESIAN_POINT('',(162.545,40.611408216729,29.963516657788));
#11941 = VECTOR('',#11942,1.);
#11942 = DIRECTION('',(-1.,0.,0.));
#11943 = PCURVE('',#10058,#11944);
#11944 = DEFINITIONAL_REPRESENTATION('',(#11945),#11949);
#11945 = LINE('',#11946,#11947);
#11946 = CARTESIAN_POINT('',(-0.519862336179,-0.64444745255));
#11947 = VECTOR('',#11948,1.);
#11948 = DIRECTION('',(0.,1.));
#11949 = ( GEOMETRIC_REPRESENTATION_CONTEXT(2) 
PARAMETRIC_REPRESENTATION_CONTEXT() REPRESENTATION_CONTEXT('2D SPACE',''
  ) );
#11950 = PCURVE('',#10120,#11951);
#11951 = DEFINITIONAL_REPRESENTATION('',(#11952),#11956);
#11952 = LINE('',#11953,#11954);
#11953 = CARTESIAN_POINT('',(0.335651838573,-0.786552668676));
#11954 = VECTOR('',#11955,1.);
#11955 = DIRECTION('',(0.,1.));
#11956 = ( GEOMETRIC_REPRESENTATION_CONTEXT(2) 
PARAMETRIC_REPRESENTATION_CONTEXT() REPRESENTATION_CONTEXT('2D SPACE',''
  ) );
#11957 = ADVANCED_FACE('',(#11958),#10089,.T.);
#11958 = FACE_BOUND('',#11959,.T.);
#11959 = EDGE_LOOP('',(#11960,#11961,#11984));
#11960 = ORIENTED_EDGE('',*,*,#10075,.F.);
#11961 = ORIENTED_EDGE('',*,*,#11962,.T.);
#11962 = EDGE_CURVE('',#7498,#11963,#11965,.T.);
#11963 = VERTEX_POINT('',#11964);
#11964 = CARTESIAN_POINT('',(161.345,38.904953652058,45.108719811122));
#11965 = SURFACE_CURVE('',#11966,(#11970,#11977),.PCURVE_S1.);
#11966 = LINE('',#11967,#11968);
#11967 = CARTESIAN_POINT('',(162.545,38.904953652058,45.108719811122));
#11968 = VECTOR('',#11969,1.);
#11969 = DIRECTION('',(-1.,0.,0.));
#11970 = PCURVE('',#10089,#11971);
#11971 = DEFINITIONAL_REPRESENTATION('',(#11972),#11976);
#11972 = LINE('',#11973,#11974);
#11973 = CARTESIAN_POINT('',(0.335651838573,-0.786552668676));
#11974 = VECTOR('',#11975,1.);
#11975 = DIRECTION('',(0.,1.));
#11976 = ( GEOMETRIC_REPRESENTATION_CONTEXT(2) 
PARAMETRIC_REPRESENTATION_CONTEXT() REPRESENTATION_CONTEXT('2D SPACE',''
  ) );
#11977 = PCURVE('',#10151,#11978);
#11978 = DEFINITIONAL_REPRESENTATION('',(#11979),#11983);
#11979 = LINE('',#11980,#11981);
#11980 = CARTESIAN_POINT('',(-0.519862336179,-0.64444745255));
#11981 = VECTOR('',#11982,1.);
#11982 = DIRECTION('',(0.,1.));
#11983 = ( GEOMETRIC_REPRESENTATION_CONTEXT(2) 
PARAMETRIC_REPRESENTATION_CONTEXT() REPRESENTATION_CONTEXT('2D SPACE',''
  ) );
#11984 = ORIENTED_EDGE('',*,*,#11985,.T.);
#11985 = EDGE_CURVE('',#11963,#7392,#11986,.T.);
#11986 = SURFACE_CURVE('',#11987,(#11991,#11997),.PCURVE_S1.);
#11987 = LINE('',#11988,#11989);
#11988 = CARTESIAN_POINT('',(161.345,16.635556868443,57.416580363097));
#11989 = VECTOR('',#11990,1.);
#11990 = DIRECTION('',(0.,0.875223421909,-0.483718887105));
#11991 = PCURVE('',#10089,#11992);
#11992 = DEFINITIONAL_REPRESENTATION('',(#11993),#11996);
#11993 = B_SPLINE_CURVE_WITH_KNOTS('',1,(#11994,#11995),.UNSPECIFIED.,
  .F.,.F.,(2,2),(25.444242265648,26.453510315917),
  .PIECEWISE_BEZIER_KNOTS.);
#11994 = CARTESIAN_POINT('',(0.335651838573,0.413447331324));
#11995 = CARTESIAN_POINT('',(-0.673616211697,0.413447331324));
#11996 = ( GEOMETRIC_REPRESENTATION_CONTEXT(2) 
PARAMETRIC_REPRESENTATION_CONTEXT() REPRESENTATION_CONTEXT('2D SPACE',''
  ) );
#11997 = PCURVE('',#11320,#11998);
#11998 = DEFINITIONAL_REPRESENTATION('',(#11999),#12002);
#11999 = B_SPLINE_CURVE_WITH_KNOTS('',1,(#12000,#12001),.UNSPECIFIED.,
  .F.,.F.,(2,2),(25.444242265648,26.453510315917),
  .PIECEWISE_BEZIER_KNOTS.);
#12000 = CARTESIAN_POINT('',(44.108719811122,-82.90495365205));
#12001 = CARTESIAN_POINT('',(43.620517793055,-83.78828868863));
#12002 = ( GEOMETRIC_REPRESENTATION_CONTEXT(2) 
PARAMETRIC_REPRESENTATION_CONTEXT() REPRESENTATION_CONTEXT('2D SPACE',''
  ) );
#12003 = ADVANCED_FACE('',(#12004),#10120,.T.);
#12004 = FACE_BOUND('',#12005,.T.);
#12005 = EDGE_LOOP('',(#12006,#12007,#12008));
#12006 = ORIENTED_EDGE('',*,*,#10106,.F.);
#12007 = ORIENTED_EDGE('',*,*,#11937,.T.);
#12008 = ORIENTED_EDGE('',*,*,#12009,.T.);
#12009 = EDGE_CURVE('',#11915,#7551,#12010,.T.);
#12010 = SURFACE_CURVE('',#12011,(#12015,#12021),.PCURVE_S1.);
#12011 = LINE('',#12012,#12013);
#12012 = CARTESIAN_POINT('',(161.345,5.500794635749,5.051207786837));
#12013 = VECTOR('',#12014,1.);
#12014 = DIRECTION('',(0.,-0.815560868959,-0.57867129618));
#12015 = PCURVE('',#10120,#12016);
#12016 = DEFINITIONAL_REPRESENTATION('',(#12017),#12020);
#12017 = B_SPLINE_CURVE_WITH_KNOTS('',1,(#12018,#12019),.UNSPECIFIED.,
  .F.,.F.,(2,2),(-43.05088058698,-42.04161253671),
  .PIECEWISE_BEZIER_KNOTS.);
#12018 = CARTESIAN_POINT('',(0.335651838573,0.413447331324));
#12019 = CARTESIAN_POINT('',(-0.673616211697,0.413447331324));
#12020 = ( GEOMETRIC_REPRESENTATION_CONTEXT(2) 
PARAMETRIC_REPRESENTATION_CONTEXT() REPRESENTATION_CONTEXT('2D SPACE',''
  ) );
#12021 = PCURVE('',#11320,#12022);
#12022 = DEFINITIONAL_REPRESENTATION('',(#12023),#12026);
#12023 = B_SPLINE_CURVE_WITH_KNOTS('',1,(#12024,#12025),.UNSPECIFIED.,
  .F.,.F.,(2,2),(-43.05088058698,-42.04161253671),
  .PIECEWISE_BEZIER_KNOTS.);
#12024 = CARTESIAN_POINT('',(28.963516657788,-84.61140821672));
#12025 = CARTESIAN_POINT('',(28.379482206945,-83.78828868863));
#12026 = ( GEOMETRIC_REPRESENTATION_CONTEXT(2) 
PARAMETRIC_REPRESENTATION_CONTEXT() REPRESENTATION_CONTEXT('2D SPACE',''
  ) );
#12027 = ADVANCED_FACE('',(#12028),#10151,.T.);
#12028 = FACE_BOUND('',#12029,.T.);
#12029 = EDGE_LOOP('',(#12030,#12031,#12052));
#12030 = ORIENTED_EDGE('',*,*,#10137,.F.);
#12031 = ORIENTED_EDGE('',*,*,#12032,.T.);
#12032 = EDGE_CURVE('',#7604,#11963,#12033,.T.);
#12033 = SURFACE_CURVE('',#12034,(#12038,#12045),.PCURVE_S1.);
#12034 = LINE('',#12035,#12036);
#12035 = CARTESIAN_POINT('',(161.345,37.972511557597,45.494949972775));
#12036 = VECTOR('',#12037,1.);
#12037 = DIRECTION('',(0.,0.923879532511,-0.382683432365));
#12038 = PCURVE('',#10151,#12039);
#12039 = DEFINITIONAL_REPRESENTATION('',(#12040),#12044);
#12040 = LINE('',#12041,#12042);
#12041 = CARTESIAN_POINT('',(0.489405714091,0.55555254745));
#12042 = VECTOR('',#12043,1.);
#12043 = DIRECTION('',(-1.,-5.727130171905E-28));
#12044 = ( GEOMETRIC_REPRESENTATION_CONTEXT(2) 
PARAMETRIC_REPRESENTATION_CONTEXT() REPRESENTATION_CONTEXT('2D SPACE',''
  ) );
#12045 = PCURVE('',#11320,#12046);
#12046 = DEFINITIONAL_REPRESENTATION('',(#12047),#12051);
#12047 = LINE('',#12048,#12049);
#12048 = CARTESIAN_POINT('',(44.494949972775,-81.97251155759));
#12049 = VECTOR('',#12050,1.);
#12050 = DIRECTION('',(-0.382683432365,-0.923879532511));
#12051 = ( GEOMETRIC_REPRESENTATION_CONTEXT(2) 
PARAMETRIC_REPRESENTATION_CONTEXT() REPRESENTATION_CONTEXT('2D SPACE',''
  ) );
#12052 = ORIENTED_EDGE('',*,*,#11962,.F.);
#12053 = ADVANCED_FACE('',(#12054),#10182,.T.);
#12054 = FACE_BOUND('',#12055,.T.);
#12055 = EDGE_LOOP('',(#12056,#12057,#12080));
#12056 = ORIENTED_EDGE('',*,*,#10168,.F.);
#12057 = ORIENTED_EDGE('',*,*,#12058,.T.);
#12058 = EDGE_CURVE('',#7551,#12059,#12061,.T.);
#12059 = VERTEX_POINT('',#12060);
#12060 = CARTESIAN_POINT('',(161.345,38.904953652058,28.891280188878));
#12061 = SURFACE_CURVE('',#12062,(#12066,#12073),.PCURVE_S1.);
#12062 = LINE('',#12063,#12064);
#12063 = CARTESIAN_POINT('',(161.345,39.788288688638,29.379482206945));
#12064 = VECTOR('',#12065,1.);
#12065 = DIRECTION('',(0.,-0.875223421909,-0.483718887105));
#12066 = PCURVE('',#10182,#12067);
#12067 = DEFINITIONAL_REPRESENTATION('',(#12068),#12072);
#12068 = LINE('',#12069,#12070);
#12069 = CARTESIAN_POINT('',(0.489405714091,0.55555254745));
#12070 = VECTOR('',#12071,1.);
#12071 = DIRECTION('',(-1.,-5.963788443471E-28));
#12072 = ( GEOMETRIC_REPRESENTATION_CONTEXT(2) 
PARAMETRIC_REPRESENTATION_CONTEXT() REPRESENTATION_CONTEXT('2D SPACE',''
  ) );
#12073 = PCURVE('',#11320,#12074);
#12074 = DEFINITIONAL_REPRESENTATION('',(#12075),#12079);
#12075 = LINE('',#12076,#12077);
#12076 = CARTESIAN_POINT('',(28.379482206945,-83.78828868863));
#12077 = VECTOR('',#12078,1.);
#12078 = DIRECTION('',(-0.483718887105,0.875223421909));
#12079 = ( GEOMETRIC_REPRESENTATION_CONTEXT(2) 
PARAMETRIC_REPRESENTATION_CONTEXT() REPRESENTATION_CONTEXT('2D SPACE',''
  ) );
#12080 = ORIENTED_EDGE('',*,*,#12081,.F.);
#12081 = EDGE_CURVE('',#7657,#12059,#12082,.T.);
#12082 = SURFACE_CURVE('',#12083,(#12087,#12094),.PCURVE_S1.);
#12083 = LINE('',#12084,#12085);
#12084 = CARTESIAN_POINT('',(162.545,38.904953652058,28.891280188878));
#12085 = VECTOR('',#12086,1.);
#12086 = DIRECTION('',(-1.,0.,0.));
#12087 = PCURVE('',#10182,#12088);
#12088 = DEFINITIONAL_REPRESENTATION('',(#12089),#12093);
#12089 = LINE('',#12090,#12091);
#12090 = CARTESIAN_POINT('',(-0.519862336179,-0.64444745255));
#12091 = VECTOR('',#12092,1.);
#12092 = DIRECTION('',(0.,1.));
#12093 = ( GEOMETRIC_REPRESENTATION_CONTEXT(2) 
PARAMETRIC_REPRESENTATION_CONTEXT() REPRESENTATION_CONTEXT('2D SPACE',''
  ) );
#12094 = PCURVE('',#10244,#12095);
#12095 = DEFINITIONAL_REPRESENTATION('',(#12096),#12100);
#12096 = LINE('',#12097,#12098);
#12097 = CARTESIAN_POINT('',(0.335651838573,-0.786552668676));
#12098 = VECTOR('',#12099,1.);
#12099 = DIRECTION('',(0.,1.));
#12100 = ( GEOMETRIC_REPRESENTATION_CONTEXT(2) 
PARAMETRIC_REPRESENTATION_CONTEXT() REPRESENTATION_CONTEXT('2D SPACE',''
  ) );
#12101 = ADVANCED_FACE('',(#12102),#10213,.T.);
#12102 = FACE_BOUND('',#12103,.T.);
#12103 = EDGE_LOOP('',(#12104,#12105,#12128));
#12104 = ORIENTED_EDGE('',*,*,#10199,.F.);
#12105 = ORIENTED_EDGE('',*,*,#12106,.T.);
#12106 = EDGE_CURVE('',#7710,#12107,#12109,.T.);
#12107 = VERTEX_POINT('',#12108);
#12108 = CARTESIAN_POINT('',(161.345,37.002688405607,45.774351209636));
#12109 = SURFACE_CURVE('',#12110,(#12114,#12121),.PCURVE_S1.);
#12110 = LINE('',#12111,#12112);
#12111 = CARTESIAN_POINT('',(162.545,37.002688405607,45.774351209636));
#12112 = VECTOR('',#12113,1.);
#12113 = DIRECTION('',(-1.,0.,0.));
#12114 = PCURVE('',#10213,#12115);
#12115 = DEFINITIONAL_REPRESENTATION('',(#12116),#12120);
#12116 = LINE('',#12117,#12118);
#12117 = CARTESIAN_POINT('',(0.335651838573,-0.786552668676));
#12118 = VECTOR('',#12119,1.);
#12119 = DIRECTION('',(0.,1.));
#12120 = ( GEOMETRIC_REPRESENTATION_CONTEXT(2) 
PARAMETRIC_REPRESENTATION_CONTEXT() REPRESENTATION_CONTEXT('2D SPACE',''
  ) );
#12121 = PCURVE('',#10275,#12122);
#12122 = DEFINITIONAL_REPRESENTATION('',(#12123),#12127);
#12123 = LINE('',#12124,#12125);
#12124 = CARTESIAN_POINT('',(-0.519862336179,-0.64444745255));
#12125 = VECTOR('',#12126,1.);
#12126 = DIRECTION('',(0.,1.));
#12127 = ( GEOMETRIC_REPRESENTATION_CONTEXT(2) 
PARAMETRIC_REPRESENTATION_CONTEXT() REPRESENTATION_CONTEXT('2D SPACE',''
  ) );
#12128 = ORIENTED_EDGE('',*,*,#12129,.T.);
#12129 = EDGE_CURVE('',#12107,#7604,#12130,.T.);
#12130 = SURFACE_CURVE('',#12131,(#12135,#12141),.PCURVE_S1.);
#12131 = LINE('',#12132,#12133);
#12132 = CARTESIAN_POINT('',(161.345,5.721896780397,54.786192030458));
#12133 = VECTOR('',#12134,1.);
#12134 = DIRECTION('',(0.,0.960917321945,-0.276835511425));
#12135 = PCURVE('',#10213,#12136);
#12136 = DEFINITIONAL_REPRESENTATION('',(#12137),#12140);
#12137 = B_SPLINE_CURVE_WITH_KNOTS('',1,(#12138,#12139),.UNSPECIFIED.,
  .F.,.F.,(2,2),(32.55305207933,33.5623201296),
  .PIECEWISE_BEZIER_KNOTS.);
#12138 = CARTESIAN_POINT('',(0.335651838573,0.413447331324));
#12139 = CARTESIAN_POINT('',(-0.673616211697,0.413447331324));
#12140 = ( GEOMETRIC_REPRESENTATION_CONTEXT(2) 
PARAMETRIC_REPRESENTATION_CONTEXT() REPRESENTATION_CONTEXT('2D SPACE',''
  ) );
#12141 = PCURVE('',#11320,#12142);
#12142 = DEFINITIONAL_REPRESENTATION('',(#12143),#12146);
#12143 = B_SPLINE_CURVE_WITH_KNOTS('',1,(#12144,#12145),.UNSPECIFIED.,
  .F.,.F.,(2,2),(32.55305207933,33.5623201296),
  .PIECEWISE_BEZIER_KNOTS.);
#12144 = CARTESIAN_POINT('',(44.774351209636,-81.0026884056));
#12145 = CARTESIAN_POINT('',(44.494949972775,-81.97251155759));
#12146 = ( GEOMETRIC_REPRESENTATION_CONTEXT(2) 
PARAMETRIC_REPRESENTATION_CONTEXT() REPRESENTATION_CONTEXT('2D SPACE',''
  ) );
#12147 = ADVANCED_FACE('',(#12148),#10244,.T.);
#12148 = FACE_BOUND('',#12149,.T.);
#12149 = EDGE_LOOP('',(#12150,#12151,#12152));
#12150 = ORIENTED_EDGE('',*,*,#10230,.F.);
#12151 = ORIENTED_EDGE('',*,*,#12081,.T.);
#12152 = ORIENTED_EDGE('',*,*,#12153,.T.);
#12153 = EDGE_CURVE('',#12059,#7763,#12154,.T.);
#12154 = SURFACE_CURVE('',#12155,(#12159,#12165),.PCURVE_S1.);
#12155 = LINE('',#12156,#12157);
#12156 = CARTESIAN_POINT('',(161.345,-1.562527762524,12.129100551877));
#12157 = VECTOR('',#12158,1.);
#12158 = DIRECTION('',(0.,-0.923879532511,-0.382683432365));
#12159 = PCURVE('',#10244,#12160);
#12160 = DEFINITIONAL_REPRESENTATION('',(#12161),#12164);
#12161 = B_SPLINE_CURVE_WITH_KNOTS('',1,(#12162,#12163),.UNSPECIFIED.,
  .F.,.F.,(2,2),(-43.80168624862,-42.79241819835),
  .PIECEWISE_BEZIER_KNOTS.);
#12162 = CARTESIAN_POINT('',(0.335651838573,0.413447331324));
#12163 = CARTESIAN_POINT('',(-0.673616211697,0.413447331324));
#12164 = ( GEOMETRIC_REPRESENTATION_CONTEXT(2) 
PARAMETRIC_REPRESENTATION_CONTEXT() REPRESENTATION_CONTEXT('2D SPACE',''
  ) );
#12165 = PCURVE('',#11320,#12166);
#12166 = DEFINITIONAL_REPRESENTATION('',(#12167),#12170);
#12167 = B_SPLINE_CURVE_WITH_KNOTS('',1,(#12168,#12169),.UNSPECIFIED.,
  .F.,.F.,(2,2),(-43.80168624862,-42.79241819835),
  .PIECEWISE_BEZIER_KNOTS.);
#12168 = CARTESIAN_POINT('',(27.891280188878,-82.90495365205));
#12169 = CARTESIAN_POINT('',(27.505050027225,-81.97251155759));
#12170 = ( GEOMETRIC_REPRESENTATION_CONTEXT(2) 
PARAMETRIC_REPRESENTATION_CONTEXT() REPRESENTATION_CONTEXT('2D SPACE',''
  ) );
#12171 = ADVANCED_FACE('',(#12172),#10275,.T.);
#12172 = FACE_BOUND('',#12173,.T.);
#12173 = EDGE_LOOP('',(#12174,#12175,#12196));
#12174 = ORIENTED_EDGE('',*,*,#10261,.F.);
#12175 = ORIENTED_EDGE('',*,*,#12176,.T.);
#12176 = EDGE_CURVE('',#7816,#12107,#12177,.T.);
#12177 = SURFACE_CURVE('',#12178,(#12182,#12189),.PCURVE_S1.);
#12178 = LINE('',#12179,#12180);
#12179 = CARTESIAN_POINT('',(161.345,36.00768028493,45.943409889039));
#12180 = VECTOR('',#12181,1.);
#12181 = DIRECTION('',(0.,0.985871018518,-0.167506223305));
#12182 = PCURVE('',#10275,#12183);
#12183 = DEFINITIONAL_REPRESENTATION('',(#12184),#12188);
#12184 = LINE('',#12185,#12186);
#12185 = CARTESIAN_POINT('',(0.489405714091,0.55555254745));
#12186 = VECTOR('',#12187,1.);
#12187 = DIRECTION('',(-1.,-2.987810678525E-29));
#12188 = ( GEOMETRIC_REPRESENTATION_CONTEXT(2) 
PARAMETRIC_REPRESENTATION_CONTEXT() REPRESENTATION_CONTEXT('2D SPACE',''
  ) );
#12189 = PCURVE('',#11320,#12190);
#12190 = DEFINITIONAL_REPRESENTATION('',(#12191),#12195);
#12191 = LINE('',#12192,#12193);
#12192 = CARTESIAN_POINT('',(44.943409889039,-80.00768028493));
#12193 = VECTOR('',#12194,1.);
#12194 = DIRECTION('',(-0.167506223305,-0.985871018518));
#12195 = ( GEOMETRIC_REPRESENTATION_CONTEXT(2) 
PARAMETRIC_REPRESENTATION_CONTEXT() REPRESENTATION_CONTEXT('2D SPACE',''
  ) );
#12196 = ORIENTED_EDGE('',*,*,#12106,.F.);
#12197 = ADVANCED_FACE('',(#12198),#10306,.T.);
#12198 = FACE_BOUND('',#12199,.T.);
#12199 = EDGE_LOOP('',(#12200,#12201,#12224));
#12200 = ORIENTED_EDGE('',*,*,#10292,.F.);
#12201 = ORIENTED_EDGE('',*,*,#12202,.T.);
#12202 = EDGE_CURVE('',#7763,#12203,#12205,.T.);
#12203 = VERTEX_POINT('',#12204);
#12204 = CARTESIAN_POINT('',(161.345,37.002688405607,28.225648790364));
#12205 = SURFACE_CURVE('',#12206,(#12210,#12217),.PCURVE_S1.);
#12206 = LINE('',#12207,#12208);
#12207 = CARTESIAN_POINT('',(161.345,37.972511557597,28.505050027225));
#12208 = VECTOR('',#12209,1.);
#12209 = DIRECTION('',(0.,-0.960917321945,-0.276835511425));
#12210 = PCURVE('',#10306,#12211);
#12211 = DEFINITIONAL_REPRESENTATION('',(#12212),#12216);
#12212 = LINE('',#12213,#12214);
#12213 = CARTESIAN_POINT('',(0.489405714091,0.55555254745));
#12214 = VECTOR('',#12215,1.);
#12215 = DIRECTION('',(-1.,-2.899063826687E-29));
#12216 = ( GEOMETRIC_REPRESENTATION_CONTEXT(2) 
PARAMETRIC_REPRESENTATION_CONTEXT() REPRESENTATION_CONTEXT('2D SPACE',''
  ) );
#12217 = PCURVE('',#11320,#12218);
#12218 = DEFINITIONAL_REPRESENTATION('',(#12219),#12223);
#12219 = LINE('',#12220,#12221);
#12220 = CARTESIAN_POINT('',(27.505050027225,-81.97251155759));
#12221 = VECTOR('',#12222,1.);
#12222 = DIRECTION('',(-0.276835511425,0.960917321945));
#12223 = ( GEOMETRIC_REPRESENTATION_CONTEXT(2) 
PARAMETRIC_REPRESENTATION_CONTEXT() REPRESENTATION_CONTEXT('2D SPACE',''
  ) );
#12224 = ORIENTED_EDGE('',*,*,#12225,.F.);
#12225 = EDGE_CURVE('',#7869,#12203,#12226,.T.);
#12226 = SURFACE_CURVE('',#12227,(#12231,#12238),.PCURVE_S1.);
#12227 = LINE('',#12228,#12229);
#12228 = CARTESIAN_POINT('',(162.545,37.002688405607,28.225648790364));
#12229 = VECTOR('',#12230,1.);
#12230 = DIRECTION('',(-1.,0.,0.));
#12231 = PCURVE('',#10306,#12232);
#12232 = DEFINITIONAL_REPRESENTATION('',(#12233),#12237);
#12233 = LINE('',#12234,#12235);
#12234 = CARTESIAN_POINT('',(-0.519862336179,-0.64444745255));
#12235 = VECTOR('',#12236,1.);
#12236 = DIRECTION('',(1.972152263053E-31,1.));
#12237 = ( GEOMETRIC_REPRESENTATION_CONTEXT(2) 
PARAMETRIC_REPRESENTATION_CONTEXT() REPRESENTATION_CONTEXT('2D SPACE',''
  ) );
#12238 = PCURVE('',#10368,#12239);
#12239 = DEFINITIONAL_REPRESENTATION('',(#12240),#12244);
#12240 = LINE('',#12241,#12242);
#12241 = CARTESIAN_POINT('',(0.335651838573,-0.786552668676));
#12242 = VECTOR('',#12243,1.);
#12243 = DIRECTION('',(0.,1.));
#12244 = ( GEOMETRIC_REPRESENTATION_CONTEXT(2) 
PARAMETRIC_REPRESENTATION_CONTEXT() REPRESENTATION_CONTEXT('2D SPACE',''
  ) );
#12245 = ADVANCED_FACE('',(#12246),#10337,.T.);
#12246 = FACE_BOUND('',#12247,.T.);
#12247 = EDGE_LOOP('',(#12248,#12249,#12272));
#12248 = ORIENTED_EDGE('',*,*,#10323,.F.);
#12249 = ORIENTED_EDGE('',*,*,#12250,.T.);
#12250 = EDGE_CURVE('',#7922,#12251,#12253,.T.);
#12251 = VERTEX_POINT('',#12252);
#12252 = CARTESIAN_POINT('',(161.345,35.,46.));
#12253 = SURFACE_CURVE('',#12254,(#12258,#12265),.PCURVE_S1.);
#12254 = LINE('',#12255,#12256);
#12255 = CARTESIAN_POINT('',(162.545,35.,46.));
#12256 = VECTOR('',#12257,1.);
#12257 = DIRECTION('',(-1.,0.,0.));
#12258 = PCURVE('',#10337,#12259);
#12259 = DEFINITIONAL_REPRESENTATION('',(#12260),#12264);
#12260 = LINE('',#12261,#12262);
#12261 = CARTESIAN_POINT('',(0.335651838573,-0.786552668676));
#12262 = VECTOR('',#12263,1.);
#12263 = DIRECTION('',(0.,1.));
#12264 = ( GEOMETRIC_REPRESENTATION_CONTEXT(2) 
PARAMETRIC_REPRESENTATION_CONTEXT() REPRESENTATION_CONTEXT('2D SPACE',''
  ) );
#12265 = PCURVE('',#10399,#12266);
#12266 = DEFINITIONAL_REPRESENTATION('',(#12267),#12271);
#12267 = LINE('',#12268,#12269);
#12268 = CARTESIAN_POINT('',(-0.519862336179,-0.64444745255));
#12269 = VECTOR('',#12270,1.);
#12270 = DIRECTION('',(0.,1.));
#12271 = ( GEOMETRIC_REPRESENTATION_CONTEXT(2) 
PARAMETRIC_REPRESENTATION_CONTEXT() REPRESENTATION_CONTEXT('2D SPACE',''
  ) );
#12272 = ORIENTED_EDGE('',*,*,#12273,.T.);
#12273 = EDGE_CURVE('',#12251,#7816,#12274,.T.);
#12274 = SURFACE_CURVE('',#12275,(#12279,#12285),.PCURVE_S1.);
#12275 = LINE('',#12276,#12277);
#12276 = CARTESIAN_POINT('',(161.345,-2.948653891159,48.131150689987));
#12277 = VECTOR('',#12278,1.);
#12278 = DIRECTION('',(0.,0.998426815018,-5.607044723719E-02));
#12279 = PCURVE('',#10337,#12280);
#12280 = DEFINITIONAL_REPRESENTATION('',(#12281),#12284);
#12281 = B_SPLINE_CURVE_WITH_KNOTS('',1,(#12282,#12283),.UNSPECIFIED.,
  .F.,.F.,(2,2),(38.008448211081,39.01771626135),
  .PIECEWISE_BEZIER_KNOTS.);
#12282 = CARTESIAN_POINT('',(0.335651838573,0.413447331324));
#12283 = CARTESIAN_POINT('',(-0.673616211697,0.413447331324));
#12284 = ( GEOMETRIC_REPRESENTATION_CONTEXT(2) 
PARAMETRIC_REPRESENTATION_CONTEXT() REPRESENTATION_CONTEXT('2D SPACE',''
  ) );
#12285 = PCURVE('',#11320,#12286);
#12286 = DEFINITIONAL_REPRESENTATION('',(#12287),#12290);
#12287 = B_SPLINE_CURVE_WITH_KNOTS('',1,(#12288,#12289),.UNSPECIFIED.,
  .F.,.F.,(2,2),(38.008448211081,39.01771626135),
  .PIECEWISE_BEZIER_KNOTS.);
#12288 = CARTESIAN_POINT('',(45.,-79.));
#12289 = CARTESIAN_POINT('',(44.943409889039,-80.00768028493));
#12290 = ( GEOMETRIC_REPRESENTATION_CONTEXT(2) 
PARAMETRIC_REPRESENTATION_CONTEXT() REPRESENTATION_CONTEXT('2D SPACE',''
  ) );
#12291 = ADVANCED_FACE('',(#12292),#10368,.T.);
#12292 = FACE_BOUND('',#12293,.T.);
#12293 = EDGE_LOOP('',(#12294,#12295,#12296));
#12294 = ORIENTED_EDGE('',*,*,#10354,.F.);
#12295 = ORIENTED_EDGE('',*,*,#12225,.T.);
#12296 = ORIENTED_EDGE('',*,*,#12297,.T.);
#12297 = EDGE_CURVE('',#12203,#7975,#12298,.T.);
#12298 = SURFACE_CURVE('',#12299,(#12303,#12309),.PCURVE_S1.);
#12299 = LINE('',#12300,#12301);
#12300 = CARTESIAN_POINT('',(161.345,-4.77572566573,21.127210733761));
#12301 = VECTOR('',#12302,1.);
#12302 = DIRECTION('',(0.,-0.985871018518,-0.167506223305));
#12303 = PCURVE('',#10368,#12304);
#12304 = DEFINITIONAL_REPRESENTATION('',(#12305),#12308);
#12305 = B_SPLINE_CURVE_WITH_KNOTS('',1,(#12306,#12307),.UNSPECIFIED.,
  .F.,.F.,(2,2),(-42.3771601828,-41.36789213254),
  .PIECEWISE_BEZIER_KNOTS.);
#12306 = CARTESIAN_POINT('',(0.335651838573,0.413447331324));
#12307 = CARTESIAN_POINT('',(-0.673616211697,0.413447331324));
#12308 = ( GEOMETRIC_REPRESENTATION_CONTEXT(2) 
PARAMETRIC_REPRESENTATION_CONTEXT() REPRESENTATION_CONTEXT('2D SPACE',''
  ) );
#12309 = PCURVE('',#11320,#12310);
#12310 = DEFINITIONAL_REPRESENTATION('',(#12311),#12314);
#12311 = B_SPLINE_CURVE_WITH_KNOTS('',1,(#12312,#12313),.UNSPECIFIED.,
  .F.,.F.,(2,2),(-42.3771601828,-41.36789213254),
  .PIECEWISE_BEZIER_KNOTS.);
#12312 = CARTESIAN_POINT('',(27.225648790364,-81.0026884056));
#12313 = CARTESIAN_POINT('',(27.056590110961,-80.00768028493));
#12314 = ( GEOMETRIC_REPRESENTATION_CONTEXT(2) 
PARAMETRIC_REPRESENTATION_CONTEXT() REPRESENTATION_CONTEXT('2D SPACE',''
  ) );
#12315 = ADVANCED_FACE('',(#12316),#10399,.T.);
#12316 = FACE_BOUND('',#12317,.T.);
#12317 = EDGE_LOOP('',(#12318,#12319,#12340));
#12318 = ORIENTED_EDGE('',*,*,#10385,.F.);
#12319 = ORIENTED_EDGE('',*,*,#12320,.T.);
#12320 = EDGE_CURVE('',#8028,#12251,#12321,.T.);
#12321 = SURFACE_CURVE('',#12322,(#12326,#12333),.PCURVE_S1.);
#12322 = LINE('',#12323,#12324);
#12323 = CARTESIAN_POINT('',(161.345,33.99231971507,45.943409889039));
#12324 = VECTOR('',#12325,1.);
#12325 = DIRECTION('',(0.,0.998426815018,5.607044723719E-02));
#12326 = PCURVE('',#10399,#12327);
#12327 = DEFINITIONAL_REPRESENTATION('',(#12328),#12332);
#12328 = LINE('',#12329,#12330);
#12329 = CARTESIAN_POINT('',(0.489405714091,0.55555254745));
#12330 = VECTOR('',#12331,1.);
#12331 = DIRECTION('',(-1.,-7.765349535769E-31));
#12332 = ( GEOMETRIC_REPRESENTATION_CONTEXT(2) 
PARAMETRIC_REPRESENTATION_CONTEXT() REPRESENTATION_CONTEXT('2D SPACE',''
  ) );
#12333 = PCURVE('',#11320,#12334);
#12334 = DEFINITIONAL_REPRESENTATION('',(#12335),#12339);
#12335 = LINE('',#12336,#12337);
#12336 = CARTESIAN_POINT('',(44.943409889039,-77.99231971507));
#12337 = VECTOR('',#12338,1.);
#12338 = DIRECTION('',(5.607044723719E-02,-0.998426815018));
#12339 = ( GEOMETRIC_REPRESENTATION_CONTEXT(2) 
PARAMETRIC_REPRESENTATION_CONTEXT() REPRESENTATION_CONTEXT('2D SPACE',''
  ) );
#12340 = ORIENTED_EDGE('',*,*,#12250,.F.);
#12341 = ADVANCED_FACE('',(#12342),#10430,.T.);
#12342 = FACE_BOUND('',#12343,.T.);
#12343 = EDGE_LOOP('',(#12344,#12345,#12368));
#12344 = ORIENTED_EDGE('',*,*,#10416,.F.);
#12345 = ORIENTED_EDGE('',*,*,#12346,.T.);
#12346 = EDGE_CURVE('',#7975,#12347,#12349,.T.);
#12347 = VERTEX_POINT('',#12348);
#12348 = CARTESIAN_POINT('',(161.345,35.,28.));
#12349 = SURFACE_CURVE('',#12350,(#12354,#12361),.PCURVE_S1.);
#12350 = LINE('',#12351,#12352);
#12351 = CARTESIAN_POINT('',(161.345,36.00768028493,28.056590110961));
#12352 = VECTOR('',#12353,1.);
#12353 = DIRECTION('',(0.,-0.998426815018,-5.607044723719E-02));
#12354 = PCURVE('',#10430,#12355);
#12355 = DEFINITIONAL_REPRESENTATION('',(#12356),#12360);
#12356 = LINE('',#12357,#12358);
#12357 = CARTESIAN_POINT('',(0.489405714091,0.55555254745));
#12358 = VECTOR('',#12359,1.);
#12359 = DIRECTION('',(-1.,-3.919652622817E-30));
#12360 = ( GEOMETRIC_REPRESENTATION_CONTEXT(2) 
PARAMETRIC_REPRESENTATION_CONTEXT() REPRESENTATION_CONTEXT('2D SPACE',''
  ) );
#12361 = PCURVE('',#11320,#12362);
#12362 = DEFINITIONAL_REPRESENTATION('',(#12363),#12367);
#12363 = LINE('',#12364,#12365);
#12364 = CARTESIAN_POINT('',(27.056590110961,-80.00768028493));
#12365 = VECTOR('',#12366,1.);
#12366 = DIRECTION('',(-5.607044723719E-02,0.998426815018));
#12367 = ( GEOMETRIC_REPRESENTATION_CONTEXT(2) 
PARAMETRIC_REPRESENTATION_CONTEXT() REPRESENTATION_CONTEXT('2D SPACE',''
  ) );
#12368 = ORIENTED_EDGE('',*,*,#12369,.F.);
#12369 = EDGE_CURVE('',#8081,#12347,#12370,.T.);
#12370 = SURFACE_CURVE('',#12371,(#12375,#12382),.PCURVE_S1.);
#12371 = LINE('',#12372,#12373);
#12372 = CARTESIAN_POINT('',(162.545,35.,28.));
#12373 = VECTOR('',#12374,1.);
#12374 = DIRECTION('',(-1.,0.,0.));
#12375 = PCURVE('',#10430,#12376);
#12376 = DEFINITIONAL_REPRESENTATION('',(#12377),#12381);
#12377 = LINE('',#12378,#12379);
#12378 = CARTESIAN_POINT('',(-0.519862336179,-0.64444745255));
#12379 = VECTOR('',#12380,1.);
#12380 = DIRECTION('',(0.,1.));
#12381 = ( GEOMETRIC_REPRESENTATION_CONTEXT(2) 
PARAMETRIC_REPRESENTATION_CONTEXT() REPRESENTATION_CONTEXT('2D SPACE',''
  ) );
#12382 = PCURVE('',#10492,#12383);
#12383 = DEFINITIONAL_REPRESENTATION('',(#12384),#12388);
#12384 = LINE('',#12385,#12386);
#12385 = CARTESIAN_POINT('',(0.335651838573,-0.786552668676));
#12386 = VECTOR('',#12387,1.);
#12387 = DIRECTION('',(0.,1.));
#12388 = ( GEOMETRIC_REPRESENTATION_CONTEXT(2) 
PARAMETRIC_REPRESENTATION_CONTEXT() REPRESENTATION_CONTEXT('2D SPACE',''
  ) );
#12389 = ADVANCED_FACE('',(#12390),#10461,.T.);
#12390 = FACE_BOUND('',#12391,.T.);
#12391 = EDGE_LOOP('',(#12392,#12393,#12416));
#12392 = ORIENTED_EDGE('',*,*,#10447,.F.);
#12393 = ORIENTED_EDGE('',*,*,#12394,.T.);
#12394 = EDGE_CURVE('',#8134,#12395,#12397,.T.);
#12395 = VERTEX_POINT('',#12396);
#12396 = CARTESIAN_POINT('',(161.345,32.997311594393,45.774351209636));
#12397 = SURFACE_CURVE('',#12398,(#12402,#12409),.PCURVE_S1.);
#12398 = LINE('',#12399,#12400);
#12399 = CARTESIAN_POINT('',(162.545,32.997311594393,45.774351209636));
#12400 = VECTOR('',#12401,1.);
#12401 = DIRECTION('',(-1.,0.,0.));
#12402 = PCURVE('',#10461,#12403);
#12403 = DEFINITIONAL_REPRESENTATION('',(#12404),#12408);
#12404 = LINE('',#12405,#12406);
#12405 = CARTESIAN_POINT('',(0.335651838573,-0.786552668676));
#12406 = VECTOR('',#12407,1.);
#12407 = DIRECTION('',(-0.,1.));
#12408 = ( GEOMETRIC_REPRESENTATION_CONTEXT(2) 
PARAMETRIC_REPRESENTATION_CONTEXT() REPRESENTATION_CONTEXT('2D SPACE',''
  ) );
#12409 = PCURVE('',#10523,#12410);
#12410 = DEFINITIONAL_REPRESENTATION('',(#12411),#12415);
#12411 = LINE('',#12412,#12413);
#12412 = CARTESIAN_POINT('',(-0.519862336179,-0.64444745255));
#12413 = VECTOR('',#12414,1.);
#12414 = DIRECTION('',(0.,1.));
#12415 = ( GEOMETRIC_REPRESENTATION_CONTEXT(2) 
PARAMETRIC_REPRESENTATION_CONTEXT() REPRESENTATION_CONTEXT('2D SPACE',''
  ) );
#12416 = ORIENTED_EDGE('',*,*,#12417,.T.);
#12417 = EDGE_CURVE('',#12395,#8028,#12418,.T.);
#12418 = SURFACE_CURVE('',#12419,(#12423,#12429),.PCURVE_S1.);
#12419 = LINE('',#12420,#12421);
#12420 = CARTESIAN_POINT('',(161.345,-7.952688996644,38.81666626456));
#12421 = VECTOR('',#12422,1.);
#12422 = DIRECTION('',(-0.,0.985871018518,0.167506223305));
#12423 = PCURVE('',#10461,#12424);
#12424 = DEFINITIONAL_REPRESENTATION('',(#12425),#12428);
#12425 = B_SPLINE_CURVE_WITH_KNOTS('',1,(#12426,#12427),.UNSPECIFIED.,
  .F.,.F.,(2,2),(41.536874319102,42.546142369371),
  .PIECEWISE_BEZIER_KNOTS.);
#12426 = CARTESIAN_POINT('',(0.335651838573,0.413447331324));
#12427 = CARTESIAN_POINT('',(-0.673616211697,0.413447331324));
#12428 = ( GEOMETRIC_REPRESENTATION_CONTEXT(2) 
PARAMETRIC_REPRESENTATION_CONTEXT() REPRESENTATION_CONTEXT('2D SPACE',''
  ) );
#12429 = PCURVE('',#11320,#12430);
#12430 = DEFINITIONAL_REPRESENTATION('',(#12431),#12434);
#12431 = B_SPLINE_CURVE_WITH_KNOTS('',1,(#12432,#12433),.UNSPECIFIED.,
  .F.,.F.,(2,2),(41.536874319102,42.546142369371),
  .PIECEWISE_BEZIER_KNOTS.);
#12432 = CARTESIAN_POINT('',(44.774351209636,-76.99731159439));
#12433 = CARTESIAN_POINT('',(44.943409889039,-77.99231971507));
#12434 = ( GEOMETRIC_REPRESENTATION_CONTEXT(2) 
PARAMETRIC_REPRESENTATION_CONTEXT() REPRESENTATION_CONTEXT('2D SPACE',''
  ) );
#12435 = ADVANCED_FACE('',(#12436),#10492,.T.);
#12436 = FACE_BOUND('',#12437,.T.);
#12437 = EDGE_LOOP('',(#12438,#12439,#12440));
#12438 = ORIENTED_EDGE('',*,*,#10478,.F.);
#12439 = ORIENTED_EDGE('',*,*,#12369,.T.);
#12440 = ORIENTED_EDGE('',*,*,#12441,.T.);
#12441 = EDGE_CURVE('',#12347,#8187,#12442,.T.);
#12442 = SURFACE_CURVE('',#12443,(#12447,#12453),.PCURVE_S1.);
#12443 = LINE('',#12444,#12445);
#12444 = CARTESIAN_POINT('',(161.345,-3.787617829765,30.178265894172));
#12445 = VECTOR('',#12446,1.);
#12446 = DIRECTION('',(0.,-0.998426815018,5.607044723719E-02));
#12447 = PCURVE('',#10492,#12448);
#12448 = DEFINITIONAL_REPRESENTATION('',(#12449),#12452);
#12449 = B_SPLINE_CURVE_WITH_KNOTS('',1,(#12450,#12451),.UNSPECIFIED.,
  .F.,.F.,(2,2),(-38.84873407478,-37.83946602451),
  .PIECEWISE_BEZIER_KNOTS.);
#12450 = CARTESIAN_POINT('',(0.335651838573,0.413447331324));
#12451 = CARTESIAN_POINT('',(-0.673616211697,0.413447331324));
#12452 = ( GEOMETRIC_REPRESENTATION_CONTEXT(2) 
PARAMETRIC_REPRESENTATION_CONTEXT() REPRESENTATION_CONTEXT('2D SPACE',''
  ) );
#12453 = PCURVE('',#11320,#12454);
#12454 = DEFINITIONAL_REPRESENTATION('',(#12455),#12458);
#12455 = B_SPLINE_CURVE_WITH_KNOTS('',1,(#12456,#12457),.UNSPECIFIED.,
  .F.,.F.,(2,2),(-38.84873407478,-37.83946602451),
  .PIECEWISE_BEZIER_KNOTS.);
#12456 = CARTESIAN_POINT('',(27.,-79.));
#12457 = CARTESIAN_POINT('',(27.056590110961,-77.99231971507));
#12458 = ( GEOMETRIC_REPRESENTATION_CONTEXT(2) 
PARAMETRIC_REPRESENTATION_CONTEXT() REPRESENTATION_CONTEXT('2D SPACE',''
  ) );
#12459 = ADVANCED_FACE('',(#12460),#10523,.T.);
#12460 = FACE_BOUND('',#12461,.T.);
#12461 = EDGE_LOOP('',(#12462,#12463,#12484));
#12462 = ORIENTED_EDGE('',*,*,#10509,.F.);
#12463 = ORIENTED_EDGE('',*,*,#12464,.T.);
#12464 = EDGE_CURVE('',#8240,#12395,#12465,.T.);
#12465 = SURFACE_CURVE('',#12466,(#12470,#12477),.PCURVE_S1.);
#12466 = LINE('',#12467,#12468);
#12467 = CARTESIAN_POINT('',(161.345,32.027488442403,45.494949972775));
#12468 = VECTOR('',#12469,1.);
#12469 = DIRECTION('',(0.,0.960917321945,0.276835511425));
#12470 = PCURVE('',#10523,#12471);
#12471 = DEFINITIONAL_REPRESENTATION('',(#12472),#12476);
#12472 = LINE('',#12473,#12474);
#12473 = CARTESIAN_POINT('',(0.489405714091,0.55555254745));
#12474 = VECTOR('',#12475,1.);
#12475 = DIRECTION('',(-1.,-3.806253867691E-29));
#12476 = ( GEOMETRIC_REPRESENTATION_CONTEXT(2) 
PARAMETRIC_REPRESENTATION_CONTEXT() REPRESENTATION_CONTEXT('2D SPACE',''
  ) );
#12477 = PCURVE('',#11320,#12478);
#12478 = DEFINITIONAL_REPRESENTATION('',(#12479),#12483);
#12479 = LINE('',#12480,#12481);
#12480 = CARTESIAN_POINT('',(44.494949972775,-76.0274884424));
#12481 = VECTOR('',#12482,1.);
#12482 = DIRECTION('',(0.276835511425,-0.960917321945));
#12483 = ( GEOMETRIC_REPRESENTATION_CONTEXT(2) 
PARAMETRIC_REPRESENTATION_CONTEXT() REPRESENTATION_CONTEXT('2D SPACE',''
  ) );
#12484 = ORIENTED_EDGE('',*,*,#12394,.F.);
#12485 = ADVANCED_FACE('',(#12486),#10554,.T.);
#12486 = FACE_BOUND('',#12487,.T.);
#12487 = EDGE_LOOP('',(#12488,#12489,#12512));
#12488 = ORIENTED_EDGE('',*,*,#10540,.F.);
#12489 = ORIENTED_EDGE('',*,*,#12490,.T.);
#12490 = EDGE_CURVE('',#8187,#12491,#12493,.T.);
#12491 = VERTEX_POINT('',#12492);
#12492 = CARTESIAN_POINT('',(161.345,32.997311594393,28.225648790364));
#12493 = SURFACE_CURVE('',#12494,(#12498,#12505),.PCURVE_S1.);
#12494 = LINE('',#12495,#12496);
#12495 = CARTESIAN_POINT('',(161.345,33.99231971507,28.056590110961));
#12496 = VECTOR('',#12497,1.);
#12497 = DIRECTION('',(0.,-0.985871018518,0.167506223305));
#12498 = PCURVE('',#10554,#12499);
#12499 = DEFINITIONAL_REPRESENTATION('',(#12500),#12504);
#12500 = LINE('',#12501,#12502);
#12501 = CARTESIAN_POINT('',(0.489405714091,0.55555254745));
#12502 = VECTOR('',#12503,1.);
#12503 = DIRECTION('',(-1.,1.528418003866E-30));
#12504 = ( GEOMETRIC_REPRESENTATION_CONTEXT(2) 
PARAMETRIC_REPRESENTATION_CONTEXT() REPRESENTATION_CONTEXT('2D SPACE',''
  ) );
#12505 = PCURVE('',#11320,#12506);
#12506 = DEFINITIONAL_REPRESENTATION('',(#12507),#12511);
#12507 = LINE('',#12508,#12509);
#12508 = CARTESIAN_POINT('',(27.056590110961,-77.99231971507));
#12509 = VECTOR('',#12510,1.);
#12510 = DIRECTION('',(0.167506223305,0.985871018518));
#12511 = ( GEOMETRIC_REPRESENTATION_CONTEXT(2) 
PARAMETRIC_REPRESENTATION_CONTEXT() REPRESENTATION_CONTEXT('2D SPACE',''
  ) );
#12512 = ORIENTED_EDGE('',*,*,#12513,.F.);
#12513 = EDGE_CURVE('',#8293,#12491,#12514,.T.);
#12514 = SURFACE_CURVE('',#12515,(#12519,#12526),.PCURVE_S1.);
#12515 = LINE('',#12516,#12517);
#12516 = CARTESIAN_POINT('',(162.545,32.997311594393,28.225648790364));
#12517 = VECTOR('',#12518,1.);
#12518 = DIRECTION('',(-1.,0.,0.));
#12519 = PCURVE('',#10554,#12520);
#12520 = DEFINITIONAL_REPRESENTATION('',(#12521),#12525);
#12521 = LINE('',#12522,#12523);
#12522 = CARTESIAN_POINT('',(-0.519862336179,-0.64444745255));
#12523 = VECTOR('',#12524,1.);
#12524 = DIRECTION('',(0.,1.));
#12525 = ( GEOMETRIC_REPRESENTATION_CONTEXT(2) 
PARAMETRIC_REPRESENTATION_CONTEXT() REPRESENTATION_CONTEXT('2D SPACE',''
  ) );
#12526 = PCURVE('',#10616,#12527);
#12527 = DEFINITIONAL_REPRESENTATION('',(#12528),#12532);
#12528 = LINE('',#12529,#12530);
#12529 = CARTESIAN_POINT('',(0.335651838573,-0.786552668676));
#12530 = VECTOR('',#12531,1.);
#12531 = DIRECTION('',(0.,1.));
#12532 = ( GEOMETRIC_REPRESENTATION_CONTEXT(2) 
PARAMETRIC_REPRESENTATION_CONTEXT() REPRESENTATION_CONTEXT('2D SPACE',''
  ) );
#12533 = ADVANCED_FACE('',(#12534),#10585,.T.);
#12534 = FACE_BOUND('',#12535,.T.);
#12535 = EDGE_LOOP('',(#12536,#12537,#12560));
#12536 = ORIENTED_EDGE('',*,*,#10571,.F.);
#12537 = ORIENTED_EDGE('',*,*,#12538,.T.);
#12538 = EDGE_CURVE('',#8346,#12539,#12541,.T.);
#12539 = VERTEX_POINT('',#12540);
#12540 = CARTESIAN_POINT('',(161.345,31.095046347942,45.108719811122));
#12541 = SURFACE_CURVE('',#12542,(#12546,#12553),.PCURVE_S1.);
#12542 = LINE('',#12543,#12544);
#12543 = CARTESIAN_POINT('',(162.545,31.095046347942,45.108719811122));
#12544 = VECTOR('',#12545,1.);
#12545 = DIRECTION('',(-1.,0.,0.));
#12546 = PCURVE('',#10585,#12547);
#12547 = DEFINITIONAL_REPRESENTATION('',(#12548),#12552);
#12548 = LINE('',#12549,#12550);
#12549 = CARTESIAN_POINT('',(0.335651838573,-0.786552668676));
#12550 = VECTOR('',#12551,1.);
#12551 = DIRECTION('',(-0.,1.));
#12552 = ( GEOMETRIC_REPRESENTATION_CONTEXT(2) 
PARAMETRIC_REPRESENTATION_CONTEXT() REPRESENTATION_CONTEXT('2D SPACE',''
  ) );
#12553 = PCURVE('',#10647,#12554);
#12554 = DEFINITIONAL_REPRESENTATION('',(#12555),#12559);
#12555 = LINE('',#12556,#12557);
#12556 = CARTESIAN_POINT('',(-0.519862336179,-0.64444745255));
#12557 = VECTOR('',#12558,1.);
#12558 = DIRECTION('',(1.972152263053E-31,1.));
#12559 = ( GEOMETRIC_REPRESENTATION_CONTEXT(2) 
PARAMETRIC_REPRESENTATION_CONTEXT() REPRESENTATION_CONTEXT('2D SPACE',''
  ) );
#12560 = ORIENTED_EDGE('',*,*,#12561,.T.);
#12561 = EDGE_CURVE('',#12539,#8240,#12562,.T.);
#12562 = SURFACE_CURVE('',#12563,(#12567,#12573),.PCURVE_S1.);
#12563 = LINE('',#12564,#12565);
#12564 = CARTESIAN_POINT('',(161.345,-8.596112155702,28.668103652612));
#12565 = VECTOR('',#12566,1.);
#12566 = DIRECTION('',(-0.,0.923879532511,0.382683432365));
#12567 = PCURVE('',#10585,#12568);
#12568 = DEFINITIONAL_REPRESENTATION('',(#12569),#12572);
#12569 = B_SPLINE_CURVE_WITH_KNOTS('',1,(#12570,#12571),.UNSPECIFIED.,
  .F.,.F.,(2,2),(42.961400384914,43.970668435183),
  .PIECEWISE_BEZIER_KNOTS.);
#12570 = CARTESIAN_POINT('',(0.335651838573,0.413447331324));
#12571 = CARTESIAN_POINT('',(-0.673616211697,0.413447331324));
#12572 = ( GEOMETRIC_REPRESENTATION_CONTEXT(2) 
PARAMETRIC_REPRESENTATION_CONTEXT() REPRESENTATION_CONTEXT('2D SPACE',''
  ) );
#12573 = PCURVE('',#11320,#12574);
#12574 = DEFINITIONAL_REPRESENTATION('',(#12575),#12578);
#12575 = B_SPLINE_CURVE_WITH_KNOTS('',1,(#12576,#12577),.UNSPECIFIED.,
  .F.,.F.,(2,2),(42.961400384914,43.970668435183),
  .PIECEWISE_BEZIER_KNOTS.);
#12576 = CARTESIAN_POINT('',(44.108719811122,-75.09504634794));
#12577 = CARTESIAN_POINT('',(44.494949972775,-76.0274884424));
#12578 = ( GEOMETRIC_REPRESENTATION_CONTEXT(2) 
PARAMETRIC_REPRESENTATION_CONTEXT() REPRESENTATION_CONTEXT('2D SPACE',''
  ) );
#12579 = ADVANCED_FACE('',(#12580),#10616,.T.);
#12580 = FACE_BOUND('',#12581,.T.);
#12581 = EDGE_LOOP('',(#12582,#12583,#12584));
#12582 = ORIENTED_EDGE('',*,*,#10602,.F.);
#12583 = ORIENTED_EDGE('',*,*,#12513,.T.);
#12584 = ORIENTED_EDGE('',*,*,#12585,.T.);
#12585 = EDGE_CURVE('',#12491,#8399,#12586,.T.);
#12586 = SURFACE_CURVE('',#12587,(#12591,#12597),.PCURVE_S1.);
#12587 = LINE('',#12588,#12589);
#12588 = CARTESIAN_POINT('',(161.345,0.909074727362,37.470110578007));
#12589 = VECTOR('',#12590,1.);
#12590 = DIRECTION('',(0.,-0.960917321945,0.276835511425));
#12591 = PCURVE('',#10616,#12592);
#12592 = DEFINITIONAL_REPRESENTATION('',(#12593),#12596);
#12593 = B_SPLINE_CURVE_WITH_KNOTS('',1,(#12594,#12595),.UNSPECIFIED.,
  .F.,.F.,(2,2),(-33.39333794303,-32.38406989276),
  .PIECEWISE_BEZIER_KNOTS.);
#12594 = CARTESIAN_POINT('',(0.335651838573,0.413447331324));
#12595 = CARTESIAN_POINT('',(-0.673616211697,0.413447331324));
#12596 = ( GEOMETRIC_REPRESENTATION_CONTEXT(2) 
PARAMETRIC_REPRESENTATION_CONTEXT() REPRESENTATION_CONTEXT('2D SPACE',''
  ) );
#12597 = PCURVE('',#11320,#12598);
#12598 = DEFINITIONAL_REPRESENTATION('',(#12599),#12602);
#12599 = B_SPLINE_CURVE_WITH_KNOTS('',1,(#12600,#12601),.UNSPECIFIED.,
  .F.,.F.,(2,2),(-33.39333794303,-32.38406989276),
  .PIECEWISE_BEZIER_KNOTS.);
#12600 = CARTESIAN_POINT('',(27.225648790364,-76.99731159439));
#12601 = CARTESIAN_POINT('',(27.505050027225,-76.0274884424));
#12602 = ( GEOMETRIC_REPRESENTATION_CONTEXT(2) 
PARAMETRIC_REPRESENTATION_CONTEXT() REPRESENTATION_CONTEXT('2D SPACE',''
  ) );
#12603 = ADVANCED_FACE('',(#12604),#10647,.T.);
#12604 = FACE_BOUND('',#12605,.T.);
#12605 = EDGE_LOOP('',(#12606,#12607,#12628));
#12606 = ORIENTED_EDGE('',*,*,#10633,.F.);
#12607 = ORIENTED_EDGE('',*,*,#12608,.T.);
#12608 = EDGE_CURVE('',#8452,#12539,#12609,.T.);
#12609 = SURFACE_CURVE('',#12610,(#12614,#12621),.PCURVE_S1.);
#12610 = LINE('',#12611,#12612);
#12611 = CARTESIAN_POINT('',(161.345,30.211711311362,44.620517793055));
#12612 = VECTOR('',#12613,1.);
#12613 = DIRECTION('',(0.,0.875223421909,0.483718887105));
#12614 = PCURVE('',#10647,#12615);
#12615 = DEFINITIONAL_REPRESENTATION('',(#12616),#12620);
#12616 = LINE('',#12617,#12618);
#12617 = CARTESIAN_POINT('',(0.489405714091,0.55555254745));
#12618 = VECTOR('',#12619,1.);
#12619 = DIRECTION('',(-1.,-1.558000287811E-29));
#12620 = ( GEOMETRIC_REPRESENTATION_CONTEXT(2) 
PARAMETRIC_REPRESENTATION_CONTEXT() REPRESENTATION_CONTEXT('2D SPACE',''
  ) );
#12621 = PCURVE('',#11320,#12622);
#12622 = DEFINITIONAL_REPRESENTATION('',(#12623),#12627);
#12623 = LINE('',#12624,#12625);
#12624 = CARTESIAN_POINT('',(43.620517793055,-74.21171131136));
#12625 = VECTOR('',#12626,1.);
#12626 = DIRECTION('',(0.483718887105,-0.875223421909));
#12627 = ( GEOMETRIC_REPRESENTATION_CONTEXT(2) 
PARAMETRIC_REPRESENTATION_CONTEXT() REPRESENTATION_CONTEXT('2D SPACE',''
  ) );
#12628 = ORIENTED_EDGE('',*,*,#12538,.F.);
#12629 = ADVANCED_FACE('',(#12630),#10678,.T.);
#12630 = FACE_BOUND('',#12631,.T.);
#12631 = EDGE_LOOP('',(#12632,#12633,#12656));
#12632 = ORIENTED_EDGE('',*,*,#10664,.F.);
#12633 = ORIENTED_EDGE('',*,*,#12634,.T.);
#12634 = EDGE_CURVE('',#8399,#12635,#12637,.T.);
#12635 = VERTEX_POINT('',#12636);
#12636 = CARTESIAN_POINT('',(161.345,31.095046347942,28.891280188878));
#12637 = SURFACE_CURVE('',#12638,(#12642,#12649),.PCURVE_S1.);
#12638 = LINE('',#12639,#12640);
#12639 = CARTESIAN_POINT('',(161.345,32.027488442403,28.505050027225));
#12640 = VECTOR('',#12641,1.);
#12641 = DIRECTION('',(0.,-0.923879532511,0.382683432365));
#12642 = PCURVE('',#10678,#12643);
#12643 = DEFINITIONAL_REPRESENTATION('',(#12644),#12648);
#12644 = LINE('',#12645,#12646);
#12645 = CARTESIAN_POINT('',(0.489405714091,0.55555254745));
#12646 = VECTOR('',#12647,1.);
#12647 = DIRECTION('',(-1.,-1.380506584137E-28));
#12648 = ( GEOMETRIC_REPRESENTATION_CONTEXT(2) 
PARAMETRIC_REPRESENTATION_CONTEXT() REPRESENTATION_CONTEXT('2D SPACE',''
  ) );
#12649 = PCURVE('',#11320,#12650);
#12650 = DEFINITIONAL_REPRESENTATION('',(#12651),#12655);
#12651 = LINE('',#12652,#12653);
#12652 = CARTESIAN_POINT('',(27.505050027225,-76.0274884424));
#12653 = VECTOR('',#12654,1.);
#12654 = DIRECTION('',(0.382683432365,0.923879532511));
#12655 = ( GEOMETRIC_REPRESENTATION_CONTEXT(2) 
PARAMETRIC_REPRESENTATION_CONTEXT() REPRESENTATION_CONTEXT('2D SPACE',''
  ) );
#12656 = ORIENTED_EDGE('',*,*,#12657,.F.);
#12657 = EDGE_CURVE('',#8505,#12635,#12658,.T.);
#12658 = SURFACE_CURVE('',#12659,(#12663,#12670),.PCURVE_S1.);
#12659 = LINE('',#12660,#12661);
#12660 = CARTESIAN_POINT('',(162.545,31.095046347942,28.891280188878));
#12661 = VECTOR('',#12662,1.);
#12662 = DIRECTION('',(-1.,0.,0.));
#12663 = PCURVE('',#10678,#12664);
#12664 = DEFINITIONAL_REPRESENTATION('',(#12665),#12669);
#12665 = LINE('',#12666,#12667);
#12666 = CARTESIAN_POINT('',(-0.519862336179,-0.64444745255));
#12667 = VECTOR('',#12668,1.);
#12668 = DIRECTION('',(0.,1.));
#12669 = ( GEOMETRIC_REPRESENTATION_CONTEXT(2) 
PARAMETRIC_REPRESENTATION_CONTEXT() REPRESENTATION_CONTEXT('2D SPACE',''
  ) );
#12670 = PCURVE('',#10740,#12671);
#12671 = DEFINITIONAL_REPRESENTATION('',(#12672),#12676);
#12672 = LINE('',#12673,#12674);
#12673 = CARTESIAN_POINT('',(0.335651838573,-0.786552668676));
#12674 = VECTOR('',#12675,1.);
#12675 = DIRECTION('',(0.,1.));
#12676 = ( GEOMETRIC_REPRESENTATION_CONTEXT(2) 
PARAMETRIC_REPRESENTATION_CONTEXT() REPRESENTATION_CONTEXT('2D SPACE',''
  ) );
#12677 = ADVANCED_FACE('',(#12678),#10709,.T.);
#12678 = FACE_BOUND('',#12679,.T.);
#12679 = EDGE_LOOP('',(#12680,#12681,#12704));
#12680 = ORIENTED_EDGE('',*,*,#10695,.F.);
#12681 = ORIENTED_EDGE('',*,*,#12682,.T.);
#12682 = EDGE_CURVE('',#8558,#12683,#12685,.T.);
#12683 = VERTEX_POINT('',#12684);
#12684 = CARTESIAN_POINT('',(161.345,29.388591783271,44.036483342212));
#12685 = SURFACE_CURVE('',#12686,(#12690,#12697),.PCURVE_S1.);
#12686 = LINE('',#12687,#12688);
#12687 = CARTESIAN_POINT('',(162.545,29.388591783271,44.036483342212));
#12688 = VECTOR('',#12689,1.);
#12689 = DIRECTION('',(-1.,0.,0.));
#12690 = PCURVE('',#10709,#12691);
#12691 = DEFINITIONAL_REPRESENTATION('',(#12692),#12696);
#12692 = LINE('',#12693,#12694);
#12693 = CARTESIAN_POINT('',(0.335651838573,-0.786552668676));
#12694 = VECTOR('',#12695,1.);
#12695 = DIRECTION('',(0.,1.));
#12696 = ( GEOMETRIC_REPRESENTATION_CONTEXT(2) 
PARAMETRIC_REPRESENTATION_CONTEXT() REPRESENTATION_CONTEXT('2D SPACE',''
  ) );
#12697 = PCURVE('',#10771,#12698);
#12698 = DEFINITIONAL_REPRESENTATION('',(#12699),#12703);
#12699 = LINE('',#12700,#12701);
#12700 = CARTESIAN_POINT('',(-0.519862336179,-0.64444745255));
#12701 = VECTOR('',#12702,1.);
#12702 = DIRECTION('',(0.,1.));
#12703 = ( GEOMETRIC_REPRESENTATION_CONTEXT(2) 
PARAMETRIC_REPRESENTATION_CONTEXT() REPRESENTATION_CONTEXT('2D SPACE',''
  ) );
#12704 = ORIENTED_EDGE('',*,*,#12705,.T.);
#12705 = EDGE_CURVE('',#12683,#8452,#12706,.T.);
#12706 = SURFACE_CURVE('',#12707,(#12711,#12717),.PCURVE_S1.);
#12707 = LINE('',#12708,#12709);
#12708 = CARTESIAN_POINT('',(161.345,-5.036717528529,19.610423781175));
#12709 = VECTOR('',#12710,1.);
#12710 = DIRECTION('',(-0.,0.815560868959,0.57867129618));
#12711 = PCURVE('',#10709,#12712);
#12712 = DEFINITIONAL_REPRESENTATION('',(#12713),#12716);
#12713 = B_SPLINE_CURVE_WITH_KNOTS('',1,(#12714,#12715),.UNSPECIFIED.,
  .F.,.F.,(2,2),(42.210594723274,43.219862773543),
  .PIECEWISE_BEZIER_KNOTS.);
#12714 = CARTESIAN_POINT('',(0.335651838573,0.413447331324));
#12715 = CARTESIAN_POINT('',(-0.673616211697,0.413447331324));
#12716 = ( GEOMETRIC_REPRESENTATION_CONTEXT(2) 
PARAMETRIC_REPRESENTATION_CONTEXT() REPRESENTATION_CONTEXT('2D SPACE',''
  ) );
#12717 = PCURVE('',#11320,#12718);
#12718 = DEFINITIONAL_REPRESENTATION('',(#12719),#12722);
#12719 = B_SPLINE_CURVE_WITH_KNOTS('',1,(#12720,#12721),.UNSPECIFIED.,
  .F.,.F.,(2,2),(42.210594723274,43.219862773543),
  .PIECEWISE_BEZIER_KNOTS.);
#12720 = CARTESIAN_POINT('',(43.036483342212,-73.38859178327));
#12721 = CARTESIAN_POINT('',(43.620517793055,-74.21171131136));
#12722 = ( GEOMETRIC_REPRESENTATION_CONTEXT(2) 
PARAMETRIC_REPRESENTATION_CONTEXT() REPRESENTATION_CONTEXT('2D SPACE',''
  ) );
#12723 = ADVANCED_FACE('',(#12724),#10740,.T.);
#12724 = FACE_BOUND('',#12725,.T.);
#12725 = EDGE_LOOP('',(#12726,#12727,#12728));
#12726 = ORIENTED_EDGE('',*,*,#10726,.F.);
#12727 = ORIENTED_EDGE('',*,*,#12657,.T.);
#12728 = ORIENTED_EDGE('',*,*,#12729,.T.);
#12729 = EDGE_CURVE('',#12635,#8611,#12730,.T.);
#12730 = SURFACE_CURVE('',#12731,(#12735,#12741),.PCURVE_S1.);
#12731 = LINE('',#12732,#12733);
#12732 = CARTESIAN_POINT('',(161.345,8.090211695311,41.605602883696));
#12733 = VECTOR('',#12734,1.);
#12734 = DIRECTION('',(0.,-0.875223421909,0.483718887105));
#12735 = PCURVE('',#10740,#12736);
#12736 = DEFINITIONAL_REPRESENTATION('',(#12737),#12740);
#12737 = B_SPLINE_CURVE_WITH_KNOTS('',1,(#12738,#12739),.UNSPECIFIED.,
  .F.,.F.,(2,2),(-26.28452812935,-25.27526007908),
  .PIECEWISE_BEZIER_KNOTS.);
#12738 = CARTESIAN_POINT('',(0.335651838573,0.413447331324));
#12739 = CARTESIAN_POINT('',(-0.673616211697,0.413447331324));
#12740 = ( GEOMETRIC_REPRESENTATION_CONTEXT(2) 
PARAMETRIC_REPRESENTATION_CONTEXT() REPRESENTATION_CONTEXT('2D SPACE',''
  ) );
#12741 = PCURVE('',#11320,#12742);
#12742 = DEFINITIONAL_REPRESENTATION('',(#12743),#12746);
#12743 = B_SPLINE_CURVE_WITH_KNOTS('',1,(#12744,#12745),.UNSPECIFIED.,
  .F.,.F.,(2,2),(-26.28452812935,-25.27526007908),
  .PIECEWISE_BEZIER_KNOTS.);
#12744 = CARTESIAN_POINT('',(27.891280188878,-75.09504634794));
#12745 = CARTESIAN_POINT('',(28.379482206945,-74.21171131136));
#12746 = ( GEOMETRIC_REPRESENTATION_CONTEXT(2) 
PARAMETRIC_REPRESENTATION_CONTEXT() REPRESENTATION_CONTEXT('2D SPACE',''
  ) );
#12747 = ADVANCED_FACE('',(#12748),#10771,.T.);
#12748 = FACE_BOUND('',#12749,.T.);
#12749 = EDGE_LOOP('',(#12750,#12751,#12772));
#12750 = ORIENTED_EDGE('',*,*,#10757,.F.);
#12751 = ORIENTED_EDGE('',*,*,#12752,.T.);
#12752 = EDGE_CURVE('',#8664,#12683,#12753,.T.);
#12753 = SURFACE_CURVE('',#12754,(#12758,#12765),.PCURVE_S1.);
#12754 = LINE('',#12755,#12756);
#12755 = CARTESIAN_POINT('',(161.345,28.636038969321,43.363961030679));
#12756 = VECTOR('',#12757,1.);
#12757 = DIRECTION('',(0.,0.745642164883,0.666346577952));
#12758 = PCURVE('',#10771,#12759);
#12759 = DEFINITIONAL_REPRESENTATION('',(#12760),#12764);
#12760 = LINE('',#12761,#12762);
#12761 = CARTESIAN_POINT('',(0.489405714091,0.55555254745));
#12762 = VECTOR('',#12763,1.);
#12763 = DIRECTION('',(-1.,-1.277954666458E-28));
#12764 = ( GEOMETRIC_REPRESENTATION_CONTEXT(2) 
PARAMETRIC_REPRESENTATION_CONTEXT() REPRESENTATION_CONTEXT('2D SPACE',''
  ) );
#12765 = PCURVE('',#11320,#12766);
#12766 = DEFINITIONAL_REPRESENTATION('',(#12767),#12771);
#12767 = LINE('',#12768,#12769);
#12768 = CARTESIAN_POINT('',(42.363961030679,-72.63603896932));
#12769 = VECTOR('',#12770,1.);
#12770 = DIRECTION('',(0.666346577952,-0.745642164883));
#12771 = ( GEOMETRIC_REPRESENTATION_CONTEXT(2) 
PARAMETRIC_REPRESENTATION_CONTEXT() REPRESENTATION_CONTEXT('2D SPACE',''
  ) );
#12772 = ORIENTED_EDGE('',*,*,#12682,.F.);
#12773 = ADVANCED_FACE('',(#12774),#10802,.T.);
#12774 = FACE_BOUND('',#12775,.T.);
#12775 = EDGE_LOOP('',(#12776,#12777,#12800));
#12776 = ORIENTED_EDGE('',*,*,#10788,.F.);
#12777 = ORIENTED_EDGE('',*,*,#12778,.T.);
#12778 = EDGE_CURVE('',#8611,#12779,#12781,.T.);
#12779 = VERTEX_POINT('',#12780);
#12780 = CARTESIAN_POINT('',(161.345,29.388591783271,29.963516657788));
#12781 = SURFACE_CURVE('',#12782,(#12786,#12793),.PCURVE_S1.);
#12782 = LINE('',#12783,#12784);
#12783 = CARTESIAN_POINT('',(161.345,30.211711311362,29.379482206945));
#12784 = VECTOR('',#12785,1.);
#12785 = DIRECTION('',(0.,-0.815560868959,0.57867129618));
#12786 = PCURVE('',#10802,#12787);
#12787 = DEFINITIONAL_REPRESENTATION('',(#12788),#12792);
#12788 = LINE('',#12789,#12790);
#12789 = CARTESIAN_POINT('',(0.489405714091,0.55555254745));
#12790 = VECTOR('',#12791,1.);
#12791 = DIRECTION('',(-1.,-2.10625861694E-28));
#12792 = ( GEOMETRIC_REPRESENTATION_CONTEXT(2) 
PARAMETRIC_REPRESENTATION_CONTEXT() REPRESENTATION_CONTEXT('2D SPACE',''
  ) );
#12793 = PCURVE('',#11320,#12794);
#12794 = DEFINITIONAL_REPRESENTATION('',(#12795),#12799);
#12795 = LINE('',#12796,#12797);
#12796 = CARTESIAN_POINT('',(28.379482206945,-74.21171131136));
#12797 = VECTOR('',#12798,1.);
#12798 = DIRECTION('',(0.57867129618,0.815560868959));
#12799 = ( GEOMETRIC_REPRESENTATION_CONTEXT(2) 
PARAMETRIC_REPRESENTATION_CONTEXT() REPRESENTATION_CONTEXT('2D SPACE',''
  ) );
#12800 = ORIENTED_EDGE('',*,*,#12801,.F.);
#12801 = EDGE_CURVE('',#8717,#12779,#12802,.T.);
#12802 = SURFACE_CURVE('',#12803,(#12807,#12814),.PCURVE_S1.);
#12803 = LINE('',#12804,#12805);
#12804 = CARTESIAN_POINT('',(162.545,29.388591783271,29.963516657788));
#12805 = VECTOR('',#12806,1.);
#12806 = DIRECTION('',(-1.,0.,0.));
#12807 = PCURVE('',#10802,#12808);
#12808 = DEFINITIONAL_REPRESENTATION('',(#12809),#12813);
#12809 = LINE('',#12810,#12811);
#12810 = CARTESIAN_POINT('',(-0.519862336179,-0.64444745255));
#12811 = VECTOR('',#12812,1.);
#12812 = DIRECTION('',(0.,1.));
#12813 = ( GEOMETRIC_REPRESENTATION_CONTEXT(2) 
PARAMETRIC_REPRESENTATION_CONTEXT() REPRESENTATION_CONTEXT('2D SPACE',''
  ) );
#12814 = PCURVE('',#10864,#12815);
#12815 = DEFINITIONAL_REPRESENTATION('',(#12816),#12820);
#12816 = LINE('',#12817,#12818);
#12817 = CARTESIAN_POINT('',(0.335651838573,-0.786552668676));
#12818 = VECTOR('',#12819,1.);
#12819 = DIRECTION('',(0.,1.));
#12820 = ( GEOMETRIC_REPRESENTATION_CONTEXT(2) 
PARAMETRIC_REPRESENTATION_CONTEXT() REPRESENTATION_CONTEXT('2D SPACE',''
  ) );
#12821 = ADVANCED_FACE('',(#12822),#10833,.T.);
#12822 = FACE_BOUND('',#12823,.T.);
#12823 = EDGE_LOOP('',(#12824,#12825,#12848));
#12824 = ORIENTED_EDGE('',*,*,#10819,.F.);
#12825 = ORIENTED_EDGE('',*,*,#12826,.T.);
#12826 = EDGE_CURVE('',#8770,#12827,#12829,.T.);
#12827 = VERTEX_POINT('',#12828);
#12828 = CARTESIAN_POINT('',(161.345,27.963516657788,42.611408216729));
#12829 = SURFACE_CURVE('',#12830,(#12834,#12841),.PCURVE_S1.);
#12830 = LINE('',#12831,#12832);
#12831 = CARTESIAN_POINT('',(162.545,27.963516657788,42.611408216729));
#12832 = VECTOR('',#12833,1.);
#12833 = DIRECTION('',(-1.,0.,0.));
#12834 = PCURVE('',#10833,#12835);
#12835 = DEFINITIONAL_REPRESENTATION('',(#12836),#12840);
#12836 = LINE('',#12837,#12838);
#12837 = CARTESIAN_POINT('',(-0.335651838573,0.786552668676));
#12838 = VECTOR('',#12839,1.);
#12839 = DIRECTION('',(0.,-1.));
#12840 = ( GEOMETRIC_REPRESENTATION_CONTEXT(2) 
PARAMETRIC_REPRESENTATION_CONTEXT() REPRESENTATION_CONTEXT('2D SPACE',''
  ) );
#12841 = PCURVE('',#10895,#12842);
#12842 = DEFINITIONAL_REPRESENTATION('',(#12843),#12847);
#12843 = LINE('',#12844,#12845);
#12844 = CARTESIAN_POINT('',(0.519862336179,0.64444745255));
#12845 = VECTOR('',#12846,1.);
#12846 = DIRECTION('',(0.,-1.));
#12847 = ( GEOMETRIC_REPRESENTATION_CONTEXT(2) 
PARAMETRIC_REPRESENTATION_CONTEXT() REPRESENTATION_CONTEXT('2D SPACE',''
  ) );
#12848 = ORIENTED_EDGE('',*,*,#12849,.T.);
#12849 = EDGE_CURVE('',#12827,#8664,#12850,.T.);
#12850 = SURFACE_CURVE('',#12851,(#12855,#12861),.PCURVE_S1.);
#12851 = LINE('',#12852,#12853);
#12852 = CARTESIAN_POINT('',(161.345,1.76136597668,13.291188071675));
#12853 = VECTOR('',#12854,1.);
#12854 = DIRECTION('',(-0.,0.666346577952,0.745642164883));
#12855 = PCURVE('',#10833,#12856);
#12856 = DEFINITIONAL_REPRESENTATION('',(#12857),#12860);
#12857 = B_SPLINE_CURVE_WITH_KNOTS('',1,(#12858,#12859),.UNSPECIFIED.,
  .F.,.F.,(2,2),(39.322105865147,40.331373915417),
  .PIECEWISE_BEZIER_KNOTS.);
#12858 = CARTESIAN_POINT('',(-0.335651838573,-0.413447331324));
#12859 = CARTESIAN_POINT('',(0.673616211697,-0.413447331324));
#12860 = ( GEOMETRIC_REPRESENTATION_CONTEXT(2) 
PARAMETRIC_REPRESENTATION_CONTEXT() REPRESENTATION_CONTEXT('2D SPACE',''
  ) );
#12861 = PCURVE('',#11320,#12862);
#12862 = DEFINITIONAL_REPRESENTATION('',(#12863),#12866);
#12863 = B_SPLINE_CURVE_WITH_KNOTS('',1,(#12864,#12865),.UNSPECIFIED.,
  .F.,.F.,(2,2),(39.322105865147,40.331373915417),
  .PIECEWISE_BEZIER_KNOTS.);
#12864 = CARTESIAN_POINT('',(41.611408216729,-71.96351665778));
#12865 = CARTESIAN_POINT('',(42.363961030679,-72.63603896932));
#12866 = ( GEOMETRIC_REPRESENTATION_CONTEXT(2) 
PARAMETRIC_REPRESENTATION_CONTEXT() REPRESENTATION_CONTEXT('2D SPACE',''
  ) );
#12867 = ADVANCED_FACE('',(#12868),#10864,.T.);
#12868 = FACE_BOUND('',#12869,.T.);
#12869 = EDGE_LOOP('',(#12870,#12871,#12872));
#12870 = ORIENTED_EDGE('',*,*,#10850,.F.);
#12871 = ORIENTED_EDGE('',*,*,#12801,.T.);
#12872 = ORIENTED_EDGE('',*,*,#12873,.T.);
#12873 = EDGE_CURVE('',#12779,#8823,#12874,.T.);
#12874 = SURFACE_CURVE('',#12875,(#12879,#12885),.PCURVE_S1.);
#12875 = LINE('',#12876,#12877);
#12876 = CARTESIAN_POINT('',(161.345,16.057426984002,41.876973893001));
#12877 = VECTOR('',#12878,1.);
#12878 = DIRECTION('',(0.,-0.745642164883,0.666346577952));
#12879 = PCURVE('',#10864,#12880);
#12880 = DEFINITIONAL_REPRESENTATION('',(#12881),#12884);
#12881 = B_SPLINE_CURVE_WITH_KNOTS('',1,(#12882,#12883),.UNSPECIFIED.,
  .F.,.F.,(2,2),(-17.8787700416,-16.86950199133),
  .PIECEWISE_BEZIER_KNOTS.);
#12882 = CARTESIAN_POINT('',(0.335651838573,0.413447331324));
#12883 = CARTESIAN_POINT('',(-0.673616211697,0.413447331324));
#12884 = ( GEOMETRIC_REPRESENTATION_CONTEXT(2) 
PARAMETRIC_REPRESENTATION_CONTEXT() REPRESENTATION_CONTEXT('2D SPACE',''
  ) );
#12885 = PCURVE('',#11320,#12886);
#12886 = DEFINITIONAL_REPRESENTATION('',(#12887),#12890);
#12887 = B_SPLINE_CURVE_WITH_KNOTS('',1,(#12888,#12889),.UNSPECIFIED.,
  .F.,.F.,(2,2),(-17.8787700416,-16.86950199133),
  .PIECEWISE_BEZIER_KNOTS.);
#12888 = CARTESIAN_POINT('',(28.963516657788,-73.38859178327));
#12889 = CARTESIAN_POINT('',(29.636038969321,-72.63603896932));
#12890 = ( GEOMETRIC_REPRESENTATION_CONTEXT(2) 
PARAMETRIC_REPRESENTATION_CONTEXT() REPRESENTATION_CONTEXT('2D SPACE',''
  ) );
#12891 = ADVANCED_FACE('',(#12892),#10895,.T.);
#12892 = FACE_BOUND('',#12893,.T.);
#12893 = EDGE_LOOP('',(#12894,#12895,#12916));
#12894 = ORIENTED_EDGE('',*,*,#10881,.F.);
#12895 = ORIENTED_EDGE('',*,*,#12896,.T.);
#12896 = EDGE_CURVE('',#8876,#12827,#12897,.T.);
#12897 = SURFACE_CURVE('',#12898,(#12902,#12909),.PCURVE_S1.);
#12898 = LINE('',#12899,#12900);
#12899 = CARTESIAN_POINT('',(161.345,27.379482206945,41.788288688638));
#12900 = VECTOR('',#12901,1.);
#12901 = DIRECTION('',(0.,0.57867129618,0.815560868959));
#12902 = PCURVE('',#10895,#12903);
#12903 = DEFINITIONAL_REPRESENTATION('',(#12904),#12908);
#12904 = LINE('',#12905,#12906);
#12905 = CARTESIAN_POINT('',(-0.489405714091,-0.55555254745));
#12906 = VECTOR('',#12907,1.);
#12907 = DIRECTION('',(1.,6.610654385752E-28));
#12908 = ( GEOMETRIC_REPRESENTATION_CONTEXT(2) 
PARAMETRIC_REPRESENTATION_CONTEXT() REPRESENTATION_CONTEXT('2D SPACE',''
  ) );
#12909 = PCURVE('',#11320,#12910);
#12910 = DEFINITIONAL_REPRESENTATION('',(#12911),#12915);
#12911 = LINE('',#12912,#12913);
#12912 = CARTESIAN_POINT('',(40.788288688638,-71.37948220694));
#12913 = VECTOR('',#12914,1.);
#12914 = DIRECTION('',(0.815560868959,-0.57867129618));
#12915 = ( GEOMETRIC_REPRESENTATION_CONTEXT(2) 
PARAMETRIC_REPRESENTATION_CONTEXT() REPRESENTATION_CONTEXT('2D SPACE',''
  ) );
#12916 = ORIENTED_EDGE('',*,*,#12826,.F.);
#12917 = ADVANCED_FACE('',(#12918),#10926,.T.);
#12918 = FACE_BOUND('',#12919,.T.);
#12919 = EDGE_LOOP('',(#12920,#12921,#12944));
#12920 = ORIENTED_EDGE('',*,*,#10912,.F.);
#12921 = ORIENTED_EDGE('',*,*,#12922,.T.);
#12922 = EDGE_CURVE('',#8823,#12923,#12925,.T.);
#12923 = VERTEX_POINT('',#12924);
#12924 = CARTESIAN_POINT('',(161.345,27.963516657788,31.388591783271));
#12925 = SURFACE_CURVE('',#12926,(#12930,#12937),.PCURVE_S1.);
#12926 = LINE('',#12927,#12928);
#12927 = CARTESIAN_POINT('',(161.345,28.636038969321,30.636038969321));
#12928 = VECTOR('',#12929,1.);
#12929 = DIRECTION('',(0.,-0.666346577952,0.745642164883));
#12930 = PCURVE('',#10926,#12931);
#12931 = DEFINITIONAL_REPRESENTATION('',(#12932),#12936);
#12932 = LINE('',#12933,#12934);
#12933 = CARTESIAN_POINT('',(-0.489405714091,-0.55555254745));
#12934 = VECTOR('',#12935,1.);
#12935 = DIRECTION('',(1.,1.341063538876E-28));
#12936 = ( GEOMETRIC_REPRESENTATION_CONTEXT(2) 
PARAMETRIC_REPRESENTATION_CONTEXT() REPRESENTATION_CONTEXT('2D SPACE',''
  ) );
#12937 = PCURVE('',#11320,#12938);
#12938 = DEFINITIONAL_REPRESENTATION('',(#12939),#12943);
#12939 = LINE('',#12940,#12941);
#12940 = CARTESIAN_POINT('',(29.636038969321,-72.63603896932));
#12941 = VECTOR('',#12942,1.);
#12942 = DIRECTION('',(0.745642164883,0.666346577952));
#12943 = ( GEOMETRIC_REPRESENTATION_CONTEXT(2) 
PARAMETRIC_REPRESENTATION_CONTEXT() REPRESENTATION_CONTEXT('2D SPACE',''
  ) );
#12944 = ORIENTED_EDGE('',*,*,#12945,.F.);
#12945 = EDGE_CURVE('',#8929,#12923,#12946,.T.);
#12946 = SURFACE_CURVE('',#12947,(#12951,#12958),.PCURVE_S1.);
#12947 = LINE('',#12948,#12949);
#12948 = CARTESIAN_POINT('',(162.545,27.963516657788,31.388591783271));
#12949 = VECTOR('',#12950,1.);
#12950 = DIRECTION('',(-1.,0.,0.));
#12951 = PCURVE('',#10926,#12952);
#12952 = DEFINITIONAL_REPRESENTATION('',(#12953),#12957);
#12953 = LINE('',#12954,#12955);
#12954 = CARTESIAN_POINT('',(0.519862336179,0.64444745255));
#12955 = VECTOR('',#12956,1.);
#12956 = DIRECTION('',(0.,-1.));
#12957 = ( GEOMETRIC_REPRESENTATION_CONTEXT(2) 
PARAMETRIC_REPRESENTATION_CONTEXT() REPRESENTATION_CONTEXT('2D SPACE',''
  ) );
#12958 = PCURVE('',#10988,#12959);
#12959 = DEFINITIONAL_REPRESENTATION('',(#12960),#12964);
#12960 = LINE('',#12961,#12962);
#12961 = CARTESIAN_POINT('',(-0.335651838573,0.786552668676));
#12962 = VECTOR('',#12963,1.);
#12963 = DIRECTION('',(0.,-1.));
#12964 = ( GEOMETRIC_REPRESENTATION_CONTEXT(2) 
PARAMETRIC_REPRESENTATION_CONTEXT() REPRESENTATION_CONTEXT('2D SPACE',''
  ) );
#12965 = ADVANCED_FACE('',(#12966),#10957,.T.);
#12966 = FACE_BOUND('',#12967,.T.);
#12967 = EDGE_LOOP('',(#12968,#12969,#12992));
#12968 = ORIENTED_EDGE('',*,*,#10943,.F.);
#12969 = ORIENTED_EDGE('',*,*,#12970,.T.);
#12970 = EDGE_CURVE('',#8982,#12971,#12973,.T.);
#12971 = VERTEX_POINT('',#12972);
#12972 = CARTESIAN_POINT('',(161.345,26.891280188878,40.904953652058));
#12973 = SURFACE_CURVE('',#12974,(#12978,#12985),.PCURVE_S1.);
#12974 = LINE('',#12975,#12976);
#12975 = CARTESIAN_POINT('',(162.545,26.891280188878,40.904953652058));
#12976 = VECTOR('',#12977,1.);
#12977 = DIRECTION('',(-1.,0.,0.));
#12978 = PCURVE('',#10957,#12979);
#12979 = DEFINITIONAL_REPRESENTATION('',(#12980),#12984);
#12980 = LINE('',#12981,#12982);
#12981 = CARTESIAN_POINT('',(-0.335651838573,0.786552668676));
#12982 = VECTOR('',#12983,1.);
#12983 = DIRECTION('',(0.,-1.));
#12984 = ( GEOMETRIC_REPRESENTATION_CONTEXT(2) 
PARAMETRIC_REPRESENTATION_CONTEXT() REPRESENTATION_CONTEXT('2D SPACE',''
  ) );
#12985 = PCURVE('',#11019,#12986);
#12986 = DEFINITIONAL_REPRESENTATION('',(#12987),#12991);
#12987 = LINE('',#12988,#12989);
#12988 = CARTESIAN_POINT('',(0.519862336179,0.64444745255));
#12989 = VECTOR('',#12990,1.);
#12990 = DIRECTION('',(0.,-1.));
#12991 = ( GEOMETRIC_REPRESENTATION_CONTEXT(2) 
PARAMETRIC_REPRESENTATION_CONTEXT() REPRESENTATION_CONTEXT('2D SPACE',''
  ) );
#12992 = ORIENTED_EDGE('',*,*,#12993,.T.);
#12993 = EDGE_CURVE('',#12971,#8876,#12994,.T.);
#12994 = SURFACE_CURVE('',#12995,(#12999,#13005),.PCURVE_S1.);
#12995 = LINE('',#12996,#12997);
#12996 = CARTESIAN_POINT('',(161.345,10.231626978423,10.761580963169));
#12997 = VECTOR('',#12998,1.);
#12998 = DIRECTION('',(-0.,0.483718887105,0.875223421909));
#12999 = PCURVE('',#10957,#13000);
#13000 = DEFINITIONAL_REPRESENTATION('',(#13001),#13004);
#13001 = B_SPLINE_CURVE_WITH_KNOTS('',1,(#13002,#13003),.UNSPECIFIED.,
  .F.,.F.,(2,2),(34.440774703161,35.45004275343),
  .PIECEWISE_BEZIER_KNOTS.);
#13002 = CARTESIAN_POINT('',(-0.335651838573,-0.413447331324));
#13003 = CARTESIAN_POINT('',(0.673616211697,-0.413447331324));
#13004 = ( GEOMETRIC_REPRESENTATION_CONTEXT(2) 
PARAMETRIC_REPRESENTATION_CONTEXT() REPRESENTATION_CONTEXT('2D SPACE',''
  ) );
#13005 = PCURVE('',#11320,#13006);
#13006 = DEFINITIONAL_REPRESENTATION('',(#13007),#13010);
#13007 = B_SPLINE_CURVE_WITH_KNOTS('',1,(#13008,#13009),.UNSPECIFIED.,
  .F.,.F.,(2,2),(34.440774703161,35.45004275343),
  .PIECEWISE_BEZIER_KNOTS.);
#13008 = CARTESIAN_POINT('',(39.904953652058,-70.89128018887));
#13009 = CARTESIAN_POINT('',(40.788288688638,-71.37948220694));
#13010 = ( GEOMETRIC_REPRESENTATION_CONTEXT(2) 
PARAMETRIC_REPRESENTATION_CONTEXT() REPRESENTATION_CONTEXT('2D SPACE',''
  ) );
#13011 = ADVANCED_FACE('',(#13012),#10988,.T.);
#13012 = FACE_BOUND('',#13013,.T.);
#13013 = EDGE_LOOP('',(#13014,#13015,#13016));
#13014 = ORIENTED_EDGE('',*,*,#10974,.F.);
#13015 = ORIENTED_EDGE('',*,*,#12945,.T.);
#13016 = ORIENTED_EDGE('',*,*,#13017,.T.);
#13017 = EDGE_CURVE('',#12923,#9035,#13018,.T.);
#13018 = SURFACE_CURVE('',#13019,(#13023,#13029),.PCURVE_S1.);
#13019 = LINE('',#13020,#13021);
#13020 = CARTESIAN_POINT('',(161.345,22.988353449221,38.400428133855));
#13021 = VECTOR('',#13022,1.);
#13022 = DIRECTION('',(0.,-0.57867129618,0.815560868959));
#13023 = PCURVE('',#10988,#13024);
#13024 = DEFINITIONAL_REPRESENTATION('',(#13025),#13028);
#13025 = B_SPLINE_CURVE_WITH_KNOTS('',1,(#13026,#13027),.UNSPECIFIED.,
  .F.,.F.,(2,2),(-8.597563489689,-7.58829543942),
  .PIECEWISE_BEZIER_KNOTS.);
#13026 = CARTESIAN_POINT('',(-0.335651838573,-0.413447331324));
#13027 = CARTESIAN_POINT('',(0.673616211697,-0.413447331324));
#13028 = ( GEOMETRIC_REPRESENTATION_CONTEXT(2) 
PARAMETRIC_REPRESENTATION_CONTEXT() REPRESENTATION_CONTEXT('2D SPACE',''
  ) );
#13029 = PCURVE('',#11320,#13030);
#13030 = DEFINITIONAL_REPRESENTATION('',(#13031),#13034);
#13031 = B_SPLINE_CURVE_WITH_KNOTS('',1,(#13032,#13033),.UNSPECIFIED.,
  .F.,.F.,(2,2),(-8.597563489689,-7.58829543942),
  .PIECEWISE_BEZIER_KNOTS.);
#13032 = CARTESIAN_POINT('',(30.388591783271,-71.96351665778));
#13033 = CARTESIAN_POINT('',(31.211711311362,-71.37948220694));
#13034 = ( GEOMETRIC_REPRESENTATION_CONTEXT(2) 
PARAMETRIC_REPRESENTATION_CONTEXT() REPRESENTATION_CONTEXT('2D SPACE',''
  ) );
#13035 = ADVANCED_FACE('',(#13036),#11019,.T.);
#13036 = FACE_BOUND('',#13037,.T.);
#13037 = EDGE_LOOP('',(#13038,#13039,#13060));
#13038 = ORIENTED_EDGE('',*,*,#11005,.F.);
#13039 = ORIENTED_EDGE('',*,*,#13040,.T.);
#13040 = EDGE_CURVE('',#9088,#12971,#13041,.T.);
#13041 = SURFACE_CURVE('',#13042,(#13046,#13053),.PCURVE_S1.);
#13042 = LINE('',#13043,#13044);
#13043 = CARTESIAN_POINT('',(161.345,26.505050027225,39.972511557597));
#13044 = VECTOR('',#13045,1.);
#13045 = DIRECTION('',(0.,0.382683432365,0.923879532511));
#13046 = PCURVE('',#11019,#13047);
#13047 = DEFINITIONAL_REPRESENTATION('',(#13048),#13052);
#13048 = LINE('',#13049,#13050);
#13049 = CARTESIAN_POINT('',(-0.489405714091,-0.55555254745));
#13050 = VECTOR('',#13051,1.);
#13051 = DIRECTION('',(1.,1.617164855703E-29));
#13052 = ( GEOMETRIC_REPRESENTATION_CONTEXT(2) 
PARAMETRIC_REPRESENTATION_CONTEXT() REPRESENTATION_CONTEXT('2D SPACE',''
  ) );
#13053 = PCURVE('',#11320,#13054);
#13054 = DEFINITIONAL_REPRESENTATION('',(#13055),#13059);
#13055 = LINE('',#13056,#13057);
#13056 = CARTESIAN_POINT('',(38.972511557597,-70.50505002722));
#13057 = VECTOR('',#13058,1.);
#13058 = DIRECTION('',(0.923879532511,-0.382683432365));
#13059 = ( GEOMETRIC_REPRESENTATION_CONTEXT(2) 
PARAMETRIC_REPRESENTATION_CONTEXT() REPRESENTATION_CONTEXT('2D SPACE',''
  ) );
#13060 = ORIENTED_EDGE('',*,*,#12970,.F.);
#13061 = ADVANCED_FACE('',(#13062),#11050,.T.);
#13062 = FACE_BOUND('',#13063,.T.);
#13063 = EDGE_LOOP('',(#13064,#13065,#13088));
#13064 = ORIENTED_EDGE('',*,*,#11036,.F.);
#13065 = ORIENTED_EDGE('',*,*,#13066,.T.);
#13066 = EDGE_CURVE('',#9035,#13067,#13069,.T.);
#13067 = VERTEX_POINT('',#13068);
#13068 = CARTESIAN_POINT('',(161.345,26.891280188878,33.095046347942));
#13069 = SURFACE_CURVE('',#13070,(#13074,#13081),.PCURVE_S1.);
#13070 = LINE('',#13071,#13072);
#13071 = CARTESIAN_POINT('',(161.345,27.379482206945,32.211711311362));
#13072 = VECTOR('',#13073,1.);
#13073 = DIRECTION('',(0.,-0.483718887105,0.875223421909));
#13074 = PCURVE('',#11050,#13075);
#13075 = DEFINITIONAL_REPRESENTATION('',(#13076),#13080);
#13076 = LINE('',#13077,#13078);
#13077 = CARTESIAN_POINT('',(-0.489405714091,-0.55555254745));
#13078 = VECTOR('',#13079,1.);
#13079 = DIRECTION('',(1.,9.860761315263E-31));
#13080 = ( GEOMETRIC_REPRESENTATION_CONTEXT(2) 
PARAMETRIC_REPRESENTATION_CONTEXT() REPRESENTATION_CONTEXT('2D SPACE',''
  ) );
#13081 = PCURVE('',#11320,#13082);
#13082 = DEFINITIONAL_REPRESENTATION('',(#13083),#13087);
#13083 = LINE('',#13084,#13085);
#13084 = CARTESIAN_POINT('',(31.211711311362,-71.37948220694));
#13085 = VECTOR('',#13086,1.);
#13086 = DIRECTION('',(0.875223421909,0.483718887105));
#13087 = ( GEOMETRIC_REPRESENTATION_CONTEXT(2) 
PARAMETRIC_REPRESENTATION_CONTEXT() REPRESENTATION_CONTEXT('2D SPACE',''
  ) );
#13088 = ORIENTED_EDGE('',*,*,#13089,.F.);
#13089 = EDGE_CURVE('',#9141,#13067,#13090,.T.);
#13090 = SURFACE_CURVE('',#13091,(#13095,#13102),.PCURVE_S1.);
#13091 = LINE('',#13092,#13093);
#13092 = CARTESIAN_POINT('',(162.545,26.891280188878,33.095046347942));
#13093 = VECTOR('',#13094,1.);
#13094 = DIRECTION('',(-1.,0.,0.));
#13095 = PCURVE('',#11050,#13096);
#13096 = DEFINITIONAL_REPRESENTATION('',(#13097),#13101);
#13097 = LINE('',#13098,#13099);
#13098 = CARTESIAN_POINT('',(0.519862336179,0.64444745255));
#13099 = VECTOR('',#13100,1.);
#13100 = DIRECTION('',(0.,-1.));
#13101 = ( GEOMETRIC_REPRESENTATION_CONTEXT(2) 
PARAMETRIC_REPRESENTATION_CONTEXT() REPRESENTATION_CONTEXT('2D SPACE',''
  ) );
#13102 = PCURVE('',#11112,#13103);
#13103 = DEFINITIONAL_REPRESENTATION('',(#13104),#13108);
#13104 = LINE('',#13105,#13106);
#13105 = CARTESIAN_POINT('',(-0.335651838573,0.786552668676));
#13106 = VECTOR('',#13107,1.);
#13107 = DIRECTION('',(0.,-1.));
#13108 = ( GEOMETRIC_REPRESENTATION_CONTEXT(2) 
PARAMETRIC_REPRESENTATION_CONTEXT() REPRESENTATION_CONTEXT('2D SPACE',''
  ) );
#13109 = ADVANCED_FACE('',(#13110),#11081,.T.);
#13110 = FACE_BOUND('',#13111,.T.);
#13111 = EDGE_LOOP('',(#13112,#13113,#13136));
#13112 = ORIENTED_EDGE('',*,*,#11067,.F.);
#13113 = ORIENTED_EDGE('',*,*,#13114,.T.);
#13114 = EDGE_CURVE('',#9194,#13115,#13117,.T.);
#13115 = VERTEX_POINT('',#13116);
#13116 = CARTESIAN_POINT('',(161.345,26.225648790364,39.002688405607));
#13117 = SURFACE_CURVE('',#13118,(#13122,#13129),.PCURVE_S1.);
#13118 = LINE('',#13119,#13120);
#13119 = CARTESIAN_POINT('',(162.545,26.225648790364,39.002688405607));
#13120 = VECTOR('',#13121,1.);
#13121 = DIRECTION('',(-1.,0.,0.));
#13122 = PCURVE('',#11081,#13123);
#13123 = DEFINITIONAL_REPRESENTATION('',(#13124),#13128);
#13124 = LINE('',#13125,#13126);
#13125 = CARTESIAN_POINT('',(-0.335651838573,0.786552668676));
#13126 = VECTOR('',#13127,1.);
#13127 = DIRECTION('',(0.,-1.));
#13128 = ( GEOMETRIC_REPRESENTATION_CONTEXT(2) 
PARAMETRIC_REPRESENTATION_CONTEXT() REPRESENTATION_CONTEXT('2D SPACE',''
  ) );
#13129 = PCURVE('',#11143,#13130);
#13130 = DEFINITIONAL_REPRESENTATION('',(#13131),#13135);
#13131 = LINE('',#13132,#13133);
#13132 = CARTESIAN_POINT('',(0.519862336179,0.64444745255));
#13133 = VECTOR('',#13134,1.);
#13134 = DIRECTION('',(0.,-1.));
#13135 = ( GEOMETRIC_REPRESENTATION_CONTEXT(2) 
PARAMETRIC_REPRESENTATION_CONTEXT() REPRESENTATION_CONTEXT('2D SPACE',''
  ) );
#13136 = ORIENTED_EDGE('',*,*,#13137,.T.);
#13137 = EDGE_CURVE('',#13115,#9088,#13138,.T.);
#13138 = SURFACE_CURVE('',#13139,(#13143,#13149),.PCURVE_S1.);
#13139 = LINE('',#13140,#13141);
#13140 = CARTESIAN_POINT('',(161.345,18.526473519895,12.278259722285));
#13141 = VECTOR('',#13142,1.);
#13142 = DIRECTION('',(-0.,0.276835511425,0.960917321945));
#13143 = PCURVE('',#11081,#13144);
#13144 = DEFINITIONAL_REPRESENTATION('',(#13145),#13148);
#13145 = B_SPLINE_CURVE_WITH_KNOTS('',1,(#13146,#13147),.UNSPECIFIED.,
  .F.,.F.,(2,2),(27.81137156444,28.820639614709),
  .PIECEWISE_BEZIER_KNOTS.);
#13146 = CARTESIAN_POINT('',(-0.335651838573,-0.413447331324));
#13147 = CARTESIAN_POINT('',(0.673616211697,-0.413447331324));
#13148 = ( GEOMETRIC_REPRESENTATION_CONTEXT(2) 
PARAMETRIC_REPRESENTATION_CONTEXT() REPRESENTATION_CONTEXT('2D SPACE',''
  ) );
#13149 = PCURVE('',#11320,#13150);
#13150 = DEFINITIONAL_REPRESENTATION('',(#13151),#13154);
#13151 = B_SPLINE_CURVE_WITH_KNOTS('',1,(#13152,#13153),.UNSPECIFIED.,
  .F.,.F.,(2,2),(27.81137156444,28.820639614709),
  .PIECEWISE_BEZIER_KNOTS.);
#13152 = CARTESIAN_POINT('',(38.002688405607,-70.22564879036));
#13153 = CARTESIAN_POINT('',(38.972511557597,-70.50505002722));
#13154 = ( GEOMETRIC_REPRESENTATION_CONTEXT(2) 
PARAMETRIC_REPRESENTATION_CONTEXT() REPRESENTATION_CONTEXT('2D SPACE',''
  ) );
#13155 = ADVANCED_FACE('',(#13156),#11112,.T.);
#13156 = FACE_BOUND('',#13157,.T.);
#13157 = EDGE_LOOP('',(#13158,#13159,#13160));
#13158 = ORIENTED_EDGE('',*,*,#11098,.F.);
#13159 = ORIENTED_EDGE('',*,*,#13089,.T.);
#13160 = ORIENTED_EDGE('',*,*,#13161,.T.);
#13161 = EDGE_CURVE('',#13067,#9247,#13162,.T.);
#13162 = SURFACE_CURVE('',#13163,(#13167,#13173),.PCURVE_S1.);
#13163 = LINE('',#13164,#13165);
#13164 = CARTESIAN_POINT('',(161.345,27.309818408746,32.084605701166));
#13165 = VECTOR('',#13166,1.);
#13166 = DIRECTION('',(0.,-0.382683432365,0.923879532511));
#13167 = PCURVE('',#11112,#13168);
#13168 = DEFINITIONAL_REPRESENTATION('',(#13169),#13172);
#13169 = B_SPLINE_CURVE_WITH_KNOTS('',1,(#13170,#13171),.UNSPECIFIED.,
  .F.,.F.,(2,2),(1.093693074928,2.102961125198),
  .PIECEWISE_BEZIER_KNOTS.);
#13170 = CARTESIAN_POINT('',(-0.335651838573,-0.413447331324));
#13171 = CARTESIAN_POINT('',(0.673616211697,-0.413447331324));
#13172 = ( GEOMETRIC_REPRESENTATION_CONTEXT(2) 
PARAMETRIC_REPRESENTATION_CONTEXT() REPRESENTATION_CONTEXT('2D SPACE',''
  ) );
#13173 = PCURVE('',#11320,#13174);
#13174 = DEFINITIONAL_REPRESENTATION('',(#13175),#13178);
#13175 = B_SPLINE_CURVE_WITH_KNOTS('',1,(#13176,#13177),.UNSPECIFIED.,
  .F.,.F.,(2,2),(1.093693074928,2.102961125198),
  .PIECEWISE_BEZIER_KNOTS.);
#13176 = CARTESIAN_POINT('',(32.095046347942,-70.89128018887));
#13177 = CARTESIAN_POINT('',(33.027488442404,-70.50505002722));
#13178 = ( GEOMETRIC_REPRESENTATION_CONTEXT(2) 
PARAMETRIC_REPRESENTATION_CONTEXT() REPRESENTATION_CONTEXT('2D SPACE',''
  ) );
#13179 = ADVANCED_FACE('',(#13180),#11143,.T.);
#13180 = FACE_BOUND('',#13181,.T.);
#13181 = EDGE_LOOP('',(#13182,#13183,#13204));
#13182 = ORIENTED_EDGE('',*,*,#11129,.F.);
#13183 = ORIENTED_EDGE('',*,*,#13184,.T.);
#13184 = EDGE_CURVE('',#9300,#13115,#13185,.T.);
#13185 = SURFACE_CURVE('',#13186,(#13190,#13197),.PCURVE_S1.);
#13186 = LINE('',#13187,#13188);
#13187 = CARTESIAN_POINT('',(161.345,26.056590110961,38.00768028493));
#13188 = VECTOR('',#13189,1.);
#13189 = DIRECTION('',(0.,0.167506223305,0.985871018518));
#13190 = PCURVE('',#11143,#13191);
#13191 = DEFINITIONAL_REPRESENTATION('',(#13192),#13196);
#13192 = LINE('',#13193,#13194);
#13193 = CARTESIAN_POINT('',(-0.489405714091,-0.55555254745));
#13194 = VECTOR('',#13195,1.);
#13195 = DIRECTION('',(1.,8.894406706367E-29));
#13196 = ( GEOMETRIC_REPRESENTATION_CONTEXT(2) 
PARAMETRIC_REPRESENTATION_CONTEXT() REPRESENTATION_CONTEXT('2D SPACE',''
  ) );
#13197 = PCURVE('',#11320,#13198);
#13198 = DEFINITIONAL_REPRESENTATION('',(#13199),#13203);
#13199 = LINE('',#13200,#13201);
#13200 = CARTESIAN_POINT('',(37.00768028493,-70.05659011096));
#13201 = VECTOR('',#13202,1.);
#13202 = DIRECTION('',(0.985871018518,-0.167506223305));
#13203 = ( GEOMETRIC_REPRESENTATION_CONTEXT(2) 
PARAMETRIC_REPRESENTATION_CONTEXT() REPRESENTATION_CONTEXT('2D SPACE',''
  ) );
#13204 = ORIENTED_EDGE('',*,*,#13114,.F.);
#13205 = ADVANCED_FACE('',(#13206),#11174,.T.);
#13206 = FACE_BOUND('',#13207,.T.);
#13207 = EDGE_LOOP('',(#13208,#13209,#13232));
#13208 = ORIENTED_EDGE('',*,*,#11160,.F.);
#13209 = ORIENTED_EDGE('',*,*,#13210,.T.);
#13210 = EDGE_CURVE('',#9247,#13211,#13213,.T.);
#13211 = VERTEX_POINT('',#13212);
#13212 = CARTESIAN_POINT('',(161.345,26.225648790364,34.997311594393));
#13213 = SURFACE_CURVE('',#13214,(#13218,#13225),.PCURVE_S1.);
#13214 = LINE('',#13215,#13216);
#13215 = CARTESIAN_POINT('',(161.345,26.505050027225,34.027488442403));
#13216 = VECTOR('',#13217,1.);
#13217 = DIRECTION('',(0.,-0.276835511425,0.960917321945));
#13218 = PCURVE('',#11174,#13219);
#13219 = DEFINITIONAL_REPRESENTATION('',(#13220),#13224);
#13220 = LINE('',#13221,#13222);
#13221 = CARTESIAN_POINT('',(-0.489405714091,-0.55555254745));
#13222 = VECTOR('',#13223,1.);
#13223 = DIRECTION('',(1.,1.841990213691E-28));
#13224 = ( GEOMETRIC_REPRESENTATION_CONTEXT(2) 
PARAMETRIC_REPRESENTATION_CONTEXT() REPRESENTATION_CONTEXT('2D SPACE',''
  ) );
#13225 = PCURVE('',#11320,#13226);
#13226 = DEFINITIONAL_REPRESENTATION('',(#13227),#13231);
#13227 = LINE('',#13228,#13229);
#13228 = CARTESIAN_POINT('',(33.027488442403,-70.50505002722));
#13229 = VECTOR('',#13230,1.);
#13230 = DIRECTION('',(0.960917321945,0.276835511425));
#13231 = ( GEOMETRIC_REPRESENTATION_CONTEXT(2) 
PARAMETRIC_REPRESENTATION_CONTEXT() REPRESENTATION_CONTEXT('2D SPACE',''
  ) );
#13232 = ORIENTED_EDGE('',*,*,#13233,.F.);
#13233 = EDGE_CURVE('',#9353,#13211,#13234,.T.);
#13234 = SURFACE_CURVE('',#13235,(#13239,#13246),.PCURVE_S1.);
#13235 = LINE('',#13236,#13237);
#13236 = CARTESIAN_POINT('',(162.545,26.225648790364,34.997311594393));
#13237 = VECTOR('',#13238,1.);
#13238 = DIRECTION('',(-1.,0.,0.));
#13239 = PCURVE('',#11174,#13240);
#13240 = DEFINITIONAL_REPRESENTATION('',(#13241),#13245);
#13241 = LINE('',#13242,#13243);
#13242 = CARTESIAN_POINT('',(0.519862336179,0.64444745255));
#13243 = VECTOR('',#13244,1.);
#13244 = DIRECTION('',(0.,-1.));
#13245 = ( GEOMETRIC_REPRESENTATION_CONTEXT(2) 
PARAMETRIC_REPRESENTATION_CONTEXT() REPRESENTATION_CONTEXT('2D SPACE',''
  ) );
#13246 = PCURVE('',#11236,#13247);
#13247 = DEFINITIONAL_REPRESENTATION('',(#13248),#13252);
#13248 = LINE('',#13249,#13250);
#13249 = CARTESIAN_POINT('',(-0.335651838573,0.786552668676));
#13250 = VECTOR('',#13251,1.);
#13251 = DIRECTION('',(0.,-1.));
#13252 = ( GEOMETRIC_REPRESENTATION_CONTEXT(2) 
PARAMETRIC_REPRESENTATION_CONTEXT() REPRESENTATION_CONTEXT('2D SPACE',''
  ) );
#13253 = ADVANCED_FACE('',(#13254),#11205,.T.);
#13254 = FACE_BOUND('',#13255,.T.);
#13255 = EDGE_LOOP('',(#13256,#13257,#13280));
#13256 = ORIENTED_EDGE('',*,*,#11191,.F.);
#13257 = ORIENTED_EDGE('',*,*,#13258,.T.);
#13258 = EDGE_CURVE('',#9406,#13259,#13261,.T.);
#13259 = VERTEX_POINT('',#13260);
#13260 = CARTESIAN_POINT('',(161.345,26.,37.));
#13261 = SURFACE_CURVE('',#13262,(#13266,#13273),.PCURVE_S1.);
#13262 = LINE('',#13263,#13264);
#13263 = CARTESIAN_POINT('',(162.545,26.,37.));
#13264 = VECTOR('',#13265,1.);
#13265 = DIRECTION('',(-1.,0.,0.));
#13266 = PCURVE('',#11205,#13267);
#13267 = DEFINITIONAL_REPRESENTATION('',(#13268),#13272);
#13268 = LINE('',#13269,#13270);
#13269 = CARTESIAN_POINT('',(-0.335651838573,0.786552668676));
#13270 = VECTOR('',#13271,1.);
#13271 = DIRECTION('',(0.,-1.));
#13272 = ( GEOMETRIC_REPRESENTATION_CONTEXT(2) 
PARAMETRIC_REPRESENTATION_CONTEXT() REPRESENTATION_CONTEXT('2D SPACE',''
  ) );
#13273 = PCURVE('',#11267,#13274);
#13274 = DEFINITIONAL_REPRESENTATION('',(#13275),#13279);
#13275 = LINE('',#13276,#13277);
#13276 = CARTESIAN_POINT('',(0.519862336179,0.64444745255));
#13277 = VECTOR('',#13278,1.);
#13278 = DIRECTION('',(0.,-1.));
#13279 = ( GEOMETRIC_REPRESENTATION_CONTEXT(2) 
PARAMETRIC_REPRESENTATION_CONTEXT() REPRESENTATION_CONTEXT('2D SPACE',''
  ) );
#13280 = ORIENTED_EDGE('',*,*,#13281,.T.);
#13281 = EDGE_CURVE('',#13259,#9300,#13282,.T.);
#13282 = SURFACE_CURVE('',#13283,(#13287,#13293),.PCURVE_S1.);
#13283 = LINE('',#13284,#13285);
#13284 = CARTESIAN_POINT('',(161.345,24.891693462554,17.264773677223));
#13285 = VECTOR('',#13286,1.);
#13286 = DIRECTION('',(-0.,5.607044723719E-02,0.998426815018));
#13287 = PCURVE('',#11205,#13288);
#13288 = DEFINITIONAL_REPRESENTATION('',(#13289),#13292);
#13289 = B_SPLINE_CURVE_WITH_KNOTS('',1,(#13290,#13291),.UNSPECIFIED.,
  .F.,.F.,(2,2),(19.766322404336,20.775590454605),
  .PIECEWISE_BEZIER_KNOTS.);
#13290 = CARTESIAN_POINT('',(-0.335651838573,-0.413447331324));
#13291 = CARTESIAN_POINT('',(0.673616211697,-0.413447331324));
#13292 = ( GEOMETRIC_REPRESENTATION_CONTEXT(2) 
PARAMETRIC_REPRESENTATION_CONTEXT() REPRESENTATION_CONTEXT('2D SPACE',''
  ) );
#13293 = PCURVE('',#11320,#13294);
#13294 = DEFINITIONAL_REPRESENTATION('',(#13295),#13298);
#13295 = B_SPLINE_CURVE_WITH_KNOTS('',1,(#13296,#13297),.UNSPECIFIED.,
  .F.,.F.,(2,2),(19.766322404336,20.775590454605),
  .PIECEWISE_BEZIER_KNOTS.);
#13296 = CARTESIAN_POINT('',(36.,-70.));
#13297 = CARTESIAN_POINT('',(37.00768028493,-70.05659011096));
#13298 = ( GEOMETRIC_REPRESENTATION_CONTEXT(2) 
PARAMETRIC_REPRESENTATION_CONTEXT() REPRESENTATION_CONTEXT('2D SPACE',''
  ) );
#13299 = ADVANCED_FACE('',(#13300),#11236,.T.);
#13300 = FACE_BOUND('',#13301,.T.);
#13301 = EDGE_LOOP('',(#13302,#13303,#13304));
#13302 = ORIENTED_EDGE('',*,*,#11222,.F.);
#13303 = ORIENTED_EDGE('',*,*,#13233,.T.);
#13304 = ORIENTED_EDGE('',*,*,#13305,.T.);
#13305 = EDGE_CURVE('',#13211,#9459,#13306,.T.);
#13306 = SURFACE_CURVE('',#13307,(#13311,#13317),.PCURVE_S1.);
#13307 = LINE('',#13308,#13309);
#13308 = CARTESIAN_POINT('',(161.345,28.019479565787,24.439579835382));
#13309 = VECTOR('',#13310,1.);
#13310 = DIRECTION('',(0.,-0.167506223305,0.985871018518));
#13311 = PCURVE('',#11236,#13312);
#13312 = DEFINITIONAL_REPRESENTATION('',(#13313),#13316);
#13313 = B_SPLINE_CURVE_WITH_KNOTS('',1,(#13314,#13315),.UNSPECIFIED.,
  .F.,.F.,(2,2),(10.709039580937,11.718307631207),
  .PIECEWISE_BEZIER_KNOTS.);
#13314 = CARTESIAN_POINT('',(-0.335651838573,-0.413447331324));
#13315 = CARTESIAN_POINT('',(0.673616211697,-0.413447331324));
#13316 = ( GEOMETRIC_REPRESENTATION_CONTEXT(2) 
PARAMETRIC_REPRESENTATION_CONTEXT() REPRESENTATION_CONTEXT('2D SPACE',''
  ) );
#13317 = PCURVE('',#11320,#13318);
#13318 = DEFINITIONAL_REPRESENTATION('',(#13319),#13322);
#13319 = B_SPLINE_CURVE_WITH_KNOTS('',1,(#13320,#13321),.UNSPECIFIED.,
  .F.,.F.,(2,2),(10.709039580937,11.718307631207),
  .PIECEWISE_BEZIER_KNOTS.);
#13320 = CARTESIAN_POINT('',(33.997311594393,-70.22564879036));
#13321 = CARTESIAN_POINT('',(34.99231971507,-70.05659011096));
#13322 = ( GEOMETRIC_REPRESENTATION_CONTEXT(2) 
PARAMETRIC_REPRESENTATION_CONTEXT() REPRESENTATION_CONTEXT('2D SPACE',''
  ) );
#13323 = ADVANCED_FACE('',(#13324),#11267,.T.);
#13324 = FACE_BOUND('',#13325,.T.);
#13325 = EDGE_LOOP('',(#13326,#13327,#13348));
#13326 = ORIENTED_EDGE('',*,*,#11253,.F.);
#13327 = ORIENTED_EDGE('',*,*,#13328,.T.);
#13328 = EDGE_CURVE('',#9459,#13259,#13329,.T.);
#13329 = SURFACE_CURVE('',#13330,(#13334,#13341),.PCURVE_S1.);
#13330 = LINE('',#13331,#13332);
#13331 = CARTESIAN_POINT('',(161.345,26.056590110961,35.99231971507));
#13332 = VECTOR('',#13333,1.);
#13333 = DIRECTION('',(0.,-5.607044723719E-02,0.998426815018));
#13334 = PCURVE('',#11267,#13335);
#13335 = DEFINITIONAL_REPRESENTATION('',(#13336),#13340);
#13336 = LINE('',#13337,#13338);
#13337 = CARTESIAN_POINT('',(-0.489405714091,-0.55555254745));
#13338 = VECTOR('',#13339,1.);
#13339 = DIRECTION('',(1.,2.544076419338E-29));
#13340 = ( GEOMETRIC_REPRESENTATION_CONTEXT(2) 
PARAMETRIC_REPRESENTATION_CONTEXT() REPRESENTATION_CONTEXT('2D SPACE',''
  ) );
#13341 = PCURVE('',#11320,#13342);
#13342 = DEFINITIONAL_REPRESENTATION('',(#13343),#13347);
#13343 = LINE('',#13344,#13345);
#13344 = CARTESIAN_POINT('',(34.99231971507,-70.05659011096));
#13345 = VECTOR('',#13346,1.);
#13346 = DIRECTION('',(0.998426815018,5.607044723719E-02));
#13347 = ( GEOMETRIC_REPRESENTATION_CONTEXT(2) 
PARAMETRIC_REPRESENTATION_CONTEXT() REPRESENTATION_CONTEXT('2D SPACE',''
  ) );
#13348 = ORIENTED_EDGE('',*,*,#13258,.F.);
#13349 = ADVANCED_FACE('',(#13350,#13408),#11320,.T.);
#13350 = FACE_BOUND('',#13351,.T.);
#13351 = EDGE_LOOP('',(#13352,#13353,#13354,#13355,#13356,#13357,#13358,
    #13359,#13360,#13361,#13362,#13363,#13364,#13365,#13366,#13367,
    #13368,#13369,#13370,#13371,#13372,#13373,#13374,#13375,#13376,
    #13377,#13378,#13379,#13380,#13381,#13382,#13383,#13384,#13385,
    #13386,#13387,#13388,#13389,#13390,#13391,#13392,#13393,#13394,
    #13395,#13396,#13397,#13398,#13399,#13400,#13401,#13402,#13403,
    #13404,#13405,#13406,#13407));
#13352 = ORIENTED_EDGE('',*,*,#11338,.F.);
#13353 = ORIENTED_EDGE('',*,*,#11409,.F.);
#13354 = ORIENTED_EDGE('',*,*,#11456,.F.);
#13355 = ORIENTED_EDGE('',*,*,#11553,.F.);
#13356 = ORIENTED_EDGE('',*,*,#11600,.F.);
#13357 = ORIENTED_EDGE('',*,*,#11697,.F.);
#13358 = ORIENTED_EDGE('',*,*,#11744,.F.);
#13359 = ORIENTED_EDGE('',*,*,#11841,.F.);
#13360 = ORIENTED_EDGE('',*,*,#11888,.F.);
#13361 = ORIENTED_EDGE('',*,*,#11985,.F.);
#13362 = ORIENTED_EDGE('',*,*,#12032,.F.);
#13363 = ORIENTED_EDGE('',*,*,#12129,.F.);
#13364 = ORIENTED_EDGE('',*,*,#12176,.F.);
#13365 = ORIENTED_EDGE('',*,*,#12273,.F.);
#13366 = ORIENTED_EDGE('',*,*,#12320,.F.);
#13367 = ORIENTED_EDGE('',*,*,#12417,.F.);
#13368 = ORIENTED_EDGE('',*,*,#12464,.F.);
#13369 = ORIENTED_EDGE('',*,*,#12561,.F.);
#13370 = ORIENTED_EDGE('',*,*,#12608,.F.);
#13371 = ORIENTED_EDGE('',*,*,#12705,.F.);
#13372 = ORIENTED_EDGE('',*,*,#12752,.F.);
#13373 = ORIENTED_EDGE('',*,*,#12849,.F.);
#13374 = ORIENTED_EDGE('',*,*,#12896,.F.);
#13375 = ORIENTED_EDGE('',*,*,#12993,.F.);
#13376 = ORIENTED_EDGE('',*,*,#13040,.F.);
#13377 = ORIENTED_EDGE('',*,*,#13137,.F.);
#13378 = ORIENTED_EDGE('',*,*,#13184,.F.);
#13379 = ORIENTED_EDGE('',*,*,#13281,.F.);
#13380 = ORIENTED_EDGE('',*,*,#13328,.F.);
#13381 = ORIENTED_EDGE('',*,*,#13305,.F.);
#13382 = ORIENTED_EDGE('',*,*,#13210,.F.);
#13383 = ORIENTED_EDGE('',*,*,#13161,.F.);
#13384 = ORIENTED_EDGE('',*,*,#13066,.F.);
#13385 = ORIENTED_EDGE('',*,*,#13017,.F.);
#13386 = ORIENTED_EDGE('',*,*,#12922,.F.);
#13387 = ORIENTED_EDGE('',*,*,#12873,.F.);
#13388 = ORIENTED_EDGE('',*,*,#12778,.F.);
#13389 = ORIENTED_EDGE('',*,*,#12729,.F.);
#13390 = ORIENTED_EDGE('',*,*,#12634,.F.);
#13391 = ORIENTED_EDGE('',*,*,#12585,.F.);
#13392 = ORIENTED_EDGE('',*,*,#12490,.F.);
#13393 = ORIENTED_EDGE('',*,*,#12441,.F.);
#13394 = ORIENTED_EDGE('',*,*,#12346,.F.);
#13395 = ORIENTED_EDGE('',*,*,#12297,.F.);
#13396 = ORIENTED_EDGE('',*,*,#12202,.F.);
#13397 = ORIENTED_EDGE('',*,*,#12153,.F.);
#13398 = ORIENTED_EDGE('',*,*,#12058,.F.);
#13399 = ORIENTED_EDGE('',*,*,#12009,.F.);
#13400 = ORIENTED_EDGE('',*,*,#11914,.F.);
#13401 = ORIENTED_EDGE('',*,*,#11865,.F.);
#13402 = ORIENTED_EDGE('',*,*,#11770,.F.);
#13403 = ORIENTED_EDGE('',*,*,#11721,.F.);
#13404 = ORIENTED_EDGE('',*,*,#11626,.F.);
#13405 = ORIENTED_EDGE('',*,*,#11577,.F.);
#13406 = ORIENTED_EDGE('',*,*,#11482,.F.);
#13407 = ORIENTED_EDGE('',*,*,#11433,.F.);
#13408 = FACE_BOUND('',#13409,.T.);
#13409 = EDGE_LOOP('',(#13410));
#13410 = ORIENTED_EDGE('',*,*,#11305,.F.);
#13411 = ( GEOMETRIC_REPRESENTATION_CONTEXT(3) 
GLOBAL_UNCERTAINTY_ASSIGNED_CONTEXT((#13415)) 
GLOBAL_UNIT_ASSIGNED_CONTEXT((#13412,#13413,#13414)) 
REPRESENTATION_CONTEXT('Context #1',
  '3D Context with UNIT and UNCERTAINTY') );
#13412 = ( LENGTH_UNIT() NAMED_UNIT(*) SI_UNIT(.MILLI.,.METRE.) );
#13413 = ( NAMED_UNIT(*) PLANE_ANGLE_UNIT() SI_UNIT($,.RADIAN.) );
#13414 = ( NAMED_UNIT(*) SI_UNIT($,.STERADIAN.) SOLID_ANGLE_UNIT() );
#13415 = UNCERTAINTY_MEASURE_WITH_UNIT(LENGTH_MEASURE(1.E-07),#13412,
  'distance_accuracy_value','confusion accuracy');
#13416 = PRODUCT_RELATED_PRODUCT_CATEGORY('part',$,(#7));
ENDSEC;
END-ISO-10303-21;
