ISO-10303-21;
HEADER;
FILE_DESCRIPTION(('Open CASCADE Model'),'2;1');
FILE_NAME('Open CASCADE Shape Model','2026-09-24T23:24:40',('Author'),(
    'Open CASCADE'),'Open CASCADE STEP processor 7.8','Open CASCADE 7.8'
  ,'Unknown');
FILE_SCHEMA(('AUTOMOTIVE_DESIGN { 1 0 10303 214 1 1 1 1 }'));
ENDSEC;
DATA;
#1 = APPLICATION_PROTOCOL_DEFINITION('international standard',
  'automotive_design',2000,#2);
#2 = APPLICATION_CONTEXT(
  'core data for automotive mechanical design processes');
#3 = SHAPE_DEFINITION_REPRESENTATION(#4,#10);
#4 = PRODUCT_DEFINITION_SHAPE('','',#5);
#5 = PRODUCT_DEFINITION('design','',#6,#9);
#6 = PRODUCT_DEFINITION_FORMATION('','',#7);
#7 = PRODUCT('Open CASCADE STEP translator 7.8 3',
  'Open CASCADE STEP translator 7.8 3','',(#8));
#8 = PRODUCT_CONTEXT('',#2,'mechanical');
#9 = PRODUCT_DEFINITION_CONTEXT('part definition',#2,'design');
#10 = ADVANCED_BREP_SHAPE_REPRESENTATION('',(#11,#15),#13595);
#11 = AXIS2_PLACEMENT_3D('',#12,#13,#14);
#12 = CARTESIAN_POINT('',(0.,0.,0.));
#13 = DIRECTION('',(0.,0.,1.));
#14 = DIRECTION('',(1.,0.,-0.));
#15 = MANIFOLD_SOLID_BREP('',#16);
#16 = CLOSED_SHELL('',(#17,#249,#325,#374,#423,#568,#617,#666,#715,#849,
    #2764,#2818,#2872,#2977,#3408,#3435,#3604,#3632,#3685,#3738,#3769,
    #3800,#3853,#3906,#3937,#3968,#4021,#4074,#4105,#4136,#4189,#4242,
    #4273,#4304,#4357,#4410,#4441,#4472,#4525,#4578,#4609,#4640,#4693,
    #4746,#4777,#4808,#4861,#4914,#4945,#4976,#5029,#5082,#5113,#5144,
    #5197,#5250,#5281,#5312,#5365,#5418,#5449,#5480,#5533,#5586,#5617,
    #5648,#5701,#5754,#5785,#5816,#5869,#5922,#5953,#5984,#6034,#6061,
    #6118,#6125,#6175,#6202,#6229,#6266,#6294,#6301,#6377,#6426,#6475,
    #6524,#6573,#6600,#6627,#6654,#6712,#6765,#6818,#6871,#6924,#6977,
    #7030,#7083,#7136,#7189,#7242,#7295,#7348,#7401,#7454,#7507,#7560,
    #7613,#7666,#7719,#7772,#7825,#7878,#7931,#7984,#8037,#8090,#8143,
    #8196,#8249,#8302,#8355,#8408,#8461,#8514,#8567,#8620,#8673,#8726,
    #8779,#8832,#8885,#8938,#8991,#9044,#9097,#9150,#9203,#9256,#9309,
    #9362,#9415,#9468,#9521,#9574,#9622,#9666,#9697,#9728,#9759,#9790,
    #9821,#9852,#9883,#9914,#9945,#9976,#10007,#10038,#10069,#10100,
    #10131,#10162,#10193,#10224,#10255,#10286,#10317,#10348,#10379,
    #10410,#10441,#10472,#10503,#10534,#10565,#10596,#10627,#10658,
    #10689,#10720,#10751,#10782,#10813,#10844,#10875,#10906,#10937,
    #10968,#10999,#11030,#11061,#11092,#11123,#11154,#11185,#11216,
    #11247,#11278,#11309,#11340,#11371,#11402,#11461,#11509,#11557,
    #11583,#11609,#11657,#11705,#11731,#11757,#11805,#11853,#11879,
    #11905,#11953,#12001,#12027,#12053,#12101,#12149,#12175,#12201,
    #12249,#12297,#12323,#12349,#12397,#12445,#12471,#12497,#12545,
    #12593,#12619,#12645,#12693,#12741,#12767,#12793,#12841,#12889,
    #12915,#12941,#12989,#13037,#13063,#13089,#13137,#13185,#13211,
    #13237,#13285,#13333,#13359,#13385,#13433,#13481,#13507,#13533));
#17 = ADVANCED_FACE('',(#18),#32,.F.);
#18 = FACE_BOUND('',#19,.T.);
#19 = EDGE_LOOP('',(#20,#55,#83,#111,#139,#167,#195,#223));
#20 = ORIENTED_EDGE('',*,*,#21,.F.);
#21 = EDGE_CURVE('',#22,#24,#26,.T.);
#22 = VERTEX_POINT('',#23);
#23 = CARTESIAN_POINT('',(-119.5,-44.,0.));
#24 = VERTEX_POINT('',#25);
#25 = CARTESIAN_POINT('',(-119.5,-44.,3.));
#26 = SURFACE_CURVE('',#27,(#31,#43),.PCURVE_S1.);
#27 = LINE('',#28,#29);
#28 = CARTESIAN_POINT('',(-119.5,-44.,0.));
#29 = VECTOR('',#30,1.);
#30 = DIRECTION('',(-0.,-0.,1.));
#31 = PCURVE('',#32,#37);
#32 = PLANE('',#33);
#33 = AXIS2_PLACEMENT_3D('',#34,#35,#36);
#34 = CARTESIAN_POINT('',(-119.5,-44.,1.));
#35 = DIRECTION('',(-1.,-0.,-0.));
#36 = DIRECTION('',(0.,0.,-1.));
#37 = DEFINITIONAL_REPRESENTATION('',(#38),#42);
#38 = LINE('',#39,#40);
#39 = CARTESIAN_POINT('',(1.,-0.));
#40 = VECTOR('',#41,1.);
#41 = DIRECTION('',(-1.,-0.));
#42 = ( GEOMETRIC_REPRESENTATION_CONTEXT(2) 
PARAMETRIC_REPRESENTATION_CONTEXT() REPRESENTATION_CONTEXT('2D SPACE',''
  ) );
#43 = PCURVE('',#44,#49);
#44 = PLANE('',#45);
#45 = AXIS2_PLACEMENT_3D('',#46,#47,#48);
#46 = CARTESIAN_POINT('',(-119.5,-44.,1.));
#47 = DIRECTION('',(-0.,1.,-0.));
#48 = DIRECTION('',(0.,0.,-1.));
#49 = DEFINITIONAL_REPRESENTATION('',(#50),#54);
#50 = LINE('',#51,#52);
#51 = CARTESIAN_POINT('',(1.,-0.));
#52 = VECTOR('',#53,1.);
#53 = DIRECTION('',(-1.,0.));
#54 = ( GEOMETRIC_REPRESENTATION_CONTEXT(2) 
PARAMETRIC_REPRESENTATION_CONTEXT() REPRESENTATION_CONTEXT('2D SPACE',''
  ) );
#55 = ORIENTED_EDGE('',*,*,#56,.T.);
#56 = EDGE_CURVE('',#22,#57,#59,.T.);
#57 = VERTEX_POINT('',#58);
#58 = CARTESIAN_POINT('',(-119.5,-36.,0.));
#59 = SURFACE_CURVE('',#60,(#64,#71),.PCURVE_S1.);
#60 = LINE('',#61,#62);
#61 = CARTESIAN_POINT('',(-119.5,-44.,0.));
#62 = VECTOR('',#63,1.);
#63 = DIRECTION('',(-0.,1.,0.));
#64 = PCURVE('',#32,#65);
#65 = DEFINITIONAL_REPRESENTATION('',(#66),#70);
#66 = LINE('',#67,#68);
#67 = CARTESIAN_POINT('',(1.,-0.));
#68 = VECTOR('',#69,1.);
#69 = DIRECTION('',(-0.,-1.));
#70 = ( GEOMETRIC_REPRESENTATION_CONTEXT(2) 
PARAMETRIC_REPRESENTATION_CONTEXT() REPRESENTATION_CONTEXT('2D SPACE',''
  ) );
#71 = PCURVE('',#72,#77);
#72 = PLANE('',#73);
#73 = AXIS2_PLACEMENT_3D('',#74,#75,#76);
#74 = CARTESIAN_POINT('',(-119.5,-44.,0.));
#75 = DIRECTION('',(0.,0.,1.));
#76 = DIRECTION('',(1.,0.,0.));
#77 = DEFINITIONAL_REPRESENTATION('',(#78),#82);
#78 = LINE('',#79,#80);
#79 = CARTESIAN_POINT('',(0.,-0.));
#80 = VECTOR('',#81,1.);
#81 = DIRECTION('',(-0.,1.));
#82 = ( GEOMETRIC_REPRESENTATION_CONTEXT(2) 
PARAMETRIC_REPRESENTATION_CONTEXT() REPRESENTATION_CONTEXT('2D SPACE',''
  ) );
#83 = ORIENTED_EDGE('',*,*,#84,.T.);
#84 = EDGE_CURVE('',#57,#85,#87,.T.);
#85 = VERTEX_POINT('',#86);
#86 = CARTESIAN_POINT('',(-119.5,-36.,1.));
#87 = SURFACE_CURVE('',#88,(#92,#99),.PCURVE_S1.);
#88 = LINE('',#89,#90);
#89 = CARTESIAN_POINT('',(-119.5,-36.,0.));
#90 = VECTOR('',#91,1.);
#91 = DIRECTION('',(0.,0.,1.));
#92 = PCURVE('',#32,#93);
#93 = DEFINITIONAL_REPRESENTATION('',(#94),#98);
#94 = LINE('',#95,#96);
#95 = CARTESIAN_POINT('',(1.,-8.));
#96 = VECTOR('',#97,1.);
#97 = DIRECTION('',(-1.,-0.));
#98 = ( GEOMETRIC_REPRESENTATION_CONTEXT(2) 
PARAMETRIC_REPRESENTATION_CONTEXT() REPRESENTATION_CONTEXT('2D SPACE',''
  ) );
#99 = PCURVE('',#100,#105);
#100 = PLANE('',#101);
#101 = AXIS2_PLACEMENT_3D('',#102,#103,#104);
#102 = CARTESIAN_POINT('',(-119.5,-36.,0.));
#103 = DIRECTION('',(-0.,1.,0.));
#104 = DIRECTION('',(0.,0.,-1.));
#105 = DEFINITIONAL_REPRESENTATION('',(#106),#110);
#106 = LINE('',#107,#108);
#107 = CARTESIAN_POINT('',(-0.,-0.));
#108 = VECTOR('',#109,1.);
#109 = DIRECTION('',(-1.,0.));
#110 = ( GEOMETRIC_REPRESENTATION_CONTEXT(2) 
PARAMETRIC_REPRESENTATION_CONTEXT() REPRESENTATION_CONTEXT('2D SPACE',''
  ) );
#111 = ORIENTED_EDGE('',*,*,#112,.T.);
#112 = EDGE_CURVE('',#85,#113,#115,.T.);
#113 = VERTEX_POINT('',#114);
#114 = CARTESIAN_POINT('',(-119.5,32.,1.));
#115 = SURFACE_CURVE('',#116,(#120,#127),.PCURVE_S1.);
#116 = LINE('',#117,#118);
#117 = CARTESIAN_POINT('',(-119.5,-44.,1.));
#118 = VECTOR('',#119,1.);
#119 = DIRECTION('',(-0.,1.,0.));
#120 = PCURVE('',#32,#121);
#121 = DEFINITIONAL_REPRESENTATION('',(#122),#126);
#122 = LINE('',#123,#124);
#123 = CARTESIAN_POINT('',(-0.,-0.));
#124 = VECTOR('',#125,1.);
#125 = DIRECTION('',(-0.,-1.));
#126 = ( GEOMETRIC_REPRESENTATION_CONTEXT(2) 
PARAMETRIC_REPRESENTATION_CONTEXT() REPRESENTATION_CONTEXT('2D SPACE',''
  ) );
#127 = PCURVE('',#128,#133);
#128 = PLANE('',#129);
#129 = AXIS2_PLACEMENT_3D('',#130,#131,#132);
#130 = CARTESIAN_POINT('',(-119.5,-44.,1.));
#131 = DIRECTION('',(0.,0.,1.));
#132 = DIRECTION('',(1.,0.,0.));
#133 = DEFINITIONAL_REPRESENTATION('',(#134),#138);
#134 = LINE('',#135,#136);
#135 = CARTESIAN_POINT('',(0.,-0.));
#136 = VECTOR('',#137,1.);
#137 = DIRECTION('',(-0.,1.));
#138 = ( GEOMETRIC_REPRESENTATION_CONTEXT(2) 
PARAMETRIC_REPRESENTATION_CONTEXT() REPRESENTATION_CONTEXT('2D SPACE',''
  ) );
#139 = ORIENTED_EDGE('',*,*,#140,.F.);
#140 = EDGE_CURVE('',#141,#113,#143,.T.);
#141 = VERTEX_POINT('',#142);
#142 = CARTESIAN_POINT('',(-119.5,32.,0.));
#143 = SURFACE_CURVE('',#144,(#148,#155),.PCURVE_S1.);
#144 = LINE('',#145,#146);
#145 = CARTESIAN_POINT('',(-119.5,32.,0.));
#146 = VECTOR('',#147,1.);
#147 = DIRECTION('',(0.,0.,1.));
#148 = PCURVE('',#32,#149);
#149 = DEFINITIONAL_REPRESENTATION('',(#150),#154);
#150 = LINE('',#151,#152);
#151 = CARTESIAN_POINT('',(1.,-76.));
#152 = VECTOR('',#153,1.);
#153 = DIRECTION('',(-1.,-0.));
#154 = ( GEOMETRIC_REPRESENTATION_CONTEXT(2) 
PARAMETRIC_REPRESENTATION_CONTEXT() REPRESENTATION_CONTEXT('2D SPACE',''
  ) );
#155 = PCURVE('',#156,#161);
#156 = PLANE('',#157);
#157 = AXIS2_PLACEMENT_3D('',#158,#159,#160);
#158 = CARTESIAN_POINT('',(-119.5,32.,0.));
#159 = DIRECTION('',(-0.,1.,0.));
#160 = DIRECTION('',(0.,0.,-1.));
#161 = DEFINITIONAL_REPRESENTATION('',(#162),#166);
#162 = LINE('',#163,#164);
#163 = CARTESIAN_POINT('',(-0.,-0.));
#164 = VECTOR('',#165,1.);
#165 = DIRECTION('',(-1.,0.));
#166 = ( GEOMETRIC_REPRESENTATION_CONTEXT(2) 
PARAMETRIC_REPRESENTATION_CONTEXT() REPRESENTATION_CONTEXT('2D SPACE',''
  ) );
#167 = ORIENTED_EDGE('',*,*,#168,.T.);
#168 = EDGE_CURVE('',#141,#169,#171,.T.);
#169 = VERTEX_POINT('',#170);
#170 = CARTESIAN_POINT('',(-119.5,40.,0.));
#171 = SURFACE_CURVE('',#172,(#176,#183),.PCURVE_S1.);
#172 = LINE('',#173,#174);
#173 = CARTESIAN_POINT('',(-119.5,32.,0.));
#174 = VECTOR('',#175,1.);
#175 = DIRECTION('',(-0.,1.,0.));
#176 = PCURVE('',#32,#177);
#177 = DEFINITIONAL_REPRESENTATION('',(#178),#182);
#178 = LINE('',#179,#180);
#179 = CARTESIAN_POINT('',(1.,-76.));
#180 = VECTOR('',#181,1.);
#181 = DIRECTION('',(-0.,-1.));
#182 = ( GEOMETRIC_REPRESENTATION_CONTEXT(2) 
PARAMETRIC_REPRESENTATION_CONTEXT() REPRESENTATION_CONTEXT('2D SPACE',''
  ) );
#183 = PCURVE('',#184,#189);
#184 = PLANE('',#185);
#185 = AXIS2_PLACEMENT_3D('',#186,#187,#188);
#186 = CARTESIAN_POINT('',(-119.5,32.,0.));
#187 = DIRECTION('',(0.,0.,1.));
#188 = DIRECTION('',(1.,0.,0.));
#189 = DEFINITIONAL_REPRESENTATION('',(#190),#194);
#190 = LINE('',#191,#192);
#191 = CARTESIAN_POINT('',(0.,-0.));
#192 = VECTOR('',#193,1.);
#193 = DIRECTION('',(-0.,1.));
#194 = ( GEOMETRIC_REPRESENTATION_CONTEXT(2) 
PARAMETRIC_REPRESENTATION_CONTEXT() REPRESENTATION_CONTEXT('2D SPACE',''
  ) );
#195 = ORIENTED_EDGE('',*,*,#196,.F.);
#196 = EDGE_CURVE('',#197,#169,#199,.T.);
#197 = VERTEX_POINT('',#198);
#198 = CARTESIAN_POINT('',(-119.5,40.,3.));
#199 = SURFACE_CURVE('',#200,(#204,#211),.PCURVE_S1.);
#200 = LINE('',#201,#202);
#201 = CARTESIAN_POINT('',(-119.5,40.,3.));
#202 = VECTOR('',#203,1.);
#203 = DIRECTION('',(-0.,-0.,-1.));
#204 = PCURVE('',#32,#205);
#205 = DEFINITIONAL_REPRESENTATION('',(#206),#210);
#206 = LINE('',#207,#208);
#207 = CARTESIAN_POINT('',(-2.,-84.));
#208 = VECTOR('',#209,1.);
#209 = DIRECTION('',(1.,-0.));
#210 = ( GEOMETRIC_REPRESENTATION_CONTEXT(2) 
PARAMETRIC_REPRESENTATION_CONTEXT() REPRESENTATION_CONTEXT('2D SPACE',''
  ) );
#211 = PCURVE('',#212,#217);
#212 = PLANE('',#213);
#213 = AXIS2_PLACEMENT_3D('',#214,#215,#216);
#214 = CARTESIAN_POINT('',(-119.5,40.,1.));
#215 = DIRECTION('',(-0.,1.,-0.));
#216 = DIRECTION('',(0.,0.,-1.));
#217 = DEFINITIONAL_REPRESENTATION('',(#218),#222);
#218 = LINE('',#219,#220);
#219 = CARTESIAN_POINT('',(-2.,-0.));
#220 = VECTOR('',#221,1.);
#221 = DIRECTION('',(1.,-0.));
#222 = ( GEOMETRIC_REPRESENTATION_CONTEXT(2) 
PARAMETRIC_REPRESENTATION_CONTEXT() REPRESENTATION_CONTEXT('2D SPACE',''
  ) );
#223 = ORIENTED_EDGE('',*,*,#224,.F.);
#224 = EDGE_CURVE('',#24,#197,#225,.T.);
#225 = SURFACE_CURVE('',#226,(#230,#237),.PCURVE_S1.);
#226 = LINE('',#227,#228);
#227 = CARTESIAN_POINT('',(-119.5,-44.,3.));
#228 = VECTOR('',#229,1.);
#229 = DIRECTION('',(-0.,1.,0.));
#230 = PCURVE('',#32,#231);
#231 = DEFINITIONAL_REPRESENTATION('',(#232),#236);
#232 = LINE('',#233,#234);
#233 = CARTESIAN_POINT('',(-2.,-0.));
#234 = VECTOR('',#235,1.);
#235 = DIRECTION('',(-0.,-1.));
#236 = ( GEOMETRIC_REPRESENTATION_CONTEXT(2) 
PARAMETRIC_REPRESENTATION_CONTEXT() REPRESENTATION_CONTEXT('2D SPACE',''
  ) );
#237 = PCURVE('',#238,#243);
#238 = PLANE('',#239);
#239 = AXIS2_PLACEMENT_3D('',#240,#241,#242);
#240 = CARTESIAN_POINT('',(-119.5,-44.,3.));
#241 = DIRECTION('',(0.,0.,1.));
#242 = DIRECTION('',(1.,0.,0.));
#243 = DEFINITIONAL_REPRESENTATION('',(#244),#248);
#244 = LINE('',#245,#246);
#245 = CARTESIAN_POINT('',(0.,-0.));
#246 = VECTOR('',#247,1.);
#247 = DIRECTION('',(-0.,1.));
#248 = ( GEOMETRIC_REPRESENTATION_CONTEXT(2) 
PARAMETRIC_REPRESENTATION_CONTEXT() REPRESENTATION_CONTEXT('2D SPACE',''
  ) );
#249 = ADVANCED_FACE('',(#250),#44,.F.);
#250 = FACE_BOUND('',#251,.T.);
#251 = EDGE_LOOP('',(#252,#282,#303,#304));
#252 = ORIENTED_EDGE('',*,*,#253,.F.);
#253 = EDGE_CURVE('',#254,#256,#258,.T.);
#254 = VERTEX_POINT('',#255);
#255 = CARTESIAN_POINT('',(-161.345,-44.,0.));
#256 = VERTEX_POINT('',#257);
#257 = CARTESIAN_POINT('',(-161.345,-44.,3.));
#258 = SURFACE_CURVE('',#259,(#263,#270),.PCURVE_S1.);
#259 = LINE('',#260,#261);
#260 = CARTESIAN_POINT('',(-161.345,-44.,0.));
#261 = VECTOR('',#262,1.);
#262 = DIRECTION('',(-0.,-0.,1.));
#263 = PCURVE('',#44,#264);
#264 = DEFINITIONAL_REPRESENTATION('',(#265),#269);
#265 = LINE('',#266,#267);
#266 = CARTESIAN_POINT('',(1.,41.845));
#267 = VECTOR('',#268,1.);
#268 = DIRECTION('',(-1.,0.));
#269 = ( GEOMETRIC_REPRESENTATION_CONTEXT(2) 
PARAMETRIC_REPRESENTATION_CONTEXT() REPRESENTATION_CONTEXT('2D SPACE',''
  ) );
#270 = PCURVE('',#271,#276);
#271 = PLANE('',#272);
#272 = AXIS2_PLACEMENT_3D('',#273,#274,#275);
#273 = CARTESIAN_POINT('',(-161.345,-44.,1.));
#274 = DIRECTION('',(-1.,-0.,-0.));
#275 = DIRECTION('',(0.,0.,-1.));
#276 = DEFINITIONAL_REPRESENTATION('',(#277),#281);
#277 = LINE('',#278,#279);
#278 = CARTESIAN_POINT('',(1.,-0.));
#279 = VECTOR('',#280,1.);
#280 = DIRECTION('',(-1.,-0.));
#281 = ( GEOMETRIC_REPRESENTATION_CONTEXT(2) 
PARAMETRIC_REPRESENTATION_CONTEXT() REPRESENTATION_CONTEXT('2D SPACE',''
  ) );
#282 = ORIENTED_EDGE('',*,*,#283,.F.);
#283 = EDGE_CURVE('',#22,#254,#284,.T.);
#284 = SURFACE_CURVE('',#285,(#289,#296),.PCURVE_S1.);
#285 = LINE('',#286,#287);
#286 = CARTESIAN_POINT('',(-119.5,-44.,0.));
#287 = VECTOR('',#288,1.);
#288 = DIRECTION('',(-1.,-0.,0.));
#289 = PCURVE('',#44,#290);
#290 = DEFINITIONAL_REPRESENTATION('',(#291),#295);
#291 = LINE('',#292,#293);
#292 = CARTESIAN_POINT('',(1.,-0.));
#293 = VECTOR('',#294,1.);
#294 = DIRECTION('',(-0.,1.));
#295 = ( GEOMETRIC_REPRESENTATION_CONTEXT(2) 
PARAMETRIC_REPRESENTATION_CONTEXT() REPRESENTATION_CONTEXT('2D SPACE',''
  ) );
#296 = PCURVE('',#72,#297);
#297 = DEFINITIONAL_REPRESENTATION('',(#298),#302);
#298 = LINE('',#299,#300);
#299 = CARTESIAN_POINT('',(0.,-0.));
#300 = VECTOR('',#301,1.);
#301 = DIRECTION('',(-1.,0.));
#302 = ( GEOMETRIC_REPRESENTATION_CONTEXT(2) 
PARAMETRIC_REPRESENTATION_CONTEXT() REPRESENTATION_CONTEXT('2D SPACE',''
  ) );
#303 = ORIENTED_EDGE('',*,*,#21,.T.);
#304 = ORIENTED_EDGE('',*,*,#305,.T.);
#305 = EDGE_CURVE('',#24,#256,#306,.T.);
#306 = SURFACE_CURVE('',#307,(#311,#318),.PCURVE_S1.);
#307 = LINE('',#308,#309);
#308 = CARTESIAN_POINT('',(-119.5,-44.,3.));
#309 = VECTOR('',#310,1.);
#310 = DIRECTION('',(-1.,-0.,0.));
#311 = PCURVE('',#44,#312);
#312 = DEFINITIONAL_REPRESENTATION('',(#313),#317);
#313 = LINE('',#314,#315);
#314 = CARTESIAN_POINT('',(-2.,-0.));
#315 = VECTOR('',#316,1.);
#316 = DIRECTION('',(-0.,1.));
#317 = ( GEOMETRIC_REPRESENTATION_CONTEXT(2) 
PARAMETRIC_REPRESENTATION_CONTEXT() REPRESENTATION_CONTEXT('2D SPACE',''
  ) );
#318 = PCURVE('',#238,#319);
#319 = DEFINITIONAL_REPRESENTATION('',(#320),#324);
#320 = LINE('',#321,#322);
#321 = CARTESIAN_POINT('',(0.,-0.));
#322 = VECTOR('',#323,1.);
#323 = DIRECTION('',(-1.,0.));
#324 = ( GEOMETRIC_REPRESENTATION_CONTEXT(2) 
PARAMETRIC_REPRESENTATION_CONTEXT() REPRESENTATION_CONTEXT('2D SPACE',''
  ) );
#325 = ADVANCED_FACE('',(#326),#72,.F.);
#326 = FACE_BOUND('',#327,.T.);
#327 = EDGE_LOOP('',(#328,#329,#330,#353));
#328 = ORIENTED_EDGE('',*,*,#56,.F.);
#329 = ORIENTED_EDGE('',*,*,#283,.T.);
#330 = ORIENTED_EDGE('',*,*,#331,.T.);
#331 = EDGE_CURVE('',#254,#332,#334,.T.);
#332 = VERTEX_POINT('',#333);
#333 = CARTESIAN_POINT('',(-161.345,-36.,0.));
#334 = SURFACE_CURVE('',#335,(#339,#346),.PCURVE_S1.);
#335 = LINE('',#336,#337);
#336 = CARTESIAN_POINT('',(-161.345,-44.,0.));
#337 = VECTOR('',#338,1.);
#338 = DIRECTION('',(-0.,1.,0.));
#339 = PCURVE('',#72,#340);
#340 = DEFINITIONAL_REPRESENTATION('',(#341),#345);
#341 = LINE('',#342,#343);
#342 = CARTESIAN_POINT('',(-41.845,0.));
#343 = VECTOR('',#344,1.);
#344 = DIRECTION('',(-0.,1.));
#345 = ( GEOMETRIC_REPRESENTATION_CONTEXT(2) 
PARAMETRIC_REPRESENTATION_CONTEXT() REPRESENTATION_CONTEXT('2D SPACE',''
  ) );
#346 = PCURVE('',#271,#347);
#347 = DEFINITIONAL_REPRESENTATION('',(#348),#352);
#348 = LINE('',#349,#350);
#349 = CARTESIAN_POINT('',(1.,-0.));
#350 = VECTOR('',#351,1.);
#351 = DIRECTION('',(-0.,-1.));
#352 = ( GEOMETRIC_REPRESENTATION_CONTEXT(2) 
PARAMETRIC_REPRESENTATION_CONTEXT() REPRESENTATION_CONTEXT('2D SPACE',''
  ) );
#353 = ORIENTED_EDGE('',*,*,#354,.F.);
#354 = EDGE_CURVE('',#57,#332,#355,.T.);
#355 = SURFACE_CURVE('',#356,(#360,#367),.PCURVE_S1.);
#356 = LINE('',#357,#358);
#357 = CARTESIAN_POINT('',(-119.5,-36.,0.));
#358 = VECTOR('',#359,1.);
#359 = DIRECTION('',(-1.,-0.,0.));
#360 = PCURVE('',#72,#361);
#361 = DEFINITIONAL_REPRESENTATION('',(#362),#366);
#362 = LINE('',#363,#364);
#363 = CARTESIAN_POINT('',(0.,8.));
#364 = VECTOR('',#365,1.);
#365 = DIRECTION('',(-1.,0.));
#366 = ( GEOMETRIC_REPRESENTATION_CONTEXT(2) 
PARAMETRIC_REPRESENTATION_CONTEXT() REPRESENTATION_CONTEXT('2D SPACE',''
  ) );
#367 = PCURVE('',#100,#368);
#368 = DEFINITIONAL_REPRESENTATION('',(#369),#373);
#369 = LINE('',#370,#371);
#370 = CARTESIAN_POINT('',(-0.,-0.));
#371 = VECTOR('',#372,1.);
#372 = DIRECTION('',(-0.,1.));
#373 = ( GEOMETRIC_REPRESENTATION_CONTEXT(2) 
PARAMETRIC_REPRESENTATION_CONTEXT() REPRESENTATION_CONTEXT('2D SPACE',''
  ) );
#374 = ADVANCED_FACE('',(#375),#100,.T.);
#375 = FACE_BOUND('',#376,.F.);
#376 = EDGE_LOOP('',(#377,#378,#379,#402));
#377 = ORIENTED_EDGE('',*,*,#354,.F.);
#378 = ORIENTED_EDGE('',*,*,#84,.T.);
#379 = ORIENTED_EDGE('',*,*,#380,.T.);
#380 = EDGE_CURVE('',#85,#381,#383,.T.);
#381 = VERTEX_POINT('',#382);
#382 = CARTESIAN_POINT('',(-161.345,-36.,1.));
#383 = SURFACE_CURVE('',#384,(#388,#395),.PCURVE_S1.);
#384 = LINE('',#385,#386);
#385 = CARTESIAN_POINT('',(-119.5,-36.,1.));
#386 = VECTOR('',#387,1.);
#387 = DIRECTION('',(-1.,-0.,0.));
#388 = PCURVE('',#100,#389);
#389 = DEFINITIONAL_REPRESENTATION('',(#390),#394);
#390 = LINE('',#391,#392);
#391 = CARTESIAN_POINT('',(-1.,-0.));
#392 = VECTOR('',#393,1.);
#393 = DIRECTION('',(-0.,1.));
#394 = ( GEOMETRIC_REPRESENTATION_CONTEXT(2) 
PARAMETRIC_REPRESENTATION_CONTEXT() REPRESENTATION_CONTEXT('2D SPACE',''
  ) );
#395 = PCURVE('',#128,#396);
#396 = DEFINITIONAL_REPRESENTATION('',(#397),#401);
#397 = LINE('',#398,#399);
#398 = CARTESIAN_POINT('',(0.,8.));
#399 = VECTOR('',#400,1.);
#400 = DIRECTION('',(-1.,0.));
#401 = ( GEOMETRIC_REPRESENTATION_CONTEXT(2) 
PARAMETRIC_REPRESENTATION_CONTEXT() REPRESENTATION_CONTEXT('2D SPACE',''
  ) );
#402 = ORIENTED_EDGE('',*,*,#403,.F.);
#403 = EDGE_CURVE('',#332,#381,#404,.T.);
#404 = SURFACE_CURVE('',#405,(#409,#416),.PCURVE_S1.);
#405 = LINE('',#406,#407);
#406 = CARTESIAN_POINT('',(-161.345,-36.,0.));
#407 = VECTOR('',#408,1.);
#408 = DIRECTION('',(0.,0.,1.));
#409 = PCURVE('',#100,#410);
#410 = DEFINITIONAL_REPRESENTATION('',(#411),#415);
#411 = LINE('',#412,#413);
#412 = CARTESIAN_POINT('',(-0.,41.845));
#413 = VECTOR('',#414,1.);
#414 = DIRECTION('',(-1.,0.));
#415 = ( GEOMETRIC_REPRESENTATION_CONTEXT(2) 
PARAMETRIC_REPRESENTATION_CONTEXT() REPRESENTATION_CONTEXT('2D SPACE',''
  ) );
#416 = PCURVE('',#271,#417);
#417 = DEFINITIONAL_REPRESENTATION('',(#418),#422);
#418 = LINE('',#419,#420);
#419 = CARTESIAN_POINT('',(1.,-8.));
#420 = VECTOR('',#421,1.);
#421 = DIRECTION('',(-1.,-0.));
#422 = ( GEOMETRIC_REPRESENTATION_CONTEXT(2) 
PARAMETRIC_REPRESENTATION_CONTEXT() REPRESENTATION_CONTEXT('2D SPACE',''
  ) );
#423 = ADVANCED_FACE('',(#424,#472,#520),#128,.F.);
#424 = FACE_BOUND('',#425,.T.);
#425 = EDGE_LOOP('',(#426,#427,#428,#451));
#426 = ORIENTED_EDGE('',*,*,#112,.F.);
#427 = ORIENTED_EDGE('',*,*,#380,.T.);
#428 = ORIENTED_EDGE('',*,*,#429,.T.);
#429 = EDGE_CURVE('',#381,#430,#432,.T.);
#430 = VERTEX_POINT('',#431);
#431 = CARTESIAN_POINT('',(-161.345,32.,1.));
#432 = SURFACE_CURVE('',#433,(#437,#444),.PCURVE_S1.);
#433 = LINE('',#434,#435);
#434 = CARTESIAN_POINT('',(-161.345,-44.,1.));
#435 = VECTOR('',#436,1.);
#436 = DIRECTION('',(-0.,1.,0.));
#437 = PCURVE('',#128,#438);
#438 = DEFINITIONAL_REPRESENTATION('',(#439),#443);
#439 = LINE('',#440,#441);
#440 = CARTESIAN_POINT('',(-41.845,0.));
#441 = VECTOR('',#442,1.);
#442 = DIRECTION('',(-0.,1.));
#443 = ( GEOMETRIC_REPRESENTATION_CONTEXT(2) 
PARAMETRIC_REPRESENTATION_CONTEXT() REPRESENTATION_CONTEXT('2D SPACE',''
  ) );
#444 = PCURVE('',#271,#445);
#445 = DEFINITIONAL_REPRESENTATION('',(#446),#450);
#446 = LINE('',#447,#448);
#447 = CARTESIAN_POINT('',(-0.,-0.));
#448 = VECTOR('',#449,1.);
#449 = DIRECTION('',(-0.,-1.));
#450 = ( GEOMETRIC_REPRESENTATION_CONTEXT(2) 
PARAMETRIC_REPRESENTATION_CONTEXT() REPRESENTATION_CONTEXT('2D SPACE',''
  ) );
#451 = ORIENTED_EDGE('',*,*,#452,.F.);
#452 = EDGE_CURVE('',#113,#430,#453,.T.);
#453 = SURFACE_CURVE('',#454,(#458,#465),.PCURVE_S1.);
#454 = LINE('',#455,#456);
#455 = CARTESIAN_POINT('',(-119.5,32.,1.));
#456 = VECTOR('',#457,1.);
#457 = DIRECTION('',(-1.,-0.,0.));
#458 = PCURVE('',#128,#459);
#459 = DEFINITIONAL_REPRESENTATION('',(#460),#464);
#460 = LINE('',#461,#462);
#461 = CARTESIAN_POINT('',(0.,76.));
#462 = VECTOR('',#463,1.);
#463 = DIRECTION('',(-1.,0.));
#464 = ( GEOMETRIC_REPRESENTATION_CONTEXT(2) 
PARAMETRIC_REPRESENTATION_CONTEXT() REPRESENTATION_CONTEXT('2D SPACE',''
  ) );
#465 = PCURVE('',#156,#466);
#466 = DEFINITIONAL_REPRESENTATION('',(#467),#471);
#467 = LINE('',#468,#469);
#468 = CARTESIAN_POINT('',(-1.,-0.));
#469 = VECTOR('',#470,1.);
#470 = DIRECTION('',(-0.,1.));
#471 = ( GEOMETRIC_REPRESENTATION_CONTEXT(2) 
PARAMETRIC_REPRESENTATION_CONTEXT() REPRESENTATION_CONTEXT('2D SPACE',''
  ) );
#472 = FACE_BOUND('',#473,.T.);
#473 = EDGE_LOOP('',(#474));
#474 = ORIENTED_EDGE('',*,*,#475,.F.);
#475 = EDGE_CURVE('',#476,#476,#478,.T.);
#476 = VERTEX_POINT('',#477);
#477 = CARTESIAN_POINT('',(-151.75,-4.721680180775,1.));
#478 = SURFACE_CURVE('',#479,(#484,#495),.PCURVE_S1.);
#479 = ELLIPSE('',#480,2.278582656051,2.25);
#480 = AXIS2_PLACEMENT_3D('',#481,#482,#483);
#481 = CARTESIAN_POINT('',(-149.5,-4.721680180775,1.));
#482 = DIRECTION('',(0.,0.,-1.));
#483 = DIRECTION('',(-0.,-1.,-0.));
#484 = PCURVE('',#128,#485);
#485 = DEFINITIONAL_REPRESENTATION('',(#486),#494);
#486 = ( BOUNDED_CURVE() B_SPLINE_CURVE(2,(#487,#488,#489,#490,#491,#492
,#493),.UNSPECIFIED.,.T.,.F.) B_SPLINE_CURVE_WITH_KNOTS((1,2,2,2,2,1),(
    -2.094395102393,0.,2.094395102393,4.188790204786,6.28318530718,
8.377580409573),.UNSPECIFIED.) CURVE() GEOMETRIC_REPRESENTATION_ITEM() 
RATIONAL_B_SPLINE_CURVE((1.,0.5,1.,0.5,1.,0.5,1.)) REPRESENTATION_ITEM(
  '') );
#487 = CARTESIAN_POINT('',(-30.,36.999737163175));
#488 = CARTESIAN_POINT('',(-33.89711431703,36.999737163175));
#489 = CARTESIAN_POINT('',(-31.94855715851,40.417611147251));
#490 = CARTESIAN_POINT('',(-30.,43.835485131327));
#491 = CARTESIAN_POINT('',(-28.05144284148,40.417611147251));
#492 = CARTESIAN_POINT('',(-26.10288568297,36.999737163175));
#493 = CARTESIAN_POINT('',(-30.,36.999737163175));
#494 = ( GEOMETRIC_REPRESENTATION_CONTEXT(2) 
PARAMETRIC_REPRESENTATION_CONTEXT() REPRESENTATION_CONTEXT('2D SPACE',''
  ) );
#495 = PCURVE('',#496,#501);
#496 = CYLINDRICAL_SURFACE('',#497,2.25);
#497 = AXIS2_PLACEMENT_3D('',#498,#499,#500);
#498 = CARTESIAN_POINT('',(-149.5,5.914914189845,-65.52006648907));
#499 = DIRECTION('',(-0.,-0.157894736842,0.987455949437));
#500 = DIRECTION('',(-1.,-0.,-0.));
#501 = DEFINITIONAL_REPRESENTATION('',(#502),#519);
#502 = B_SPLINE_CURVE_WITH_KNOTS('',8,(#503,#504,#505,#506,#507,#508,
    #509,#510,#511,#512,#513,#514,#515,#516,#517,#518),.UNSPECIFIED.,.F.
  ,.F.,(9,7,9),(1.570796326795,4.712388980385,7.853981633974),
  .UNSPECIFIED.);
#503 = CARTESIAN_POINT('',(0.,67.365097680594));
#504 = CARTESIAN_POINT('',(-0.392699081699,67.223813893761));
#505 = CARTESIAN_POINT('',(-0.785398163398,67.082528980492));
#506 = CARTESIAN_POINT('',(-1.17809724509,66.974456512573));
#507 = CARTESIAN_POINT('',(-1.570796326803,66.932719156437));
#508 = CARTESIAN_POINT('',(-1.963495408489,66.974456512573));
#509 = CARTESIAN_POINT('',(-2.356194490193,67.082528980492));
#510 = CARTESIAN_POINT('',(-2.748893571891,67.223813893761));
#511 = CARTESIAN_POINT('',(-3.534291735289,67.506381467426));
#512 = CARTESIAN_POINT('',(-3.926990816989,67.64766638077));
#513 = CARTESIAN_POINT('',(-4.319689898666,67.755738848209));
#514 = CARTESIAN_POINT('',(-4.712388980399,67.797476205509));
#515 = CARTESIAN_POINT('',(-5.105088062061,67.755738848122));
#516 = CARTESIAN_POINT('',(-5.497787143787,67.64766638077));
#517 = CARTESIAN_POINT('',(-5.890486225481,67.506381467426));
#518 = CARTESIAN_POINT('',(-6.28318530718,67.365097680594));
#519 = ( GEOMETRIC_REPRESENTATION_CONTEXT(2) 
PARAMETRIC_REPRESENTATION_CONTEXT() REPRESENTATION_CONTEXT('2D SPACE',''
  ) );
#520 = FACE_BOUND('',#521,.T.);
#521 = EDGE_LOOP('',(#522));
#522 = ORIENTED_EDGE('',*,*,#523,.F.);
#523 = EDGE_CURVE('',#524,#524,#526,.T.);
#524 = VERTEX_POINT('',#525);
#525 = CARTESIAN_POINT('',(-151.75,15.532387873008,1.));
#526 = SURFACE_CURVE('',#527,(#532,#543),.PCURVE_S1.);
#527 = ELLIPSE('',#528,2.278582656051,2.25);
#528 = AXIS2_PLACEMENT_3D('',#529,#530,#531);
#529 = CARTESIAN_POINT('',(-149.5,15.532387873008,1.));
#530 = DIRECTION('',(0.,0.,-1.));
#531 = DIRECTION('',(-0.,-1.,-0.));
#532 = PCURVE('',#128,#533);
#533 = DEFINITIONAL_REPRESENTATION('',(#534),#542);
#534 = ( BOUNDED_CURVE() B_SPLINE_CURVE(2,(#535,#536,#537,#538,#539,#540
,#541),.UNSPECIFIED.,.T.,.F.) B_SPLINE_CURVE_WITH_KNOTS((1,2,2,2,2,1),(
    -2.094395102393,0.,2.094395102393,4.188790204786,6.28318530718,
8.377580409573),.UNSPECIFIED.) CURVE() GEOMETRIC_REPRESENTATION_ITEM() 
RATIONAL_B_SPLINE_CURVE((1.,0.5,1.,0.5,1.,0.5,1.)) REPRESENTATION_ITEM(
  '') );
#535 = CARTESIAN_POINT('',(-30.,57.253805216958));
#536 = CARTESIAN_POINT('',(-33.89711431703,57.253805216958));
#537 = CARTESIAN_POINT('',(-31.94855715851,60.671679201034));
#538 = CARTESIAN_POINT('',(-30.,64.08955318511));
#539 = CARTESIAN_POINT('',(-28.05144284148,60.671679201034));
#540 = CARTESIAN_POINT('',(-26.10288568297,57.253805216958));
#541 = CARTESIAN_POINT('',(-30.,57.253805216958));
#542 = ( GEOMETRIC_REPRESENTATION_CONTEXT(2) 
PARAMETRIC_REPRESENTATION_CONTEXT() REPRESENTATION_CONTEXT('2D SPACE',''
  ) );
#543 = PCURVE('',#544,#549);
#544 = CYLINDRICAL_SURFACE('',#545,2.25);
#545 = AXIS2_PLACEMENT_3D('',#546,#547,#548);
#546 = CARTESIAN_POINT('',(-149.5,25.664033178576,-62.36217175223));
#547 = DIRECTION('',(-0.,-0.157894736842,0.987455949437));
#548 = DIRECTION('',(-1.,-0.,-0.));
#549 = DEFINITIONAL_REPRESENTATION('',(#550),#567);
#550 = B_SPLINE_CURVE_WITH_KNOTS('',8,(#551,#552,#553,#554,#555,#556,
    #557,#558,#559,#560,#561,#562,#563,#564,#565,#566),.UNSPECIFIED.,.F.
  ,.F.,(9,7,9),(1.570796326795,4.712388980385,7.853981633974),
  .UNSPECIFIED.);
#551 = CARTESIAN_POINT('',(0.,64.16708693526));
#552 = CARTESIAN_POINT('',(-0.392699081699,64.025803148427));
#553 = CARTESIAN_POINT('',(-0.785398163398,63.884518234983));
#554 = CARTESIAN_POINT('',(-1.178097245093,63.776445767755));
#555 = CARTESIAN_POINT('',(-1.570796326798,63.734708409756));
#556 = CARTESIAN_POINT('',(-1.963495408488,63.776445767842));
#557 = CARTESIAN_POINT('',(-2.356194490191,63.884518234998));
#558 = CARTESIAN_POINT('',(-2.748893571891,64.025803148427));
#559 = CARTESIAN_POINT('',(-3.534291735289,64.308370722092));
#560 = CARTESIAN_POINT('',(-3.926990816982,64.449655635435));
#561 = CARTESIAN_POINT('',(-4.319689898695,64.557728102693));
#562 = CARTESIAN_POINT('',(-4.71238898037,64.599465460051));
#563 = CARTESIAN_POINT('',(-5.105088062093,64.557728102809));
#564 = CARTESIAN_POINT('',(-5.497787143778,64.449655635442));
#565 = CARTESIAN_POINT('',(-5.890486225481,64.308370722092));
#566 = CARTESIAN_POINT('',(-6.28318530718,64.16708693526));
#567 = ( GEOMETRIC_REPRESENTATION_CONTEXT(2) 
PARAMETRIC_REPRESENTATION_CONTEXT() REPRESENTATION_CONTEXT('2D SPACE',''
  ) );
#568 = ADVANCED_FACE('',(#569),#156,.F.);
#569 = FACE_BOUND('',#570,.T.);
#570 = EDGE_LOOP('',(#571,#594,#595,#596));
#571 = ORIENTED_EDGE('',*,*,#572,.F.);
#572 = EDGE_CURVE('',#141,#573,#575,.T.);
#573 = VERTEX_POINT('',#574);
#574 = CARTESIAN_POINT('',(-161.345,32.,0.));
#575 = SURFACE_CURVE('',#576,(#580,#587),.PCURVE_S1.);
#576 = LINE('',#577,#578);
#577 = CARTESIAN_POINT('',(-119.5,32.,0.));
#578 = VECTOR('',#579,1.);
#579 = DIRECTION('',(-1.,-0.,0.));
#580 = PCURVE('',#156,#581);
#581 = DEFINITIONAL_REPRESENTATION('',(#582),#586);
#582 = LINE('',#583,#584);
#583 = CARTESIAN_POINT('',(-0.,-0.));
#584 = VECTOR('',#585,1.);
#585 = DIRECTION('',(-0.,1.));
#586 = ( GEOMETRIC_REPRESENTATION_CONTEXT(2) 
PARAMETRIC_REPRESENTATION_CONTEXT() REPRESENTATION_CONTEXT('2D SPACE',''
  ) );
#587 = PCURVE('',#184,#588);
#588 = DEFINITIONAL_REPRESENTATION('',(#589),#593);
#589 = LINE('',#590,#591);
#590 = CARTESIAN_POINT('',(0.,-0.));
#591 = VECTOR('',#592,1.);
#592 = DIRECTION('',(-1.,0.));
#593 = ( GEOMETRIC_REPRESENTATION_CONTEXT(2) 
PARAMETRIC_REPRESENTATION_CONTEXT() REPRESENTATION_CONTEXT('2D SPACE',''
  ) );
#594 = ORIENTED_EDGE('',*,*,#140,.T.);
#595 = ORIENTED_EDGE('',*,*,#452,.T.);
#596 = ORIENTED_EDGE('',*,*,#597,.F.);
#597 = EDGE_CURVE('',#573,#430,#598,.T.);
#598 = SURFACE_CURVE('',#599,(#603,#610),.PCURVE_S1.);
#599 = LINE('',#600,#601);
#600 = CARTESIAN_POINT('',(-161.345,32.,0.));
#601 = VECTOR('',#602,1.);
#602 = DIRECTION('',(0.,0.,1.));
#603 = PCURVE('',#156,#604);
#604 = DEFINITIONAL_REPRESENTATION('',(#605),#609);
#605 = LINE('',#606,#607);
#606 = CARTESIAN_POINT('',(-0.,41.845));
#607 = VECTOR('',#608,1.);
#608 = DIRECTION('',(-1.,0.));
#609 = ( GEOMETRIC_REPRESENTATION_CONTEXT(2) 
PARAMETRIC_REPRESENTATION_CONTEXT() REPRESENTATION_CONTEXT('2D SPACE',''
  ) );
#610 = PCURVE('',#271,#611);
#611 = DEFINITIONAL_REPRESENTATION('',(#612),#616);
#612 = LINE('',#613,#614);
#613 = CARTESIAN_POINT('',(1.,-76.));
#614 = VECTOR('',#615,1.);
#615 = DIRECTION('',(-1.,-0.));
#616 = ( GEOMETRIC_REPRESENTATION_CONTEXT(2) 
PARAMETRIC_REPRESENTATION_CONTEXT() REPRESENTATION_CONTEXT('2D SPACE',''
  ) );
#617 = ADVANCED_FACE('',(#618),#184,.F.);
#618 = FACE_BOUND('',#619,.T.);
#619 = EDGE_LOOP('',(#620,#621,#622,#645));
#620 = ORIENTED_EDGE('',*,*,#168,.F.);
#621 = ORIENTED_EDGE('',*,*,#572,.T.);
#622 = ORIENTED_EDGE('',*,*,#623,.T.);
#623 = EDGE_CURVE('',#573,#624,#626,.T.);
#624 = VERTEX_POINT('',#625);
#625 = CARTESIAN_POINT('',(-161.345,40.,0.));
#626 = SURFACE_CURVE('',#627,(#631,#638),.PCURVE_S1.);
#627 = LINE('',#628,#629);
#628 = CARTESIAN_POINT('',(-161.345,32.,0.));
#629 = VECTOR('',#630,1.);
#630 = DIRECTION('',(-0.,1.,0.));
#631 = PCURVE('',#184,#632);
#632 = DEFINITIONAL_REPRESENTATION('',(#633),#637);
#633 = LINE('',#634,#635);
#634 = CARTESIAN_POINT('',(-41.845,0.));
#635 = VECTOR('',#636,1.);
#636 = DIRECTION('',(-0.,1.));
#637 = ( GEOMETRIC_REPRESENTATION_CONTEXT(2) 
PARAMETRIC_REPRESENTATION_CONTEXT() REPRESENTATION_CONTEXT('2D SPACE',''
  ) );
#638 = PCURVE('',#271,#639);
#639 = DEFINITIONAL_REPRESENTATION('',(#640),#644);
#640 = LINE('',#641,#642);
#641 = CARTESIAN_POINT('',(1.,-76.));
#642 = VECTOR('',#643,1.);
#643 = DIRECTION('',(-0.,-1.));
#644 = ( GEOMETRIC_REPRESENTATION_CONTEXT(2) 
PARAMETRIC_REPRESENTATION_CONTEXT() REPRESENTATION_CONTEXT('2D SPACE',''
  ) );
#645 = ORIENTED_EDGE('',*,*,#646,.F.);
#646 = EDGE_CURVE('',#169,#624,#647,.T.);
#647 = SURFACE_CURVE('',#648,(#652,#659),.PCURVE_S1.);
#648 = LINE('',#649,#650);
#649 = CARTESIAN_POINT('',(-119.5,40.,0.));
#650 = VECTOR('',#651,1.);
#651 = DIRECTION('',(-1.,-0.,0.));
#652 = PCURVE('',#184,#653);
#653 = DEFINITIONAL_REPRESENTATION('',(#654),#658);
#654 = LINE('',#655,#656);
#655 = CARTESIAN_POINT('',(0.,8.));
#656 = VECTOR('',#657,1.);
#657 = DIRECTION('',(-1.,0.));
#658 = ( GEOMETRIC_REPRESENTATION_CONTEXT(2) 
PARAMETRIC_REPRESENTATION_CONTEXT() REPRESENTATION_CONTEXT('2D SPACE',''
  ) );
#659 = PCURVE('',#212,#660);
#660 = DEFINITIONAL_REPRESENTATION('',(#661),#665);
#661 = LINE('',#662,#663);
#662 = CARTESIAN_POINT('',(1.,-0.));
#663 = VECTOR('',#664,1.);
#664 = DIRECTION('',(-0.,1.));
#665 = ( GEOMETRIC_REPRESENTATION_CONTEXT(2) 
PARAMETRIC_REPRESENTATION_CONTEXT() REPRESENTATION_CONTEXT('2D SPACE',''
  ) );
#666 = ADVANCED_FACE('',(#667),#212,.T.);
#667 = FACE_BOUND('',#668,.F.);
#668 = EDGE_LOOP('',(#669,#692,#693,#694));
#669 = ORIENTED_EDGE('',*,*,#670,.T.);
#670 = EDGE_CURVE('',#671,#624,#673,.T.);
#671 = VERTEX_POINT('',#672);
#672 = CARTESIAN_POINT('',(-161.345,40.,3.));
#673 = SURFACE_CURVE('',#674,(#678,#685),.PCURVE_S1.);
#674 = LINE('',#675,#676);
#675 = CARTESIAN_POINT('',(-161.345,40.,3.));
#676 = VECTOR('',#677,1.);
#677 = DIRECTION('',(-0.,-0.,-1.));
#678 = PCURVE('',#212,#679);
#679 = DEFINITIONAL_REPRESENTATION('',(#680),#684);
#680 = LINE('',#681,#682);
#681 = CARTESIAN_POINT('',(-2.,41.845));
#682 = VECTOR('',#683,1.);
#683 = DIRECTION('',(1.,-0.));
#684 = ( GEOMETRIC_REPRESENTATION_CONTEXT(2) 
PARAMETRIC_REPRESENTATION_CONTEXT() REPRESENTATION_CONTEXT('2D SPACE',''
  ) );
#685 = PCURVE('',#271,#686);
#686 = DEFINITIONAL_REPRESENTATION('',(#687),#691);
#687 = LINE('',#688,#689);
#688 = CARTESIAN_POINT('',(-2.,-84.));
#689 = VECTOR('',#690,1.);
#690 = DIRECTION('',(1.,-0.));
#691 = ( GEOMETRIC_REPRESENTATION_CONTEXT(2) 
PARAMETRIC_REPRESENTATION_CONTEXT() REPRESENTATION_CONTEXT('2D SPACE',''
  ) );
#692 = ORIENTED_EDGE('',*,*,#646,.F.);
#693 = ORIENTED_EDGE('',*,*,#196,.F.);
#694 = ORIENTED_EDGE('',*,*,#695,.T.);
#695 = EDGE_CURVE('',#197,#671,#696,.T.);
#696 = SURFACE_CURVE('',#697,(#701,#708),.PCURVE_S1.);
#697 = LINE('',#698,#699);
#698 = CARTESIAN_POINT('',(-119.5,40.,3.));
#699 = VECTOR('',#700,1.);
#700 = DIRECTION('',(-1.,-0.,0.));
#701 = PCURVE('',#212,#702);
#702 = DEFINITIONAL_REPRESENTATION('',(#703),#707);
#703 = LINE('',#704,#705);
#704 = CARTESIAN_POINT('',(-2.,-0.));
#705 = VECTOR('',#706,1.);
#706 = DIRECTION('',(-0.,1.));
#707 = ( GEOMETRIC_REPRESENTATION_CONTEXT(2) 
PARAMETRIC_REPRESENTATION_CONTEXT() REPRESENTATION_CONTEXT('2D SPACE',''
  ) );
#708 = PCURVE('',#238,#709);
#709 = DEFINITIONAL_REPRESENTATION('',(#710),#714);
#710 = LINE('',#711,#712);
#711 = CARTESIAN_POINT('',(0.,84.));
#712 = VECTOR('',#713,1.);
#713 = DIRECTION('',(-1.,0.));
#714 = ( GEOMETRIC_REPRESENTATION_CONTEXT(2) 
PARAMETRIC_REPRESENTATION_CONTEXT() REPRESENTATION_CONTEXT('2D SPACE',''
  ) );
#715 = ADVANCED_FACE('',(#716),#238,.T.);
#716 = FACE_BOUND('',#717,.F.);
#717 = EDGE_LOOP('',(#718,#719,#720,#721,#744,#772,#800,#828));
#718 = ORIENTED_EDGE('',*,*,#695,.F.);
#719 = ORIENTED_EDGE('',*,*,#224,.F.);
#720 = ORIENTED_EDGE('',*,*,#305,.T.);
#721 = ORIENTED_EDGE('',*,*,#722,.T.);
#722 = EDGE_CURVE('',#256,#723,#725,.T.);
#723 = VERTEX_POINT('',#724);
#724 = CARTESIAN_POINT('',(-161.345,-36.,3.));
#725 = SURFACE_CURVE('',#726,(#730,#737),.PCURVE_S1.);
#726 = LINE('',#727,#728);
#727 = CARTESIAN_POINT('',(-161.345,-44.,3.));
#728 = VECTOR('',#729,1.);
#729 = DIRECTION('',(-0.,1.,0.));
#730 = PCURVE('',#238,#731);
#731 = DEFINITIONAL_REPRESENTATION('',(#732),#736);
#732 = LINE('',#733,#734);
#733 = CARTESIAN_POINT('',(-41.845,0.));
#734 = VECTOR('',#735,1.);
#735 = DIRECTION('',(-0.,1.));
#736 = ( GEOMETRIC_REPRESENTATION_CONTEXT(2) 
PARAMETRIC_REPRESENTATION_CONTEXT() REPRESENTATION_CONTEXT('2D SPACE',''
  ) );
#737 = PCURVE('',#271,#738);
#738 = DEFINITIONAL_REPRESENTATION('',(#739),#743);
#739 = LINE('',#740,#741);
#740 = CARTESIAN_POINT('',(-2.,-0.));
#741 = VECTOR('',#742,1.);
#742 = DIRECTION('',(-0.,-1.));
#743 = ( GEOMETRIC_REPRESENTATION_CONTEXT(2) 
PARAMETRIC_REPRESENTATION_CONTEXT() REPRESENTATION_CONTEXT('2D SPACE',''
  ) );
#744 = ORIENTED_EDGE('',*,*,#745,.F.);
#745 = EDGE_CURVE('',#746,#723,#748,.T.);
#746 = VERTEX_POINT('',#747);
#747 = CARTESIAN_POINT('',(-145.5,-36.,3.));
#748 = SURFACE_CURVE('',#749,(#753,#760),.PCURVE_S1.);
#749 = LINE('',#750,#751);
#750 = CARTESIAN_POINT('',(-145.5,-36.,3.));
#751 = VECTOR('',#752,1.);
#752 = DIRECTION('',(-1.,-0.,-0.));
#753 = PCURVE('',#238,#754);
#754 = DEFINITIONAL_REPRESENTATION('',(#755),#759);
#755 = LINE('',#756,#757);
#756 = CARTESIAN_POINT('',(-26.,8.));
#757 = VECTOR('',#758,1.);
#758 = DIRECTION('',(-1.,0.));
#759 = ( GEOMETRIC_REPRESENTATION_CONTEXT(2) 
PARAMETRIC_REPRESENTATION_CONTEXT() REPRESENTATION_CONTEXT('2D SPACE',''
  ) );
#760 = PCURVE('',#761,#766);
#761 = PLANE('',#762);
#762 = AXIS2_PLACEMENT_3D('',#763,#764,#765);
#763 = CARTESIAN_POINT('',(-145.5,-36.,25.));
#764 = DIRECTION('',(-0.,1.,-0.));
#765 = DIRECTION('',(0.,0.,1.));
#766 = DEFINITIONAL_REPRESENTATION('',(#767),#771);
#767 = LINE('',#768,#769);
#768 = CARTESIAN_POINT('',(-22.,0.));
#769 = VECTOR('',#770,1.);
#770 = DIRECTION('',(-0.,-1.));
#771 = ( GEOMETRIC_REPRESENTATION_CONTEXT(2) 
PARAMETRIC_REPRESENTATION_CONTEXT() REPRESENTATION_CONTEXT('2D SPACE',''
  ) );
#772 = ORIENTED_EDGE('',*,*,#773,.T.);
#773 = EDGE_CURVE('',#746,#774,#776,.T.);
#774 = VERTEX_POINT('',#775);
#775 = CARTESIAN_POINT('',(-145.5,36.,3.));
#776 = SURFACE_CURVE('',#777,(#781,#788),.PCURVE_S1.);
#777 = LINE('',#778,#779);
#778 = CARTESIAN_POINT('',(-145.5,-36.,3.));
#779 = VECTOR('',#780,1.);
#780 = DIRECTION('',(-0.,1.,-0.));
#781 = PCURVE('',#238,#782);
#782 = DEFINITIONAL_REPRESENTATION('',(#783),#787);
#783 = LINE('',#784,#785);
#784 = CARTESIAN_POINT('',(-26.,8.));
#785 = VECTOR('',#786,1.);
#786 = DIRECTION('',(0.,1.));
#787 = ( GEOMETRIC_REPRESENTATION_CONTEXT(2) 
PARAMETRIC_REPRESENTATION_CONTEXT() REPRESENTATION_CONTEXT('2D SPACE',''
  ) );
#788 = PCURVE('',#789,#794);
#789 = PLANE('',#790);
#790 = AXIS2_PLACEMENT_3D('',#791,#792,#793);
#791 = CARTESIAN_POINT('',(-145.5,1.811857453044,16.672781845386));
#792 = DIRECTION('',(-1.,-0.,-0.));
#793 = DIRECTION('',(0.,0.,-1.));
#794 = DEFINITIONAL_REPRESENTATION('',(#795),#799);
#795 = LINE('',#796,#797);
#796 = CARTESIAN_POINT('',(13.672781845386,37.811857453044));
#797 = VECTOR('',#798,1.);
#798 = DIRECTION('',(-0.,-1.));
#799 = ( GEOMETRIC_REPRESENTATION_CONTEXT(2) 
PARAMETRIC_REPRESENTATION_CONTEXT() REPRESENTATION_CONTEXT('2D SPACE',''
  ) );
#800 = ORIENTED_EDGE('',*,*,#801,.T.);
#801 = EDGE_CURVE('',#774,#802,#804,.T.);
#802 = VERTEX_POINT('',#803);
#803 = CARTESIAN_POINT('',(-161.345,36.,3.));
#804 = SURFACE_CURVE('',#805,(#809,#816),.PCURVE_S1.);
#805 = LINE('',#806,#807);
#806 = CARTESIAN_POINT('',(-145.5,36.,3.));
#807 = VECTOR('',#808,1.);
#808 = DIRECTION('',(-1.,-0.,-0.));
#809 = PCURVE('',#238,#810);
#810 = DEFINITIONAL_REPRESENTATION('',(#811),#815);
#811 = LINE('',#812,#813);
#812 = CARTESIAN_POINT('',(-26.,80.));
#813 = VECTOR('',#814,1.);
#814 = DIRECTION('',(-1.,0.));
#815 = ( GEOMETRIC_REPRESENTATION_CONTEXT(2) 
PARAMETRIC_REPRESENTATION_CONTEXT() REPRESENTATION_CONTEXT('2D SPACE',''
  ) );
#816 = PCURVE('',#817,#822);
#817 = PLANE('',#818);
#818 = AXIS2_PLACEMENT_3D('',#819,#820,#821);
#819 = CARTESIAN_POINT('',(-145.5,36.,3.));
#820 = DIRECTION('',(-0.,-1.,-0.));
#821 = DIRECTION('',(0.,0.,-1.));
#822 = DEFINITIONAL_REPRESENTATION('',(#823),#827);
#823 = LINE('',#824,#825);
#824 = CARTESIAN_POINT('',(-0.,0.));
#825 = VECTOR('',#826,1.);
#826 = DIRECTION('',(-0.,-1.));
#827 = ( GEOMETRIC_REPRESENTATION_CONTEXT(2) 
PARAMETRIC_REPRESENTATION_CONTEXT() REPRESENTATION_CONTEXT('2D SPACE',''
  ) );
#828 = ORIENTED_EDGE('',*,*,#829,.T.);
#829 = EDGE_CURVE('',#802,#671,#830,.T.);
#830 = SURFACE_CURVE('',#831,(#835,#842),.PCURVE_S1.);
#831 = LINE('',#832,#833);
#832 = CARTESIAN_POINT('',(-161.345,-44.,3.));
#833 = VECTOR('',#834,1.);
#834 = DIRECTION('',(-0.,1.,0.));
#835 = PCURVE('',#238,#836);
#836 = DEFINITIONAL_REPRESENTATION('',(#837),#841);
#837 = LINE('',#838,#839);
#838 = CARTESIAN_POINT('',(-41.845,0.));
#839 = VECTOR('',#840,1.);
#840 = DIRECTION('',(-0.,1.));
#841 = ( GEOMETRIC_REPRESENTATION_CONTEXT(2) 
PARAMETRIC_REPRESENTATION_CONTEXT() REPRESENTATION_CONTEXT('2D SPACE',''
  ) );
#842 = PCURVE('',#271,#843);
#843 = DEFINITIONAL_REPRESENTATION('',(#844),#848);
#844 = LINE('',#845,#846);
#845 = CARTESIAN_POINT('',(-2.,-0.));
#846 = VECTOR('',#847,1.);
#847 = DIRECTION('',(-0.,-1.));
#848 = ( GEOMETRIC_REPRESENTATION_CONTEXT(2) 
PARAMETRIC_REPRESENTATION_CONTEXT() REPRESENTATION_CONTEXT('2D SPACE',''
  ) );
#849 = ADVANCED_FACE('',(#850,#966,#2536,#2650),#271,.T.);
#850 = FACE_BOUND('',#851,.F.);
#851 = EDGE_LOOP('',(#852,#853,#854,#855,#856,#857,#858,#859,#860,#883,
    #916,#944,#965));
#852 = ORIENTED_EDGE('',*,*,#253,.F.);
#853 = ORIENTED_EDGE('',*,*,#331,.T.);
#854 = ORIENTED_EDGE('',*,*,#403,.T.);
#855 = ORIENTED_EDGE('',*,*,#429,.T.);
#856 = ORIENTED_EDGE('',*,*,#597,.F.);
#857 = ORIENTED_EDGE('',*,*,#623,.T.);
#858 = ORIENTED_EDGE('',*,*,#670,.F.);
#859 = ORIENTED_EDGE('',*,*,#829,.F.);
#860 = ORIENTED_EDGE('',*,*,#861,.T.);
#861 = EDGE_CURVE('',#802,#862,#864,.T.);
#862 = VERTEX_POINT('',#863);
#863 = CARTESIAN_POINT('',(-161.345,36.,22.033370452904));
#864 = SURFACE_CURVE('',#865,(#869,#876),.PCURVE_S1.);
#865 = LINE('',#866,#867);
#866 = CARTESIAN_POINT('',(-161.345,36.,3.));
#867 = VECTOR('',#868,1.);
#868 = DIRECTION('',(-0.,-0.,1.));
#869 = PCURVE('',#271,#870);
#870 = DEFINITIONAL_REPRESENTATION('',(#871),#875);
#871 = LINE('',#872,#873);
#872 = CARTESIAN_POINT('',(-2.,-80.));
#873 = VECTOR('',#874,1.);
#874 = DIRECTION('',(-1.,-0.));
#875 = ( GEOMETRIC_REPRESENTATION_CONTEXT(2) 
PARAMETRIC_REPRESENTATION_CONTEXT() REPRESENTATION_CONTEXT('2D SPACE',''
  ) );
#876 = PCURVE('',#817,#877);
#877 = DEFINITIONAL_REPRESENTATION('',(#878),#882);
#878 = LINE('',#879,#880);
#879 = CARTESIAN_POINT('',(-0.,-15.845));
#880 = VECTOR('',#881,1.);
#881 = DIRECTION('',(-1.,0.));
#882 = ( GEOMETRIC_REPRESENTATION_CONTEXT(2) 
PARAMETRIC_REPRESENTATION_CONTEXT() REPRESENTATION_CONTEXT('2D SPACE',''
  ) );
#883 = ORIENTED_EDGE('',*,*,#884,.T.);
#884 = EDGE_CURVE('',#862,#885,#887,.T.);
#885 = VERTEX_POINT('',#886);
#886 = CARTESIAN_POINT('',(-161.345,20.582994682643,32.858749261479));
#887 = SURFACE_CURVE('',#888,(#893,#904),.PCURVE_S1.);
#888 = CIRCLE('',#889,15.);
#889 = AXIS2_PLACEMENT_3D('',#890,#891,#892);
#890 = CARTESIAN_POINT('',(-161.345,35.,37.));
#891 = DIRECTION('',(1.,0.,0.));
#892 = DIRECTION('',(-0.,6.666666666666E-02,-0.99777530314));
#893 = PCURVE('',#271,#894);
#894 = DEFINITIONAL_REPRESENTATION('',(#895),#903);
#895 = ( BOUNDED_CURVE() B_SPLINE_CURVE(2,(#896,#897,#898,#899,#900,#901
,#902),.UNSPECIFIED.,.T.,.F.) B_SPLINE_CURVE_WITH_KNOTS((1,2,2,2,2,1),(
    -2.094395102393,0.,2.094395102393,4.188790204786,6.28318530718,
8.377580409573),.UNSPECIFIED.) CURVE() GEOMETRIC_REPRESENTATION_ITEM() 
RATIONAL_B_SPLINE_CURVE((1.,0.5,1.,0.5,1.,0.5,1.)) REPRESENTATION_ITEM(
  '') );
#896 = CARTESIAN_POINT('',(-21.0333704529,-80.));
#897 = CARTESIAN_POINT('',(-22.76542126047,-105.9229627936));
#898 = CARTESIAN_POINT('',(-44.34934017733,-91.46148139681));
#899 = CARTESIAN_POINT('',(-65.93325909419,-77.));
#900 = CARTESIAN_POINT('',(-42.61728936976,-65.53851860318));
#901 = CARTESIAN_POINT('',(-19.30131964533,-54.07703720636));
#902 = CARTESIAN_POINT('',(-21.0333704529,-80.));
#903 = ( GEOMETRIC_REPRESENTATION_CONTEXT(2) 
PARAMETRIC_REPRESENTATION_CONTEXT() REPRESENTATION_CONTEXT('2D SPACE',''
  ) );
#904 = PCURVE('',#905,#910);
#905 = CYLINDRICAL_SURFACE('',#906,15.);
#906 = AXIS2_PLACEMENT_3D('',#907,#908,#909);
#907 = CARTESIAN_POINT('',(-156.345,35.,37.));
#908 = DIRECTION('',(-1.,-0.,-0.));
#909 = DIRECTION('',(-0.,-0.,1.));
#910 = DEFINITIONAL_REPRESENTATION('',(#911),#915);
#911 = LINE('',#912,#913);
#912 = CARTESIAN_POINT('',(-3.208308802,5.));
#913 = VECTOR('',#914,1.);
#914 = DIRECTION('',(-1.,0.));
#915 = ( GEOMETRIC_REPRESENTATION_CONTEXT(2) 
PARAMETRIC_REPRESENTATION_CONTEXT() REPRESENTATION_CONTEXT('2D SPACE',''
  ) );
#916 = ORIENTED_EDGE('',*,*,#917,.T.);
#917 = EDGE_CURVE('',#885,#918,#920,.T.);
#918 = VERTEX_POINT('',#919);
#919 = CARTESIAN_POINT('',(-161.345,-36.,25.));
#920 = SURFACE_CURVE('',#921,(#925,#932),.PCURVE_S1.);
#921 = LINE('',#922,#923);
#922 = CARTESIAN_POINT('',(-161.345,36.,35.));
#923 = VECTOR('',#924,1.);
#924 = DIRECTION('',(-0.,-0.990492273178,-0.137568371275));
#925 = PCURVE('',#271,#926);
#926 = DEFINITIONAL_REPRESENTATION('',(#927),#931);
#927 = LINE('',#928,#929);
#928 = CARTESIAN_POINT('',(-34.,-80.));
#929 = VECTOR('',#930,1.);
#930 = DIRECTION('',(0.137568371275,0.990492273178));
#931 = ( GEOMETRIC_REPRESENTATION_CONTEXT(2) 
PARAMETRIC_REPRESENTATION_CONTEXT() REPRESENTATION_CONTEXT('2D SPACE',''
  ) );
#932 = PCURVE('',#933,#938);
#933 = PLANE('',#934);
#934 = AXIS2_PLACEMENT_3D('',#935,#936,#937);
#935 = CARTESIAN_POINT('',(-145.5,36.,35.));
#936 = DIRECTION('',(-0.,0.137568371275,-0.990492273178));
#937 = DIRECTION('',(0.,0.990492273178,0.137568371275));
#938 = DEFINITIONAL_REPRESENTATION('',(#939),#943);
#939 = LINE('',#940,#941);
#940 = CARTESIAN_POINT('',(-0.,-15.845));
#941 = VECTOR('',#942,1.);
#942 = DIRECTION('',(-1.,0.));
#943 = ( GEOMETRIC_REPRESENTATION_CONTEXT(2) 
PARAMETRIC_REPRESENTATION_CONTEXT() REPRESENTATION_CONTEXT('2D SPACE',''
  ) );
#944 = ORIENTED_EDGE('',*,*,#945,.T.);
#945 = EDGE_CURVE('',#918,#723,#946,.T.);
#946 = SURFACE_CURVE('',#947,(#951,#958),.PCURVE_S1.);
#947 = LINE('',#948,#949);
#948 = CARTESIAN_POINT('',(-161.345,-36.,25.));
#949 = VECTOR('',#950,1.);
#950 = DIRECTION('',(-0.,-0.,-1.));
#951 = PCURVE('',#271,#952);
#952 = DEFINITIONAL_REPRESENTATION('',(#953),#957);
#953 = LINE('',#954,#955);
#954 = CARTESIAN_POINT('',(-24.,-8.));
#955 = VECTOR('',#956,1.);
#956 = DIRECTION('',(1.,-0.));
#957 = ( GEOMETRIC_REPRESENTATION_CONTEXT(2) 
PARAMETRIC_REPRESENTATION_CONTEXT() REPRESENTATION_CONTEXT('2D SPACE',''
  ) );
#958 = PCURVE('',#761,#959);
#959 = DEFINITIONAL_REPRESENTATION('',(#960),#964);
#960 = LINE('',#961,#962);
#961 = CARTESIAN_POINT('',(-0.,-15.845));
#962 = VECTOR('',#963,1.);
#963 = DIRECTION('',(-1.,0.));
#964 = ( GEOMETRIC_REPRESENTATION_CONTEXT(2) 
PARAMETRIC_REPRESENTATION_CONTEXT() REPRESENTATION_CONTEXT('2D SPACE',''
  ) );
#965 = ORIENTED_EDGE('',*,*,#722,.F.);
#966 = FACE_BOUND('',#967,.F.);
#967 = EDGE_LOOP('',(#968,#998,#1026,#1054,#1082,#1110,#1138,#1166,#1194
    ,#1222,#1250,#1278,#1306,#1334,#1362,#1390,#1418,#1446,#1474,#1502,
    #1530,#1558,#1586,#1614,#1642,#1670,#1698,#1726,#1754,#1782,#1810,
    #1838,#1866,#1894,#1922,#1950,#1978,#2006,#2034,#2062,#2090,#2118,
    #2146,#2174,#2202,#2230,#2258,#2286,#2314,#2342,#2370,#2398,#2426,
    #2454,#2482,#2510));
#968 = ORIENTED_EDGE('',*,*,#969,.F.);
#969 = EDGE_CURVE('',#970,#972,#974,.T.);
#970 = VERTEX_POINT('',#971);
#971 = CARTESIAN_POINT('',(-161.345,49.408827043452,38.623484903498));
#972 = VERTEX_POINT('',#973);
#973 = CARTESIAN_POINT('',(-161.345,49.136454726636,40.226553542367));
#974 = SURFACE_CURVE('',#975,(#979,#986),.PCURVE_S1.);
#975 = LINE('',#976,#977);
#976 = CARTESIAN_POINT('',(-161.345,51.118965220749,28.558332496642));
#977 = VECTOR('',#978,1.);
#978 = DIRECTION('',(-0.,-0.167506223305,0.985871018518));
#979 = PCURVE('',#271,#980);
#980 = DEFINITIONAL_REPRESENTATION('',(#981),#985);
#981 = LINE('',#982,#983);
#982 = CARTESIAN_POINT('',(-27.55833249664,-95.11896522074));
#983 = VECTOR('',#984,1.);
#984 = DIRECTION('',(-0.985871018518,0.167506223305));
#985 = ( GEOMETRIC_REPRESENTATION_CONTEXT(2) 
PARAMETRIC_REPRESENTATION_CONTEXT() REPRESENTATION_CONTEXT('2D SPACE',''
  ) );
#986 = PCURVE('',#987,#992);
#987 = PLANE('',#988);
#988 = AXIS2_PLACEMENT_3D('',#989,#990,#991);
#989 = CARTESIAN_POINT('',(-161.7179449423,49.236874894081,
    39.635522768673));
#990 = DIRECTION('',(-0.,0.985871018518,0.167506223305));
#991 = DIRECTION('',(0.,0.167506223305,-0.985871018518));
#992 = DEFINITIONAL_REPRESENTATION('',(#993),#997);
#993 = LINE('',#994,#995);
#994 = CARTESIAN_POINT('',(11.235942698346,-0.372944942388));
#995 = VECTOR('',#996,1.);
#996 = DIRECTION('',(-1.,0.));
#997 = ( GEOMETRIC_REPRESENTATION_CONTEXT(2) 
PARAMETRIC_REPRESENTATION_CONTEXT() REPRESENTATION_CONTEXT('2D SPACE',''
  ) );
#998 = ORIENTED_EDGE('',*,*,#999,.T.);
#999 = EDGE_CURVE('',#970,#1000,#1002,.T.);
#1000 = VERTEX_POINT('',#1001);
#1001 = CARTESIAN_POINT('',(-161.345,49.5,37.));
#1002 = SURFACE_CURVE('',#1003,(#1007,#1014),.PCURVE_S1.);
#1003 = LINE('',#1004,#1005);
#1004 = CARTESIAN_POINT('',(-161.345,49.408827043452,38.623484903498));
#1005 = VECTOR('',#1006,1.);
#1006 = DIRECTION('',(-0.,5.607044723719E-02,-0.998426815018));
#1007 = PCURVE('',#271,#1008);
#1008 = DEFINITIONAL_REPRESENTATION('',(#1009),#1013);
#1009 = LINE('',#1010,#1011);
#1010 = CARTESIAN_POINT('',(-37.62348490349,-93.40882704345));
#1011 = VECTOR('',#1012,1.);
#1012 = DIRECTION('',(0.998426815018,-5.607044723719E-02));
#1013 = ( GEOMETRIC_REPRESENTATION_CONTEXT(2) 
PARAMETRIC_REPRESENTATION_CONTEXT() REPRESENTATION_CONTEXT('2D SPACE',''
  ) );
#1014 = PCURVE('',#1015,#1020);
#1015 = PLANE('',#1016);
#1016 = AXIS2_PLACEMENT_3D('',#1017,#1018,#1019);
#1017 = CARTESIAN_POINT('',(-161.6839467329,49.466247372799,
    37.601021210551));
#1018 = DIRECTION('',(-0.,0.998426815018,5.607044723719E-02));
#1019 = DIRECTION('',(0.,5.607044723719E-02,-0.998426815018));
#1020 = DEFINITIONAL_REPRESENTATION('',(#1021),#1025);
#1021 = LINE('',#1022,#1023);
#1022 = CARTESIAN_POINT('',(-1.024074751967,-0.338946732972));
#1023 = VECTOR('',#1024,1.);
#1024 = DIRECTION('',(1.,-0.));
#1025 = ( GEOMETRIC_REPRESENTATION_CONTEXT(2) 
PARAMETRIC_REPRESENTATION_CONTEXT() REPRESENTATION_CONTEXT('2D SPACE',''
  ) );
#1026 = ORIENTED_EDGE('',*,*,#1027,.F.);
#1027 = EDGE_CURVE('',#1028,#1000,#1030,.T.);
#1028 = VERTEX_POINT('',#1029);
#1029 = CARTESIAN_POINT('',(-161.345,49.408827043452,35.376515096502));
#1030 = SURFACE_CURVE('',#1031,(#1035,#1042),.PCURVE_S1.);
#1031 = LINE('',#1032,#1033);
#1032 = CARTESIAN_POINT('',(-161.345,48.328535473539,16.140141488206));
#1033 = VECTOR('',#1034,1.);
#1034 = DIRECTION('',(-0.,5.607044723719E-02,0.998426815018));
#1035 = PCURVE('',#271,#1036);
#1036 = DEFINITIONAL_REPRESENTATION('',(#1037),#1041);
#1037 = LINE('',#1038,#1039);
#1038 = CARTESIAN_POINT('',(-15.1401414882,-92.32853547353));
#1039 = VECTOR('',#1040,1.);
#1040 = DIRECTION('',(-0.998426815018,-5.607044723719E-02));
#1041 = ( GEOMETRIC_REPRESENTATION_CONTEXT(2) 
PARAMETRIC_REPRESENTATION_CONTEXT() REPRESENTATION_CONTEXT('2D SPACE',''
  ) );
#1042 = PCURVE('',#1043,#1048);
#1043 = PLANE('',#1044);
#1044 = AXIS2_PLACEMENT_3D('',#1045,#1046,#1047);
#1045 = CARTESIAN_POINT('',(-161.7179449423,49.466385704428,
    36.40144201232));
#1046 = DIRECTION('',(-0.,0.998426815018,-5.607044723719E-02));
#1047 = DIRECTION('',(0.,-5.607044723719E-02,-0.998426815018));
#1048 = DEFINITIONAL_REPRESENTATION('',(#1049),#1053);
#1049 = LINE('',#1050,#1051);
#1050 = CARTESIAN_POINT('',(20.293225521745,-0.372944942388));
#1051 = VECTOR('',#1052,1.);
#1052 = DIRECTION('',(-1.,-0.));
#1053 = ( GEOMETRIC_REPRESENTATION_CONTEXT(2) 
PARAMETRIC_REPRESENTATION_CONTEXT() REPRESENTATION_CONTEXT('2D SPACE',''
  ) );
#1054 = ORIENTED_EDGE('',*,*,#1055,.T.);
#1055 = EDGE_CURVE('',#1028,#1056,#1058,.T.);
#1056 = VERTEX_POINT('',#1057);
#1057 = CARTESIAN_POINT('',(-161.345,49.136454726636,33.773446457633));
#1058 = SURFACE_CURVE('',#1059,(#1063,#1070),.PCURVE_S1.);
#1059 = LINE('',#1060,#1061);
#1060 = CARTESIAN_POINT('',(-161.345,49.408827043452,35.376515096502));
#1061 = VECTOR('',#1062,1.);
#1062 = DIRECTION('',(-0.,-0.167506223305,-0.985871018518));
#1063 = PCURVE('',#271,#1064);
#1064 = DEFINITIONAL_REPRESENTATION('',(#1065),#1069);
#1065 = LINE('',#1066,#1067);
#1066 = CARTESIAN_POINT('',(-34.3765150965,-93.40882704345));
#1067 = VECTOR('',#1068,1.);
#1068 = DIRECTION('',(0.985871018518,0.167506223305));
#1069 = ( GEOMETRIC_REPRESENTATION_CONTEXT(2) 
PARAMETRIC_REPRESENTATION_CONTEXT() REPRESENTATION_CONTEXT('2D SPACE',''
  ) );
#1070 = PCURVE('',#1071,#1076);
#1071 = PLANE('',#1072);
#1072 = AXIS2_PLACEMENT_3D('',#1073,#1074,#1075);
#1073 = CARTESIAN_POINT('',(-161.6839467329,49.237288149368,
    34.366909477741));
#1074 = DIRECTION('',(-0.,0.985871018518,-0.167506223305));
#1075 = DIRECTION('',(0.,-0.167506223305,-0.985871018518));
#1076 = DEFINITIONAL_REPRESENTATION('',(#1077),#1081);
#1077 = LINE('',#1078,#1079);
#1078 = CARTESIAN_POINT('',(-1.024074751967,-0.338946732972));
#1079 = VECTOR('',#1080,1.);
#1080 = DIRECTION('',(1.,-0.));
#1081 = ( GEOMETRIC_REPRESENTATION_CONTEXT(2) 
PARAMETRIC_REPRESENTATION_CONTEXT() REPRESENTATION_CONTEXT('2D SPACE',''
  ) );
#1082 = ORIENTED_EDGE('',*,*,#1083,.F.);
#1083 = EDGE_CURVE('',#1084,#1056,#1086,.T.);
#1084 = VERTEX_POINT('',#1085);
#1085 = CARTESIAN_POINT('',(-161.345,48.686308289471,32.21095360165));
#1086 = SURFACE_CURVE('',#1087,(#1091,#1098),.PCURVE_S1.);
#1087 = LINE('',#1088,#1089);
#1088 = CARTESIAN_POINT('',(-161.345,41.125450764742,5.966636437003));
#1089 = VECTOR('',#1090,1.);
#1090 = DIRECTION('',(-0.,0.276835511425,0.960917321945));
#1091 = PCURVE('',#271,#1092);
#1092 = DEFINITIONAL_REPRESENTATION('',(#1093),#1097);
#1093 = LINE('',#1094,#1095);
#1094 = CARTESIAN_POINT('',(-4.966636437003,-85.12545076474));
#1095 = VECTOR('',#1096,1.);
#1096 = DIRECTION('',(-0.960917321945,-0.276835511425));
#1097 = ( GEOMETRIC_REPRESENTATION_CONTEXT(2) 
PARAMETRIC_REPRESENTATION_CONTEXT() REPRESENTATION_CONTEXT('2D SPACE',''
  ) );
#1098 = PCURVE('',#1099,#1104);
#1099 = PLANE('',#1100);
#1100 = AXIS2_PLACEMENT_3D('',#1101,#1102,#1103);
#1101 = CARTESIAN_POINT('',(-161.7179449423,48.97049152919,
    33.19737545283));
#1102 = DIRECTION('',(-0.,0.960917321945,-0.276835511425));
#1103 = DIRECTION('',(0.,-0.276835511425,-0.960917321945));
#1104 = DEFINITIONAL_REPRESENTATION('',(#1105),#1109);
#1105 = LINE('',#1106,#1107);
#1106 = CARTESIAN_POINT('',(28.338274681848,-0.372944942388));
#1107 = VECTOR('',#1108,1.);
#1108 = DIRECTION('',(-1.,-0.));
#1109 = ( GEOMETRIC_REPRESENTATION_CONTEXT(2) 
PARAMETRIC_REPRESENTATION_CONTEXT() REPRESENTATION_CONTEXT('2D SPACE',''
  ) );
#1110 = ORIENTED_EDGE('',*,*,#1111,.T.);
#1111 = EDGE_CURVE('',#1084,#1112,#1114,.T.);
#1112 = VERTEX_POINT('',#1113);
#1113 = CARTESIAN_POINT('',(-161.345,48.064048584585,30.708685782795));
#1114 = SURFACE_CURVE('',#1115,(#1119,#1126),.PCURVE_S1.);
#1115 = LINE('',#1116,#1117);
#1116 = CARTESIAN_POINT('',(-161.345,48.686308289471,32.21095360165));
#1117 = VECTOR('',#1118,1.);
#1118 = DIRECTION('',(-0.,-0.382683432365,-0.923879532511));
#1119 = PCURVE('',#271,#1120);
#1120 = DEFINITIONAL_REPRESENTATION('',(#1121),#1125);
#1121 = LINE('',#1122,#1123);
#1122 = CARTESIAN_POINT('',(-31.21095360165,-92.68630828947));
#1123 = VECTOR('',#1124,1.);
#1124 = DIRECTION('',(0.923879532511,0.382683432365));
#1125 = ( GEOMETRIC_REPRESENTATION_CONTEXT(2) 
PARAMETRIC_REPRESENTATION_CONTEXT() REPRESENTATION_CONTEXT('2D SPACE',''
  ) );
#1126 = PCURVE('',#1127,#1132);
#1127 = PLANE('',#1128);
#1128 = AXIS2_PLACEMENT_3D('',#1129,#1130,#1131);
#1129 = CARTESIAN_POINT('',(-161.6839467329,48.29441184839,
    31.264831898546));
#1130 = DIRECTION('',(-0.,0.923879532511,-0.382683432365));
#1131 = DIRECTION('',(0.,-0.382683432365,-0.923879532511));
#1132 = DEFINITIONAL_REPRESENTATION('',(#1133),#1137);
#1133 = LINE('',#1134,#1135);
#1134 = CARTESIAN_POINT('',(-1.024074751967,-0.338946732972));
#1135 = VECTOR('',#1136,1.);
#1136 = DIRECTION('',(1.,-0.));
#1137 = ( GEOMETRIC_REPRESENTATION_CONTEXT(2) 
PARAMETRIC_REPRESENTATION_CONTEXT() REPRESENTATION_CONTEXT('2D SPACE',''
  ) );
#1138 = ORIENTED_EDGE('',*,*,#1139,.F.);
#1139 = EDGE_CURVE('',#1140,#1112,#1142,.T.);
#1140 = VERTEX_POINT('',#1141);
#1141 = CARTESIAN_POINT('',(-161.345,47.27750088881,29.285534890528));
#1142 = SURFACE_CURVE('',#1143,(#1147,#1154),.PCURVE_S1.);
#1143 = LINE('',#1144,#1145);
#1144 = CARTESIAN_POINT('',(-161.345,30.859532372965,-0.42054227181));
#1145 = VECTOR('',#1146,1.);
#1146 = DIRECTION('',(-0.,0.483718887105,0.875223421909));
#1147 = PCURVE('',#271,#1148);
#1148 = DEFINITIONAL_REPRESENTATION('',(#1149),#1153);
#1149 = LINE('',#1150,#1151);
#1150 = CARTESIAN_POINT('',(1.42054227181,-74.85953237296));
#1151 = VECTOR('',#1152,1.);
#1152 = DIRECTION('',(-0.875223421909,-0.483718887105));
#1153 = ( GEOMETRIC_REPRESENTATION_CONTEXT(2) 
PARAMETRIC_REPRESENTATION_CONTEXT() REPRESENTATION_CONTEXT('2D SPACE',''
  ) );
#1154 = PCURVE('',#1155,#1160);
#1155 = PLANE('',#1156);
#1156 = AXIS2_PLACEMENT_3D('',#1157,#1158,#1159);
#1157 = CARTESIAN_POINT('',(-161.7179449423,47.774058572985,
    30.183988366512));
#1158 = DIRECTION('',(-0.,0.875223421909,-0.483718887105));
#1159 = DIRECTION('',(0.,-0.483718887105,-0.875223421909));
#1160 = DEFINITIONAL_REPRESENTATION('',(#1161),#1165);
#1161 = LINE('',#1162,#1163);
#1162 = CARTESIAN_POINT('',(34.96767782057,-0.372944942388));
#1163 = VECTOR('',#1164,1.);
#1164 = DIRECTION('',(-1.,-0.));
#1165 = ( GEOMETRIC_REPRESENTATION_CONTEXT(2) 
PARAMETRIC_REPRESENTATION_CONTEXT() REPRESENTATION_CONTEXT('2D SPACE',''
  ) );
#1166 = ORIENTED_EDGE('',*,*,#1167,.T.);
#1167 = EDGE_CURVE('',#1140,#1168,#1170,.T.);
#1168 = VERTEX_POINT('',#1169);
#1169 = CARTESIAN_POINT('',(-161.345,46.336556495786,27.959397873048));
#1170 = SURFACE_CURVE('',#1171,(#1175,#1182),.PCURVE_S1.);
#1171 = LINE('',#1172,#1173);
#1172 = CARTESIAN_POINT('',(-161.345,47.27750088881,29.285534890528));
#1173 = VECTOR('',#1174,1.);
#1174 = DIRECTION('',(-0.,-0.57867129618,-0.815560868959));
#1175 = PCURVE('',#271,#1176);
#1176 = DEFINITIONAL_REPRESENTATION('',(#1177),#1181);
#1177 = LINE('',#1178,#1179);
#1178 = CARTESIAN_POINT('',(-28.28553489052,-91.27750088881));
#1179 = VECTOR('',#1180,1.);
#1180 = DIRECTION('',(0.815560868959,0.57867129618));
#1181 = ( GEOMETRIC_REPRESENTATION_CONTEXT(2) 
PARAMETRIC_REPRESENTATION_CONTEXT() REPRESENTATION_CONTEXT('2D SPACE',''
  ) );
#1182 = PCURVE('',#1183,#1188);
#1183 = PLANE('',#1184);
#1184 = AXIS2_PLACEMENT_3D('',#1185,#1186,#1187);
#1185 = CARTESIAN_POINT('',(-161.6839467329,46.684898224704,
    28.450339595934));
#1186 = DIRECTION('',(-0.,0.815560868959,-0.57867129618));
#1187 = DIRECTION('',(0.,-0.57867129618,-0.815560868959));
#1188 = DEFINITIONAL_REPRESENTATION('',(#1189),#1193);
#1189 = LINE('',#1190,#1191);
#1190 = CARTESIAN_POINT('',(-1.024074751967,-0.338946732972));
#1191 = VECTOR('',#1192,1.);
#1192 = DIRECTION('',(1.,-0.));
#1193 = ( GEOMETRIC_REPRESENTATION_CONTEXT(2) 
PARAMETRIC_REPRESENTATION_CONTEXT() REPRESENTATION_CONTEXT('2D SPACE',''
  ) );
#1194 = ORIENTED_EDGE('',*,*,#1195,.F.);
#1195 = EDGE_CURVE('',#1196,#1168,#1198,.T.);
#1196 = VERTEX_POINT('',#1197);
#1197 = CARTESIAN_POINT('',(-161.345,45.253048327205,26.746951672795));
#1198 = SURFACE_CURVE('',#1199,(#1203,#1210),.PCURVE_S1.);
#1199 = LINE('',#1200,#1201);
#1200 = CARTESIAN_POINT('',(-161.345,19.383830209803,-2.200716761519));
#1201 = VECTOR('',#1202,1.);
#1202 = DIRECTION('',(-0.,0.666346577952,0.745642164883));
#1203 = PCURVE('',#271,#1204);
#1204 = DEFINITIONAL_REPRESENTATION('',(#1205),#1209);
#1205 = LINE('',#1206,#1207);
#1206 = CARTESIAN_POINT('',(3.200716761519,-63.3838302098));
#1207 = VECTOR('',#1208,1.);
#1208 = DIRECTION('',(-0.745642164883,-0.666346577952));
#1209 = ( GEOMETRIC_REPRESENTATION_CONTEXT(2) 
PARAMETRIC_REPRESENTATION_CONTEXT() REPRESENTATION_CONTEXT('2D SPACE',''
  ) );
#1210 = PCURVE('',#1211,#1216);
#1211 = PLANE('',#1212);
#1212 = AXIS2_PLACEMENT_3D('',#1213,#1214,#1215);
#1213 = CARTESIAN_POINT('',(-161.7179449423,45.937080980108,
    27.512384564683));
#1214 = DIRECTION('',(-0.,0.745642164883,-0.666346577952));
#1215 = DIRECTION('',(0.,-0.666346577952,-0.745642164883));
#1216 = DEFINITIONAL_REPRESENTATION('',(#1217),#1221);
#1217 = LINE('',#1218,#1219);
#1218 = CARTESIAN_POINT('',(39.849008982556,-0.372944942388));
#1219 = VECTOR('',#1220,1.);
#1220 = DIRECTION('',(-1.,-0.));
#1221 = ( GEOMETRIC_REPRESENTATION_CONTEXT(2) 
PARAMETRIC_REPRESENTATION_CONTEXT() REPRESENTATION_CONTEXT('2D SPACE',''
  ) );
#1222 = ORIENTED_EDGE('',*,*,#1223,.T.);
#1223 = EDGE_CURVE('',#1196,#1224,#1226,.T.);
#1224 = VERTEX_POINT('',#1225);
#1225 = CARTESIAN_POINT('',(-161.345,44.040602126952,25.663443504214));
#1226 = SURFACE_CURVE('',#1227,(#1231,#1238),.PCURVE_S1.);
#1227 = LINE('',#1228,#1229);
#1228 = CARTESIAN_POINT('',(-161.345,45.253048327205,26.746951672795));
#1229 = VECTOR('',#1230,1.);
#1230 = DIRECTION('',(-0.,-0.745642164883,-0.666346577952));
#1231 = PCURVE('',#271,#1232);
#1232 = DEFINITIONAL_REPRESENTATION('',(#1233),#1237);
#1233 = LINE('',#1234,#1235);
#1234 = CARTESIAN_POINT('',(-25.74695167279,-89.2530483272));
#1235 = VECTOR('',#1236,1.);
#1236 = DIRECTION('',(0.666346577952,0.745642164883));
#1237 = ( GEOMETRIC_REPRESENTATION_CONTEXT(2) 
PARAMETRIC_REPRESENTATION_CONTEXT() REPRESENTATION_CONTEXT('2D SPACE',''
  ) );
#1238 = PCURVE('',#1239,#1244);
#1239 = PLANE('',#1240);
#1240 = AXIS2_PLACEMENT_3D('',#1241,#1242,#1243);
#1241 = CARTESIAN_POINT('',(-161.6839467329,44.489455012146,
    26.064562966255));
#1242 = DIRECTION('',(-0.,0.666346577952,-0.745642164883));
#1243 = DIRECTION('',(0.,0.745642164883,0.666346577952));
#1244 = DEFINITIONAL_REPRESENTATION('',(#1245),#1249);
#1245 = LINE('',#1246,#1247);
#1246 = CARTESIAN_POINT('',(1.024074751967,0.338946732972));
#1247 = VECTOR('',#1248,1.);
#1248 = DIRECTION('',(-1.,0.));
#1249 = ( GEOMETRIC_REPRESENTATION_CONTEXT(2) 
PARAMETRIC_REPRESENTATION_CONTEXT() REPRESENTATION_CONTEXT('2D SPACE',''
  ) );
#1250 = ORIENTED_EDGE('',*,*,#1251,.F.);
#1251 = EDGE_CURVE('',#1252,#1224,#1254,.T.);
#1252 = VERTEX_POINT('',#1253);
#1253 = CARTESIAN_POINT('',(-161.345,42.714465109472,24.72249911119));
#1254 = SURFACE_CURVE('',#1255,(#1259,#1266),.PCURVE_S1.);
#1255 = LINE('',#1256,#1257);
#1256 = CARTESIAN_POINT('',(-161.345,8.696641601524,0.585566146664));
#1257 = VECTOR('',#1258,1.);
#1258 = DIRECTION('',(-0.,0.815560868959,0.57867129618));
#1259 = PCURVE('',#271,#1260);
#1260 = DEFINITIONAL_REPRESENTATION('',(#1261),#1265);
#1261 = LINE('',#1262,#1263);
#1262 = CARTESIAN_POINT('',(0.414433853336,-52.69664160152));
#1263 = VECTOR('',#1264,1.);
#1264 = DIRECTION('',(-0.57867129618,-0.815560868959));
#1265 = ( GEOMETRIC_REPRESENTATION_CONTEXT(2) 
PARAMETRIC_REPRESENTATION_CONTEXT() REPRESENTATION_CONTEXT('2D SPACE',''
  ) );
#1266 = PCURVE('',#1267,#1272);
#1267 = PLANE('',#1268);
#1268 = AXIS2_PLACEMENT_3D('',#1269,#1270,#1271);
#1269 = CARTESIAN_POINT('',(-161.7179449423,43.551672477615,
    25.316529417613));
#1270 = DIRECTION('',(-0.,0.57867129618,-0.815560868959));
#1271 = DIRECTION('',(0.,0.815560868959,0.57867129618));
#1272 = DEFINITIONAL_REPRESENTATION('',(#1273),#1277);
#1273 = LINE('',#1274,#1275);
#1274 = CARTESIAN_POINT('',(-42.73749784068,0.372944942388));
#1275 = VECTOR('',#1276,1.);
#1276 = DIRECTION('',(1.,-0.));
#1277 = ( GEOMETRIC_REPRESENTATION_CONTEXT(2) 
PARAMETRIC_REPRESENTATION_CONTEXT() REPRESENTATION_CONTEXT('2D SPACE',''
  ) );
#1278 = ORIENTED_EDGE('',*,*,#1279,.T.);
#1279 = EDGE_CURVE('',#1252,#1280,#1282,.T.);
#1280 = VERTEX_POINT('',#1281);
#1281 = CARTESIAN_POINT('',(-161.345,41.291314217205,23.935951415415));
#1282 = SURFACE_CURVE('',#1283,(#1287,#1294),.PCURVE_S1.);
#1283 = LINE('',#1284,#1285);
#1284 = CARTESIAN_POINT('',(-161.345,42.714465109472,24.72249911119));
#1285 = VECTOR('',#1286,1.);
#1286 = DIRECTION('',(-0.,-0.875223421909,-0.483718887105));
#1287 = PCURVE('',#271,#1288);
#1288 = DEFINITIONAL_REPRESENTATION('',(#1289),#1293);
#1289 = LINE('',#1290,#1291);
#1290 = CARTESIAN_POINT('',(-23.72249911119,-86.71446510947));
#1291 = VECTOR('',#1292,1.);
#1292 = DIRECTION('',(0.483718887105,0.875223421909));
#1293 = ( GEOMETRIC_REPRESENTATION_CONTEXT(2) 
PARAMETRIC_REPRESENTATION_CONTEXT() REPRESENTATION_CONTEXT('2D SPACE',''
  ) );
#1294 = PCURVE('',#1295,#1300);
#1295 = PLANE('',#1296);
#1296 = AXIS2_PLACEMENT_3D('',#1297,#1298,#1299);
#1297 = CARTESIAN_POINT('',(-161.6839467329,41.818170900765,
    24.227134811856));
#1298 = DIRECTION('',(-2.087213943636E-16,0.483718887105,-0.875223421909
    ));
#1299 = DIRECTION('',(0.,0.875223421909,0.483718887105));
#1300 = DEFINITIONAL_REPRESENTATION('',(#1301),#1305);
#1301 = LINE('',#1302,#1303);
#1302 = CARTESIAN_POINT('',(1.024074751967,0.338946732972));
#1303 = VECTOR('',#1304,1.);
#1304 = DIRECTION('',(-1.,-4.067564042546E-31));
#1305 = ( GEOMETRIC_REPRESENTATION_CONTEXT(2) 
PARAMETRIC_REPRESENTATION_CONTEXT() REPRESENTATION_CONTEXT('2D SPACE',''
  ) );
#1306 = ORIENTED_EDGE('',*,*,#1307,.F.);
#1307 = EDGE_CURVE('',#1308,#1280,#1310,.T.);
#1308 = VERTEX_POINT('',#1309);
#1309 = CARTESIAN_POINT('',(-161.345,39.78904639835,23.313691710529));
#1310 = SURFACE_CURVE('',#1311,(#1315,#1322),.PCURVE_S1.);
#1311 = LINE('',#1312,#1313);
#1312 = CARTESIAN_POINT('',(-161.345,0.559493898986,7.064279019465));
#1313 = VECTOR('',#1314,1.);
#1314 = DIRECTION('',(-0.,0.923879532511,0.382683432365));
#1315 = PCURVE('',#271,#1316);
#1316 = DEFINITIONAL_REPRESENTATION('',(#1317),#1321);
#1317 = LINE('',#1318,#1319);
#1318 = CARTESIAN_POINT('',(-6.064279019465,-44.55949389898));
#1319 = VECTOR('',#1320,1.);
#1320 = DIRECTION('',(-0.382683432365,-0.923879532511));
#1321 = ( GEOMETRIC_REPRESENTATION_CONTEXT(2) 
PARAMETRIC_REPRESENTATION_CONTEXT() REPRESENTATION_CONTEXT('2D SPACE',''
  ) );
#1322 = PCURVE('',#1323,#1328);
#1323 = PLANE('',#1324);
#1324 = AXIS2_PLACEMENT_3D('',#1325,#1326,#1327);
#1325 = CARTESIAN_POINT('',(-161.7179449423,40.73744740842,
    23.706532271468));
#1326 = DIRECTION('',(-0.,0.382683432365,-0.923879532511));
#1327 = DIRECTION('',(0.,0.923879532511,0.382683432365));
#1328 = DEFINITIONAL_REPRESENTATION('',(#1329),#1333);
#1329 = LINE('',#1330,#1331);
#1330 = CARTESIAN_POINT('',(-43.48830350232,0.372944942388));
#1331 = VECTOR('',#1332,1.);
#1332 = DIRECTION('',(1.,-0.));
#1333 = ( GEOMETRIC_REPRESENTATION_CONTEXT(2) 
PARAMETRIC_REPRESENTATION_CONTEXT() REPRESENTATION_CONTEXT('2D SPACE',''
  ) );
#1334 = ORIENTED_EDGE('',*,*,#1335,.T.);
#1335 = EDGE_CURVE('',#1308,#1336,#1338,.T.);
#1336 = VERTEX_POINT('',#1337);
#1337 = CARTESIAN_POINT('',(-161.345,38.226553542367,22.863545273364));
#1338 = SURFACE_CURVE('',#1339,(#1343,#1350),.PCURVE_S1.);
#1339 = LINE('',#1340,#1341);
#1340 = CARTESIAN_POINT('',(-161.345,39.78904639835,23.313691710529));
#1341 = VECTOR('',#1342,1.);
#1342 = DIRECTION('',(-0.,-0.960917321945,-0.276835511425));
#1343 = PCURVE('',#271,#1344);
#1344 = DEFINITIONAL_REPRESENTATION('',(#1345),#1349);
#1345 = LINE('',#1346,#1347);
#1346 = CARTESIAN_POINT('',(-22.31369171052,-83.78904639835));
#1347 = VECTOR('',#1348,1.);
#1348 = DIRECTION('',(0.276835511425,0.960917321945));
#1349 = ( GEOMETRIC_REPRESENTATION_CONTEXT(2) 
PARAMETRIC_REPRESENTATION_CONTEXT() REPRESENTATION_CONTEXT('2D SPACE',''
  ) );
#1350 = PCURVE('',#1351,#1356);
#1351 = PLANE('',#1352);
#1352 = AXIS2_PLACEMENT_3D('',#1353,#1354,#1355);
#1353 = CARTESIAN_POINT('',(-161.6839467329,38.804995230218,
    23.030191452831));
#1354 = DIRECTION('',(-0.,0.276835511425,-0.960917321945));
#1355 = DIRECTION('',(0.,0.960917321945,0.276835511425));
#1356 = DEFINITIONAL_REPRESENTATION('',(#1357),#1361);
#1357 = LINE('',#1358,#1359);
#1358 = CARTESIAN_POINT('',(1.024074751967,0.338946732972));
#1359 = VECTOR('',#1360,1.);
#1360 = DIRECTION('',(-1.,0.));
#1361 = ( GEOMETRIC_REPRESENTATION_CONTEXT(2) 
PARAMETRIC_REPRESENTATION_CONTEXT() REPRESENTATION_CONTEXT('2D SPACE',''
  ) );
#1362 = ORIENTED_EDGE('',*,*,#1363,.F.);
#1363 = EDGE_CURVE('',#1364,#1336,#1366,.T.);
#1364 = VERTEX_POINT('',#1365);
#1365 = CARTESIAN_POINT('',(-161.345,36.623484903498,22.591172956548));
#1366 = SURFACE_CURVE('',#1367,(#1371,#1378),.PCURVE_S1.);
#1367 = LINE('',#1368,#1369);
#1368 = CARTESIAN_POINT('',(-161.345,-3.833936335384,15.717180609598));
#1369 = VECTOR('',#1370,1.);
#1370 = DIRECTION('',(-0.,0.985871018518,0.167506223305));
#1371 = PCURVE('',#271,#1372);
#1372 = DEFINITIONAL_REPRESENTATION('',(#1373),#1377);
#1373 = LINE('',#1374,#1375);
#1374 = CARTESIAN_POINT('',(-14.71718060959,-40.16606366461));
#1375 = VECTOR('',#1376,1.);
#1376 = DIRECTION('',(-0.167506223305,-0.985871018518));
#1377 = ( GEOMETRIC_REPRESENTATION_CONTEXT(2) 
PARAMETRIC_REPRESENTATION_CONTEXT() REPRESENTATION_CONTEXT('2D SPACE',''
  ) );
#1378 = PCURVE('',#1379,#1384);
#1379 = PLANE('',#1380);
#1380 = AXIS2_PLACEMENT_3D('',#1381,#1382,#1383);
#1381 = CARTESIAN_POINT('',(-161.7179449423,37.635522768673,
    22.763125105919));
#1382 = DIRECTION('',(-0.,0.167506223305,-0.985871018518));
#1383 = DIRECTION('',(0.,0.985871018518,0.167506223305));
#1384 = DEFINITIONAL_REPRESENTATION('',(#1385),#1389);
#1385 = LINE('',#1386,#1387);
#1386 = CARTESIAN_POINT('',(-42.06377743651,0.372944942388));
#1387 = VECTOR('',#1388,1.);
#1388 = DIRECTION('',(1.,-0.));
#1389 = ( GEOMETRIC_REPRESENTATION_CONTEXT(2) 
PARAMETRIC_REPRESENTATION_CONTEXT() REPRESENTATION_CONTEXT('2D SPACE',''
  ) );
#1390 = ORIENTED_EDGE('',*,*,#1391,.T.);
#1391 = EDGE_CURVE('',#1364,#1392,#1394,.T.);
#1392 = VERTEX_POINT('',#1393);
#1393 = CARTESIAN_POINT('',(-161.345,35.,22.5));
#1394 = SURFACE_CURVE('',#1395,(#1399,#1406),.PCURVE_S1.);
#1395 = LINE('',#1396,#1397);
#1396 = CARTESIAN_POINT('',(-161.345,36.623484903498,22.591172956548));
#1397 = VECTOR('',#1398,1.);
#1398 = DIRECTION('',(-0.,-0.998426815018,-5.607044723719E-02));
#1399 = PCURVE('',#271,#1400);
#1400 = DEFINITIONAL_REPRESENTATION('',(#1401),#1405);
#1401 = LINE('',#1402,#1403);
#1402 = CARTESIAN_POINT('',(-21.59117295654,-80.62348490349));
#1403 = VECTOR('',#1404,1.);
#1404 = DIRECTION('',(5.607044723719E-02,0.998426815018));
#1405 = ( GEOMETRIC_REPRESENTATION_CONTEXT(2) 
PARAMETRIC_REPRESENTATION_CONTEXT() REPRESENTATION_CONTEXT('2D SPACE',''
  ) );
#1406 = PCURVE('',#1407,#1412);
#1407 = PLANE('',#1408);
#1408 = AXIS2_PLACEMENT_3D('',#1409,#1410,#1411);
#1409 = CARTESIAN_POINT('',(-161.6839467329,35.601021210551,
    22.533752627201));
#1410 = DIRECTION('',(-0.,5.607044723719E-02,-0.998426815018));
#1411 = DIRECTION('',(0.,0.998426815018,5.607044723719E-02));
#1412 = DEFINITIONAL_REPRESENTATION('',(#1413),#1417);
#1413 = LINE('',#1414,#1415);
#1414 = CARTESIAN_POINT('',(1.024074751967,0.338946732972));
#1415 = VECTOR('',#1416,1.);
#1416 = DIRECTION('',(-1.,0.));
#1417 = ( GEOMETRIC_REPRESENTATION_CONTEXT(2) 
PARAMETRIC_REPRESENTATION_CONTEXT() REPRESENTATION_CONTEXT('2D SPACE',''
  ) );
#1418 = ORIENTED_EDGE('',*,*,#1419,.F.);
#1419 = EDGE_CURVE('',#1420,#1392,#1422,.T.);
#1420 = VERTEX_POINT('',#1421);
#1421 = CARTESIAN_POINT('',(-161.345,33.376515096502,22.591172956548));
#1422 = SURFACE_CURVE('',#1423,(#1427,#1434),.PCURVE_S1.);
#1423 = LINE('',#1424,#1425);
#1424 = CARTESIAN_POINT('',(-161.345,-4.073286080176,24.694308679002));
#1425 = VECTOR('',#1426,1.);
#1426 = DIRECTION('',(-0.,0.998426815018,-5.607044723719E-02));
#1427 = PCURVE('',#271,#1428);
#1428 = DEFINITIONAL_REPRESENTATION('',(#1429),#1433);
#1429 = LINE('',#1430,#1431);
#1430 = CARTESIAN_POINT('',(-23.694308679,-39.92671391982));
#1431 = VECTOR('',#1432,1.);
#1432 = DIRECTION('',(5.607044723719E-02,-0.998426815018));
#1433 = ( GEOMETRIC_REPRESENTATION_CONTEXT(2) 
PARAMETRIC_REPRESENTATION_CONTEXT() REPRESENTATION_CONTEXT('2D SPACE',''
  ) );
#1434 = PCURVE('',#1435,#1440);
#1435 = PLANE('',#1436);
#1436 = AXIS2_PLACEMENT_3D('',#1437,#1438,#1439);
#1437 = CARTESIAN_POINT('',(-161.7179449423,34.40144201232,
    22.533614295572));
#1438 = DIRECTION('',(0.,-5.607044723719E-02,-0.998426815018));
#1439 = DIRECTION('',(0.,0.998426815018,-5.607044723719E-02));
#1440 = DEFINITIONAL_REPRESENTATION('',(#1441),#1445);
#1441 = LINE('',#1442,#1443);
#1442 = CARTESIAN_POINT('',(-38.53535132848,0.372944942388));
#1443 = VECTOR('',#1444,1.);
#1444 = DIRECTION('',(1.,-0.));
#1445 = ( GEOMETRIC_REPRESENTATION_CONTEXT(2) 
PARAMETRIC_REPRESENTATION_CONTEXT() REPRESENTATION_CONTEXT('2D SPACE',''
  ) );
#1446 = ORIENTED_EDGE('',*,*,#1447,.T.);
#1447 = EDGE_CURVE('',#1420,#1448,#1450,.T.);
#1448 = VERTEX_POINT('',#1449);
#1449 = CARTESIAN_POINT('',(-161.345,31.773446457633,22.863545273364));
#1450 = SURFACE_CURVE('',#1451,(#1455,#1462),.PCURVE_S1.);
#1451 = LINE('',#1452,#1453);
#1452 = CARTESIAN_POINT('',(-161.345,33.376515096502,22.591172956548));
#1453 = VECTOR('',#1454,1.);
#1454 = DIRECTION('',(-0.,-0.985871018518,0.167506223305));
#1455 = PCURVE('',#271,#1456);
#1456 = DEFINITIONAL_REPRESENTATION('',(#1457),#1461);
#1457 = LINE('',#1458,#1459);
#1458 = CARTESIAN_POINT('',(-21.59117295654,-77.3765150965));
#1459 = VECTOR('',#1460,1.);
#1460 = DIRECTION('',(-0.167506223305,0.985871018518));
#1461 = ( GEOMETRIC_REPRESENTATION_CONTEXT(2) 
PARAMETRIC_REPRESENTATION_CONTEXT() REPRESENTATION_CONTEXT('2D SPACE',''
  ) );
#1462 = PCURVE('',#1463,#1468);
#1463 = PLANE('',#1464);
#1464 = AXIS2_PLACEMENT_3D('',#1465,#1466,#1467);
#1465 = CARTESIAN_POINT('',(-161.6839467329,32.366909477741,
    22.762711850632));
#1466 = DIRECTION('',(0.,-0.167506223305,-0.985871018518));
#1467 = DIRECTION('',(0.,0.985871018518,-0.167506223305));
#1468 = DEFINITIONAL_REPRESENTATION('',(#1469),#1473);
#1469 = LINE('',#1470,#1471);
#1470 = CARTESIAN_POINT('',(1.024074751967,0.338946732972));
#1471 = VECTOR('',#1472,1.);
#1472 = DIRECTION('',(-1.,0.));
#1473 = ( GEOMETRIC_REPRESENTATION_CONTEXT(2) 
PARAMETRIC_REPRESENTATION_CONTEXT() REPRESENTATION_CONTEXT('2D SPACE',''
  ) );
#1474 = ORIENTED_EDGE('',*,*,#1475,.F.);
#1475 = EDGE_CURVE('',#1476,#1448,#1478,.T.);
#1476 = VERTEX_POINT('',#1477);
#1477 = CARTESIAN_POINT('',(-161.345,30.21095360165,23.313691710529));
#1478 = SURFACE_CURVE('',#1479,(#1483,#1490),.PCURVE_S1.);
#1479 = LINE('',#1480,#1481);
#1480 = CARTESIAN_POINT('',(-161.345,-0.589726504885,32.187214785611));
#1481 = VECTOR('',#1482,1.);
#1482 = DIRECTION('',(-0.,0.960917321945,-0.276835511425));
#1483 = PCURVE('',#271,#1484);
#1484 = DEFINITIONAL_REPRESENTATION('',(#1485),#1489);
#1485 = LINE('',#1486,#1487);
#1486 = CARTESIAN_POINT('',(-31.18721478561,-43.41027349511));
#1487 = VECTOR('',#1488,1.);
#1488 = DIRECTION('',(0.276835511425,-0.960917321945));
#1489 = ( GEOMETRIC_REPRESENTATION_CONTEXT(2) 
PARAMETRIC_REPRESENTATION_CONTEXT() REPRESENTATION_CONTEXT('2D SPACE',''
  ) );
#1490 = PCURVE('',#1491,#1496);
#1491 = PLANE('',#1492);
#1492 = AXIS2_PLACEMENT_3D('',#1493,#1494,#1495);
#1493 = CARTESIAN_POINT('',(-161.7179449423,31.19737545283,
    23.02950847081));
#1494 = DIRECTION('',(0.,-0.276835511425,-0.960917321945));
#1495 = DIRECTION('',(0.,0.960917321945,-0.276835511425));
#1496 = DEFINITIONAL_REPRESENTATION('',(#1497),#1501);
#1497 = LINE('',#1498,#1499);
#1498 = CARTESIAN_POINT('',(-33.07995519673,0.372944942388));
#1499 = VECTOR('',#1500,1.);
#1500 = DIRECTION('',(1.,-0.));
#1501 = ( GEOMETRIC_REPRESENTATION_CONTEXT(2) 
PARAMETRIC_REPRESENTATION_CONTEXT() REPRESENTATION_CONTEXT('2D SPACE',''
  ) );
#1502 = ORIENTED_EDGE('',*,*,#1503,.T.);
#1503 = EDGE_CURVE('',#1476,#1504,#1506,.T.);
#1504 = VERTEX_POINT('',#1505);
#1505 = CARTESIAN_POINT('',(-161.345,28.708685782795,23.935951415415));
#1506 = SURFACE_CURVE('',#1507,(#1511,#1518),.PCURVE_S1.);
#1507 = LINE('',#1508,#1509);
#1508 = CARTESIAN_POINT('',(-161.345,30.21095360165,23.313691710529));
#1509 = VECTOR('',#1510,1.);
#1510 = DIRECTION('',(-0.,-0.923879532511,0.382683432365));
#1511 = PCURVE('',#271,#1512);
#1512 = DEFINITIONAL_REPRESENTATION('',(#1513),#1517);
#1513 = LINE('',#1514,#1515);
#1514 = CARTESIAN_POINT('',(-22.31369171052,-74.21095360165));
#1515 = VECTOR('',#1516,1.);
#1516 = DIRECTION('',(-0.382683432365,0.923879532511));
#1517 = ( GEOMETRIC_REPRESENTATION_CONTEXT(2) 
PARAMETRIC_REPRESENTATION_CONTEXT() REPRESENTATION_CONTEXT('2D SPACE',''
  ) );
#1518 = PCURVE('',#1519,#1524);
#1519 = PLANE('',#1520);
#1520 = AXIS2_PLACEMENT_3D('',#1521,#1522,#1523);
#1521 = CARTESIAN_POINT('',(-161.6839467329,29.264831898546,
    23.70558815161));
#1522 = DIRECTION('',(0.,-0.382683432365,-0.923879532511));
#1523 = DIRECTION('',(0.,0.923879532511,-0.382683432365));
#1524 = DEFINITIONAL_REPRESENTATION('',(#1525),#1529);
#1525 = LINE('',#1526,#1527);
#1526 = CARTESIAN_POINT('',(1.024074751967,0.338946732972));
#1527 = VECTOR('',#1528,1.);
#1528 = DIRECTION('',(-1.,0.));
#1529 = ( GEOMETRIC_REPRESENTATION_CONTEXT(2) 
PARAMETRIC_REPRESENTATION_CONTEXT() REPRESENTATION_CONTEXT('2D SPACE',''
  ) );
#1530 = ORIENTED_EDGE('',*,*,#1531,.F.);
#1531 = EDGE_CURVE('',#1532,#1504,#1534,.T.);
#1532 = VERTEX_POINT('',#1533);
#1533 = CARTESIAN_POINT('',(-161.345,27.285534890528,24.72249911119));
#1534 = SURFACE_CURVE('',#1535,(#1539,#1546),.PCURVE_S1.);
#1535 = LINE('',#1536,#1537);
#1536 = CARTESIAN_POINT('',(-161.345,5.453433633463,36.788674968555));
#1537 = VECTOR('',#1538,1.);
#1538 = DIRECTION('',(-0.,0.875223421909,-0.483718887105));
#1539 = PCURVE('',#271,#1540);
#1540 = DEFINITIONAL_REPRESENTATION('',(#1541),#1545);
#1541 = LINE('',#1542,#1543);
#1542 = CARTESIAN_POINT('',(-35.78867496855,-49.45343363346));
#1543 = VECTOR('',#1544,1.);
#1544 = DIRECTION('',(0.483718887105,-0.875223421909));
#1545 = ( GEOMETRIC_REPRESENTATION_CONTEXT(2) 
PARAMETRIC_REPRESENTATION_CONTEXT() REPRESENTATION_CONTEXT('2D SPACE',''
  ) );
#1546 = PCURVE('',#1547,#1552);
#1547 = PLANE('',#1548);
#1548 = AXIS2_PLACEMENT_3D('',#1549,#1550,#1551);
#1549 = CARTESIAN_POINT('',(-161.7179449423,28.183988366512,
    24.225941427015));
#1550 = DIRECTION('',(0.,-0.483718887105,-0.875223421909));
#1551 = DIRECTION('',(0.,0.875223421909,-0.483718887105));
#1552 = DEFINITIONAL_REPRESENTATION('',(#1553),#1557);
#1553 = LINE('',#1554,#1555);
#1554 = CARTESIAN_POINT('',(-25.97114538305,0.372944942388));
#1555 = VECTOR('',#1556,1.);
#1556 = DIRECTION('',(1.,-0.));
#1557 = ( GEOMETRIC_REPRESENTATION_CONTEXT(2) 
PARAMETRIC_REPRESENTATION_CONTEXT() REPRESENTATION_CONTEXT('2D SPACE',''
  ) );
#1558 = ORIENTED_EDGE('',*,*,#1559,.T.);
#1559 = EDGE_CURVE('',#1532,#1560,#1562,.T.);
#1560 = VERTEX_POINT('',#1561);
#1561 = CARTESIAN_POINT('',(-161.345,25.959397873048,25.663443504214));
#1562 = SURFACE_CURVE('',#1563,(#1567,#1574),.PCURVE_S1.);
#1563 = LINE('',#1564,#1565);
#1564 = CARTESIAN_POINT('',(-161.345,27.285534890528,24.72249911119));
#1565 = VECTOR('',#1566,1.);
#1566 = DIRECTION('',(-0.,-0.815560868959,0.57867129618));
#1567 = PCURVE('',#271,#1568);
#1568 = DEFINITIONAL_REPRESENTATION('',(#1569),#1573);
#1569 = LINE('',#1570,#1571);
#1570 = CARTESIAN_POINT('',(-23.72249911119,-71.28553489052));
#1571 = VECTOR('',#1572,1.);
#1572 = DIRECTION('',(-0.57867129618,0.815560868959));
#1573 = ( GEOMETRIC_REPRESENTATION_CONTEXT(2) 
PARAMETRIC_REPRESENTATION_CONTEXT() REPRESENTATION_CONTEXT('2D SPACE',''
  ) );
#1574 = PCURVE('',#1575,#1580);
#1575 = PLANE('',#1576);
#1576 = AXIS2_PLACEMENT_3D('',#1577,#1578,#1579);
#1577 = CARTESIAN_POINT('',(-161.6839467329,26.450339595934,
    25.315101775296));
#1578 = DIRECTION('',(0.,-0.57867129618,-0.815560868959));
#1579 = DIRECTION('',(0.,0.815560868959,-0.57867129618));
#1580 = DEFINITIONAL_REPRESENTATION('',(#1581),#1585);
#1581 = LINE('',#1582,#1583);
#1582 = CARTESIAN_POINT('',(1.024074751967,0.338946732972));
#1583 = VECTOR('',#1584,1.);
#1584 = DIRECTION('',(-1.,0.));
#1585 = ( GEOMETRIC_REPRESENTATION_CONTEXT(2) 
PARAMETRIC_REPRESENTATION_CONTEXT() REPRESENTATION_CONTEXT('2D SPACE',''
  ) );
#1586 = ORIENTED_EDGE('',*,*,#1587,.F.);
#1587 = EDGE_CURVE('',#1588,#1560,#1590,.T.);
#1588 = VERTEX_POINT('',#1589);
#1589 = CARTESIAN_POINT('',(-161.345,24.746951672795,26.746951672795));
#1590 = SURFACE_CURVE('',#1591,(#1595,#1602),.PCURVE_S1.);
#1591 = LINE('',#1592,#1593);
#1592 = CARTESIAN_POINT('',(-161.345,12.414891154801,37.767554734519));
#1593 = VECTOR('',#1594,1.);
#1594 = DIRECTION('',(-0.,0.745642164883,-0.666346577952));
#1595 = PCURVE('',#271,#1596);
#1596 = DEFINITIONAL_REPRESENTATION('',(#1597),#1601);
#1597 = LINE('',#1598,#1599);
#1598 = CARTESIAN_POINT('',(-36.76755473451,-56.4148911548));
#1599 = VECTOR('',#1600,1.);
#1600 = DIRECTION('',(0.666346577952,-0.745642164883));
#1601 = ( GEOMETRIC_REPRESENTATION_CONTEXT(2) 
PARAMETRIC_REPRESENTATION_CONTEXT() REPRESENTATION_CONTEXT('2D SPACE',''
  ) );
#1602 = PCURVE('',#1603,#1608);
#1603 = PLANE('',#1604);
#1604 = AXIS2_PLACEMENT_3D('',#1605,#1606,#1607);
#1605 = CARTESIAN_POINT('',(-161.7179449423,25.512384564683,
    26.062919019892));
#1606 = DIRECTION('',(0.,-0.666346577952,-0.745642164883));
#1607 = DIRECTION('',(0.,0.745642164883,-0.666346577952));
#1608 = DEFINITIONAL_REPRESENTATION('',(#1609),#1613);
#1609 = LINE('',#1610,#1611);
#1610 = CARTESIAN_POINT('',(-17.5653872953,0.372944942388));
#1611 = VECTOR('',#1612,1.);
#1612 = DIRECTION('',(1.,-0.));
#1613 = ( GEOMETRIC_REPRESENTATION_CONTEXT(2) 
PARAMETRIC_REPRESENTATION_CONTEXT() REPRESENTATION_CONTEXT('2D SPACE',''
  ) );
#1614 = ORIENTED_EDGE('',*,*,#1615,.T.);
#1615 = EDGE_CURVE('',#1588,#1616,#1618,.T.);
#1616 = VERTEX_POINT('',#1617);
#1617 = CARTESIAN_POINT('',(-161.345,23.663443504214,27.959397873048));
#1618 = SURFACE_CURVE('',#1619,(#1623,#1630),.PCURVE_S1.);
#1619 = LINE('',#1620,#1621);
#1620 = CARTESIAN_POINT('',(-161.345,24.746951672795,26.746951672795));
#1621 = VECTOR('',#1622,1.);
#1622 = DIRECTION('',(-0.,-0.666346577952,0.745642164883));
#1623 = PCURVE('',#271,#1624);
#1624 = DEFINITIONAL_REPRESENTATION('',(#1625),#1629);
#1625 = LINE('',#1626,#1627);
#1626 = CARTESIAN_POINT('',(-25.74695167279,-68.74695167279));
#1627 = VECTOR('',#1628,1.);
#1628 = DIRECTION('',(-0.745642164883,0.666346577952));
#1629 = ( GEOMETRIC_REPRESENTATION_CONTEXT(2) 
PARAMETRIC_REPRESENTATION_CONTEXT() REPRESENTATION_CONTEXT('2D SPACE',''
  ) );
#1630 = PCURVE('',#1631,#1636);
#1631 = PLANE('',#1632);
#1632 = AXIS2_PLACEMENT_3D('',#1633,#1634,#1635);
#1633 = CARTESIAN_POINT('',(-161.6839467329,24.064562966255,
    27.510544987854));
#1634 = DIRECTION('',(0.,-0.745642164883,-0.666346577952));
#1635 = DIRECTION('',(0.,-0.666346577952,0.745642164883));
#1636 = DEFINITIONAL_REPRESENTATION('',(#1637),#1641);
#1637 = LINE('',#1638,#1639);
#1638 = CARTESIAN_POINT('',(-1.024074751967,-0.338946732972));
#1639 = VECTOR('',#1640,1.);
#1640 = DIRECTION('',(1.,-0.));
#1641 = ( GEOMETRIC_REPRESENTATION_CONTEXT(2) 
PARAMETRIC_REPRESENTATION_CONTEXT() REPRESENTATION_CONTEXT('2D SPACE',''
  ) );
#1642 = ORIENTED_EDGE('',*,*,#1643,.F.);
#1643 = EDGE_CURVE('',#1644,#1616,#1646,.T.);
#1644 = VERTEX_POINT('',#1645);
#1645 = CARTESIAN_POINT('',(-161.345,22.72249911119,29.285534890528));
#1646 = SURFACE_CURVE('',#1647,(#1651,#1658),.PCURVE_S1.);
#1647 = LINE('',#1648,#1649);
#1648 = CARTESIAN_POINT('',(-161.345,18.522711809047,35.20458116808));
#1649 = VECTOR('',#1650,1.);
#1650 = DIRECTION('',(-0.,0.57867129618,-0.815560868959));
#1651 = PCURVE('',#271,#1652);
#1652 = DEFINITIONAL_REPRESENTATION('',(#1653),#1657);
#1653 = LINE('',#1654,#1655);
#1654 = CARTESIAN_POINT('',(-34.20458116808,-62.52271180904));
#1655 = VECTOR('',#1656,1.);
#1656 = DIRECTION('',(0.815560868959,-0.57867129618));
#1657 = ( GEOMETRIC_REPRESENTATION_CONTEXT(2) 
PARAMETRIC_REPRESENTATION_CONTEXT() REPRESENTATION_CONTEXT('2D SPACE',''
  ) );
#1658 = PCURVE('',#1659,#1664);
#1659 = PLANE('',#1660);
#1660 = AXIS2_PLACEMENT_3D('',#1661,#1662,#1663);
#1661 = CARTESIAN_POINT('',(-161.7179449423,23.316529417613,
    28.448327522385));
#1662 = DIRECTION('',(2.626021306263E-16,-0.815560868959,-0.57867129618)
  );
#1663 = DIRECTION('',(0.,-0.57867129618,0.815560868959));
#1664 = DEFINITIONAL_REPRESENTATION('',(#1665),#1669);
#1665 = LINE('',#1666,#1667);
#1666 = CARTESIAN_POINT('',(8.284180743391,-0.372944942388));
#1667 = VECTOR('',#1668,1.);
#1668 = DIRECTION('',(-1.,0.));
#1669 = ( GEOMETRIC_REPRESENTATION_CONTEXT(2) 
PARAMETRIC_REPRESENTATION_CONTEXT() REPRESENTATION_CONTEXT('2D SPACE',''
  ) );
#1670 = ORIENTED_EDGE('',*,*,#1671,.T.);
#1671 = EDGE_CURVE('',#1644,#1672,#1674,.T.);
#1672 = VERTEX_POINT('',#1673);
#1673 = CARTESIAN_POINT('',(-161.345,21.935951415415,30.708685782795));
#1674 = SURFACE_CURVE('',#1675,(#1679,#1686),.PCURVE_S1.);
#1675 = LINE('',#1676,#1677);
#1676 = CARTESIAN_POINT('',(-161.345,22.72249911119,29.285534890528));
#1677 = VECTOR('',#1678,1.);
#1678 = DIRECTION('',(-0.,-0.483718887105,0.875223421909));
#1679 = PCURVE('',#271,#1680);
#1680 = DEFINITIONAL_REPRESENTATION('',(#1681),#1685);
#1681 = LINE('',#1682,#1683);
#1682 = CARTESIAN_POINT('',(-28.28553489052,-66.72249911119));
#1683 = VECTOR('',#1684,1.);
#1684 = DIRECTION('',(-0.875223421909,0.483718887105));
#1685 = ( GEOMETRIC_REPRESENTATION_CONTEXT(2) 
PARAMETRIC_REPRESENTATION_CONTEXT() REPRESENTATION_CONTEXT('2D SPACE',''
  ) );
#1686 = PCURVE('',#1687,#1692);
#1687 = PLANE('',#1688);
#1688 = AXIS2_PLACEMENT_3D('',#1689,#1690,#1691);
#1689 = CARTESIAN_POINT('',(-161.6839467329,22.227134811856,
    30.181829099235));
#1690 = DIRECTION('',(-1.448273584366E-16,-0.875223421909,
    -0.483718887105));
#1691 = DIRECTION('',(0.,-0.483718887105,0.875223421909));
#1692 = DEFINITIONAL_REPRESENTATION('',(#1693),#1697);
#1693 = LINE('',#1694,#1695);
#1694 = CARTESIAN_POINT('',(-1.024074751967,-0.338946732972));
#1695 = VECTOR('',#1696,1.);
#1696 = DIRECTION('',(1.,1.972152263053E-31));
#1697 = ( GEOMETRIC_REPRESENTATION_CONTEXT(2) 
PARAMETRIC_REPRESENTATION_CONTEXT() REPRESENTATION_CONTEXT('2D SPACE',''
  ) );
#1698 = ORIENTED_EDGE('',*,*,#1699,.F.);
#1699 = EDGE_CURVE('',#1700,#1672,#1702,.T.);
#1700 = VERTEX_POINT('',#1701);
#1701 = CARTESIAN_POINT('',(-161.345,21.313691710529,32.21095360165));
#1702 = SURFACE_CURVE('',#1703,(#1707,#1714),.PCURVE_S1.);
#1703 = LINE('',#1704,#1705);
#1704 = CARTESIAN_POINT('',(-161.345,22.244996876333,29.962584039657));
#1705 = VECTOR('',#1706,1.);
#1706 = DIRECTION('',(-0.,0.382683432365,-0.923879532511));
#1707 = PCURVE('',#271,#1708);
#1708 = DEFINITIONAL_REPRESENTATION('',(#1709),#1713);
#1709 = LINE('',#1710,#1711);
#1710 = CARTESIAN_POINT('',(-28.96258403965,-66.24499687633));
#1711 = VECTOR('',#1712,1.);
#1712 = DIRECTION('',(0.923879532511,-0.382683432365));
#1713 = ( GEOMETRIC_REPRESENTATION_CONTEXT(2) 
PARAMETRIC_REPRESENTATION_CONTEXT() REPRESENTATION_CONTEXT('2D SPACE',''
  ) );
#1714 = PCURVE('',#1715,#1720);
#1715 = PLANE('',#1716);
#1716 = AXIS2_PLACEMENT_3D('',#1717,#1718,#1719);
#1717 = CARTESIAN_POINT('',(-161.7179449423,21.706532271468,
    31.26255259158));
#1718 = DIRECTION('',(0.,-0.923879532511,-0.382683432365));
#1719 = DIRECTION('',(0.,-0.382683432365,0.923879532511));
#1720 = DEFINITIONAL_REPRESENTATION('',(#1721),#1725);
#1721 = LINE('',#1722,#1723);
#1722 = CARTESIAN_POINT('',(-1.407075821227,-0.372944942388));
#1723 = VECTOR('',#1724,1.);
#1724 = DIRECTION('',(-1.,0.));
#1725 = ( GEOMETRIC_REPRESENTATION_CONTEXT(2) 
PARAMETRIC_REPRESENTATION_CONTEXT() REPRESENTATION_CONTEXT('2D SPACE',''
  ) );
#1726 = ORIENTED_EDGE('',*,*,#1727,.T.);
#1727 = EDGE_CURVE('',#1700,#1728,#1730,.T.);
#1728 = VERTEX_POINT('',#1729);
#1729 = CARTESIAN_POINT('',(-161.345,20.863545273364,33.773446457633));
#1730 = SURFACE_CURVE('',#1731,(#1735,#1742),.PCURVE_S1.);
#1731 = LINE('',#1732,#1733);
#1732 = CARTESIAN_POINT('',(-161.345,21.313691710529,32.21095360165));
#1733 = VECTOR('',#1734,1.);
#1734 = DIRECTION('',(-0.,-0.276835511425,0.960917321945));
#1735 = PCURVE('',#271,#1736);
#1736 = DEFINITIONAL_REPRESENTATION('',(#1737),#1741);
#1737 = LINE('',#1738,#1739);
#1738 = CARTESIAN_POINT('',(-31.21095360165,-65.31369171052));
#1739 = VECTOR('',#1740,1.);
#1740 = DIRECTION('',(-0.960917321945,0.276835511425));
#1741 = ( GEOMETRIC_REPRESENTATION_CONTEXT(2) 
PARAMETRIC_REPRESENTATION_CONTEXT() REPRESENTATION_CONTEXT('2D SPACE',''
  ) );
#1742 = PCURVE('',#1743,#1748);
#1743 = PLANE('',#1744);
#1744 = AXIS2_PLACEMENT_3D('',#1745,#1746,#1747);
#1745 = CARTESIAN_POINT('',(-161.6839467329,21.030191452831,
    33.195004769782));
#1746 = DIRECTION('',(0.,-0.960917321945,-0.276835511425));
#1747 = DIRECTION('',(0.,-0.276835511425,0.960917321945));
#1748 = DEFINITIONAL_REPRESENTATION('',(#1749),#1753);
#1749 = LINE('',#1750,#1751);
#1750 = CARTESIAN_POINT('',(-1.024074751967,-0.338946732972));
#1751 = VECTOR('',#1752,1.);
#1752 = DIRECTION('',(1.,-0.));
#1753 = ( GEOMETRIC_REPRESENTATION_CONTEXT(2) 
PARAMETRIC_REPRESENTATION_CONTEXT() REPRESENTATION_CONTEXT('2D SPACE',''
  ) );
#1754 = ORIENTED_EDGE('',*,*,#1755,.F.);
#1755 = EDGE_CURVE('',#1756,#1728,#1758,.T.);
#1756 = VERTEX_POINT('',#1757);
#1757 = CARTESIAN_POINT('',(-161.345,20.591172956548,35.376515096502));
#1758 = SURFACE_CURVE('',#1759,(#1763,#1770),.PCURVE_S1.);
#1759 = LINE('',#1760,#1761);
#1760 = CARTESIAN_POINT('',(-161.345,22.609449441624,23.497790505037));
#1761 = VECTOR('',#1762,1.);
#1762 = DIRECTION('',(-0.,0.167506223305,-0.985871018518));
#1763 = PCURVE('',#271,#1764);
#1764 = DEFINITIONAL_REPRESENTATION('',(#1765),#1769);
#1765 = LINE('',#1766,#1767);
#1766 = CARTESIAN_POINT('',(-22.49779050503,-66.60944944162));
#1767 = VECTOR('',#1768,1.);
#1768 = DIRECTION('',(0.985871018518,-0.167506223305));
#1769 = ( GEOMETRIC_REPRESENTATION_CONTEXT(2) 
PARAMETRIC_REPRESENTATION_CONTEXT() REPRESENTATION_CONTEXT('2D SPACE',''
  ) );
#1770 = PCURVE('',#1771,#1776);
#1771 = PLANE('',#1772);
#1772 = AXIS2_PLACEMENT_3D('',#1773,#1774,#1775);
#1773 = CARTESIAN_POINT('',(-161.7179449423,20.763125105919,
    34.364477231327));
#1774 = DIRECTION('',(0.,-0.985871018518,-0.167506223305));
#1775 = DIRECTION('',(0.,-0.167506223305,0.985871018518));
#1776 = DEFINITIONAL_REPRESENTATION('',(#1777),#1781);
#1777 = LINE('',#1778,#1779);
#1778 = CARTESIAN_POINT('',(-11.02242232723,-0.372944942388));
#1779 = VECTOR('',#1780,1.);
#1780 = DIRECTION('',(-1.,0.));
#1781 = ( GEOMETRIC_REPRESENTATION_CONTEXT(2) 
PARAMETRIC_REPRESENTATION_CONTEXT() REPRESENTATION_CONTEXT('2D SPACE',''
  ) );
#1782 = ORIENTED_EDGE('',*,*,#1783,.T.);
#1783 = EDGE_CURVE('',#1756,#1784,#1786,.T.);
#1784 = VERTEX_POINT('',#1785);
#1785 = CARTESIAN_POINT('',(-161.345,20.5,37.));
#1786 = SURFACE_CURVE('',#1787,(#1791,#1798),.PCURVE_S1.);
#1787 = LINE('',#1788,#1789);
#1788 = CARTESIAN_POINT('',(-161.345,20.591172956548,35.376515096502));
#1789 = VECTOR('',#1790,1.);
#1790 = DIRECTION('',(-0.,-5.607044723719E-02,0.998426815018));
#1791 = PCURVE('',#271,#1792);
#1792 = DEFINITIONAL_REPRESENTATION('',(#1793),#1797);
#1793 = LINE('',#1794,#1795);
#1794 = CARTESIAN_POINT('',(-34.3765150965,-64.59117295654));
#1795 = VECTOR('',#1796,1.);
#1796 = DIRECTION('',(-0.998426815018,5.607044723719E-02));
#1797 = ( GEOMETRIC_REPRESENTATION_CONTEXT(2) 
PARAMETRIC_REPRESENTATION_CONTEXT() REPRESENTATION_CONTEXT('2D SPACE',''
  ) );
#1798 = PCURVE('',#1799,#1804);
#1799 = PLANE('',#1800);
#1800 = AXIS2_PLACEMENT_3D('',#1801,#1802,#1803);
#1801 = CARTESIAN_POINT('',(-161.6839467329,20.533752627201,
    36.398978789449));
#1802 = DIRECTION('',(0.,-0.998426815018,-5.607044723719E-02));
#1803 = DIRECTION('',(0.,-5.607044723719E-02,0.998426815018));
#1804 = DEFINITIONAL_REPRESENTATION('',(#1805),#1809);
#1805 = LINE('',#1806,#1807);
#1806 = CARTESIAN_POINT('',(-1.024074751967,-0.338946732972));
#1807 = VECTOR('',#1808,1.);
#1808 = DIRECTION('',(1.,-0.));
#1809 = ( GEOMETRIC_REPRESENTATION_CONTEXT(2) 
PARAMETRIC_REPRESENTATION_CONTEXT() REPRESENTATION_CONTEXT('2D SPACE',''
  ) );
#1810 = ORIENTED_EDGE('',*,*,#1811,.F.);
#1811 = EDGE_CURVE('',#1812,#1784,#1814,.T.);
#1812 = VERTEX_POINT('',#1813);
#1813 = CARTESIAN_POINT('',(-161.345,20.591172956548,38.623484903498));
#1814 = SURFACE_CURVE('',#1815,(#1819,#1826),.PCURVE_S1.);
#1815 = LINE('',#1816,#1817);
#1816 = CARTESIAN_POINT('',(-161.345,19.407736247385,17.550441927635));
#1817 = VECTOR('',#1818,1.);
#1818 = DIRECTION('',(-0.,-5.607044723719E-02,-0.998426815018));
#1819 = PCURVE('',#271,#1820);
#1820 = DEFINITIONAL_REPRESENTATION('',(#1821),#1825);
#1821 = LINE('',#1822,#1823);
#1822 = CARTESIAN_POINT('',(-16.55044192763,-63.40773624738));
#1823 = VECTOR('',#1824,1.);
#1824 = DIRECTION('',(0.998426815018,5.607044723719E-02));
#1825 = ( GEOMETRIC_REPRESENTATION_CONTEXT(2) 
PARAMETRIC_REPRESENTATION_CONTEXT() REPRESENTATION_CONTEXT('2D SPACE',''
  ) );
#1826 = PCURVE('',#1827,#1832);
#1827 = PLANE('',#1828);
#1828 = AXIS2_PLACEMENT_3D('',#1829,#1830,#1831);
#1829 = CARTESIAN_POINT('',(-161.7179449423,20.533614295572,
    37.59855798768));
#1830 = DIRECTION('',(-0.,-0.998426815018,5.607044723719E-02));
#1831 = DIRECTION('',(0.,5.607044723719E-02,0.998426815018));
#1832 = DEFINITIONAL_REPRESENTATION('',(#1833),#1837);
#1833 = LINE('',#1834,#1835);
#1834 = CARTESIAN_POINT('',(-20.07970515063,-0.372944942388));
#1835 = VECTOR('',#1836,1.);
#1836 = DIRECTION('',(-1.,0.));
#1837 = ( GEOMETRIC_REPRESENTATION_CONTEXT(2) 
PARAMETRIC_REPRESENTATION_CONTEXT() REPRESENTATION_CONTEXT('2D SPACE',''
  ) );
#1838 = ORIENTED_EDGE('',*,*,#1839,.T.);
#1839 = EDGE_CURVE('',#1812,#1840,#1842,.T.);
#1840 = VERTEX_POINT('',#1841);
#1841 = CARTESIAN_POINT('',(-161.345,20.863545273364,40.226553542367));
#1842 = SURFACE_CURVE('',#1843,(#1847,#1854),.PCURVE_S1.);
#1843 = LINE('',#1844,#1845);
#1844 = CARTESIAN_POINT('',(-161.345,20.591172956548,38.623484903498));
#1845 = VECTOR('',#1846,1.);
#1846 = DIRECTION('',(-0.,0.167506223305,0.985871018518));
#1847 = PCURVE('',#271,#1848);
#1848 = DEFINITIONAL_REPRESENTATION('',(#1849),#1853);
#1849 = LINE('',#1850,#1851);
#1850 = CARTESIAN_POINT('',(-37.62348490349,-64.59117295654));
#1851 = VECTOR('',#1852,1.);
#1852 = DIRECTION('',(-0.985871018518,-0.167506223305));
#1853 = ( GEOMETRIC_REPRESENTATION_CONTEXT(2) 
PARAMETRIC_REPRESENTATION_CONTEXT() REPRESENTATION_CONTEXT('2D SPACE',''
  ) );
#1854 = PCURVE('',#1855,#1860);
#1855 = PLANE('',#1856);
#1856 = AXIS2_PLACEMENT_3D('',#1857,#1858,#1859);
#1857 = CARTESIAN_POINT('',(-161.6839467329,20.762711850632,
    39.633090522259));
#1858 = DIRECTION('',(-0.,-0.985871018518,0.167506223305));
#1859 = DIRECTION('',(0.,0.167506223305,0.985871018518));
#1860 = DEFINITIONAL_REPRESENTATION('',(#1861),#1865);
#1861 = LINE('',#1862,#1863);
#1862 = CARTESIAN_POINT('',(-1.024074751967,-0.338946732972));
#1863 = VECTOR('',#1864,1.);
#1864 = DIRECTION('',(1.,-0.));
#1865 = ( GEOMETRIC_REPRESENTATION_CONTEXT(2) 
PARAMETRIC_REPRESENTATION_CONTEXT() REPRESENTATION_CONTEXT('2D SPACE',''
  ) );
#1866 = ORIENTED_EDGE('',*,*,#1867,.F.);
#1867 = EDGE_CURVE('',#1868,#1840,#1870,.T.);
#1868 = VERTEX_POINT('',#1869);
#1869 = CARTESIAN_POINT('',(-161.345,21.313691710529,41.78904639835));
#1870 = SURFACE_CURVE('',#1871,(#1875,#1882),.PCURVE_S1.);
#1871 = LINE('',#1872,#1873);
#1872 = CARTESIAN_POINT('',(-161.345,13.243577727499,13.777060954532));
#1873 = VECTOR('',#1874,1.);
#1874 = DIRECTION('',(-0.,-0.276835511425,-0.960917321945));
#1875 = PCURVE('',#271,#1876);
#1876 = DEFINITIONAL_REPRESENTATION('',(#1877),#1881);
#1877 = LINE('',#1878,#1879);
#1878 = CARTESIAN_POINT('',(-12.77706095453,-57.24357772749));
#1879 = VECTOR('',#1880,1.);
#1880 = DIRECTION('',(0.960917321945,0.276835511425));
#1881 = ( GEOMETRIC_REPRESENTATION_CONTEXT(2) 
PARAMETRIC_REPRESENTATION_CONTEXT() REPRESENTATION_CONTEXT('2D SPACE',''
  ) );
#1882 = PCURVE('',#1883,#1888);
#1883 = PLANE('',#1884);
#1884 = AXIS2_PLACEMENT_3D('',#1885,#1886,#1887);
#1885 = CARTESIAN_POINT('',(-161.7179449423,21.02950847081,
    40.80262454717));
#1886 = DIRECTION('',(-0.,-0.960917321945,0.276835511425));
#1887 = DIRECTION('',(0.,0.276835511425,0.960917321945));
#1888 = DEFINITIONAL_REPRESENTATION('',(#1889),#1893);
#1889 = LINE('',#1890,#1891);
#1890 = CARTESIAN_POINT('',(-28.12475431073,-0.372944942388));
#1891 = VECTOR('',#1892,1.);
#1892 = DIRECTION('',(-1.,0.));
#1893 = ( GEOMETRIC_REPRESENTATION_CONTEXT(2) 
PARAMETRIC_REPRESENTATION_CONTEXT() REPRESENTATION_CONTEXT('2D SPACE',''
  ) );
#1894 = ORIENTED_EDGE('',*,*,#1895,.T.);
#1895 = EDGE_CURVE('',#1868,#1896,#1898,.T.);
#1896 = VERTEX_POINT('',#1897);
#1897 = CARTESIAN_POINT('',(-161.345,21.935951415415,43.291314217205));
#1898 = SURFACE_CURVE('',#1899,(#1903,#1910),.PCURVE_S1.);
#1899 = LINE('',#1900,#1901);
#1900 = CARTESIAN_POINT('',(-161.345,21.313691710529,41.78904639835));
#1901 = VECTOR('',#1902,1.);
#1902 = DIRECTION('',(-0.,0.382683432365,0.923879532511));
#1903 = PCURVE('',#271,#1904);
#1904 = DEFINITIONAL_REPRESENTATION('',(#1905),#1909);
#1905 = LINE('',#1906,#1907);
#1906 = CARTESIAN_POINT('',(-40.78904639835,-65.31369171052));
#1907 = VECTOR('',#1908,1.);
#1908 = DIRECTION('',(-0.923879532511,-0.382683432365));
#1909 = ( GEOMETRIC_REPRESENTATION_CONTEXT(2) 
PARAMETRIC_REPRESENTATION_CONTEXT() REPRESENTATION_CONTEXT('2D SPACE',''
  ) );
#1910 = PCURVE('',#1911,#1916);
#1911 = PLANE('',#1912);
#1912 = AXIS2_PLACEMENT_3D('',#1913,#1914,#1915);
#1913 = CARTESIAN_POINT('',(-161.6839467329,21.70558815161,
    42.735168101454));
#1914 = DIRECTION('',(-0.,-0.923879532511,0.382683432365));
#1915 = DIRECTION('',(0.,0.382683432365,0.923879532511));
#1916 = DEFINITIONAL_REPRESENTATION('',(#1917),#1921);
#1917 = LINE('',#1918,#1919);
#1918 = CARTESIAN_POINT('',(-1.024074751967,-0.338946732972));
#1919 = VECTOR('',#1920,1.);
#1920 = DIRECTION('',(1.,-0.));
#1921 = ( GEOMETRIC_REPRESENTATION_CONTEXT(2) 
PARAMETRIC_REPRESENTATION_CONTEXT() REPRESENTATION_CONTEXT('2D SPACE',''
  ) );
#1922 = ORIENTED_EDGE('',*,*,#1923,.F.);
#1923 = EDGE_CURVE('',#1924,#1896,#1926,.T.);
#1924 = VERTEX_POINT('',#1925);
#1925 = CARTESIAN_POINT('',(-161.345,22.72249911119,44.714465109472));
#1926 = SURFACE_CURVE('',#1927,(#1931,#1938),.PCURVE_S1.);
#1927 = LINE('',#1928,#1929);
#1928 = CARTESIAN_POINT('',(-161.345,5.414699063282,13.398359025017));
#1929 = VECTOR('',#1930,1.);
#1930 = DIRECTION('',(-0.,-0.483718887105,-0.875223421909));
#1931 = PCURVE('',#271,#1932);
#1932 = DEFINITIONAL_REPRESENTATION('',(#1933),#1937);
#1933 = LINE('',#1934,#1935);
#1934 = CARTESIAN_POINT('',(-12.39835902501,-49.41469906328));
#1935 = VECTOR('',#1936,1.);
#1936 = DIRECTION('',(0.875223421909,0.483718887105));
#1937 = ( GEOMETRIC_REPRESENTATION_CONTEXT(2) 
PARAMETRIC_REPRESENTATION_CONTEXT() REPRESENTATION_CONTEXT('2D SPACE',''
  ) );
#1938 = PCURVE('',#1939,#1944);
#1939 = PLANE('',#1940);
#1940 = AXIS2_PLACEMENT_3D('',#1941,#1942,#1943);
#1941 = CARTESIAN_POINT('',(-161.7179449423,22.225941427015,
    43.816011633488));
#1942 = DIRECTION('',(-0.,-0.875223421909,0.483718887105));
#1943 = DIRECTION('',(0.,0.483718887105,0.875223421909));
#1944 = DEFINITIONAL_REPRESENTATION('',(#1945),#1949);
#1945 = LINE('',#1946,#1947);
#1946 = CARTESIAN_POINT('',(-34.75415744945,-0.372944942388));
#1947 = VECTOR('',#1948,1.);
#1948 = DIRECTION('',(-1.,0.));
#1949 = ( GEOMETRIC_REPRESENTATION_CONTEXT(2) 
PARAMETRIC_REPRESENTATION_CONTEXT() REPRESENTATION_CONTEXT('2D SPACE',''
  ) );
#1950 = ORIENTED_EDGE('',*,*,#1951,.T.);
#1951 = EDGE_CURVE('',#1924,#1952,#1954,.T.);
#1952 = VERTEX_POINT('',#1953);
#1953 = CARTESIAN_POINT('',(-161.345,23.663443504214,46.040602126952));
#1954 = SURFACE_CURVE('',#1955,(#1959,#1966),.PCURVE_S1.);
#1955 = LINE('',#1956,#1957);
#1956 = CARTESIAN_POINT('',(-161.345,22.72249911119,44.714465109472));
#1957 = VECTOR('',#1958,1.);
#1958 = DIRECTION('',(-0.,0.57867129618,0.815560868959));
#1959 = PCURVE('',#271,#1960);
#1960 = DEFINITIONAL_REPRESENTATION('',(#1961),#1965);
#1961 = LINE('',#1962,#1963);
#1962 = CARTESIAN_POINT('',(-43.71446510947,-66.72249911119));
#1963 = VECTOR('',#1964,1.);
#1964 = DIRECTION('',(-0.815560868959,-0.57867129618));
#1965 = ( GEOMETRIC_REPRESENTATION_CONTEXT(2) 
PARAMETRIC_REPRESENTATION_CONTEXT() REPRESENTATION_CONTEXT('2D SPACE',''
  ) );
#1966 = PCURVE('',#1967,#1972);
#1967 = PLANE('',#1968);
#1968 = AXIS2_PLACEMENT_3D('',#1969,#1970,#1971);
#1969 = CARTESIAN_POINT('',(-161.6839467329,23.315101775296,
    45.549660404066));
#1970 = DIRECTION('',(-1.319217551751E-16,-0.815560868959,0.57867129618)
  );
#1971 = DIRECTION('',(0.,0.57867129618,0.815560868959));
#1972 = DEFINITIONAL_REPRESENTATION('',(#1973),#1977);
#1973 = LINE('',#1974,#1975);
#1974 = CARTESIAN_POINT('',(-1.024074751967,-0.338946732972));
#1975 = VECTOR('',#1976,1.);
#1976 = DIRECTION('',(1.,3.821045009664E-31));
#1977 = ( GEOMETRIC_REPRESENTATION_CONTEXT(2) 
PARAMETRIC_REPRESENTATION_CONTEXT() REPRESENTATION_CONTEXT('2D SPACE',''
  ) );
#1978 = ORIENTED_EDGE('',*,*,#1979,.F.);
#1979 = EDGE_CURVE('',#1980,#1952,#1982,.T.);
#1980 = VERTEX_POINT('',#1981);
#1981 = CARTESIAN_POINT('',(-161.345,24.746951672795,47.253048327205));
#1982 = SURFACE_CURVE('',#1983,(#1987,#1994),.PCURVE_S1.);
#1983 = LINE('',#1984,#1985);
#1984 = CARTESIAN_POINT('',(-161.345,-2.348053181801,16.933723900876));
#1985 = VECTOR('',#1986,1.);
#1986 = DIRECTION('',(-0.,-0.666346577952,-0.745642164883));
#1987 = PCURVE('',#271,#1988);
#1988 = DEFINITIONAL_REPRESENTATION('',(#1989),#1993);
#1989 = LINE('',#1990,#1991);
#1990 = CARTESIAN_POINT('',(-15.93372390087,-41.65194681819));
#1991 = VECTOR('',#1992,1.);
#1992 = DIRECTION('',(0.745642164883,0.666346577952));
#1993 = ( GEOMETRIC_REPRESENTATION_CONTEXT(2) 
PARAMETRIC_REPRESENTATION_CONTEXT() REPRESENTATION_CONTEXT('2D SPACE',''
  ) );
#1994 = PCURVE('',#1995,#2000);
#1995 = PLANE('',#1996);
#1996 = AXIS2_PLACEMENT_3D('',#1997,#1998,#1999);
#1997 = CARTESIAN_POINT('',(-161.7179449423,24.062919019892,
    46.487615435317));
#1998 = DIRECTION('',(-2.602703614191E-16,-0.745642164883,0.666346577952
    ));
#1999 = DIRECTION('',(0.,0.666346577952,0.745642164883));
#2000 = DEFINITIONAL_REPRESENTATION('',(#2001),#2005);
#2001 = LINE('',#2002,#2003);
#2002 = CARTESIAN_POINT('',(-39.63548861144,-0.372944942388));
#2003 = VECTOR('',#2004,1.);
#2004 = DIRECTION('',(-1.,0.));
#2005 = ( GEOMETRIC_REPRESENTATION_CONTEXT(2) 
PARAMETRIC_REPRESENTATION_CONTEXT() REPRESENTATION_CONTEXT('2D SPACE',''
  ) );
#2006 = ORIENTED_EDGE('',*,*,#2007,.T.);
#2007 = EDGE_CURVE('',#1980,#2008,#2010,.T.);
#2008 = VERTEX_POINT('',#2009);
#2009 = CARTESIAN_POINT('',(-161.345,25.959397873048,48.336556495786));
#2010 = SURFACE_CURVE('',#2011,(#2015,#2022),.PCURVE_S1.);
#2011 = LINE('',#2012,#2013);
#2012 = CARTESIAN_POINT('',(-161.345,24.746951672795,47.253048327205));
#2013 = VECTOR('',#2014,1.);
#2014 = DIRECTION('',(-0.,0.745642164883,0.666346577952));
#2015 = PCURVE('',#271,#2016);
#2016 = DEFINITIONAL_REPRESENTATION('',(#2017),#2021);
#2017 = LINE('',#2018,#2019);
#2018 = CARTESIAN_POINT('',(-46.2530483272,-68.74695167279));
#2019 = VECTOR('',#2020,1.);
#2020 = DIRECTION('',(-0.666346577952,-0.745642164883));
#2021 = ( GEOMETRIC_REPRESENTATION_CONTEXT(2) 
PARAMETRIC_REPRESENTATION_CONTEXT() REPRESENTATION_CONTEXT('2D SPACE',''
  ) );
#2022 = PCURVE('',#2023,#2028);
#2023 = PLANE('',#2024);
#2024 = AXIS2_PLACEMENT_3D('',#2025,#2026,#2027);
#2025 = CARTESIAN_POINT('',(-161.6839467329,25.510544987854,
    47.935437033745));
#2026 = DIRECTION('',(-2.044833793347E-16,-0.666346577952,0.745642164883
    ));
#2027 = DIRECTION('',(-1.232595164408E-32,-0.745642164883,
    -0.666346577952));
#2028 = DEFINITIONAL_REPRESENTATION('',(#2029),#2033);
#2029 = LINE('',#2030,#2031);
#2030 = CARTESIAN_POINT('',(1.024074751967,0.338946732972));
#2031 = VECTOR('',#2032,1.);
#2032 = DIRECTION('',(-1.,1.232595164408E-31));
#2033 = ( GEOMETRIC_REPRESENTATION_CONTEXT(2) 
PARAMETRIC_REPRESENTATION_CONTEXT() REPRESENTATION_CONTEXT('2D SPACE',''
  ) );
#2034 = ORIENTED_EDGE('',*,*,#2035,.F.);
#2035 = EDGE_CURVE('',#2036,#2008,#2038,.T.);
#2036 = VERTEX_POINT('',#2037);
#2037 = CARTESIAN_POINT('',(-161.345,27.285534890528,49.27750088881));
#2038 = SURFACE_CURVE('',#2039,(#2043,#2050),.PCURVE_S1.);
#2039 = LINE('',#2040,#2041);
#2040 = CARTESIAN_POINT('',(-161.345,-8.232564494303,24.076065421349));
#2041 = VECTOR('',#2042,1.);
#2042 = DIRECTION('',(-0.,-0.815560868959,-0.57867129618));
#2043 = PCURVE('',#271,#2044);
#2044 = DEFINITIONAL_REPRESENTATION('',(#2045),#2049);
#2045 = LINE('',#2046,#2047);
#2046 = CARTESIAN_POINT('',(-23.07606542134,-35.76743550569));
#2047 = VECTOR('',#2048,1.);
#2048 = DIRECTION('',(0.57867129618,0.815560868959));
#2049 = ( GEOMETRIC_REPRESENTATION_CONTEXT(2) 
PARAMETRIC_REPRESENTATION_CONTEXT() REPRESENTATION_CONTEXT('2D SPACE',''
  ) );
#2050 = PCURVE('',#2051,#2056);
#2051 = PLANE('',#2052);
#2052 = AXIS2_PLACEMENT_3D('',#2053,#2054,#2055);
#2053 = CARTESIAN_POINT('',(-161.7179449423,26.448327522385,
    48.683470582387));
#2054 = DIRECTION('',(-0.,-0.57867129618,0.815560868959));
#2055 = DIRECTION('',(0.,-0.815560868959,-0.57867129618));
#2056 = DEFINITIONAL_REPRESENTATION('',(#2057),#2061);
#2057 = LINE('',#2058,#2059);
#2058 = CARTESIAN_POINT('',(42.523977469572,0.372944942388));
#2059 = VECTOR('',#2060,1.);
#2060 = DIRECTION('',(1.,-0.));
#2061 = ( GEOMETRIC_REPRESENTATION_CONTEXT(2) 
PARAMETRIC_REPRESENTATION_CONTEXT() REPRESENTATION_CONTEXT('2D SPACE',''
  ) );
#2062 = ORIENTED_EDGE('',*,*,#2063,.T.);
#2063 = EDGE_CURVE('',#2036,#2064,#2066,.T.);
#2064 = VERTEX_POINT('',#2065);
#2065 = CARTESIAN_POINT('',(-161.345,28.708685782795,50.064048584585));
#2066 = SURFACE_CURVE('',#2067,(#2071,#2078),.PCURVE_S1.);
#2067 = LINE('',#2068,#2069);
#2068 = CARTESIAN_POINT('',(-161.345,27.285534890528,49.27750088881));
#2069 = VECTOR('',#2070,1.);
#2070 = DIRECTION('',(-0.,0.875223421909,0.483718887105));
#2071 = PCURVE('',#271,#2072);
#2072 = DEFINITIONAL_REPRESENTATION('',(#2073),#2077);
#2073 = LINE('',#2074,#2075);
#2074 = CARTESIAN_POINT('',(-48.27750088881,-71.28553489052));
#2075 = VECTOR('',#2076,1.);
#2076 = DIRECTION('',(-0.483718887105,-0.875223421909));
#2077 = ( GEOMETRIC_REPRESENTATION_CONTEXT(2) 
PARAMETRIC_REPRESENTATION_CONTEXT() REPRESENTATION_CONTEXT('2D SPACE',''
  ) );
#2078 = PCURVE('',#2079,#2084);
#2079 = PLANE('',#2080);
#2080 = AXIS2_PLACEMENT_3D('',#2081,#2082,#2083);
#2081 = CARTESIAN_POINT('',(-161.6839467329,28.181829099235,
    49.772865188144));
#2082 = DIRECTION('',(-0.,-0.483718887105,0.875223421909));
#2083 = DIRECTION('',(0.,-0.875223421909,-0.483718887105));
#2084 = DEFINITIONAL_REPRESENTATION('',(#2085),#2089);
#2085 = LINE('',#2086,#2087);
#2086 = CARTESIAN_POINT('',(1.024074751967,0.338946732972));
#2087 = VECTOR('',#2088,1.);
#2088 = DIRECTION('',(-1.,0.));
#2089 = ( GEOMETRIC_REPRESENTATION_CONTEXT(2) 
PARAMETRIC_REPRESENTATION_CONTEXT() REPRESENTATION_CONTEXT('2D SPACE',''
  ) );
#2090 = ORIENTED_EDGE('',*,*,#2091,.F.);
#2091 = EDGE_CURVE('',#2092,#2064,#2094,.T.);
#2092 = VERTEX_POINT('',#2093);
#2093 = CARTESIAN_POINT('',(-161.345,30.21095360165,50.686308289471));
#2094 = SURFACE_CURVE('',#2095,(#2099,#2106),.PCURVE_S1.);
#2095 = LINE('',#2096,#2097);
#2096 = CARTESIAN_POINT('',(-161.345,-10.71813381721,33.732925185025));
#2097 = VECTOR('',#2098,1.);
#2098 = DIRECTION('',(-0.,-0.923879532511,-0.382683432365));
#2099 = PCURVE('',#271,#2100);
#2100 = DEFINITIONAL_REPRESENTATION('',(#2101),#2105);
#2101 = LINE('',#2102,#2103);
#2102 = CARTESIAN_POINT('',(-32.73292518502,-33.28186618278));
#2103 = VECTOR('',#2104,1.);
#2104 = DIRECTION('',(0.382683432365,0.923879532511));
#2105 = ( GEOMETRIC_REPRESENTATION_CONTEXT(2) 
PARAMETRIC_REPRESENTATION_CONTEXT() REPRESENTATION_CONTEXT('2D SPACE',''
  ) );
#2106 = PCURVE('',#2107,#2112);
#2107 = PLANE('',#2108);
#2108 = AXIS2_PLACEMENT_3D('',#2109,#2110,#2111);
#2109 = CARTESIAN_POINT('',(-161.7179449423,29.26255259158,
    50.293467728532));
#2110 = DIRECTION('',(-0.,-0.382683432365,0.923879532511));
#2111 = DIRECTION('',(0.,-0.923879532511,-0.382683432365));
#2112 = DEFINITIONAL_REPRESENTATION('',(#2113),#2117);
#2113 = LINE('',#2114,#2115);
#2114 = CARTESIAN_POINT('',(43.274783131212,0.372944942388));
#2115 = VECTOR('',#2116,1.);
#2116 = DIRECTION('',(1.,-0.));
#2117 = ( GEOMETRIC_REPRESENTATION_CONTEXT(2) 
PARAMETRIC_REPRESENTATION_CONTEXT() REPRESENTATION_CONTEXT('2D SPACE',''
  ) );
#2118 = ORIENTED_EDGE('',*,*,#2119,.T.);
#2119 = EDGE_CURVE('',#2092,#2120,#2122,.T.);
#2120 = VERTEX_POINT('',#2121);
#2121 = CARTESIAN_POINT('',(-161.345,31.773446457633,51.136454726636));
#2122 = SURFACE_CURVE('',#2123,(#2127,#2134),.PCURVE_S1.);
#2123 = LINE('',#2124,#2125);
#2124 = CARTESIAN_POINT('',(-161.345,30.21095360165,50.686308289471));
#2125 = VECTOR('',#2126,1.);
#2126 = DIRECTION('',(-0.,0.960917321945,0.276835511425));
#2127 = PCURVE('',#271,#2128);
#2128 = DEFINITIONAL_REPRESENTATION('',(#2129),#2133);
#2129 = LINE('',#2130,#2131);
#2130 = CARTESIAN_POINT('',(-49.68630828947,-74.21095360165));
#2131 = VECTOR('',#2132,1.);
#2132 = DIRECTION('',(-0.276835511425,-0.960917321945));
#2133 = ( GEOMETRIC_REPRESENTATION_CONTEXT(2) 
PARAMETRIC_REPRESENTATION_CONTEXT() REPRESENTATION_CONTEXT('2D SPACE',''
  ) );
#2134 = PCURVE('',#2135,#2140);
#2135 = PLANE('',#2136);
#2136 = AXIS2_PLACEMENT_3D('',#2137,#2138,#2139);
#2137 = CARTESIAN_POINT('',(-161.6839467329,31.195004769782,
    50.969808547169));
#2138 = DIRECTION('',(-0.,-0.276835511425,0.960917321945));
#2139 = DIRECTION('',(0.,-0.960917321945,-0.276835511425));
#2140 = DEFINITIONAL_REPRESENTATION('',(#2141),#2145);
#2141 = LINE('',#2142,#2143);
#2142 = CARTESIAN_POINT('',(1.024074751967,0.338946732972));
#2143 = VECTOR('',#2144,1.);
#2144 = DIRECTION('',(-1.,0.));
#2145 = ( GEOMETRIC_REPRESENTATION_CONTEXT(2) 
PARAMETRIC_REPRESENTATION_CONTEXT() REPRESENTATION_CONTEXT('2D SPACE',''
  ) );
#2146 = ORIENTED_EDGE('',*,*,#2147,.F.);
#2147 = EDGE_CURVE('',#2148,#2120,#2150,.T.);
#2148 = VERTEX_POINT('',#2149);
#2149 = CARTESIAN_POINT('',(-161.345,33.376515096502,51.408827043452));
#2150 = SURFACE_CURVE('',#2151,(#2155,#2162),.PCURVE_S1.);
#2151 = LINE('',#2152,#2153);
#2152 = CARTESIAN_POINT('',(-161.345,-8.894478326989,44.226696388723));
#2153 = VECTOR('',#2154,1.);
#2154 = DIRECTION('',(-0.,-0.985871018518,-0.167506223305));
#2155 = PCURVE('',#271,#2156);
#2156 = DEFINITIONAL_REPRESENTATION('',(#2157),#2161);
#2157 = LINE('',#2158,#2159);
#2158 = CARTESIAN_POINT('',(-43.22669638872,-35.10552167301));
#2159 = VECTOR('',#2160,1.);
#2160 = DIRECTION('',(0.167506223305,0.985871018518));
#2161 = ( GEOMETRIC_REPRESENTATION_CONTEXT(2) 
PARAMETRIC_REPRESENTATION_CONTEXT() REPRESENTATION_CONTEXT('2D SPACE',''
  ) );
#2162 = PCURVE('',#2163,#2168);
#2163 = PLANE('',#2164);
#2164 = AXIS2_PLACEMENT_3D('',#2165,#2166,#2167);
#2165 = CARTESIAN_POINT('',(-161.7179449423,32.364477231327,
    51.236874894081));
#2166 = DIRECTION('',(-0.,-0.167506223305,0.985871018518));
#2167 = DIRECTION('',(0.,-0.985871018518,-0.167506223305));
#2168 = DEFINITIONAL_REPRESENTATION('',(#2169),#2173);
#2169 = LINE('',#2170,#2171);
#2170 = CARTESIAN_POINT('',(41.8502570654,0.372944942388));
#2171 = VECTOR('',#2172,1.);
#2172 = DIRECTION('',(1.,-0.));
#2173 = ( GEOMETRIC_REPRESENTATION_CONTEXT(2) 
PARAMETRIC_REPRESENTATION_CONTEXT() REPRESENTATION_CONTEXT('2D SPACE',''
  ) );
#2174 = ORIENTED_EDGE('',*,*,#2175,.T.);
#2175 = EDGE_CURVE('',#2148,#2176,#2178,.T.);
#2176 = VERTEX_POINT('',#2177);
#2177 = CARTESIAN_POINT('',(-161.345,35.,51.5));
#2178 = SURFACE_CURVE('',#2179,(#2183,#2190),.PCURVE_S1.);
#2179 = LINE('',#2180,#2181);
#2180 = CARTESIAN_POINT('',(-161.345,33.376515096502,51.408827043452));
#2181 = VECTOR('',#2182,1.);
#2182 = DIRECTION('',(-0.,0.998426815018,5.607044723719E-02));
#2183 = PCURVE('',#271,#2184);
#2184 = DEFINITIONAL_REPRESENTATION('',(#2185),#2189);
#2185 = LINE('',#2186,#2187);
#2186 = CARTESIAN_POINT('',(-50.40882704345,-77.3765150965));
#2187 = VECTOR('',#2188,1.);
#2188 = DIRECTION('',(-5.607044723719E-02,-0.998426815018));
#2189 = ( GEOMETRIC_REPRESENTATION_CONTEXT(2) 
PARAMETRIC_REPRESENTATION_CONTEXT() REPRESENTATION_CONTEXT('2D SPACE',''
  ) );
#2190 = PCURVE('',#2191,#2196);
#2191 = PLANE('',#2192);
#2192 = AXIS2_PLACEMENT_3D('',#2193,#2194,#2195);
#2193 = CARTESIAN_POINT('',(-161.6839467329,34.398978789449,
    51.466247372799));
#2194 = DIRECTION('',(-0.,-5.607044723719E-02,0.998426815018));
#2195 = DIRECTION('',(0.,-0.998426815018,-5.607044723719E-02));
#2196 = DEFINITIONAL_REPRESENTATION('',(#2197),#2201);
#2197 = LINE('',#2198,#2199);
#2198 = CARTESIAN_POINT('',(1.024074751967,0.338946732972));
#2199 = VECTOR('',#2200,1.);
#2200 = DIRECTION('',(-1.,-0.));
#2201 = ( GEOMETRIC_REPRESENTATION_CONTEXT(2) 
PARAMETRIC_REPRESENTATION_CONTEXT() REPRESENTATION_CONTEXT('2D SPACE',''
  ) );
#2202 = ORIENTED_EDGE('',*,*,#2203,.F.);
#2203 = EDGE_CURVE('',#2204,#2176,#2206,.T.);
#2204 = VERTEX_POINT('',#2205);
#2205 = CARTESIAN_POINT('',(-161.345,36.623484903498,51.408827043452));
#2206 = SURFACE_CURVE('',#2207,(#2211,#2218),.PCURVE_S1.);
#2207 = LINE('',#2208,#2209);
#2208 = CARTESIAN_POINT('',(-161.345,-2.662985640747,53.615107905157));
#2209 = VECTOR('',#2210,1.);
#2210 = DIRECTION('',(-0.,-0.998426815018,5.607044723719E-02));
#2211 = PCURVE('',#271,#2212);
#2212 = DEFINITIONAL_REPRESENTATION('',(#2213),#2217);
#2213 = LINE('',#2214,#2215);
#2214 = CARTESIAN_POINT('',(-52.61510790515,-41.33701435925));
#2215 = VECTOR('',#2216,1.);
#2216 = DIRECTION('',(-5.607044723719E-02,0.998426815018));
#2217 = ( GEOMETRIC_REPRESENTATION_CONTEXT(2) 
PARAMETRIC_REPRESENTATION_CONTEXT() REPRESENTATION_CONTEXT('2D SPACE',''
  ) );
#2218 = PCURVE('',#2219,#2224);
#2219 = PLANE('',#2220);
#2220 = AXIS2_PLACEMENT_3D('',#2221,#2222,#2223);
#2221 = CARTESIAN_POINT('',(-161.7179449423,35.59855798768,
    51.466385704428));
#2222 = DIRECTION('',(-0.,5.607044723719E-02,0.998426815018));
#2223 = DIRECTION('',(0.,-0.998426815018,5.607044723719E-02));
#2224 = DEFINITIONAL_REPRESENTATION('',(#2225),#2229);
#2225 = LINE('',#2226,#2227);
#2226 = CARTESIAN_POINT('',(38.321830957379,0.372944942388));
#2227 = VECTOR('',#2228,1.);
#2228 = DIRECTION('',(1.,-0.));
#2229 = ( GEOMETRIC_REPRESENTATION_CONTEXT(2) 
PARAMETRIC_REPRESENTATION_CONTEXT() REPRESENTATION_CONTEXT('2D SPACE',''
  ) );
#2230 = ORIENTED_EDGE('',*,*,#2231,.T.);
#2231 = EDGE_CURVE('',#2204,#2232,#2234,.T.);
#2232 = VERTEX_POINT('',#2233);
#2233 = CARTESIAN_POINT('',(-161.345,38.226553542367,51.136454726636));
#2234 = SURFACE_CURVE('',#2235,(#2239,#2246),.PCURVE_S1.);
#2235 = LINE('',#2236,#2237);
#2236 = CARTESIAN_POINT('',(-161.345,36.623484903498,51.408827043452));
#2237 = VECTOR('',#2238,1.);
#2238 = DIRECTION('',(-0.,0.985871018518,-0.167506223305));
#2239 = PCURVE('',#271,#2240);
#2240 = DEFINITIONAL_REPRESENTATION('',(#2241),#2245);
#2241 = LINE('',#2242,#2243);
#2242 = CARTESIAN_POINT('',(-50.40882704345,-80.62348490349));
#2243 = VECTOR('',#2244,1.);
#2244 = DIRECTION('',(0.167506223305,-0.985871018518));
#2245 = ( GEOMETRIC_REPRESENTATION_CONTEXT(2) 
PARAMETRIC_REPRESENTATION_CONTEXT() REPRESENTATION_CONTEXT('2D SPACE',''
  ) );
#2246 = PCURVE('',#2247,#2252);
#2247 = PLANE('',#2248);
#2248 = AXIS2_PLACEMENT_3D('',#2249,#2250,#2251);
#2249 = CARTESIAN_POINT('',(-161.6839467329,37.633090522259,
    51.237288149368));
#2250 = DIRECTION('',(-0.,0.167506223305,0.985871018518));
#2251 = DIRECTION('',(0.,-0.985871018518,0.167506223305));
#2252 = DEFINITIONAL_REPRESENTATION('',(#2253),#2257);
#2253 = LINE('',#2254,#2255);
#2254 = CARTESIAN_POINT('',(1.024074751967,0.338946732972));
#2255 = VECTOR('',#2256,1.);
#2256 = DIRECTION('',(-1.,0.));
#2257 = ( GEOMETRIC_REPRESENTATION_CONTEXT(2) 
PARAMETRIC_REPRESENTATION_CONTEXT() REPRESENTATION_CONTEXT('2D SPACE',''
  ) );
#2258 = ORIENTED_EDGE('',*,*,#2259,.F.);
#2259 = EDGE_CURVE('',#2260,#2232,#2262,.T.);
#2260 = VERTEX_POINT('',#2261);
#2261 = CARTESIAN_POINT('',(-161.345,39.78904639835,50.686308289471));
#2262 = SURFACE_CURVE('',#2263,(#2267,#2274),.PCURVE_S1.);
#2263 = LINE('',#2264,#2265);
#2264 = CARTESIAN_POINT('',(-161.345,7.220698012644,60.069087822854));
#2265 = VECTOR('',#2266,1.);
#2266 = DIRECTION('',(-0.,-0.960917321945,0.276835511425));
#2267 = PCURVE('',#271,#2268);
#2268 = DEFINITIONAL_REPRESENTATION('',(#2269),#2273);
#2269 = LINE('',#2270,#2271);
#2270 = CARTESIAN_POINT('',(-59.06908782285,-51.22069801264));
#2271 = VECTOR('',#2272,1.);
#2272 = DIRECTION('',(-0.276835511425,0.960917321945));
#2273 = ( GEOMETRIC_REPRESENTATION_CONTEXT(2) 
PARAMETRIC_REPRESENTATION_CONTEXT() REPRESENTATION_CONTEXT('2D SPACE',''
  ) );
#2274 = PCURVE('',#2275,#2280);
#2275 = PLANE('',#2276);
#2276 = AXIS2_PLACEMENT_3D('',#2277,#2278,#2279);
#2277 = CARTESIAN_POINT('',(-161.7179449423,38.80262454717,
    50.97049152919));
#2278 = DIRECTION('',(-0.,0.276835511425,0.960917321945));
#2279 = DIRECTION('',(0.,-0.960917321945,0.276835511425));
#2280 = DEFINITIONAL_REPRESENTATION('',(#2281),#2285);
#2281 = LINE('',#2282,#2283);
#2282 = CARTESIAN_POINT('',(32.866434825629,0.372944942388));
#2283 = VECTOR('',#2284,1.);
#2284 = DIRECTION('',(1.,-0.));
#2285 = ( GEOMETRIC_REPRESENTATION_CONTEXT(2) 
PARAMETRIC_REPRESENTATION_CONTEXT() REPRESENTATION_CONTEXT('2D SPACE',''
  ) );
#2286 = ORIENTED_EDGE('',*,*,#2287,.T.);
#2287 = EDGE_CURVE('',#2260,#2288,#2290,.T.);
#2288 = VERTEX_POINT('',#2289);
#2289 = CARTESIAN_POINT('',(-161.345,41.291314217205,50.064048584585));
#2290 = SURFACE_CURVE('',#2291,(#2295,#2302),.PCURVE_S1.);
#2291 = LINE('',#2292,#2293);
#2292 = CARTESIAN_POINT('',(-161.345,39.78904639835,50.686308289471));
#2293 = VECTOR('',#2294,1.);
#2294 = DIRECTION('',(-0.,0.923879532511,-0.382683432365));
#2295 = PCURVE('',#271,#2296);
#2296 = DEFINITIONAL_REPRESENTATION('',(#2297),#2301);
#2297 = LINE('',#2298,#2299);
#2298 = CARTESIAN_POINT('',(-49.68630828947,-83.78904639835));
#2299 = VECTOR('',#2300,1.);
#2300 = DIRECTION('',(0.382683432365,-0.923879532511));
#2301 = ( GEOMETRIC_REPRESENTATION_CONTEXT(2) 
PARAMETRIC_REPRESENTATION_CONTEXT() REPRESENTATION_CONTEXT('2D SPACE',''
  ) );
#2302 = PCURVE('',#2303,#2308);
#2303 = PLANE('',#2304);
#2304 = AXIS2_PLACEMENT_3D('',#2305,#2306,#2307);
#2305 = CARTESIAN_POINT('',(-161.6839467329,40.735168101454,
    50.29441184839));
#2306 = DIRECTION('',(-0.,0.382683432365,0.923879532511));
#2307 = DIRECTION('',(0.,-0.923879532511,0.382683432365));
#2308 = DEFINITIONAL_REPRESENTATION('',(#2309),#2313);
#2309 = LINE('',#2310,#2311);
#2310 = CARTESIAN_POINT('',(1.024074751967,0.338946732972));
#2311 = VECTOR('',#2312,1.);
#2312 = DIRECTION('',(-1.,0.));
#2313 = ( GEOMETRIC_REPRESENTATION_CONTEXT(2) 
PARAMETRIC_REPRESENTATION_CONTEXT() REPRESENTATION_CONTEXT('2D SPACE',''
  ) );
#2314 = ORIENTED_EDGE('',*,*,#2315,.F.);
#2315 = EDGE_CURVE('',#2316,#2288,#2318,.T.);
#2316 = VERTEX_POINT('',#2317);
#2317 = CARTESIAN_POINT('',(-161.345,42.714465109472,49.27750088881));
#2318 = SURFACE_CURVE('',#2319,(#2323,#2330),.PCURVE_S1.);
#2319 = LINE('',#2320,#2321);
#2320 = CARTESIAN_POINT('',(-161.345,19.27233493029,62.233508278238));
#2321 = VECTOR('',#2322,1.);
#2322 = DIRECTION('',(-0.,-0.875223421909,0.483718887105));
#2323 = PCURVE('',#271,#2324);
#2324 = DEFINITIONAL_REPRESENTATION('',(#2325),#2329);
#2325 = LINE('',#2326,#2327);
#2326 = CARTESIAN_POINT('',(-61.23350827823,-63.27233493029));
#2327 = VECTOR('',#2328,1.);
#2328 = DIRECTION('',(-0.483718887105,0.875223421909));
#2329 = ( GEOMETRIC_REPRESENTATION_CONTEXT(2) 
PARAMETRIC_REPRESENTATION_CONTEXT() REPRESENTATION_CONTEXT('2D SPACE',''
  ) );
#2330 = PCURVE('',#2331,#2336);
#2331 = PLANE('',#2332);
#2332 = AXIS2_PLACEMENT_3D('',#2333,#2334,#2335);
#2333 = CARTESIAN_POINT('',(-161.7179449423,41.816011633488,
    49.774058572985));
#2334 = DIRECTION('',(-0.,0.483718887105,0.875223421909));
#2335 = DIRECTION('',(0.,-0.875223421909,0.483718887105));
#2336 = DEFINITIONAL_REPRESENTATION('',(#2337),#2341);
#2337 = LINE('',#2338,#2339);
#2338 = CARTESIAN_POINT('',(25.757625011946,0.372944942388));
#2339 = VECTOR('',#2340,1.);
#2340 = DIRECTION('',(1.,-0.));
#2341 = ( GEOMETRIC_REPRESENTATION_CONTEXT(2) 
PARAMETRIC_REPRESENTATION_CONTEXT() REPRESENTATION_CONTEXT('2D SPACE',''
  ) );
#2342 = ORIENTED_EDGE('',*,*,#2343,.T.);
#2343 = EDGE_CURVE('',#2316,#2344,#2346,.T.);
#2344 = VERTEX_POINT('',#2345);
#2345 = CARTESIAN_POINT('',(-161.345,44.040602126952,48.336556495786));
#2346 = SURFACE_CURVE('',#2347,(#2351,#2358),.PCURVE_S1.);
#2347 = LINE('',#2348,#2349);
#2348 = CARTESIAN_POINT('',(-161.345,42.714465109472,49.27750088881));
#2349 = VECTOR('',#2350,1.);
#2350 = DIRECTION('',(-0.,0.815560868959,-0.57867129618));
#2351 = PCURVE('',#271,#2352);
#2352 = DEFINITIONAL_REPRESENTATION('',(#2353),#2357);
#2353 = LINE('',#2354,#2355);
#2354 = CARTESIAN_POINT('',(-48.27750088881,-86.71446510947));
#2355 = VECTOR('',#2356,1.);
#2356 = DIRECTION('',(0.57867129618,-0.815560868959));
#2357 = ( GEOMETRIC_REPRESENTATION_CONTEXT(2) 
PARAMETRIC_REPRESENTATION_CONTEXT() REPRESENTATION_CONTEXT('2D SPACE',''
  ) );
#2358 = PCURVE('',#2359,#2364);
#2359 = PLANE('',#2360);
#2360 = AXIS2_PLACEMENT_3D('',#2361,#2362,#2363);
#2361 = CARTESIAN_POINT('',(-161.6839467329,43.549660404066,
    48.684898224704));
#2362 = DIRECTION('',(2.166326370099E-16,0.57867129618,0.815560868959));
#2363 = DIRECTION('',(1.232595164408E-32,-0.815560868959,0.57867129618)
  );
#2364 = DEFINITIONAL_REPRESENTATION('',(#2365),#2369);
#2365 = LINE('',#2366,#2367);
#2366 = CARTESIAN_POINT('',(1.024074751967,0.338946732972));
#2367 = VECTOR('',#2368,1.);
#2368 = DIRECTION('',(-1.,-3.697785493223E-32));
#2369 = ( GEOMETRIC_REPRESENTATION_CONTEXT(2) 
PARAMETRIC_REPRESENTATION_CONTEXT() REPRESENTATION_CONTEXT('2D SPACE',''
  ) );
#2370 = ORIENTED_EDGE('',*,*,#2371,.F.);
#2371 = EDGE_CURVE('',#2372,#2344,#2374,.T.);
#2372 = VERTEX_POINT('',#2373);
#2373 = CARTESIAN_POINT('',(-161.345,45.253048327205,47.253048327205));
#2374 = SURFACE_CURVE('',#2375,(#2379,#2386),.PCURVE_S1.);
#2375 = LINE('',#2376,#2377);
#2376 = CARTESIAN_POINT('',(-161.345,31.549331817196,59.499438126123));
#2377 = VECTOR('',#2378,1.);
#2378 = DIRECTION('',(-0.,-0.745642164883,0.666346577952));
#2379 = PCURVE('',#271,#2380);
#2380 = DEFINITIONAL_REPRESENTATION('',(#2381),#2385);
#2381 = LINE('',#2382,#2383);
#2382 = CARTESIAN_POINT('',(-58.49943812612,-75.54933181719));
#2383 = VECTOR('',#2384,1.);
#2384 = DIRECTION('',(-0.666346577952,0.745642164883));
#2385 = ( GEOMETRIC_REPRESENTATION_CONTEXT(2) 
PARAMETRIC_REPRESENTATION_CONTEXT() REPRESENTATION_CONTEXT('2D SPACE',''
  ) );
#2386 = PCURVE('',#2387,#2392);
#2387 = PLANE('',#2388);
#2388 = AXIS2_PLACEMENT_3D('',#2389,#2390,#2391);
#2389 = CARTESIAN_POINT('',(-161.7179449423,44.487615435317,
    47.937080980108));
#2390 = DIRECTION('',(-0.,0.666346577952,0.745642164883));
#2391 = DIRECTION('',(0.,-0.745642164883,0.666346577952));
#2392 = DEFINITIONAL_REPRESENTATION('',(#2393),#2397);
#2393 = LINE('',#2394,#2395);
#2394 = CARTESIAN_POINT('',(17.351866924194,0.372944942388));
#2395 = VECTOR('',#2396,1.);
#2396 = DIRECTION('',(1.,-0.));
#2397 = ( GEOMETRIC_REPRESENTATION_CONTEXT(2) 
PARAMETRIC_REPRESENTATION_CONTEXT() REPRESENTATION_CONTEXT('2D SPACE',''
  ) );
#2398 = ORIENTED_EDGE('',*,*,#2399,.T.);
#2399 = EDGE_CURVE('',#2372,#2400,#2402,.T.);
#2400 = VERTEX_POINT('',#2401);
#2401 = CARTESIAN_POINT('',(-161.345,46.336556495786,46.040602126952));
#2402 = SURFACE_CURVE('',#2403,(#2407,#2414),.PCURVE_S1.);
#2403 = LINE('',#2404,#2405);
#2404 = CARTESIAN_POINT('',(-161.345,45.253048327205,47.253048327205));
#2405 = VECTOR('',#2406,1.);
#2406 = DIRECTION('',(-0.,0.666346577952,-0.745642164883));
#2407 = PCURVE('',#271,#2408);
#2408 = DEFINITIONAL_REPRESENTATION('',(#2409),#2413);
#2409 = LINE('',#2410,#2411);
#2410 = CARTESIAN_POINT('',(-46.2530483272,-89.2530483272));
#2411 = VECTOR('',#2412,1.);
#2412 = DIRECTION('',(0.745642164883,-0.666346577952));
#2413 = ( GEOMETRIC_REPRESENTATION_CONTEXT(2) 
PARAMETRIC_REPRESENTATION_CONTEXT() REPRESENTATION_CONTEXT('2D SPACE',''
  ) );
#2414 = PCURVE('',#2415,#2420);
#2415 = PLANE('',#2416);
#2416 = AXIS2_PLACEMENT_3D('',#2417,#2418,#2419);
#2417 = CARTESIAN_POINT('',(-161.6839467329,45.935437033745,
    46.489455012146));
#2418 = DIRECTION('',(1.583931593595E-16,0.745642164883,0.666346577952)
  );
#2419 = DIRECTION('',(1.232595164408E-32,0.666346577952,-0.745642164883)
  );
#2420 = DEFINITIONAL_REPRESENTATION('',(#2421),#2425);
#2421 = LINE('',#2422,#2423);
#2422 = CARTESIAN_POINT('',(-1.024074751967,-0.338946732972));
#2423 = VECTOR('',#2424,1.);
#2424 = DIRECTION('',(1.,4.190823558987E-31));
#2425 = ( GEOMETRIC_REPRESENTATION_CONTEXT(2) 
PARAMETRIC_REPRESENTATION_CONTEXT() REPRESENTATION_CONTEXT('2D SPACE',''
  ) );
#2426 = ORIENTED_EDGE('',*,*,#2427,.F.);
#2427 = EDGE_CURVE('',#2428,#2400,#2430,.T.);
#2428 = VERTEX_POINT('',#2429);
#2429 = CARTESIAN_POINT('',(-161.345,47.27750088881,44.714465109472));
#2430 = SURFACE_CURVE('',#2431,(#2435,#2442),.PCURVE_S1.);
#2431 = LINE('',#2432,#2433);
#2432 = CARTESIAN_POINT('',(-161.345,42.013211083732,52.133787263907));
#2433 = VECTOR('',#2434,1.);
#2434 = DIRECTION('',(-0.,-0.57867129618,0.815560868959));
#2435 = PCURVE('',#271,#2436);
#2436 = DEFINITIONAL_REPRESENTATION('',(#2437),#2441);
#2437 = LINE('',#2438,#2439);
#2438 = CARTESIAN_POINT('',(-51.1337872639,-86.01321108373));
#2439 = VECTOR('',#2440,1.);
#2440 = DIRECTION('',(-0.815560868959,0.57867129618));
#2441 = ( GEOMETRIC_REPRESENTATION_CONTEXT(2) 
PARAMETRIC_REPRESENTATION_CONTEXT() REPRESENTATION_CONTEXT('2D SPACE',''
  ) );
#2442 = PCURVE('',#2443,#2448);
#2443 = PLANE('',#2444);
#2444 = AXIS2_PLACEMENT_3D('',#2445,#2446,#2447);
#2445 = CARTESIAN_POINT('',(-161.7179449423,46.683470582387,
    45.551672477615));
#2446 = DIRECTION('',(2.280078227528E-16,0.815560868959,0.57867129618));
#2447 = DIRECTION('',(1.232595164408E-32,0.57867129618,-0.815560868959)
  );
#2448 = DEFINITIONAL_REPRESENTATION('',(#2449),#2453);
#2449 = LINE('',#2450,#2451);
#2450 = CARTESIAN_POINT('',(-8.070660372281,-0.372944942388));
#2451 = VECTOR('',#2452,1.);
#2452 = DIRECTION('',(-1.,-1.232595164408E-32));
#2453 = ( GEOMETRIC_REPRESENTATION_CONTEXT(2) 
PARAMETRIC_REPRESENTATION_CONTEXT() REPRESENTATION_CONTEXT('2D SPACE',''
  ) );
#2454 = ORIENTED_EDGE('',*,*,#2455,.T.);
#2455 = EDGE_CURVE('',#2428,#2456,#2458,.T.);
#2456 = VERTEX_POINT('',#2457);
#2457 = CARTESIAN_POINT('',(-161.345,48.064048584585,43.291314217205));
#2458 = SURFACE_CURVE('',#2459,(#2463,#2470),.PCURVE_S1.);
#2459 = LINE('',#2460,#2461);
#2460 = CARTESIAN_POINT('',(-161.345,47.27750088881,44.714465109472));
#2461 = VECTOR('',#2462,1.);
#2462 = DIRECTION('',(-0.,0.483718887105,-0.875223421909));
#2463 = PCURVE('',#271,#2464);
#2464 = DEFINITIONAL_REPRESENTATION('',(#2465),#2469);
#2465 = LINE('',#2466,#2467);
#2466 = CARTESIAN_POINT('',(-43.71446510947,-91.27750088881));
#2467 = VECTOR('',#2468,1.);
#2468 = DIRECTION('',(0.875223421909,-0.483718887105));
#2469 = ( GEOMETRIC_REPRESENTATION_CONTEXT(2) 
PARAMETRIC_REPRESENTATION_CONTEXT() REPRESENTATION_CONTEXT('2D SPACE',''
  ) );
#2470 = PCURVE('',#2471,#2476);
#2471 = PLANE('',#2472);
#2472 = AXIS2_PLACEMENT_3D('',#2473,#2474,#2475);
#2473 = CARTESIAN_POINT('',(-161.6839467329,47.772865188144,
    43.818170900765));
#2474 = DIRECTION('',(1.333789196435E-16,0.875223421909,0.483718887105)
  );
#2475 = DIRECTION('',(0.,0.483718887105,-0.875223421909));
#2476 = DEFINITIONAL_REPRESENTATION('',(#2477),#2481);
#2477 = LINE('',#2478,#2479);
#2478 = CARTESIAN_POINT('',(-1.024074751967,-0.338946732972));
#2479 = VECTOR('',#2480,1.);
#2480 = DIRECTION('',(1.,2.341930812375E-31));
#2481 = ( GEOMETRIC_REPRESENTATION_CONTEXT(2) 
PARAMETRIC_REPRESENTATION_CONTEXT() REPRESENTATION_CONTEXT('2D SPACE',''
  ) );
#2482 = ORIENTED_EDGE('',*,*,#2483,.F.);
#2483 = EDGE_CURVE('',#2484,#2456,#2486,.T.);
#2484 = VERTEX_POINT('',#2485);
#2485 = CARTESIAN_POINT('',(-161.345,48.686308289471,41.78904639835));
#2486 = SURFACE_CURVE('',#2487,(#2491,#2498),.PCURVE_S1.);
#2487 = LINE('',#2488,#2489);
#2488 = CARTESIAN_POINT('',(-161.345,48.913643041893,41.240211755854));
#2489 = VECTOR('',#2490,1.);
#2490 = DIRECTION('',(-0.,-0.382683432365,0.923879532511));
#2491 = PCURVE('',#271,#2492);
#2492 = DEFINITIONAL_REPRESENTATION('',(#2493),#2497);
#2493 = LINE('',#2494,#2495);
#2494 = CARTESIAN_POINT('',(-40.24021175585,-92.91364304189));
#2495 = VECTOR('',#2496,1.);
#2496 = DIRECTION('',(-0.923879532511,0.382683432365));
#2497 = ( GEOMETRIC_REPRESENTATION_CONTEXT(2) 
PARAMETRIC_REPRESENTATION_CONTEXT() REPRESENTATION_CONTEXT('2D SPACE',''
  ) );
#2498 = PCURVE('',#2499,#2504);
#2499 = PLANE('',#2500);
#2500 = AXIS2_PLACEMENT_3D('',#2501,#2502,#2503);
#2501 = CARTESIAN_POINT('',(-161.7179449423,48.293467728532,
    42.73744740842));
#2502 = DIRECTION('',(1.380635423043E-16,0.923879532511,0.382683432365)
  );
#2503 = DIRECTION('',(0.,0.382683432365,-0.923879532511));
#2504 = DEFINITIONAL_REPRESENTATION('',(#2505),#2509);
#2505 = LINE('',#2506,#2507);
#2506 = CARTESIAN_POINT('',(1.620596192337,-0.372944942388));
#2507 = VECTOR('',#2508,1.);
#2508 = DIRECTION('',(-1.,0.));
#2509 = ( GEOMETRIC_REPRESENTATION_CONTEXT(2) 
PARAMETRIC_REPRESENTATION_CONTEXT() REPRESENTATION_CONTEXT('2D SPACE',''
  ) );
#2510 = ORIENTED_EDGE('',*,*,#2511,.T.);
#2511 = EDGE_CURVE('',#2484,#972,#2512,.T.);
#2512 = SURFACE_CURVE('',#2513,(#2517,#2524),.PCURVE_S1.);
#2513 = LINE('',#2514,#2515);
#2514 = CARTESIAN_POINT('',(-161.345,48.686308289471,41.78904639835));
#2515 = VECTOR('',#2516,1.);
#2516 = DIRECTION('',(-0.,0.276835511425,-0.960917321945));
#2517 = PCURVE('',#271,#2518);
#2518 = DEFINITIONAL_REPRESENTATION('',(#2519),#2523);
#2519 = LINE('',#2520,#2521);
#2520 = CARTESIAN_POINT('',(-40.78904639835,-92.68630828947));
#2521 = VECTOR('',#2522,1.);
#2522 = DIRECTION('',(0.960917321945,-0.276835511425));
#2523 = ( GEOMETRIC_REPRESENTATION_CONTEXT(2) 
PARAMETRIC_REPRESENTATION_CONTEXT() REPRESENTATION_CONTEXT('2D SPACE',''
  ) );
#2524 = PCURVE('',#2525,#2530);
#2525 = PLANE('',#2526);
#2526 = AXIS2_PLACEMENT_3D('',#2527,#2528,#2529);
#2527 = CARTESIAN_POINT('',(-161.6839467329,48.969808547169,
    40.804995230218));
#2528 = DIRECTION('',(-0.,0.960917321945,0.276835511425));
#2529 = DIRECTION('',(0.,0.276835511425,-0.960917321945));
#2530 = DEFINITIONAL_REPRESENTATION('',(#2531),#2535);
#2531 = LINE('',#2532,#2533);
#2532 = CARTESIAN_POINT('',(-1.024074751967,-0.338946732972));
#2533 = VECTOR('',#2534,1.);
#2534 = DIRECTION('',(1.,-0.));
#2535 = ( GEOMETRIC_REPRESENTATION_CONTEXT(2) 
PARAMETRIC_REPRESENTATION_CONTEXT() REPRESENTATION_CONTEXT('2D SPACE',''
  ) );
#2536 = FACE_BOUND('',#2537,.F.);
#2537 = EDGE_LOOP('',(#2538,#2568,#2596,#2624));
#2538 = ORIENTED_EDGE('',*,*,#2539,.T.);
#2539 = EDGE_CURVE('',#2540,#2542,#2544,.T.);
#2540 = VERTEX_POINT('',#2541);
#2541 = CARTESIAN_POINT('',(-161.345,16.370251770438,19.193426627878));
#2542 = VERTEX_POINT('',#2543);
#2543 = CARTESIAN_POINT('',(-161.345,9.063077744608,18.025005575246));
#2544 = SURFACE_CURVE('',#2545,(#2549,#2556),.PCURVE_S1.);
#2545 = LINE('',#2546,#2547);
#2546 = CARTESIAN_POINT('',(-161.345,-18.13422920779,13.676141581349));
#2547 = VECTOR('',#2548,1.);
#2548 = DIRECTION('',(-0.,-0.987455949437,-0.157894736842));
#2549 = PCURVE('',#271,#2550);
#2550 = DEFINITIONAL_REPRESENTATION('',(#2551),#2555);
#2551 = LINE('',#2552,#2553);
#2552 = CARTESIAN_POINT('',(-12.67614158134,-25.8657707922));
#2553 = VECTOR('',#2554,1.);
#2554 = DIRECTION('',(0.157894736842,0.987455949437));
#2555 = ( GEOMETRIC_REPRESENTATION_CONTEXT(2) 
PARAMETRIC_REPRESENTATION_CONTEXT() REPRESENTATION_CONTEXT('2D SPACE',''
  ) );
#2556 = PCURVE('',#2557,#2562);
#2557 = PLANE('',#2558);
#2558 = AXIS2_PLACEMENT_3D('',#2559,#2560,#2561);
#2559 = CARTESIAN_POINT('',(-145.5,9.063077744608,18.025005575246));
#2560 = DIRECTION('',(0.,-0.157894736842,0.987455949437));
#2561 = DIRECTION('',(1.,0.,0.));
#2562 = DEFINITIONAL_REPRESENTATION('',(#2563),#2567);
#2563 = LINE('',#2564,#2565);
#2564 = CARTESIAN_POINT('',(-15.845,-27.54280529468));
#2565 = VECTOR('',#2566,1.);
#2566 = DIRECTION('',(-0.,-1.));
#2567 = ( GEOMETRIC_REPRESENTATION_CONTEXT(2) 
PARAMETRIC_REPRESENTATION_CONTEXT() REPRESENTATION_CONTEXT('2D SPACE',''
  ) );
#2568 = ORIENTED_EDGE('',*,*,#2569,.T.);
#2569 = EDGE_CURVE('',#2542,#2570,#2572,.T.);
#2570 = VERTEX_POINT('',#2571);
#2571 = CARTESIAN_POINT('',(-161.345,8.494656691976,21.579846993218));
#2572 = SURFACE_CURVE('',#2573,(#2577,#2584),.PCURVE_S1.);
#2573 = LINE('',#2574,#2575);
#2574 = CARTESIAN_POINT('',(-161.345,9.728845824709,13.86136678152));
#2575 = VECTOR('',#2576,1.);
#2576 = DIRECTION('',(-0.,-0.157894736842,0.987455949437));
#2577 = PCURVE('',#271,#2578);
#2578 = DEFINITIONAL_REPRESENTATION('',(#2579),#2583);
#2579 = LINE('',#2580,#2581);
#2580 = CARTESIAN_POINT('',(-12.86136678152,-53.7288458247));
#2581 = VECTOR('',#2582,1.);
#2582 = DIRECTION('',(-0.987455949437,0.157894736842));
#2583 = ( GEOMETRIC_REPRESENTATION_CONTEXT(2) 
PARAMETRIC_REPRESENTATION_CONTEXT() REPRESENTATION_CONTEXT('2D SPACE',''
  ) );
#2584 = PCURVE('',#2585,#2590);
#2585 = PLANE('',#2586);
#2586 = AXIS2_PLACEMENT_3D('',#2587,#2588,#2589);
#2587 = CARTESIAN_POINT('',(-145.5,9.063077744608,18.025005575246));
#2588 = DIRECTION('',(0.,0.987455949437,0.157894736842));
#2589 = DIRECTION('',(0.,0.157894736842,-0.987455949437));
#2590 = DEFINITIONAL_REPRESENTATION('',(#2591),#2595);
#2591 = LINE('',#2592,#2593);
#2592 = CARTESIAN_POINT('',(4.216531173975,15.845));
#2593 = VECTOR('',#2594,1.);
#2594 = DIRECTION('',(-1.,0.));
#2595 = ( GEOMETRIC_REPRESENTATION_CONTEXT(2) 
PARAMETRIC_REPRESENTATION_CONTEXT() REPRESENTATION_CONTEXT('2D SPACE',''
  ) );
#2596 = ORIENTED_EDGE('',*,*,#2597,.F.);
#2597 = EDGE_CURVE('',#2598,#2570,#2600,.T.);
#2598 = VERTEX_POINT('',#2599);
#2599 = CARTESIAN_POINT('',(-161.345,15.801830717807,22.748268045849));
#2600 = SURFACE_CURVE('',#2601,(#2605,#2612),.PCURVE_S1.);
#2601 = LINE('',#2602,#2603);
#2602 = CARTESIAN_POINT('',(-161.345,-18.70265026042,17.23098299932));
#2603 = VECTOR('',#2604,1.);
#2604 = DIRECTION('',(-0.,-0.987455949437,-0.157894736842));
#2605 = PCURVE('',#271,#2606);
#2606 = DEFINITIONAL_REPRESENTATION('',(#2607),#2611);
#2607 = LINE('',#2608,#2609);
#2608 = CARTESIAN_POINT('',(-16.23098299932,-25.29734973957));
#2609 = VECTOR('',#2610,1.);
#2610 = DIRECTION('',(0.157894736842,0.987455949437));
#2611 = ( GEOMETRIC_REPRESENTATION_CONTEXT(2) 
PARAMETRIC_REPRESENTATION_CONTEXT() REPRESENTATION_CONTEXT('2D SPACE',''
  ) );
#2612 = PCURVE('',#2613,#2618);
#2613 = PLANE('',#2614);
#2614 = AXIS2_PLACEMENT_3D('',#2615,#2616,#2617);
#2615 = CARTESIAN_POINT('',(-145.5,8.494656691976,21.579846993218));
#2616 = DIRECTION('',(0.,-0.157894736842,0.987455949437));
#2617 = DIRECTION('',(1.,0.,0.));
#2618 = DEFINITIONAL_REPRESENTATION('',(#2619),#2623);
#2619 = LINE('',#2620,#2621);
#2620 = CARTESIAN_POINT('',(-15.845,-27.54280529468));
#2621 = VECTOR('',#2622,1.);
#2622 = DIRECTION('',(-0.,-1.));
#2623 = ( GEOMETRIC_REPRESENTATION_CONTEXT(2) 
PARAMETRIC_REPRESENTATION_CONTEXT() REPRESENTATION_CONTEXT('2D SPACE',''
  ) );
#2624 = ORIENTED_EDGE('',*,*,#2625,.F.);
#2625 = EDGE_CURVE('',#2540,#2598,#2626,.T.);
#2626 = SURFACE_CURVE('',#2627,(#2631,#2638),.PCURVE_S1.);
#2627 = LINE('',#2628,#2629);
#2628 = CARTESIAN_POINT('',(-161.345,17.036019850539,15.029787834152));
#2629 = VECTOR('',#2630,1.);
#2630 = DIRECTION('',(-0.,-0.157894736842,0.987455949437));
#2631 = PCURVE('',#271,#2632);
#2632 = DEFINITIONAL_REPRESENTATION('',(#2633),#2637);
#2633 = LINE('',#2634,#2635);
#2634 = CARTESIAN_POINT('',(-14.02978783415,-61.03601985053));
#2635 = VECTOR('',#2636,1.);
#2636 = DIRECTION('',(-0.987455949437,0.157894736842));
#2637 = ( GEOMETRIC_REPRESENTATION_CONTEXT(2) 
PARAMETRIC_REPRESENTATION_CONTEXT() REPRESENTATION_CONTEXT('2D SPACE',''
  ) );
#2638 = PCURVE('',#2639,#2644);
#2639 = PLANE('',#2640);
#2640 = AXIS2_PLACEMENT_3D('',#2641,#2642,#2643);
#2641 = CARTESIAN_POINT('',(-145.5,16.370251770438,19.193426627878));
#2642 = DIRECTION('',(0.,0.987455949437,0.157894736842));
#2643 = DIRECTION('',(0.,0.157894736842,-0.987455949437));
#2644 = DEFINITIONAL_REPRESENTATION('',(#2645),#2649);
#2645 = LINE('',#2646,#2647);
#2646 = CARTESIAN_POINT('',(4.216531173975,15.845));
#2647 = VECTOR('',#2648,1.);
#2648 = DIRECTION('',(-1.,0.));
#2649 = ( GEOMETRIC_REPRESENTATION_CONTEXT(2) 
PARAMETRIC_REPRESENTATION_CONTEXT() REPRESENTATION_CONTEXT('2D SPACE',''
  ) );
#2650 = FACE_BOUND('',#2651,.F.);
#2651 = EDGE_LOOP('',(#2652,#2682,#2710,#2738));
#2652 = ORIENTED_EDGE('',*,*,#2653,.T.);
#2653 = EDGE_CURVE('',#2654,#2656,#2658,.T.);
#2654 = VERTEX_POINT('',#2655);
#2655 = CARTESIAN_POINT('',(-161.345,-3.378867218292,16.035531891036));
#2656 = VERTEX_POINT('',#2657);
#2657 = CARTESIAN_POINT('',(-161.345,-10.68604124412,14.867110838404));
#2658 = SURFACE_CURVE('',#2659,(#2663,#2670),.PCURVE_S1.);
#2659 = LINE('',#2660,#2661);
#2660 = CARTESIAN_POINT('',(-161.345,-28.00878870216,12.097194212928));
#2661 = VECTOR('',#2662,1.);
#2662 = DIRECTION('',(-0.,-0.987455949437,-0.157894736842));
#2663 = PCURVE('',#271,#2664);
#2664 = DEFINITIONAL_REPRESENTATION('',(#2665),#2669);
#2665 = LINE('',#2666,#2667);
#2666 = CARTESIAN_POINT('',(-11.09719421292,-15.99121129783));
#2667 = VECTOR('',#2668,1.);
#2668 = DIRECTION('',(0.157894736842,0.987455949437));
#2669 = ( GEOMETRIC_REPRESENTATION_CONTEXT(2) 
PARAMETRIC_REPRESENTATION_CONTEXT() REPRESENTATION_CONTEXT('2D SPACE',''
  ) );
#2670 = PCURVE('',#2671,#2676);
#2671 = PLANE('',#2672);
#2672 = AXIS2_PLACEMENT_3D('',#2673,#2674,#2675);
#2673 = CARTESIAN_POINT('',(-145.5,-10.68604124412,14.867110838404));
#2674 = DIRECTION('',(0.,-0.157894736842,0.987455949437));
#2675 = DIRECTION('',(1.,0.,0.));
#2676 = DEFINITIONAL_REPRESENTATION('',(#2677),#2681);
#2677 = LINE('',#2678,#2679);
#2678 = CARTESIAN_POINT('',(-15.845,-17.54280529468));
#2679 = VECTOR('',#2680,1.);
#2680 = DIRECTION('',(-0.,-1.));
#2681 = ( GEOMETRIC_REPRESENTATION_CONTEXT(2) 
PARAMETRIC_REPRESENTATION_CONTEXT() REPRESENTATION_CONTEXT('2D SPACE',''
  ) );
#2682 = ORIENTED_EDGE('',*,*,#2683,.T.);
#2683 = EDGE_CURVE('',#2656,#2684,#2686,.T.);
#2684 = VERTEX_POINT('',#2685);
#2685 = CARTESIAN_POINT('',(-161.345,-11.25446229675,18.421952256376));
#2686 = SURFACE_CURVE('',#2687,(#2691,#2698),.PCURVE_S1.);
#2687 = LINE('',#2688,#2689);
#2688 = CARTESIAN_POINT('',(-161.345,-10.02027316402,10.703472044678));
#2689 = VECTOR('',#2690,1.);
#2690 = DIRECTION('',(-0.,-0.157894736842,0.987455949437));
#2691 = PCURVE('',#271,#2692);
#2692 = DEFINITIONAL_REPRESENTATION('',(#2693),#2697);
#2693 = LINE('',#2694,#2695);
#2694 = CARTESIAN_POINT('',(-9.703472044678,-33.97972683597));
#2695 = VECTOR('',#2696,1.);
#2696 = DIRECTION('',(-0.987455949437,0.157894736842));
#2697 = ( GEOMETRIC_REPRESENTATION_CONTEXT(2) 
PARAMETRIC_REPRESENTATION_CONTEXT() REPRESENTATION_CONTEXT('2D SPACE',''
  ) );
#2698 = PCURVE('',#2699,#2704);
#2699 = PLANE('',#2700);
#2700 = AXIS2_PLACEMENT_3D('',#2701,#2702,#2703);
#2701 = CARTESIAN_POINT('',(-145.5,-10.68604124412,14.867110838404));
#2702 = DIRECTION('',(0.,0.987455949437,0.157894736842));
#2703 = DIRECTION('',(0.,0.157894736842,-0.987455949437));
#2704 = DEFINITIONAL_REPRESENTATION('',(#2705),#2709);
#2705 = LINE('',#2706,#2707);
#2706 = CARTESIAN_POINT('',(4.216531173975,15.845));
#2707 = VECTOR('',#2708,1.);
#2708 = DIRECTION('',(-1.,0.));
#2709 = ( GEOMETRIC_REPRESENTATION_CONTEXT(2) 
PARAMETRIC_REPRESENTATION_CONTEXT() REPRESENTATION_CONTEXT('2D SPACE',''
  ) );
#2710 = ORIENTED_EDGE('',*,*,#2711,.F.);
#2711 = EDGE_CURVE('',#2712,#2684,#2714,.T.);
#2712 = VERTEX_POINT('',#2713);
#2713 = CARTESIAN_POINT('',(-161.345,-3.947288270924,19.590373309007));
#2714 = SURFACE_CURVE('',#2715,(#2719,#2726),.PCURVE_S1.);
#2715 = LINE('',#2716,#2717);
#2716 = CARTESIAN_POINT('',(-161.345,-28.57720975479,15.652035630899));
#2717 = VECTOR('',#2718,1.);
#2718 = DIRECTION('',(-0.,-0.987455949437,-0.157894736842));
#2719 = PCURVE('',#271,#2720);
#2720 = DEFINITIONAL_REPRESENTATION('',(#2721),#2725);
#2721 = LINE('',#2722,#2723);
#2722 = CARTESIAN_POINT('',(-14.65203563089,-15.4227902452));
#2723 = VECTOR('',#2724,1.);
#2724 = DIRECTION('',(0.157894736842,0.987455949437));
#2725 = ( GEOMETRIC_REPRESENTATION_CONTEXT(2) 
PARAMETRIC_REPRESENTATION_CONTEXT() REPRESENTATION_CONTEXT('2D SPACE',''
  ) );
#2726 = PCURVE('',#2727,#2732);
#2727 = PLANE('',#2728);
#2728 = AXIS2_PLACEMENT_3D('',#2729,#2730,#2731);
#2729 = CARTESIAN_POINT('',(-145.5,-11.25446229675,18.421952256376));
#2730 = DIRECTION('',(0.,-0.157894736842,0.987455949437));
#2731 = DIRECTION('',(1.,0.,0.));
#2732 = DEFINITIONAL_REPRESENTATION('',(#2733),#2737);
#2733 = LINE('',#2734,#2735);
#2734 = CARTESIAN_POINT('',(-15.845,-17.54280529468));
#2735 = VECTOR('',#2736,1.);
#2736 = DIRECTION('',(-0.,-1.));
#2737 = ( GEOMETRIC_REPRESENTATION_CONTEXT(2) 
PARAMETRIC_REPRESENTATION_CONTEXT() REPRESENTATION_CONTEXT('2D SPACE',''
  ) );
#2738 = ORIENTED_EDGE('',*,*,#2739,.F.);
#2739 = EDGE_CURVE('',#2654,#2712,#2740,.T.);
#2740 = SURFACE_CURVE('',#2741,(#2745,#2752),.PCURVE_S1.);
#2741 = LINE('',#2742,#2743);
#2742 = CARTESIAN_POINT('',(-161.345,-2.713099138191,11.87189309731));
#2743 = VECTOR('',#2744,1.);
#2744 = DIRECTION('',(-0.,-0.157894736842,0.987455949437));
#2745 = PCURVE('',#271,#2746);
#2746 = DEFINITIONAL_REPRESENTATION('',(#2747),#2751);
#2747 = LINE('',#2748,#2749);
#2748 = CARTESIAN_POINT('',(-10.87189309731,-41.2869008618));
#2749 = VECTOR('',#2750,1.);
#2750 = DIRECTION('',(-0.987455949437,0.157894736842));
#2751 = ( GEOMETRIC_REPRESENTATION_CONTEXT(2) 
PARAMETRIC_REPRESENTATION_CONTEXT() REPRESENTATION_CONTEXT('2D SPACE',''
  ) );
#2752 = PCURVE('',#2753,#2758);
#2753 = PLANE('',#2754);
#2754 = AXIS2_PLACEMENT_3D('',#2755,#2756,#2757);
#2755 = CARTESIAN_POINT('',(-145.5,-3.378867218292,16.035531891036));
#2756 = DIRECTION('',(0.,0.987455949437,0.157894736842));
#2757 = DIRECTION('',(0.,0.157894736842,-0.987455949437));
#2758 = DEFINITIONAL_REPRESENTATION('',(#2759),#2763);
#2759 = LINE('',#2760,#2761);
#2760 = CARTESIAN_POINT('',(4.216531173975,15.845));
#2761 = VECTOR('',#2762,1.);
#2762 = DIRECTION('',(-1.,0.));
#2763 = ( GEOMETRIC_REPRESENTATION_CONTEXT(2) 
PARAMETRIC_REPRESENTATION_CONTEXT() REPRESENTATION_CONTEXT('2D SPACE',''
  ) );
#2764 = ADVANCED_FACE('',(#2765),#496,.F.);
#2765 = FACE_BOUND('',#2766,.T.);
#2766 = EDGE_LOOP('',(#2767,#2795,#2816,#2817));
#2767 = ORIENTED_EDGE('',*,*,#2768,.F.);
#2768 = EDGE_CURVE('',#2769,#2769,#2771,.T.);
#2769 = VERTEX_POINT('',#2770);
#2770 = CARTESIAN_POINT('',(-151.75,-7.032454231207,15.45132136472));
#2771 = SURFACE_CURVE('',#2772,(#2777,#2784),.PCURVE_S1.);
#2772 = CIRCLE('',#2773,2.25);
#2773 = AXIS2_PLACEMENT_3D('',#2774,#2775,#2776);
#2774 = CARTESIAN_POINT('',(-149.5,-7.032454231207,15.45132136472));
#2775 = DIRECTION('',(0.,0.157894736842,-0.987455949437));
#2776 = DIRECTION('',(-1.,-0.,-0.));
#2777 = PCURVE('',#496,#2778);
#2778 = DEFINITIONAL_REPRESENTATION('',(#2779),#2783);
#2779 = LINE('',#2780,#2781);
#2780 = CARTESIAN_POINT('',(-0.,82.));
#2781 = VECTOR('',#2782,1.);
#2782 = DIRECTION('',(-1.,0.));
#2783 = ( GEOMETRIC_REPRESENTATION_CONTEXT(2) 
PARAMETRIC_REPRESENTATION_CONTEXT() REPRESENTATION_CONTEXT('2D SPACE',''
  ) );
#2784 = PCURVE('',#2671,#2785);
#2785 = DEFINITIONAL_REPRESENTATION('',(#2786),#2794);
#2786 = ( BOUNDED_CURVE() B_SPLINE_CURVE(2,(#2787,#2788,#2789,#2790,
#2791,#2792,#2793),.UNSPECIFIED.,.T.,.F.) B_SPLINE_CURVE_WITH_KNOTS((1,2
    ,2,2,2,1),(-2.094395102393,0.,2.094395102393,4.188790204786,
6.28318530718,8.377580409573),.UNSPECIFIED.) CURVE() 
GEOMETRIC_REPRESENTATION_ITEM() RATIONAL_B_SPLINE_CURVE((1.,0.5,1.,0.5,
1.,0.5,1.)) REPRESENTATION_ITEM('') );
#2787 = CARTESIAN_POINT('',(-6.25,3.7));
#2788 = CARTESIAN_POINT('',(-6.25,7.59711431703));
#2789 = CARTESIAN_POINT('',(-2.875,5.648557158515));
#2790 = CARTESIAN_POINT('',(0.5,3.7));
#2791 = CARTESIAN_POINT('',(-2.875,1.751442841485));
#2792 = CARTESIAN_POINT('',(-6.25,-0.19711431703));
#2793 = CARTESIAN_POINT('',(-6.25,3.7));
#2794 = ( GEOMETRIC_REPRESENTATION_CONTEXT(2) 
PARAMETRIC_REPRESENTATION_CONTEXT() REPRESENTATION_CONTEXT('2D SPACE',''
  ) );
#2795 = ORIENTED_EDGE('',*,*,#2796,.F.);
#2796 = EDGE_CURVE('',#476,#2769,#2797,.T.);
#2797 = SEAM_CURVE('',#2798,(#2802,#2809),.PCURVE_S1.);
#2798 = LINE('',#2799,#2800);
#2799 = CARTESIAN_POINT('',(-151.75,5.914914189845,-65.52006648907));
#2800 = VECTOR('',#2801,1.);
#2801 = DIRECTION('',(-0.,-0.157894736842,0.987455949437));
#2802 = PCURVE('',#496,#2803);
#2803 = DEFINITIONAL_REPRESENTATION('',(#2804),#2808);
#2804 = LINE('',#2805,#2806);
#2805 = CARTESIAN_POINT('',(-6.28318530718,-0.));
#2806 = VECTOR('',#2807,1.);
#2807 = DIRECTION('',(-0.,1.));
#2808 = ( GEOMETRIC_REPRESENTATION_CONTEXT(2) 
PARAMETRIC_REPRESENTATION_CONTEXT() REPRESENTATION_CONTEXT('2D SPACE',''
  ) );
#2809 = PCURVE('',#496,#2810);
#2810 = DEFINITIONAL_REPRESENTATION('',(#2811),#2815);
#2811 = LINE('',#2812,#2813);
#2812 = CARTESIAN_POINT('',(-0.,-0.));
#2813 = VECTOR('',#2814,1.);
#2814 = DIRECTION('',(-0.,1.));
#2815 = ( GEOMETRIC_REPRESENTATION_CONTEXT(2) 
PARAMETRIC_REPRESENTATION_CONTEXT() REPRESENTATION_CONTEXT('2D SPACE',''
  ) );
#2816 = ORIENTED_EDGE('',*,*,#475,.T.);
#2817 = ORIENTED_EDGE('',*,*,#2796,.T.);
#2818 = ADVANCED_FACE('',(#2819),#544,.F.);
#2819 = FACE_BOUND('',#2820,.T.);
#2820 = EDGE_LOOP('',(#2821,#2849,#2870,#2871));
#2821 = ORIENTED_EDGE('',*,*,#2822,.F.);
#2822 = EDGE_CURVE('',#2823,#2823,#2825,.T.);
#2823 = VERTEX_POINT('',#2824);
#2824 = CARTESIAN_POINT('',(-151.75,12.716664757523,18.609216101562));
#2825 = SURFACE_CURVE('',#2826,(#2831,#2838),.PCURVE_S1.);
#2826 = CIRCLE('',#2827,2.25);
#2827 = AXIS2_PLACEMENT_3D('',#2828,#2829,#2830);
#2828 = CARTESIAN_POINT('',(-149.5,12.716664757523,18.609216101562));
#2829 = DIRECTION('',(0.,0.157894736842,-0.987455949437));
#2830 = DIRECTION('',(-1.,-0.,-0.));
#2831 = PCURVE('',#544,#2832);
#2832 = DEFINITIONAL_REPRESENTATION('',(#2833),#2837);
#2833 = LINE('',#2834,#2835);
#2834 = CARTESIAN_POINT('',(-0.,82.));
#2835 = VECTOR('',#2836,1.);
#2836 = DIRECTION('',(-1.,0.));
#2837 = ( GEOMETRIC_REPRESENTATION_CONTEXT(2) 
PARAMETRIC_REPRESENTATION_CONTEXT() REPRESENTATION_CONTEXT('2D SPACE',''
  ) );
#2838 = PCURVE('',#2557,#2839);
#2839 = DEFINITIONAL_REPRESENTATION('',(#2840),#2848);
#2840 = ( BOUNDED_CURVE() B_SPLINE_CURVE(2,(#2841,#2842,#2843,#2844,
#2845,#2846,#2847),.UNSPECIFIED.,.T.,.F.) B_SPLINE_CURVE_WITH_KNOTS((1,2
    ,2,2,2,1),(-2.094395102393,0.,2.094395102393,4.188790204786,
6.28318530718,8.377580409573),.UNSPECIFIED.) CURVE() 
GEOMETRIC_REPRESENTATION_ITEM() RATIONAL_B_SPLINE_CURVE((1.,0.5,1.,0.5,
1.,0.5,1.)) REPRESENTATION_ITEM('') );
#2841 = CARTESIAN_POINT('',(-6.25,3.7));
#2842 = CARTESIAN_POINT('',(-6.25,7.59711431703));
#2843 = CARTESIAN_POINT('',(-2.875,5.648557158515));
#2844 = CARTESIAN_POINT('',(0.5,3.7));
#2845 = CARTESIAN_POINT('',(-2.875,1.751442841485));
#2846 = CARTESIAN_POINT('',(-6.25,-0.19711431703));
#2847 = CARTESIAN_POINT('',(-6.25,3.7));
#2848 = ( GEOMETRIC_REPRESENTATION_CONTEXT(2) 
PARAMETRIC_REPRESENTATION_CONTEXT() REPRESENTATION_CONTEXT('2D SPACE',''
  ) );
#2849 = ORIENTED_EDGE('',*,*,#2850,.F.);
#2850 = EDGE_CURVE('',#524,#2823,#2851,.T.);
#2851 = SEAM_CURVE('',#2852,(#2856,#2863),.PCURVE_S1.);
#2852 = LINE('',#2853,#2854);
#2853 = CARTESIAN_POINT('',(-151.75,25.664033178576,-62.36217175223));
#2854 = VECTOR('',#2855,1.);
#2855 = DIRECTION('',(-0.,-0.157894736842,0.987455949437));
#2856 = PCURVE('',#544,#2857);
#2857 = DEFINITIONAL_REPRESENTATION('',(#2858),#2862);
#2858 = LINE('',#2859,#2860);
#2859 = CARTESIAN_POINT('',(-6.28318530718,-0.));
#2860 = VECTOR('',#2861,1.);
#2861 = DIRECTION('',(-0.,1.));
#2862 = ( GEOMETRIC_REPRESENTATION_CONTEXT(2) 
PARAMETRIC_REPRESENTATION_CONTEXT() REPRESENTATION_CONTEXT('2D SPACE',''
  ) );
#2863 = PCURVE('',#544,#2864);
#2864 = DEFINITIONAL_REPRESENTATION('',(#2865),#2869);
#2865 = LINE('',#2866,#2867);
#2866 = CARTESIAN_POINT('',(-0.,-0.));
#2867 = VECTOR('',#2868,1.);
#2868 = DIRECTION('',(-0.,1.));
#2869 = ( GEOMETRIC_REPRESENTATION_CONTEXT(2) 
PARAMETRIC_REPRESENTATION_CONTEXT() REPRESENTATION_CONTEXT('2D SPACE',''
  ) );
#2870 = ORIENTED_EDGE('',*,*,#523,.T.);
#2871 = ORIENTED_EDGE('',*,*,#2850,.T.);
#2872 = ADVANCED_FACE('',(#2873),#817,.F.);
#2873 = FACE_BOUND('',#2874,.T.);
#2874 = EDGE_LOOP('',(#2875,#2898,#2899,#2900,#2923,#2951));
#2875 = ORIENTED_EDGE('',*,*,#2876,.F.);
#2876 = EDGE_CURVE('',#774,#2877,#2879,.T.);
#2877 = VERTEX_POINT('',#2878);
#2878 = CARTESIAN_POINT('',(-145.5,36.,28.559028491933));
#2879 = SURFACE_CURVE('',#2880,(#2884,#2891),.PCURVE_S1.);
#2880 = LINE('',#2881,#2882);
#2881 = CARTESIAN_POINT('',(-145.5,36.,3.));
#2882 = VECTOR('',#2883,1.);
#2883 = DIRECTION('',(-0.,-0.,1.));
#2884 = PCURVE('',#817,#2885);
#2885 = DEFINITIONAL_REPRESENTATION('',(#2886),#2890);
#2886 = LINE('',#2887,#2888);
#2887 = CARTESIAN_POINT('',(-0.,0.));
#2888 = VECTOR('',#2889,1.);
#2889 = DIRECTION('',(-1.,0.));
#2890 = ( GEOMETRIC_REPRESENTATION_CONTEXT(2) 
PARAMETRIC_REPRESENTATION_CONTEXT() REPRESENTATION_CONTEXT('2D SPACE',''
  ) );
#2891 = PCURVE('',#789,#2892);
#2892 = DEFINITIONAL_REPRESENTATION('',(#2893),#2897);
#2893 = LINE('',#2894,#2895);
#2894 = CARTESIAN_POINT('',(13.672781845386,-34.18814254695));
#2895 = VECTOR('',#2896,1.);
#2896 = DIRECTION('',(-1.,-0.));
#2897 = ( GEOMETRIC_REPRESENTATION_CONTEXT(2) 
PARAMETRIC_REPRESENTATION_CONTEXT() REPRESENTATION_CONTEXT('2D SPACE',''
  ) );
#2898 = ORIENTED_EDGE('',*,*,#801,.T.);
#2899 = ORIENTED_EDGE('',*,*,#861,.T.);
#2900 = ORIENTED_EDGE('',*,*,#2901,.F.);
#2901 = EDGE_CURVE('',#2902,#862,#2904,.T.);
#2902 = VERTEX_POINT('',#2903);
#2903 = CARTESIAN_POINT('',(-156.345,36.,22.033370452904));
#2904 = SURFACE_CURVE('',#2905,(#2909,#2916),.PCURVE_S1.);
#2905 = LINE('',#2906,#2907);
#2906 = CARTESIAN_POINT('',(-156.345,36.,22.033370452904));
#2907 = VECTOR('',#2908,1.);
#2908 = DIRECTION('',(-1.,-0.,-0.));
#2909 = PCURVE('',#817,#2910);
#2910 = DEFINITIONAL_REPRESENTATION('',(#2911),#2915);
#2911 = LINE('',#2912,#2913);
#2912 = CARTESIAN_POINT('',(-19.0333704529,-10.845));
#2913 = VECTOR('',#2914,1.);
#2914 = DIRECTION('',(-0.,-1.));
#2915 = ( GEOMETRIC_REPRESENTATION_CONTEXT(2) 
PARAMETRIC_REPRESENTATION_CONTEXT() REPRESENTATION_CONTEXT('2D SPACE',''
  ) );
#2916 = PCURVE('',#905,#2917);
#2917 = DEFINITIONAL_REPRESENTATION('',(#2918),#2922);
#2918 = LINE('',#2919,#2920);
#2919 = CARTESIAN_POINT('',(-3.208308802,0.));
#2920 = VECTOR('',#2921,1.);
#2921 = DIRECTION('',(-0.,1.));
#2922 = ( GEOMETRIC_REPRESENTATION_CONTEXT(2) 
PARAMETRIC_REPRESENTATION_CONTEXT() REPRESENTATION_CONTEXT('2D SPACE',''
  ) );
#2923 = ORIENTED_EDGE('',*,*,#2924,.T.);
#2924 = EDGE_CURVE('',#2902,#2925,#2927,.T.);
#2925 = VERTEX_POINT('',#2926);
#2926 = CARTESIAN_POINT('',(-156.345,36.,28.559028491933));
#2927 = SURFACE_CURVE('',#2928,(#2932,#2939),.PCURVE_S1.);
#2928 = LINE('',#2929,#2930);
#2929 = CARTESIAN_POINT('',(-156.345,36.,20.));
#2930 = VECTOR('',#2931,1.);
#2931 = DIRECTION('',(-0.,-0.,1.));
#2932 = PCURVE('',#817,#2933);
#2933 = DEFINITIONAL_REPRESENTATION('',(#2934),#2938);
#2934 = LINE('',#2935,#2936);
#2935 = CARTESIAN_POINT('',(-17.,-10.845));
#2936 = VECTOR('',#2937,1.);
#2937 = DIRECTION('',(-1.,0.));
#2938 = ( GEOMETRIC_REPRESENTATION_CONTEXT(2) 
PARAMETRIC_REPRESENTATION_CONTEXT() REPRESENTATION_CONTEXT('2D SPACE',''
  ) );
#2939 = PCURVE('',#2940,#2945);
#2940 = PLANE('',#2941);
#2941 = AXIS2_PLACEMENT_3D('',#2942,#2943,#2944);
#2942 = CARTESIAN_POINT('',(-156.345,35.,37.));
#2943 = DIRECTION('',(-1.,-0.,-0.));
#2944 = DIRECTION('',(0.,0.,-1.));
#2945 = DEFINITIONAL_REPRESENTATION('',(#2946),#2950);
#2946 = LINE('',#2947,#2948);
#2947 = CARTESIAN_POINT('',(17.,-1.));
#2948 = VECTOR('',#2949,1.);
#2949 = DIRECTION('',(-1.,-0.));
#2950 = ( GEOMETRIC_REPRESENTATION_CONTEXT(2) 
PARAMETRIC_REPRESENTATION_CONTEXT() REPRESENTATION_CONTEXT('2D SPACE',''
  ) );
#2951 = ORIENTED_EDGE('',*,*,#2952,.F.);
#2952 = EDGE_CURVE('',#2877,#2925,#2953,.T.);
#2953 = SURFACE_CURVE('',#2954,(#2958,#2965),.PCURVE_S1.);
#2954 = LINE('',#2955,#2956);
#2955 = CARTESIAN_POINT('',(-145.5,36.,28.559028491933));
#2956 = VECTOR('',#2957,1.);
#2957 = DIRECTION('',(-1.,-0.,-0.));
#2958 = PCURVE('',#817,#2959);
#2959 = DEFINITIONAL_REPRESENTATION('',(#2960),#2964);
#2960 = LINE('',#2961,#2962);
#2961 = CARTESIAN_POINT('',(-25.55902849193,0.));
#2962 = VECTOR('',#2963,1.);
#2963 = DIRECTION('',(-0.,-1.));
#2964 = ( GEOMETRIC_REPRESENTATION_CONTEXT(2) 
PARAMETRIC_REPRESENTATION_CONTEXT() REPRESENTATION_CONTEXT('2D SPACE',''
  ) );
#2965 = PCURVE('',#2966,#2971);
#2966 = CYLINDRICAL_SURFACE('',#2967,8.5);
#2967 = AXIS2_PLACEMENT_3D('',#2968,#2969,#2970);
#2968 = CARTESIAN_POINT('',(-145.5,35.,37.));
#2969 = DIRECTION('',(-1.,-0.,-0.));
#2970 = DIRECTION('',(-0.,-0.,1.));
#2971 = DEFINITIONAL_REPRESENTATION('',(#2972),#2976);
#2972 = LINE('',#2973,#2974);
#2973 = CARTESIAN_POINT('',(-3.259512805615,0.));
#2974 = VECTOR('',#2975,1.);
#2975 = DIRECTION('',(-0.,1.));
#2976 = ( GEOMETRIC_REPRESENTATION_CONTEXT(2) 
PARAMETRIC_REPRESENTATION_CONTEXT() REPRESENTATION_CONTEXT('2D SPACE',''
  ) );
#2977 = ADVANCED_FACE('',(#2978,#3050,#3220,#3314),#789,.F.);
#2978 = FACE_BOUND('',#2979,.T.);
#2979 = EDGE_LOOP('',(#2980,#3005,#3026,#3027,#3028));
#2980 = ORIENTED_EDGE('',*,*,#2981,.F.);
#2981 = EDGE_CURVE('',#2982,#2984,#2986,.T.);
#2982 = VERTEX_POINT('',#2983);
#2983 = CARTESIAN_POINT('',(-145.5,-36.,25.));
#2984 = VERTEX_POINT('',#2985);
#2985 = CARTESIAN_POINT('',(-145.5,27.137959572095,33.76916105168));
#2986 = SURFACE_CURVE('',#2987,(#2991,#2998),.PCURVE_S1.);
#2987 = LINE('',#2988,#2989);
#2988 = CARTESIAN_POINT('',(-145.5,-36.,25.));
#2989 = VECTOR('',#2990,1.);
#2990 = DIRECTION('',(-0.,0.990492273178,0.137568371275));
#2991 = PCURVE('',#789,#2992);
#2992 = DEFINITIONAL_REPRESENTATION('',(#2993),#2997);
#2993 = LINE('',#2994,#2995);
#2994 = CARTESIAN_POINT('',(-8.327218154614,37.811857453044));
#2995 = VECTOR('',#2996,1.);
#2996 = DIRECTION('',(-0.137568371275,-0.990492273178));
#2997 = ( GEOMETRIC_REPRESENTATION_CONTEXT(2) 
PARAMETRIC_REPRESENTATION_CONTEXT() REPRESENTATION_CONTEXT('2D SPACE',''
  ) );
#2998 = PCURVE('',#933,#2999);
#2999 = DEFINITIONAL_REPRESENTATION('',(#3000),#3004);
#3000 = LINE('',#3001,#3002);
#3001 = CARTESIAN_POINT('',(-72.69112738154,0.));
#3002 = VECTOR('',#3003,1.);
#3003 = DIRECTION('',(1.,-0.));
#3004 = ( GEOMETRIC_REPRESENTATION_CONTEXT(2) 
PARAMETRIC_REPRESENTATION_CONTEXT() REPRESENTATION_CONTEXT('2D SPACE',''
  ) );
#3005 = ORIENTED_EDGE('',*,*,#3006,.T.);
#3006 = EDGE_CURVE('',#2982,#746,#3007,.T.);
#3007 = SURFACE_CURVE('',#3008,(#3012,#3019),.PCURVE_S1.);
#3008 = LINE('',#3009,#3010);
#3009 = CARTESIAN_POINT('',(-145.5,-36.,25.));
#3010 = VECTOR('',#3011,1.);
#3011 = DIRECTION('',(-0.,-0.,-1.));
#3012 = PCURVE('',#789,#3013);
#3013 = DEFINITIONAL_REPRESENTATION('',(#3014),#3018);
#3014 = LINE('',#3015,#3016);
#3015 = CARTESIAN_POINT('',(-8.327218154614,37.811857453044));
#3016 = VECTOR('',#3017,1.);
#3017 = DIRECTION('',(1.,-0.));
#3018 = ( GEOMETRIC_REPRESENTATION_CONTEXT(2) 
PARAMETRIC_REPRESENTATION_CONTEXT() REPRESENTATION_CONTEXT('2D SPACE',''
  ) );
#3019 = PCURVE('',#761,#3020);
#3020 = DEFINITIONAL_REPRESENTATION('',(#3021),#3025);
#3021 = LINE('',#3022,#3023);
#3022 = CARTESIAN_POINT('',(0.,-0.));
#3023 = VECTOR('',#3024,1.);
#3024 = DIRECTION('',(-1.,0.));
#3025 = ( GEOMETRIC_REPRESENTATION_CONTEXT(2) 
PARAMETRIC_REPRESENTATION_CONTEXT() REPRESENTATION_CONTEXT('2D SPACE',''
  ) );
#3026 = ORIENTED_EDGE('',*,*,#773,.T.);
#3027 = ORIENTED_EDGE('',*,*,#2876,.T.);
#3028 = ORIENTED_EDGE('',*,*,#3029,.F.);
#3029 = EDGE_CURVE('',#2984,#2877,#3030,.T.);
#3030 = SURFACE_CURVE('',#3031,(#3036,#3043),.PCURVE_S1.);
#3031 = CIRCLE('',#3032,8.5);
#3032 = AXIS2_PLACEMENT_3D('',#3033,#3034,#3035);
#3033 = CARTESIAN_POINT('',(-145.5,35.,37.));
#3034 = DIRECTION('',(-1.,0.,0.));
#3035 = DIRECTION('',(-0.,-0.924945932695,-0.380098699802));
#3036 = PCURVE('',#789,#3037);
#3037 = DEFINITIONAL_REPRESENTATION('',(#3038),#3042);
#3038 = CIRCLE('',#3039,8.5);
#3039 = AXIS2_PLACEMENT_2D('',#3040,#3041);
#3040 = CARTESIAN_POINT('',(-20.32721815461,-33.18814254695));
#3041 = DIRECTION('',(0.380098699802,0.924945932695));
#3042 = ( GEOMETRIC_REPRESENTATION_CONTEXT(2) 
PARAMETRIC_REPRESENTATION_CONTEXT() REPRESENTATION_CONTEXT('2D SPACE',''
  ) );
#3043 = PCURVE('',#2966,#3044);
#3044 = DEFINITIONAL_REPRESENTATION('',(#3045),#3049);
#3045 = LINE('',#3046,#3047);
#3046 = CARTESIAN_POINT('',(-8.243884636836,0.));
#3047 = VECTOR('',#3048,1.);
#3048 = DIRECTION('',(1.,-0.));
#3049 = ( GEOMETRIC_REPRESENTATION_CONTEXT(2) 
PARAMETRIC_REPRESENTATION_CONTEXT() REPRESENTATION_CONTEXT('2D SPACE',''
  ) );
#3050 = FACE_BOUND('',#3051,.T.);
#3051 = EDGE_LOOP('',(#3052,#3082,#3110,#3138,#3166,#3194));
#3052 = ORIENTED_EDGE('',*,*,#3053,.T.);
#3053 = EDGE_CURVE('',#3054,#3056,#3058,.T.);
#3054 = VERTEX_POINT('',#3055);
#3055 = CARTESIAN_POINT('',(-145.5,31.968911086754,42.25));
#3056 = VERTEX_POINT('',#3057);
#3057 = CARTESIAN_POINT('',(-145.5,38.031088913246,42.25));
#3058 = SURFACE_CURVE('',#3059,(#3063,#3070),.PCURVE_S1.);
#3059 = LINE('',#3060,#3061);
#3060 = CARTESIAN_POINT('',(-145.5,19.921473183145,42.25));
#3061 = VECTOR('',#3062,1.);
#3062 = DIRECTION('',(-0.,1.,-0.));
#3063 = PCURVE('',#789,#3064);
#3064 = DEFINITIONAL_REPRESENTATION('',(#3065),#3069);
#3065 = LINE('',#3066,#3067);
#3066 = CARTESIAN_POINT('',(-25.57721815461,-18.1096157301));
#3067 = VECTOR('',#3068,1.);
#3068 = DIRECTION('',(-0.,-1.));
#3069 = ( GEOMETRIC_REPRESENTATION_CONTEXT(2) 
PARAMETRIC_REPRESENTATION_CONTEXT() REPRESENTATION_CONTEXT('2D SPACE',''
  ) );
#3070 = PCURVE('',#3071,#3076);
#3071 = PLANE('',#3072);
#3072 = AXIS2_PLACEMENT_3D('',#3073,#3074,#3075);
#3073 = CARTESIAN_POINT('',(-145.45,38.031088913246,42.25));
#3074 = DIRECTION('',(-0.,-0.,-1.));
#3075 = DIRECTION('',(0.,1.,0.));
#3076 = DEFINITIONAL_REPRESENTATION('',(#3077),#3081);
#3077 = LINE('',#3078,#3079);
#3078 = CARTESIAN_POINT('',(-18.1096157301,-5.000000000001E-02));
#3079 = VECTOR('',#3080,1.);
#3080 = DIRECTION('',(1.,-0.));
#3081 = ( GEOMETRIC_REPRESENTATION_CONTEXT(2) 
PARAMETRIC_REPRESENTATION_CONTEXT() REPRESENTATION_CONTEXT('2D SPACE',''
  ) );
#3082 = ORIENTED_EDGE('',*,*,#3083,.T.);
#3083 = EDGE_CURVE('',#3056,#3084,#3086,.T.);
#3084 = VERTEX_POINT('',#3085);
#3085 = CARTESIAN_POINT('',(-145.5,41.062177826491,37.));
#3086 = SURFACE_CURVE('',#3087,(#3091,#3098),.PCURVE_S1.);
#3087 = LINE('',#3088,#3089);
#3088 = CARTESIAN_POINT('',(-145.5,40.556859607351,37.875236829541));
#3089 = VECTOR('',#3090,1.);
#3090 = DIRECTION('',(-0.,0.5,-0.866025403784));
#3091 = PCURVE('',#789,#3092);
#3092 = DEFINITIONAL_REPRESENTATION('',(#3093),#3097);
#3093 = LINE('',#3094,#3095);
#3094 = CARTESIAN_POINT('',(-21.20245498415,-38.7450021543));
#3095 = VECTOR('',#3096,1.);
#3096 = DIRECTION('',(0.866025403784,-0.5));
#3097 = ( GEOMETRIC_REPRESENTATION_CONTEXT(2) 
PARAMETRIC_REPRESENTATION_CONTEXT() REPRESENTATION_CONTEXT('2D SPACE',''
  ) );
#3098 = PCURVE('',#3099,#3104);
#3099 = PLANE('',#3100);
#3100 = AXIS2_PLACEMENT_3D('',#3101,#3102,#3103);
#3101 = CARTESIAN_POINT('',(-145.45,41.062177826491,37.));
#3102 = DIRECTION('',(-0.,-0.866025403784,-0.5));
#3103 = DIRECTION('',(0.,0.5,-0.866025403784));
#3104 = DEFINITIONAL_REPRESENTATION('',(#3105),#3109);
#3105 = LINE('',#3106,#3107);
#3106 = CARTESIAN_POINT('',(-1.01063643828,-5.000000000001E-02));
#3107 = VECTOR('',#3108,1.);
#3108 = DIRECTION('',(1.,-0.));
#3109 = ( GEOMETRIC_REPRESENTATION_CONTEXT(2) 
PARAMETRIC_REPRESENTATION_CONTEXT() REPRESENTATION_CONTEXT('2D SPACE',''
  ) );
#3110 = ORIENTED_EDGE('',*,*,#3111,.T.);
#3111 = EDGE_CURVE('',#3084,#3112,#3114,.T.);
#3112 = VERTEX_POINT('',#3113);
#3113 = CARTESIAN_POINT('',(-145.5,38.031088913246,31.75));
#3114 = SURFACE_CURVE('',#3115,(#3119,#3126),.PCURVE_S1.);
#3115 = LINE('',#3116,#3117);
#3116 = CARTESIAN_POINT('',(-145.5,30.239371495646,18.254349554499));
#3117 = VECTOR('',#3118,1.);
#3118 = DIRECTION('',(-0.,-0.5,-0.866025403784));
#3119 = PCURVE('',#789,#3120);
#3120 = DEFINITIONAL_REPRESENTATION('',(#3121),#3125);
#3121 = LINE('',#3122,#3123);
#3122 = CARTESIAN_POINT('',(-1.581567709113,-28.4275140426));
#3123 = VECTOR('',#3124,1.);
#3124 = DIRECTION('',(0.866025403784,0.5));
#3125 = ( GEOMETRIC_REPRESENTATION_CONTEXT(2) 
PARAMETRIC_REPRESENTATION_CONTEXT() REPRESENTATION_CONTEXT('2D SPACE',''
  ) );
#3126 = PCURVE('',#3127,#3132);
#3127 = PLANE('',#3128);
#3128 = AXIS2_PLACEMENT_3D('',#3129,#3130,#3131);
#3129 = CARTESIAN_POINT('',(-145.45,38.031088913246,31.75));
#3130 = DIRECTION('',(-0.,-0.866025403784,0.5));
#3131 = DIRECTION('',(0.,-0.5,-0.866025403784));
#3132 = DEFINITIONAL_REPRESENTATION('',(#3133),#3137);
#3133 = LINE('',#3134,#3135);
#3134 = CARTESIAN_POINT('',(15.583434835198,-5.000000000001E-02));
#3135 = VECTOR('',#3136,1.);
#3136 = DIRECTION('',(1.,-0.));
#3137 = ( GEOMETRIC_REPRESENTATION_CONTEXT(2) 
PARAMETRIC_REPRESENTATION_CONTEXT() REPRESENTATION_CONTEXT('2D SPACE',''
  ) );
#3138 = ORIENTED_EDGE('',*,*,#3139,.T.);
#3139 = EDGE_CURVE('',#3112,#3140,#3142,.T.);
#3140 = VERTEX_POINT('',#3141);
#3141 = CARTESIAN_POINT('',(-145.5,31.968911086754,31.75));
#3142 = SURFACE_CURVE('',#3143,(#3147,#3154),.PCURVE_S1.);
#3143 = LINE('',#3144,#3145);
#3144 = CARTESIAN_POINT('',(-145.5,16.890384269899,31.75));
#3145 = VECTOR('',#3146,1.);
#3146 = DIRECTION('',(-0.,-1.,5.860457710883E-16));
#3147 = PCURVE('',#789,#3148);
#3148 = DEFINITIONAL_REPRESENTATION('',(#3149),#3153);
#3149 = LINE('',#3150,#3151);
#3150 = CARTESIAN_POINT('',(-15.07721815461,-15.07852681685));
#3151 = VECTOR('',#3152,1.);
#3152 = DIRECTION('',(-5.860457710883E-16,1.));
#3153 = ( GEOMETRIC_REPRESENTATION_CONTEXT(2) 
PARAMETRIC_REPRESENTATION_CONTEXT() REPRESENTATION_CONTEXT('2D SPACE',''
  ) );
#3154 = PCURVE('',#3155,#3160);
#3155 = PLANE('',#3156);
#3156 = AXIS2_PLACEMENT_3D('',#3157,#3158,#3159);
#3157 = CARTESIAN_POINT('',(-145.45,31.968911086754,31.75));
#3158 = DIRECTION('',(-0.,5.860457710883E-16,1.));
#3159 = DIRECTION('',(0.,-1.,5.860457710883E-16));
#3160 = DEFINITIONAL_REPRESENTATION('',(#3161),#3165);
#3161 = LINE('',#3162,#3163);
#3162 = CARTESIAN_POINT('',(15.078526816855,-5.000000000001E-02));
#3163 = VECTOR('',#3164,1.);
#3164 = DIRECTION('',(1.,-0.));
#3165 = ( GEOMETRIC_REPRESENTATION_CONTEXT(2) 
PARAMETRIC_REPRESENTATION_CONTEXT() REPRESENTATION_CONTEXT('2D SPACE',''
  ) );
#3166 = ORIENTED_EDGE('',*,*,#3167,.T.);
#3167 = EDGE_CURVE('',#3140,#3168,#3170,.T.);
#3168 = VERTEX_POINT('',#3169);
#3169 = CARTESIAN_POINT('',(-145.5,28.937822173509,37.));
#3170 = SURFACE_CURVE('',#3171,(#3175,#3182),.PCURVE_S1.);
#3171 = LINE('',#3172,#3173);
#3172 = CARTESIAN_POINT('',(-145.5,29.948048410992,35.250236829541));
#3173 = VECTOR('',#3174,1.);
#3174 = DIRECTION('',(-0.,-0.5,0.866025403784));
#3175 = PCURVE('',#789,#3176);
#3176 = DEFINITIONAL_REPRESENTATION('',(#3177),#3181);
#3177 = LINE('',#3178,#3179);
#3178 = CARTESIAN_POINT('',(-18.57745498415,-28.13619095794));
#3179 = VECTOR('',#3180,1.);
#3180 = DIRECTION('',(-0.866025403784,0.5));
#3181 = ( GEOMETRIC_REPRESENTATION_CONTEXT(2) 
PARAMETRIC_REPRESENTATION_CONTEXT() REPRESENTATION_CONTEXT('2D SPACE',''
  ) );
#3182 = PCURVE('',#3183,#3188);
#3183 = PLANE('',#3184);
#3184 = AXIS2_PLACEMENT_3D('',#3185,#3186,#3187);
#3185 = CARTESIAN_POINT('',(-145.45,28.937822173509,37.));
#3186 = DIRECTION('',(-0.,0.866025403784,0.5));
#3187 = DIRECTION('',(0.,-0.5,0.866025403784));
#3188 = DEFINITIONAL_REPRESENTATION('',(#3189),#3193);
#3189 = LINE('',#3190,#3191);
#3190 = CARTESIAN_POINT('',(-2.020452474966,-5.000000000001E-02));
#3191 = VECTOR('',#3192,1.);
#3192 = DIRECTION('',(1.,-0.));
#3193 = ( GEOMETRIC_REPRESENTATION_CONTEXT(2) 
PARAMETRIC_REPRESENTATION_CONTEXT() REPRESENTATION_CONTEXT('2D SPACE',''
  ) );
#3194 = ORIENTED_EDGE('',*,*,#3195,.T.);
#3195 = EDGE_CURVE('',#3168,#3054,#3196,.T.);
#3196 = SURFACE_CURVE('',#3197,(#3201,#3208),.PCURVE_S1.);
#3197 = LINE('',#3198,#3199);
#3198 = CARTESIAN_POINT('',(-145.5,22.661649212533,26.129349554499));
#3199 = VECTOR('',#3200,1.);
#3200 = DIRECTION('',(-0.,0.5,0.866025403784));
#3201 = PCURVE('',#789,#3202);
#3202 = DEFINITIONAL_REPRESENTATION('',(#3203),#3207);
#3203 = LINE('',#3204,#3205);
#3204 = CARTESIAN_POINT('',(-9.456567709113,-20.84979175948));
#3205 = VECTOR('',#3206,1.);
#3206 = DIRECTION('',(-0.866025403784,-0.5));
#3207 = ( GEOMETRIC_REPRESENTATION_CONTEXT(2) 
PARAMETRIC_REPRESENTATION_CONTEXT() REPRESENTATION_CONTEXT('2D SPACE',''
  ) );
#3208 = PCURVE('',#3209,#3214);
#3209 = PLANE('',#3210);
#3210 = AXIS2_PLACEMENT_3D('',#3211,#3212,#3213);
#3211 = CARTESIAN_POINT('',(-145.45,31.968911086754,42.25));
#3212 = DIRECTION('',(-0.,0.866025403784,-0.5));
#3213 = DIRECTION('',(0.,0.5,0.866025403784));
#3214 = DEFINITIONAL_REPRESENTATION('',(#3215),#3219);
#3215 = LINE('',#3216,#3217);
#3216 = CARTESIAN_POINT('',(-18.61452374844,-5.000000000001E-02));
#3217 = VECTOR('',#3218,1.);
#3218 = DIRECTION('',(1.,-0.));
#3219 = ( GEOMETRIC_REPRESENTATION_CONTEXT(2) 
PARAMETRIC_REPRESENTATION_CONTEXT() REPRESENTATION_CONTEXT('2D SPACE',''
  ) );
#3220 = FACE_BOUND('',#3221,.T.);
#3221 = EDGE_LOOP('',(#3222,#3247,#3270,#3293));
#3222 = ORIENTED_EDGE('',*,*,#3223,.T.);
#3223 = EDGE_CURVE('',#3224,#3226,#3228,.T.);
#3224 = VERTEX_POINT('',#3225);
#3225 = CARTESIAN_POINT('',(-145.5,9.063077744608,18.025005575246));
#3226 = VERTEX_POINT('',#3227);
#3227 = CARTESIAN_POINT('',(-145.5,8.494656691976,21.579846993218));
#3228 = SURFACE_CURVE('',#3229,(#3233,#3240),.PCURVE_S1.);
#3229 = LINE('',#3230,#3231);
#3230 = CARTESIAN_POINT('',(-145.5,9.063077744608,18.025005575246));
#3231 = VECTOR('',#3232,1.);
#3232 = DIRECTION('',(0.,-0.157894736842,0.987455949437));
#3233 = PCURVE('',#789,#3234);
#3234 = DEFINITIONAL_REPRESENTATION('',(#3235),#3239);
#3235 = LINE('',#3236,#3237);
#3236 = CARTESIAN_POINT('',(-1.35222372986,-7.251220291564));
#3237 = VECTOR('',#3238,1.);
#3238 = DIRECTION('',(-0.987455949437,0.157894736842));
#3239 = ( GEOMETRIC_REPRESENTATION_CONTEXT(2) 
PARAMETRIC_REPRESENTATION_CONTEXT() REPRESENTATION_CONTEXT('2D SPACE',''
  ) );
#3240 = PCURVE('',#2585,#3241);
#3241 = DEFINITIONAL_REPRESENTATION('',(#3242),#3246);
#3242 = LINE('',#3243,#3244);
#3243 = CARTESIAN_POINT('',(-0.,-0.));
#3244 = VECTOR('',#3245,1.);
#3245 = DIRECTION('',(-1.,0.));
#3246 = ( GEOMETRIC_REPRESENTATION_CONTEXT(2) 
PARAMETRIC_REPRESENTATION_CONTEXT() REPRESENTATION_CONTEXT('2D SPACE',''
  ) );
#3247 = ORIENTED_EDGE('',*,*,#3248,.T.);
#3248 = EDGE_CURVE('',#3226,#3249,#3251,.T.);
#3249 = VERTEX_POINT('',#3250);
#3250 = CARTESIAN_POINT('',(-145.5,15.801830717807,22.748268045849));
#3251 = SURFACE_CURVE('',#3252,(#3256,#3263),.PCURVE_S1.);
#3252 = LINE('',#3253,#3254);
#3253 = CARTESIAN_POINT('',(-145.5,8.494656691976,21.579846993218));
#3254 = VECTOR('',#3255,1.);
#3255 = DIRECTION('',(0.,0.987455949437,0.157894736842));
#3256 = PCURVE('',#789,#3257);
#3257 = DEFINITIONAL_REPRESENTATION('',(#3258),#3262);
#3258 = LINE('',#3259,#3260);
#3259 = CARTESIAN_POINT('',(-4.907065147831,-6.682799238932));
#3260 = VECTOR('',#3261,1.);
#3261 = DIRECTION('',(-0.157894736842,-0.987455949437));
#3262 = ( GEOMETRIC_REPRESENTATION_CONTEXT(2) 
PARAMETRIC_REPRESENTATION_CONTEXT() REPRESENTATION_CONTEXT('2D SPACE',''
  ) );
#3263 = PCURVE('',#2613,#3264);
#3264 = DEFINITIONAL_REPRESENTATION('',(#3265),#3269);
#3265 = LINE('',#3266,#3267);
#3266 = CARTESIAN_POINT('',(0.,-0.));
#3267 = VECTOR('',#3268,1.);
#3268 = DIRECTION('',(0.,1.));
#3269 = ( GEOMETRIC_REPRESENTATION_CONTEXT(2) 
PARAMETRIC_REPRESENTATION_CONTEXT() REPRESENTATION_CONTEXT('2D SPACE',''
  ) );
#3270 = ORIENTED_EDGE('',*,*,#3271,.F.);
#3271 = EDGE_CURVE('',#3272,#3249,#3274,.T.);
#3272 = VERTEX_POINT('',#3273);
#3273 = CARTESIAN_POINT('',(-145.5,16.370251770438,19.193426627878));
#3274 = SURFACE_CURVE('',#3275,(#3279,#3286),.PCURVE_S1.);
#3275 = LINE('',#3276,#3277);
#3276 = CARTESIAN_POINT('',(-145.5,16.370251770438,19.193426627878));
#3277 = VECTOR('',#3278,1.);
#3278 = DIRECTION('',(0.,-0.157894736842,0.987455949437));
#3279 = PCURVE('',#789,#3280);
#3280 = DEFINITIONAL_REPRESENTATION('',(#3281),#3285);
#3281 = LINE('',#3282,#3283);
#3282 = CARTESIAN_POINT('',(-2.520644782492,-14.55839431739));
#3283 = VECTOR('',#3284,1.);
#3284 = DIRECTION('',(-0.987455949437,0.157894736842));
#3285 = ( GEOMETRIC_REPRESENTATION_CONTEXT(2) 
PARAMETRIC_REPRESENTATION_CONTEXT() REPRESENTATION_CONTEXT('2D SPACE',''
  ) );
#3286 = PCURVE('',#2639,#3287);
#3287 = DEFINITIONAL_REPRESENTATION('',(#3288),#3292);
#3288 = LINE('',#3289,#3290);
#3289 = CARTESIAN_POINT('',(-0.,-0.));
#3290 = VECTOR('',#3291,1.);
#3291 = DIRECTION('',(-1.,0.));
#3292 = ( GEOMETRIC_REPRESENTATION_CONTEXT(2) 
PARAMETRIC_REPRESENTATION_CONTEXT() REPRESENTATION_CONTEXT('2D SPACE',''
  ) );
#3293 = ORIENTED_EDGE('',*,*,#3294,.F.);
#3294 = EDGE_CURVE('',#3224,#3272,#3295,.T.);
#3295 = SURFACE_CURVE('',#3296,(#3300,#3307),.PCURVE_S1.);
#3296 = LINE('',#3297,#3298);
#3297 = CARTESIAN_POINT('',(-145.5,9.063077744608,18.025005575246));
#3298 = VECTOR('',#3299,1.);
#3299 = DIRECTION('',(0.,0.987455949437,0.157894736842));
#3300 = PCURVE('',#789,#3301);
#3301 = DEFINITIONAL_REPRESENTATION('',(#3302),#3306);
#3302 = LINE('',#3303,#3304);
#3303 = CARTESIAN_POINT('',(-1.35222372986,-7.251220291564));
#3304 = VECTOR('',#3305,1.);
#3305 = DIRECTION('',(-0.157894736842,-0.987455949437));
#3306 = ( GEOMETRIC_REPRESENTATION_CONTEXT(2) 
PARAMETRIC_REPRESENTATION_CONTEXT() REPRESENTATION_CONTEXT('2D SPACE',''
  ) );
#3307 = PCURVE('',#2557,#3308);
#3308 = DEFINITIONAL_REPRESENTATION('',(#3309),#3313);
#3309 = LINE('',#3310,#3311);
#3310 = CARTESIAN_POINT('',(0.,-0.));
#3311 = VECTOR('',#3312,1.);
#3312 = DIRECTION('',(0.,1.));
#3313 = ( GEOMETRIC_REPRESENTATION_CONTEXT(2) 
PARAMETRIC_REPRESENTATION_CONTEXT() REPRESENTATION_CONTEXT('2D SPACE',''
  ) );
#3314 = FACE_BOUND('',#3315,.T.);
#3315 = EDGE_LOOP('',(#3316,#3341,#3364,#3387));
#3316 = ORIENTED_EDGE('',*,*,#3317,.T.);
#3317 = EDGE_CURVE('',#3318,#3320,#3322,.T.);
#3318 = VERTEX_POINT('',#3319);
#3319 = CARTESIAN_POINT('',(-145.5,-10.68604124412,14.867110838404));
#3320 = VERTEX_POINT('',#3321);
#3321 = CARTESIAN_POINT('',(-145.5,-11.25446229675,18.421952256376));
#3322 = SURFACE_CURVE('',#3323,(#3327,#3334),.PCURVE_S1.);
#3323 = LINE('',#3324,#3325);
#3324 = CARTESIAN_POINT('',(-145.5,-10.68604124412,14.867110838404));
#3325 = VECTOR('',#3326,1.);
#3326 = DIRECTION('',(0.,-0.157894736842,0.987455949437));
#3327 = PCURVE('',#789,#3328);
#3328 = DEFINITIONAL_REPRESENTATION('',(#3329),#3333);
#3329 = LINE('',#3330,#3331);
#3330 = CARTESIAN_POINT('',(1.805671006982,12.497898697166));
#3331 = VECTOR('',#3332,1.);
#3332 = DIRECTION('',(-0.987455949437,0.157894736842));
#3333 = ( GEOMETRIC_REPRESENTATION_CONTEXT(2) 
PARAMETRIC_REPRESENTATION_CONTEXT() REPRESENTATION_CONTEXT('2D SPACE',''
  ) );
#3334 = PCURVE('',#2699,#3335);
#3335 = DEFINITIONAL_REPRESENTATION('',(#3336),#3340);
#3336 = LINE('',#3337,#3338);
#3337 = CARTESIAN_POINT('',(-0.,-0.));
#3338 = VECTOR('',#3339,1.);
#3339 = DIRECTION('',(-1.,0.));
#3340 = ( GEOMETRIC_REPRESENTATION_CONTEXT(2) 
PARAMETRIC_REPRESENTATION_CONTEXT() REPRESENTATION_CONTEXT('2D SPACE',''
  ) );
#3341 = ORIENTED_EDGE('',*,*,#3342,.T.);
#3342 = EDGE_CURVE('',#3320,#3343,#3345,.T.);
#3343 = VERTEX_POINT('',#3344);
#3344 = CARTESIAN_POINT('',(-145.5,-3.947288270924,19.590373309007));
#3345 = SURFACE_CURVE('',#3346,(#3350,#3357),.PCURVE_S1.);
#3346 = LINE('',#3347,#3348);
#3347 = CARTESIAN_POINT('',(-145.5,-11.25446229675,18.421952256376));
#3348 = VECTOR('',#3349,1.);
#3349 = DIRECTION('',(0.,0.987455949437,0.157894736842));
#3350 = PCURVE('',#789,#3351);
#3351 = DEFINITIONAL_REPRESENTATION('',(#3352),#3356);
#3352 = LINE('',#3353,#3354);
#3353 = CARTESIAN_POINT('',(-1.749170410989,13.066319749798));
#3354 = VECTOR('',#3355,1.);
#3355 = DIRECTION('',(-0.157894736842,-0.987455949437));
#3356 = ( GEOMETRIC_REPRESENTATION_CONTEXT(2) 
PARAMETRIC_REPRESENTATION_CONTEXT() REPRESENTATION_CONTEXT('2D SPACE',''
  ) );
#3357 = PCURVE('',#2727,#3358);
#3358 = DEFINITIONAL_REPRESENTATION('',(#3359),#3363);
#3359 = LINE('',#3360,#3361);
#3360 = CARTESIAN_POINT('',(0.,-0.));
#3361 = VECTOR('',#3362,1.);
#3362 = DIRECTION('',(0.,1.));
#3363 = ( GEOMETRIC_REPRESENTATION_CONTEXT(2) 
PARAMETRIC_REPRESENTATION_CONTEXT() REPRESENTATION_CONTEXT('2D SPACE',''
  ) );
#3364 = ORIENTED_EDGE('',*,*,#3365,.F.);
#3365 = EDGE_CURVE('',#3366,#3343,#3368,.T.);
#3366 = VERTEX_POINT('',#3367);
#3367 = CARTESIAN_POINT('',(-145.5,-3.378867218292,16.035531891036));
#3368 = SURFACE_CURVE('',#3369,(#3373,#3380),.PCURVE_S1.);
#3369 = LINE('',#3370,#3371);
#3370 = CARTESIAN_POINT('',(-145.5,-3.378867218292,16.035531891036));
#3371 = VECTOR('',#3372,1.);
#3372 = DIRECTION('',(0.,-0.157894736842,0.987455949437));
#3373 = PCURVE('',#789,#3374);
#3374 = DEFINITIONAL_REPRESENTATION('',(#3375),#3379);
#3375 = LINE('',#3376,#3377);
#3376 = CARTESIAN_POINT('',(0.637249954351,5.190724671336));
#3377 = VECTOR('',#3378,1.);
#3378 = DIRECTION('',(-0.987455949437,0.157894736842));
#3379 = ( GEOMETRIC_REPRESENTATION_CONTEXT(2) 
PARAMETRIC_REPRESENTATION_CONTEXT() REPRESENTATION_CONTEXT('2D SPACE',''
  ) );
#3380 = PCURVE('',#2753,#3381);
#3381 = DEFINITIONAL_REPRESENTATION('',(#3382),#3386);
#3382 = LINE('',#3383,#3384);
#3383 = CARTESIAN_POINT('',(-0.,-0.));
#3384 = VECTOR('',#3385,1.);
#3385 = DIRECTION('',(-1.,0.));
#3386 = ( GEOMETRIC_REPRESENTATION_CONTEXT(2) 
PARAMETRIC_REPRESENTATION_CONTEXT() REPRESENTATION_CONTEXT('2D SPACE',''
  ) );
#3387 = ORIENTED_EDGE('',*,*,#3388,.F.);
#3388 = EDGE_CURVE('',#3318,#3366,#3389,.T.);
#3389 = SURFACE_CURVE('',#3390,(#3394,#3401),.PCURVE_S1.);
#3390 = LINE('',#3391,#3392);
#3391 = CARTESIAN_POINT('',(-145.5,-10.68604124412,14.867110838404));
#3392 = VECTOR('',#3393,1.);
#3393 = DIRECTION('',(0.,0.987455949437,0.157894736842));
#3394 = PCURVE('',#789,#3395);
#3395 = DEFINITIONAL_REPRESENTATION('',(#3396),#3400);
#3396 = LINE('',#3397,#3398);
#3397 = CARTESIAN_POINT('',(1.805671006982,12.497898697166));
#3398 = VECTOR('',#3399,1.);
#3399 = DIRECTION('',(-0.157894736842,-0.987455949437));
#3400 = ( GEOMETRIC_REPRESENTATION_CONTEXT(2) 
PARAMETRIC_REPRESENTATION_CONTEXT() REPRESENTATION_CONTEXT('2D SPACE',''
  ) );
#3401 = PCURVE('',#2671,#3402);
#3402 = DEFINITIONAL_REPRESENTATION('',(#3403),#3407);
#3403 = LINE('',#3404,#3405);
#3404 = CARTESIAN_POINT('',(0.,-0.));
#3405 = VECTOR('',#3406,1.);
#3406 = DIRECTION('',(0.,1.));
#3407 = ( GEOMETRIC_REPRESENTATION_CONTEXT(2) 
PARAMETRIC_REPRESENTATION_CONTEXT() REPRESENTATION_CONTEXT('2D SPACE',''
  ) );
#3408 = ADVANCED_FACE('',(#3409),#761,.F.);
#3409 = FACE_BOUND('',#3410,.T.);
#3410 = EDGE_LOOP('',(#3411,#3432,#3433,#3434));
#3411 = ORIENTED_EDGE('',*,*,#3412,.T.);
#3412 = EDGE_CURVE('',#2982,#918,#3413,.T.);
#3413 = SURFACE_CURVE('',#3414,(#3418,#3425),.PCURVE_S1.);
#3414 = LINE('',#3415,#3416);
#3415 = CARTESIAN_POINT('',(-145.5,-36.,25.));
#3416 = VECTOR('',#3417,1.);
#3417 = DIRECTION('',(-1.,-0.,-0.));
#3418 = PCURVE('',#761,#3419);
#3419 = DEFINITIONAL_REPRESENTATION('',(#3420),#3424);
#3420 = LINE('',#3421,#3422);
#3421 = CARTESIAN_POINT('',(0.,-0.));
#3422 = VECTOR('',#3423,1.);
#3423 = DIRECTION('',(-0.,-1.));
#3424 = ( GEOMETRIC_REPRESENTATION_CONTEXT(2) 
PARAMETRIC_REPRESENTATION_CONTEXT() REPRESENTATION_CONTEXT('2D SPACE',''
  ) );
#3425 = PCURVE('',#933,#3426);
#3426 = DEFINITIONAL_REPRESENTATION('',(#3427),#3431);
#3427 = LINE('',#3428,#3429);
#3428 = CARTESIAN_POINT('',(-72.69112738154,0.));
#3429 = VECTOR('',#3430,1.);
#3430 = DIRECTION('',(-0.,-1.));
#3431 = ( GEOMETRIC_REPRESENTATION_CONTEXT(2) 
PARAMETRIC_REPRESENTATION_CONTEXT() REPRESENTATION_CONTEXT('2D SPACE',''
  ) );
#3432 = ORIENTED_EDGE('',*,*,#945,.T.);
#3433 = ORIENTED_EDGE('',*,*,#745,.F.);
#3434 = ORIENTED_EDGE('',*,*,#3006,.F.);
#3435 = ADVANCED_FACE('',(#3436,#3508,#3556),#933,.F.);
#3436 = FACE_BOUND('',#3437,.T.);
#3437 = EDGE_LOOP('',(#3438,#3439,#3440,#3463,#3486,#3507));
#3438 = ORIENTED_EDGE('',*,*,#3412,.F.);
#3439 = ORIENTED_EDGE('',*,*,#2981,.T.);
#3440 = ORIENTED_EDGE('',*,*,#3441,.T.);
#3441 = EDGE_CURVE('',#2984,#3442,#3444,.T.);
#3442 = VERTEX_POINT('',#3443);
#3443 = CARTESIAN_POINT('',(-156.345,27.137959572095,33.76916105168));
#3444 = SURFACE_CURVE('',#3445,(#3449,#3456),.PCURVE_S1.);
#3445 = LINE('',#3446,#3447);
#3446 = CARTESIAN_POINT('',(-145.5,27.137959572095,33.76916105168));
#3447 = VECTOR('',#3448,1.);
#3448 = DIRECTION('',(-1.,-0.,-0.));
#3449 = PCURVE('',#933,#3450);
#3450 = DEFINITIONAL_REPRESENTATION('',(#3451),#3455);
#3451 = LINE('',#3452,#3453);
#3452 = CARTESIAN_POINT('',(-8.947107077851,0.));
#3453 = VECTOR('',#3454,1.);
#3454 = DIRECTION('',(-0.,-1.));
#3455 = ( GEOMETRIC_REPRESENTATION_CONTEXT(2) 
PARAMETRIC_REPRESENTATION_CONTEXT() REPRESENTATION_CONTEXT('2D SPACE',''
  ) );
#3456 = PCURVE('',#2966,#3457);
#3457 = DEFINITIONAL_REPRESENTATION('',(#3458),#3462);
#3458 = LINE('',#3459,#3460);
#3459 = CARTESIAN_POINT('',(-8.243884636836,0.));
#3460 = VECTOR('',#3461,1.);
#3461 = DIRECTION('',(-0.,1.));
#3462 = ( GEOMETRIC_REPRESENTATION_CONTEXT(2) 
PARAMETRIC_REPRESENTATION_CONTEXT() REPRESENTATION_CONTEXT('2D SPACE',''
  ) );
#3463 = ORIENTED_EDGE('',*,*,#3464,.T.);
#3464 = EDGE_CURVE('',#3442,#3465,#3467,.T.);
#3465 = VERTEX_POINT('',#3466);
#3466 = CARTESIAN_POINT('',(-156.345,20.582994682643,32.858749261478));
#3467 = SURFACE_CURVE('',#3468,(#3472,#3479),.PCURVE_S1.);
#3468 = LINE('',#3469,#3470);
#3469 = CARTESIAN_POINT('',(-156.345,35.645722937169,34.950794852385));
#3470 = VECTOR('',#3471,1.);
#3471 = DIRECTION('',(-0.,-0.990492273178,-0.137568371275));
#3472 = PCURVE('',#933,#3473);
#3473 = DEFINITIONAL_REPRESENTATION('',(#3474),#3478);
#3474 = LINE('',#3475,#3476);
#3475 = CARTESIAN_POINT('',(-0.357677765314,-10.845));
#3476 = VECTOR('',#3477,1.);
#3477 = DIRECTION('',(-1.,0.));
#3478 = ( GEOMETRIC_REPRESENTATION_CONTEXT(2) 
PARAMETRIC_REPRESENTATION_CONTEXT() REPRESENTATION_CONTEXT('2D SPACE',''
  ) );
#3479 = PCURVE('',#2940,#3480);
#3480 = DEFINITIONAL_REPRESENTATION('',(#3481),#3485);
#3481 = LINE('',#3482,#3483);
#3482 = CARTESIAN_POINT('',(2.049205147615,-0.645722937169));
#3483 = VECTOR('',#3484,1.);
#3484 = DIRECTION('',(0.137568371275,0.990492273178));
#3485 = ( GEOMETRIC_REPRESENTATION_CONTEXT(2) 
PARAMETRIC_REPRESENTATION_CONTEXT() REPRESENTATION_CONTEXT('2D SPACE',''
  ) );
#3486 = ORIENTED_EDGE('',*,*,#3487,.T.);
#3487 = EDGE_CURVE('',#3465,#885,#3488,.T.);
#3488 = SURFACE_CURVE('',#3489,(#3493,#3500),.PCURVE_S1.);
#3489 = LINE('',#3490,#3491);
#3490 = CARTESIAN_POINT('',(-156.345,20.582994682643,32.858749261478));
#3491 = VECTOR('',#3492,1.);
#3492 = DIRECTION('',(-1.,-0.,-0.));
#3493 = PCURVE('',#933,#3494);
#3494 = DEFINITIONAL_REPRESENTATION('',(#3495),#3499);
#3495 = LINE('',#3496,#3497);
#3496 = CARTESIAN_POINT('',(-15.56499301897,-10.845));
#3497 = VECTOR('',#3498,1.);
#3498 = DIRECTION('',(-0.,-1.));
#3499 = ( GEOMETRIC_REPRESENTATION_CONTEXT(2) 
PARAMETRIC_REPRESENTATION_CONTEXT() REPRESENTATION_CONTEXT('2D SPACE',''
  ) );
#3500 = PCURVE('',#905,#3501);
#3501 = DEFINITIONAL_REPRESENTATION('',(#3502),#3506);
#3502 = LINE('',#3503,#3504);
#3503 = CARTESIAN_POINT('',(-8.13369834656,0.));
#3504 = VECTOR('',#3505,1.);
#3505 = DIRECTION('',(-0.,1.));
#3506 = ( GEOMETRIC_REPRESENTATION_CONTEXT(2) 
PARAMETRIC_REPRESENTATION_CONTEXT() REPRESENTATION_CONTEXT('2D SPACE',''
  ) );
#3507 = ORIENTED_EDGE('',*,*,#917,.T.);
#3508 = FACE_BOUND('',#3509,.T.);
#3509 = EDGE_LOOP('',(#3510));
#3510 = ORIENTED_EDGE('',*,*,#3511,.F.);
#3511 = EDGE_CURVE('',#3512,#3512,#3514,.T.);
#3512 = VERTEX_POINT('',#3513);
#3513 = CARTESIAN_POINT('',(-151.75,10.65856258616,31.480355914744));
#3514 = SURFACE_CURVE('',#3515,(#3520,#3531),.PCURVE_S1.);
#3515 = ELLIPSE('',#3516,2.250475278323,2.25);
#3516 = AXIS2_PLACEMENT_3D('',#3517,#3518,#3519);
#3517 = CARTESIAN_POINT('',(-149.5,10.65856258616,31.480355914744));
#3518 = DIRECTION('',(0.,-0.137568371275,0.990492273178));
#3519 = DIRECTION('',(-0.,-0.990492273178,-0.137568371275));
#3520 = PCURVE('',#933,#3521);
#3521 = DEFINITIONAL_REPRESENTATION('',(#3522),#3530);
#3522 = ( BOUNDED_CURVE() B_SPLINE_CURVE(2,(#3523,#3524,#3525,#3526,
#3527,#3528,#3529),.UNSPECIFIED.,.T.,.F.) B_SPLINE_CURVE_WITH_KNOTS((1,2
    ,2,2,2,1),(-2.094395102393,0.,2.094395102393,4.188790204786,
6.28318530718,8.377580409573),.UNSPECIFIED.) CURVE() 
GEOMETRIC_REPRESENTATION_ITEM() RATIONAL_B_SPLINE_CURVE((1.,0.5,1.,0.5,
1.,0.5,1.)) REPRESENTATION_ITEM('') );
#3523 = CARTESIAN_POINT('',(-27.83516493222,-4.));
#3524 = CARTESIAN_POINT('',(-27.83516493222,-0.10288568297));
#3525 = CARTESIAN_POINT('',(-24.45945201474,-2.051442841485));
#3526 = CARTESIAN_POINT('',(-21.08373909725,-4.));
#3527 = CARTESIAN_POINT('',(-24.45945201474,-5.948557158515));
#3528 = CARTESIAN_POINT('',(-27.83516493222,-7.89711431703));
#3529 = CARTESIAN_POINT('',(-27.83516493222,-4.));
#3530 = ( GEOMETRIC_REPRESENTATION_CONTEXT(2) 
PARAMETRIC_REPRESENTATION_CONTEXT() REPRESENTATION_CONTEXT('2D SPACE',''
  ) );
#3531 = PCURVE('',#3532,#3537);
#3532 = CYLINDRICAL_SURFACE('',#3533,2.25);
#3533 = AXIS2_PLACEMENT_3D('',#3534,#3535,#3536);
#3534 = CARTESIAN_POINT('',(-149.5,25.664033178576,-62.36217175223));
#3535 = DIRECTION('',(-0.,-0.157894736842,0.987455949437));
#3536 = DIRECTION('',(-1.,-0.,-0.));
#3537 = DEFINITIONAL_REPRESENTATION('',(#3538),#3555);
#3538 = B_SPLINE_CURVE_WITH_KNOTS('',8,(#3539,#3540,#3541,#3542,#3543,
    #3544,#3545,#3546,#3547,#3548,#3549,#3550,#3551,#3552,#3553,#3554),
  .UNSPECIFIED.,.F.,.F.,(9,7,9),(4.712388980385,7.853981633974,
    10.995574287564),.UNSPECIFIED.);
#3539 = CARTESIAN_POINT('',(-6.28318530718,95.034647085298));
#3540 = CARTESIAN_POINT('',(-5.890486225481,95.052809060544));
#3541 = CARTESIAN_POINT('',(-5.497787143783,95.070971180496));
#3542 = CARTESIAN_POINT('',(-5.105088062085,95.084863853874));
#3543 = CARTESIAN_POINT('',(-4.712388980385,95.090229174355));
#3544 = CARTESIAN_POINT('',(-4.31968989869,95.084863853874));
#3545 = CARTESIAN_POINT('',(-3.926990816988,95.070971180496));
#3546 = CARTESIAN_POINT('',(-3.534291735289,95.052809060544));
#3547 = CARTESIAN_POINT('',(-2.748893571891,95.016485110052));
#3548 = CARTESIAN_POINT('',(-2.356194490196,94.998322990097));
#3549 = CARTESIAN_POINT('',(-1.963495408495,94.98443031637));
#3550 = CARTESIAN_POINT('',(-1.570796326806,94.979064996296));
#3551 = CARTESIAN_POINT('',(-1.178097245101,94.984430316428));
#3552 = CARTESIAN_POINT('',(-0.785398163399,94.998322990054));
#3553 = CARTESIAN_POINT('',(-0.392699081699,95.016485110052));
#3554 = CARTESIAN_POINT('',(-8.881784197001E-16,95.034647085298));
#3555 = ( GEOMETRIC_REPRESENTATION_CONTEXT(2) 
PARAMETRIC_REPRESENTATION_CONTEXT() REPRESENTATION_CONTEXT('2D SPACE',''
  ) );
#3556 = FACE_BOUND('',#3557,.T.);
#3557 = EDGE_LOOP('',(#3558));
#3558 = ORIENTED_EDGE('',*,*,#3559,.F.);
#3559 = EDGE_CURVE('',#3560,#3560,#3562,.T.);
#3560 = VERTEX_POINT('',#3561);
#3561 = CARTESIAN_POINT('',(-151.75,-9.155467406342,28.728407304675));
#3562 = SURFACE_CURVE('',#3563,(#3568,#3579),.PCURVE_S1.);
#3563 = ELLIPSE('',#3564,2.250475278323,2.25);
#3564 = AXIS2_PLACEMENT_3D('',#3565,#3566,#3567);
#3565 = CARTESIAN_POINT('',(-149.5,-9.155467406342,28.728407304675));
#3566 = DIRECTION('',(0.,-0.137568371275,0.990492273178));
#3567 = DIRECTION('',(-0.,-0.990492273178,-0.137568371275));
#3568 = PCURVE('',#933,#3569);
#3569 = DEFINITIONAL_REPRESENTATION('',(#3570),#3578);
#3570 = ( BOUNDED_CURVE() B_SPLINE_CURVE(2,(#3571,#3572,#3573,#3574,
#3575,#3576,#3577),.UNSPECIFIED.,.T.,.F.) B_SPLINE_CURVE_WITH_KNOTS((1,2
    ,2,2,2,1),(-2.094395102393,0.,2.094395102393,4.188790204786,
6.28318530718,8.377580409573),.UNSPECIFIED.) CURVE() 
GEOMETRIC_REPRESENTATION_ITEM() RATIONAL_B_SPLINE_CURVE((1.,0.5,1.,0.5,
1.,0.5,1.)) REPRESENTATION_ITEM('') );
#3571 = CARTESIAN_POINT('',(-47.83938962842,-4.));
#3572 = CARTESIAN_POINT('',(-47.83938962842,-0.10288568297));
#3573 = CARTESIAN_POINT('',(-44.46367671094,-2.051442841485));
#3574 = CARTESIAN_POINT('',(-41.08796379346,-4.));
#3575 = CARTESIAN_POINT('',(-44.46367671094,-5.948557158515));
#3576 = CARTESIAN_POINT('',(-47.83938962842,-7.89711431703));
#3577 = CARTESIAN_POINT('',(-47.83938962842,-4.));
#3578 = ( GEOMETRIC_REPRESENTATION_CONTEXT(2) 
PARAMETRIC_REPRESENTATION_CONTEXT() REPRESENTATION_CONTEXT('2D SPACE',''
  ) );
#3579 = PCURVE('',#3580,#3585);
#3580 = CYLINDRICAL_SURFACE('',#3581,2.25);
#3581 = AXIS2_PLACEMENT_3D('',#3582,#3583,#3584);
#3582 = CARTESIAN_POINT('',(-149.5,5.914914189845,-65.52006648907));
#3583 = DIRECTION('',(-0.,-0.157894736842,0.987455949437));
#3584 = DIRECTION('',(-1.,-0.,-0.));
#3585 = DEFINITIONAL_REPRESENTATION('',(#3586),#3603);
#3586 = B_SPLINE_CURVE_WITH_KNOTS('',8,(#3587,#3588,#3589,#3590,#3591,
    #3592,#3593,#3594,#3595,#3596,#3597,#3598,#3599,#3600,#3601,#3602),
  .UNSPECIFIED.,.F.,.F.,(9,7,9),(4.712388980385,7.853981633974,
    10.995574287564),.UNSPECIFIED.);
#3587 = CARTESIAN_POINT('',(-6.28318530718,95.445750109188));
#3588 = CARTESIAN_POINT('',(-5.890486225481,95.463912084435));
#3589 = CARTESIAN_POINT('',(-5.497787143783,95.482074204599));
#3590 = CARTESIAN_POINT('',(-5.105088062085,95.495966877148));
#3591 = CARTESIAN_POINT('',(-4.712388980387,95.501332199259));
#3592 = CARTESIAN_POINT('',(-4.319689898683,95.495966877148));
#3593 = CARTESIAN_POINT('',(-3.926990816988,95.48207420457));
#3594 = CARTESIAN_POINT('',(-3.534291735289,95.463912084435));
#3595 = CARTESIAN_POINT('',(-2.748893571891,95.427588133942));
#3596 = CARTESIAN_POINT('',(-2.356194490201,95.409426013997));
#3597 = CARTESIAN_POINT('',(-1.963495408477,95.395533340343));
#3598 = CARTESIAN_POINT('',(-1.57079632681,95.390168020327));
#3599 = CARTESIAN_POINT('',(-1.178097245072,95.39553334011));
#3600 = CARTESIAN_POINT('',(-0.785398163404,95.409426013968));
#3601 = CARTESIAN_POINT('',(-0.392699081699,95.427588133942));
#3602 = CARTESIAN_POINT('',(-1.68753899743E-14,95.445750109188));
#3603 = ( GEOMETRIC_REPRESENTATION_CONTEXT(2) 
PARAMETRIC_REPRESENTATION_CONTEXT() REPRESENTATION_CONTEXT('2D SPACE',''
  ) );
#3604 = ADVANCED_FACE('',(#3605),#905,.T.);
#3605 = FACE_BOUND('',#3606,.F.);
#3606 = EDGE_LOOP('',(#3607,#3629,#3630,#3631));
#3607 = ORIENTED_EDGE('',*,*,#3608,.F.);
#3608 = EDGE_CURVE('',#3465,#2902,#3609,.T.);
#3609 = SURFACE_CURVE('',#3610,(#3615,#3622),.PCURVE_S1.);
#3610 = CIRCLE('',#3611,15.);
#3611 = AXIS2_PLACEMENT_3D('',#3612,#3613,#3614);
#3612 = CARTESIAN_POINT('',(-156.345,35.,37.));
#3613 = DIRECTION('',(-1.,0.,0.));
#3614 = DIRECTION('',(-0.,-0.961133687824,-0.276083382568));
#3615 = PCURVE('',#905,#3616);
#3616 = DEFINITIONAL_REPRESENTATION('',(#3617),#3621);
#3617 = LINE('',#3618,#3619);
#3618 = CARTESIAN_POINT('',(-8.13369834656,0.));
#3619 = VECTOR('',#3620,1.);
#3620 = DIRECTION('',(1.,-0.));
#3621 = ( GEOMETRIC_REPRESENTATION_CONTEXT(2) 
PARAMETRIC_REPRESENTATION_CONTEXT() REPRESENTATION_CONTEXT('2D SPACE',''
  ) );
#3622 = PCURVE('',#2940,#3623);
#3623 = DEFINITIONAL_REPRESENTATION('',(#3624),#3628);
#3624 = CIRCLE('',#3625,15.);
#3625 = AXIS2_PLACEMENT_2D('',#3626,#3627);
#3626 = CARTESIAN_POINT('',(0.,0.));
#3627 = DIRECTION('',(0.276083382568,0.961133687824));
#3628 = ( GEOMETRIC_REPRESENTATION_CONTEXT(2) 
PARAMETRIC_REPRESENTATION_CONTEXT() REPRESENTATION_CONTEXT('2D SPACE',''
  ) );
#3629 = ORIENTED_EDGE('',*,*,#3487,.T.);
#3630 = ORIENTED_EDGE('',*,*,#884,.F.);
#3631 = ORIENTED_EDGE('',*,*,#2901,.F.);
#3632 = ADVANCED_FACE('',(#3633),#987,.T.);
#3633 = FACE_BOUND('',#3634,.F.);
#3634 = EDGE_LOOP('',(#3635,#3663,#3664));
#3635 = ORIENTED_EDGE('',*,*,#3636,.F.);
#3636 = EDGE_CURVE('',#970,#3637,#3639,.T.);
#3637 = VERTEX_POINT('',#3638);
#3638 = CARTESIAN_POINT('',(-162.545,49.136454726636,40.226553542367));
#3639 = SURFACE_CURVE('',#3640,(#3644,#3651),.PCURVE_S1.);
#3640 = LINE('',#3641,#3642);
#3641 = CARTESIAN_POINT('',(-161.345,49.408827043452,38.623484903498));
#3642 = VECTOR('',#3643,1.);
#3643 = DIRECTION('',(-0.593796375622,-0.134778078787,0.793246956361));
#3644 = PCURVE('',#987,#3645);
#3645 = DEFINITIONAL_REPRESENTATION('',(#3646),#3650);
#3646 = LINE('',#3647,#3648);
#3647 = CARTESIAN_POINT('',(1.02654185605,-0.372944942388));
#3648 = VECTOR('',#3649,1.);
#3649 = DIRECTION('',(-0.804615351766,0.593796375622));
#3650 = ( GEOMETRIC_REPRESENTATION_CONTEXT(2) 
PARAMETRIC_REPRESENTATION_CONTEXT() REPRESENTATION_CONTEXT('2D SPACE',''
  ) );
#3651 = PCURVE('',#3652,#3657);
#3652 = PLANE('',#3653);
#3653 = AXIS2_PLACEMENT_3D('',#3654,#3655,#3656);
#3654 = CARTESIAN_POINT('',(-161.6967715464,47.011682238806,
    38.832316090588));
#3655 = DIRECTION('',(-0.804168352357,6.655186364335E-02,-0.590664126651
    ));
#3656 = DIRECTION('',(0.591976558154,0.,-0.805955181506));
#3657 = DEFINITIONAL_REPRESENTATION('',(#3658),#3662);
#3658 = LINE('',#3659,#3660);
#3659 = CARTESIAN_POINT('',(0.376549086617,-2.402471162241));
#3660 = VECTOR('',#3661,1.);
#3661 = DIRECTION('',(-0.990835029378,0.135077550159));
#3662 = ( GEOMETRIC_REPRESENTATION_CONTEXT(2) 
PARAMETRIC_REPRESENTATION_CONTEXT() REPRESENTATION_CONTEXT('2D SPACE',''
  ) );
#3663 = ORIENTED_EDGE('',*,*,#969,.T.);
#3664 = ORIENTED_EDGE('',*,*,#3665,.T.);
#3665 = EDGE_CURVE('',#972,#3637,#3666,.T.);
#3666 = SURFACE_CURVE('',#3667,(#3671,#3678),.PCURVE_S1.);
#3667 = LINE('',#3668,#3669);
#3668 = CARTESIAN_POINT('',(-161.245,49.136454726636,40.226553542367));
#3669 = VECTOR('',#3670,1.);
#3670 = DIRECTION('',(-1.,-0.,-0.));
#3671 = PCURVE('',#987,#3672);
#3672 = DEFINITIONAL_REPRESENTATION('',(#3673),#3677);
#3673 = LINE('',#3674,#3675);
#3674 = CARTESIAN_POINT('',(-0.599501113829,-0.472944942388));
#3675 = VECTOR('',#3676,1.);
#3676 = DIRECTION('',(-0.,1.));
#3677 = ( GEOMETRIC_REPRESENTATION_CONTEXT(2) 
PARAMETRIC_REPRESENTATION_CONTEXT() REPRESENTATION_CONTEXT('2D SPACE',''
  ) );
#3678 = PCURVE('',#2525,#3679);
#3679 = DEFINITIONAL_REPRESENTATION('',(#3680),#3684);
#3680 = LINE('',#3681,#3682);
#3681 = CARTESIAN_POINT('',(0.601968217911,-0.438946732972));
#3682 = VECTOR('',#3683,1.);
#3683 = DIRECTION('',(-0.,1.));
#3684 = ( GEOMETRIC_REPRESENTATION_CONTEXT(2) 
PARAMETRIC_REPRESENTATION_CONTEXT() REPRESENTATION_CONTEXT('2D SPACE',''
  ) );
#3685 = ADVANCED_FACE('',(#3686),#1015,.T.);
#3686 = FACE_BOUND('',#3687,.F.);
#3687 = EDGE_LOOP('',(#3688,#3689,#3717));
#3688 = ORIENTED_EDGE('',*,*,#999,.F.);
#3689 = ORIENTED_EDGE('',*,*,#3690,.F.);
#3690 = EDGE_CURVE('',#3691,#970,#3693,.T.);
#3691 = VERTEX_POINT('',#3692);
#3692 = CARTESIAN_POINT('',(-162.545,49.5,37.));
#3693 = SURFACE_CURVE('',#3694,(#3698,#3705),.PCURVE_S1.);
#3694 = LINE('',#3695,#3696);
#3695 = CARTESIAN_POINT('',(-162.545,49.5,37.));
#3696 = VECTOR('',#3697,1.);
#3697 = DIRECTION('',(0.593796375622,-4.511514262745E-02,0.803349542979)
  );
#3698 = PCURVE('',#1015,#3699);
#3699 = DEFINITIONAL_REPRESENTATION('',(#3700),#3704);
#3700 = LINE('',#3701,#3702);
#3701 = CARTESIAN_POINT('',(0.601968217911,0.861053267028));
#3702 = VECTOR('',#3703,1.);
#3703 = DIRECTION('',(-0.804615351766,-0.593796375622));
#3704 = ( GEOMETRIC_REPRESENTATION_CONTEXT(2) 
PARAMETRIC_REPRESENTATION_CONTEXT() REPRESENTATION_CONTEXT('2D SPACE',''
  ) );
#3705 = PCURVE('',#3706,#3711);
#3706 = PLANE('',#3707);
#3707 = AXIS2_PLACEMENT_3D('',#3708,#3709,#3710);
#3708 = CARTESIAN_POINT('',(-162.1932284535,47.141309613198,
    37.475913162614));
#3709 = DIRECTION('',(-0.804168352357,-0.,0.594401599146));
#3710 = DIRECTION('',(-0.594401599146,0.,-0.804168352357));
#3711 = DEFINITIONAL_REPRESENTATION('',(#3712),#3716);
#3712 = LINE('',#3713,#3714);
#3713 = CARTESIAN_POINT('',(0.591807873586,-2.358690386802));
#3714 = VECTOR('',#3715,1.);
#3715 = DIRECTION('',(-0.998981793581,4.511514262745E-02));
#3716 = ( GEOMETRIC_REPRESENTATION_CONTEXT(2) 
PARAMETRIC_REPRESENTATION_CONTEXT() REPRESENTATION_CONTEXT('2D SPACE',''
  ) );
#3717 = ORIENTED_EDGE('',*,*,#3718,.T.);
#3718 = EDGE_CURVE('',#3691,#1000,#3719,.T.);
#3719 = SURFACE_CURVE('',#3720,(#3724,#3731),.PCURVE_S1.);
#3720 = LINE('',#3721,#3722);
#3721 = CARTESIAN_POINT('',(-162.545,49.5,37.));
#3722 = VECTOR('',#3723,1.);
#3723 = DIRECTION('',(1.,-0.,-0.));
#3724 = PCURVE('',#1015,#3725);
#3725 = DEFINITIONAL_REPRESENTATION('',(#3726),#3730);
#3726 = LINE('',#3727,#3728);
#3727 = CARTESIAN_POINT('',(0.601968217911,0.861053267028));
#3728 = VECTOR('',#3729,1.);
#3729 = DIRECTION('',(-0.,-1.));
#3730 = ( GEOMETRIC_REPRESENTATION_CONTEXT(2) 
PARAMETRIC_REPRESENTATION_CONTEXT() REPRESENTATION_CONTEXT('2D SPACE',''
  ) );
#3731 = PCURVE('',#1043,#3732);
#3732 = DEFINITIONAL_REPRESENTATION('',(#3733),#3737);
#3733 = LINE('',#3734,#3735);
#3734 = CARTESIAN_POINT('',(-0.599501113829,0.827055057612));
#3735 = VECTOR('',#3736,1.);
#3736 = DIRECTION('',(-0.,-1.));
#3737 = ( GEOMETRIC_REPRESENTATION_CONTEXT(2) 
PARAMETRIC_REPRESENTATION_CONTEXT() REPRESENTATION_CONTEXT('2D SPACE',''
  ) );
#3738 = ADVANCED_FACE('',(#3739),#2525,.T.);
#3739 = FACE_BOUND('',#3740,.F.);
#3740 = EDGE_LOOP('',(#3741,#3742,#3743));
#3741 = ORIENTED_EDGE('',*,*,#3665,.F.);
#3742 = ORIENTED_EDGE('',*,*,#2511,.F.);
#3743 = ORIENTED_EDGE('',*,*,#3744,.F.);
#3744 = EDGE_CURVE('',#3637,#2484,#3745,.T.);
#3745 = SURFACE_CURVE('',#3746,(#3750,#3757),.PCURVE_S1.);
#3746 = LINE('',#3747,#3748);
#3747 = CARTESIAN_POINT('',(-162.545,49.136454726636,40.226553542367));
#3748 = VECTOR('',#3749,1.);
#3749 = DIRECTION('',(0.593796375622,-0.222746102407,0.773168829015));
#3750 = PCURVE('',#2525,#3751);
#3751 = DEFINITIONAL_REPRESENTATION('',(#3752),#3756);
#3752 = LINE('',#3753,#3754);
#3753 = CARTESIAN_POINT('',(0.601968217911,0.861053267028));
#3754 = VECTOR('',#3755,1.);
#3755 = DIRECTION('',(-0.804615351766,-0.593796375622));
#3756 = ( GEOMETRIC_REPRESENTATION_CONTEXT(2) 
PARAMETRIC_REPRESENTATION_CONTEXT() REPRESENTATION_CONTEXT('2D SPACE',''
  ) );
#3757 = PCURVE('',#3758,#3763);
#3758 = PLANE('',#3759);
#3759 = AXIS2_PLACEMENT_3D('',#3760,#3761,#3762);
#3760 = CARTESIAN_POINT('',(-162.1932284535,46.731000990921,
    40.165676580588));
#3761 = DIRECTION('',(-0.804168352357,-0.132266798987,0.579498710053));
#3762 = DIRECTION('',(-0.584635226655,-6.938893903907E-18,
    -0.811296278651));
#3763 = DEFINITIONAL_REPRESENTATION('',(#3764),#3768);
#3764 = LINE('',#3765,#3766);
#3765 = CARTESIAN_POINT('',(0.156268785242,-2.426775013632));
#3766 = VECTOR('',#3767,1.);
#3767 = DIRECTION('',(-0.974423272398,0.224720462372));
#3768 = ( GEOMETRIC_REPRESENTATION_CONTEXT(2) 
PARAMETRIC_REPRESENTATION_CONTEXT() REPRESENTATION_CONTEXT('2D SPACE',''
  ) );
#3769 = ADVANCED_FACE('',(#3770),#1043,.T.);
#3770 = FACE_BOUND('',#3771,.F.);
#3771 = EDGE_LOOP('',(#3772,#3798,#3799));
#3772 = ORIENTED_EDGE('',*,*,#3773,.F.);
#3773 = EDGE_CURVE('',#1028,#3691,#3774,.T.);
#3774 = SURFACE_CURVE('',#3775,(#3779,#3786),.PCURVE_S1.);
#3775 = LINE('',#3776,#3777);
#3776 = CARTESIAN_POINT('',(-161.345,49.408827043452,35.376515096502));
#3777 = VECTOR('',#3778,1.);
#3778 = DIRECTION('',(-0.593796375622,4.511514262745E-02,0.803349542979)
  );
#3779 = PCURVE('',#1043,#3780);
#3780 = DEFINITIONAL_REPRESENTATION('',(#3781),#3785);
#3781 = LINE('',#3782,#3783);
#3782 = CARTESIAN_POINT('',(1.02654185605,-0.372944942388));
#3783 = VECTOR('',#3784,1.);
#3784 = DIRECTION('',(-0.804615351766,0.593796375622));
#3785 = ( GEOMETRIC_REPRESENTATION_CONTEXT(2) 
PARAMETRIC_REPRESENTATION_CONTEXT() REPRESENTATION_CONTEXT('2D SPACE',''
  ) );
#3786 = PCURVE('',#3787,#3792);
#3787 = PLANE('',#3788);
#3788 = AXIS2_PLACEMENT_3D('',#3789,#3790,#3791);
#3789 = CARTESIAN_POINT('',(-161.6967715464,47.118252974652,
    36.113525350488));
#3790 = DIRECTION('',(-0.804168352357,-6.655186364335E-02,
    -0.590664126651));
#3791 = DIRECTION('',(0.591976558154,0.,-0.805955181506));
#3792 = DEFINITIONAL_REPRESENTATION('',(#3793),#3797);
#3793 = LINE('',#3794,#3795);
#3794 = CARTESIAN_POINT('',(0.802237742345,-2.295663630584));
#3795 = VECTOR('',#3796,1.);
#3796 = DIRECTION('',(-0.998977261409,-4.521538662695E-02));
#3797 = ( GEOMETRIC_REPRESENTATION_CONTEXT(2) 
PARAMETRIC_REPRESENTATION_CONTEXT() REPRESENTATION_CONTEXT('2D SPACE',''
  ) );
#3798 = ORIENTED_EDGE('',*,*,#1027,.T.);
#3799 = ORIENTED_EDGE('',*,*,#3718,.F.);
#3800 = ADVANCED_FACE('',(#3801),#2499,.T.);
#3801 = FACE_BOUND('',#3802,.F.);
#3802 = EDGE_LOOP('',(#3803,#3831,#3832));
#3803 = ORIENTED_EDGE('',*,*,#3804,.F.);
#3804 = EDGE_CURVE('',#2484,#3805,#3807,.T.);
#3805 = VERTEX_POINT('',#3806);
#3806 = CARTESIAN_POINT('',(-162.545,48.064048584585,43.291314217205));
#3807 = SURFACE_CURVE('',#3808,(#3812,#3819),.PCURVE_S1.);
#3808 = LINE('',#3809,#3810);
#3809 = CARTESIAN_POINT('',(-161.345,48.686308289471,41.78904639835));
#3810 = VECTOR('',#3811,1.);
#3811 = DIRECTION('',(-0.593796375622,-0.307912964548,0.743367655041));
#3812 = PCURVE('',#2499,#3813);
#3813 = DEFINITIONAL_REPRESENTATION('',(#3814),#3818);
#3814 = LINE('',#3815,#3816);
#3815 = CARTESIAN_POINT('',(1.02654185605,-0.372944942388));
#3816 = VECTOR('',#3817,1.);
#3817 = DIRECTION('',(-0.804615351766,0.593796375622));
#3818 = ( GEOMETRIC_REPRESENTATION_CONTEXT(2) 
PARAMETRIC_REPRESENTATION_CONTEXT() REPRESENTATION_CONTEXT('2D SPACE',''
  ) );
#3819 = PCURVE('',#3820,#3825);
#3820 = PLANE('',#3821);
#3821 = AXIS2_PLACEMENT_3D('',#3822,#3823,#3824);
#3822 = CARTESIAN_POINT('',(-161.6967715464,46.30279559909,
    41.45922685082));
#3823 = DIRECTION('',(-0.804168352357,0.196318402591,-0.561045760943));
#3824 = DIRECTION('',(0.572180274357,0.,-0.820127876393));
#3825 = DEFINITIONAL_REPRESENTATION('',(#3826),#3830);
#3826 = LINE('',#3827,#3828);
#3827 = CARTESIAN_POINT('',(-6.921746515185E-02,-2.430815880018));
#3828 = VECTOR('',#3829,1.);
#3829 = DIRECTION('',(-0.949415109424,0.314023804827));
#3830 = ( GEOMETRIC_REPRESENTATION_CONTEXT(2) 
PARAMETRIC_REPRESENTATION_CONTEXT() REPRESENTATION_CONTEXT('2D SPACE',''
  ) );
#3831 = ORIENTED_EDGE('',*,*,#2483,.T.);
#3832 = ORIENTED_EDGE('',*,*,#3833,.T.);
#3833 = EDGE_CURVE('',#2456,#3805,#3834,.T.);
#3834 = SURFACE_CURVE('',#3835,(#3839,#3846),.PCURVE_S1.);
#3835 = LINE('',#3836,#3837);
#3836 = CARTESIAN_POINT('',(-161.245,48.064048584585,43.291314217205));
#3837 = VECTOR('',#3838,1.);
#3838 = DIRECTION('',(-1.,-0.,-0.));
#3839 = PCURVE('',#2499,#3840);
#3840 = DEFINITIONAL_REPRESENTATION('',(#3841),#3845);
#3841 = LINE('',#3842,#3843);
#3842 = CARTESIAN_POINT('',(-0.599501113829,-0.472944942388));
#3843 = VECTOR('',#3844,1.);
#3844 = DIRECTION('',(-0.,1.));
#3845 = ( GEOMETRIC_REPRESENTATION_CONTEXT(2) 
PARAMETRIC_REPRESENTATION_CONTEXT() REPRESENTATION_CONTEXT('2D SPACE',''
  ) );
#3846 = PCURVE('',#2471,#3847);
#3847 = DEFINITIONAL_REPRESENTATION('',(#3848),#3852);
#3848 = LINE('',#3849,#3850);
#3849 = CARTESIAN_POINT('',(0.601968217911,-0.438946732972));
#3850 = VECTOR('',#3851,1.);
#3851 = DIRECTION('',(-0.,1.));
#3852 = ( GEOMETRIC_REPRESENTATION_CONTEXT(2) 
PARAMETRIC_REPRESENTATION_CONTEXT() REPRESENTATION_CONTEXT('2D SPACE',''
  ) );
#3853 = ADVANCED_FACE('',(#3854),#1071,.T.);
#3854 = FACE_BOUND('',#3855,.F.);
#3855 = EDGE_LOOP('',(#3856,#3879,#3880));
#3856 = ORIENTED_EDGE('',*,*,#3857,.F.);
#3857 = EDGE_CURVE('',#1056,#3858,#3860,.T.);
#3858 = VERTEX_POINT('',#3859);
#3859 = CARTESIAN_POINT('',(-162.545,49.136454726636,33.773446457633));
#3860 = SURFACE_CURVE('',#3861,(#3865,#3872),.PCURVE_S1.);
#3861 = LINE('',#3862,#3863);
#3862 = CARTESIAN_POINT('',(-161.245,49.136454726636,33.773446457633));
#3863 = VECTOR('',#3864,1.);
#3864 = DIRECTION('',(-1.,-0.,-0.));
#3865 = PCURVE('',#1071,#3866);
#3866 = DEFINITIONAL_REPRESENTATION('',(#3867),#3871);
#3867 = LINE('',#3868,#3869);
#3868 = CARTESIAN_POINT('',(0.601968217911,-0.438946732972));
#3869 = VECTOR('',#3870,1.);
#3870 = DIRECTION('',(-0.,1.));
#3871 = ( GEOMETRIC_REPRESENTATION_CONTEXT(2) 
PARAMETRIC_REPRESENTATION_CONTEXT() REPRESENTATION_CONTEXT('2D SPACE',''
  ) );
#3872 = PCURVE('',#1099,#3873);
#3873 = DEFINITIONAL_REPRESENTATION('',(#3874),#3878);
#3874 = LINE('',#3875,#3876);
#3875 = CARTESIAN_POINT('',(-0.599501113829,-0.472944942388));
#3876 = VECTOR('',#3877,1.);
#3877 = DIRECTION('',(-0.,1.));
#3878 = ( GEOMETRIC_REPRESENTATION_CONTEXT(2) 
PARAMETRIC_REPRESENTATION_CONTEXT() REPRESENTATION_CONTEXT('2D SPACE',''
  ) );
#3879 = ORIENTED_EDGE('',*,*,#1055,.F.);
#3880 = ORIENTED_EDGE('',*,*,#3881,.F.);
#3881 = EDGE_CURVE('',#3858,#1028,#3882,.T.);
#3882 = SURFACE_CURVE('',#3883,(#3887,#3894),.PCURVE_S1.);
#3883 = LINE('',#3884,#3885);
#3884 = CARTESIAN_POINT('',(-162.545,49.136454726636,33.773446457633));
#3885 = VECTOR('',#3886,1.);
#3886 = DIRECTION('',(0.593796375622,0.134778078787,0.793246956361));
#3887 = PCURVE('',#1071,#3888);
#3888 = DEFINITIONAL_REPRESENTATION('',(#3889),#3893);
#3889 = LINE('',#3890,#3891);
#3890 = CARTESIAN_POINT('',(0.601968217911,0.861053267028));
#3891 = VECTOR('',#3892,1.);
#3892 = DIRECTION('',(-0.804615351766,-0.593796375622));
#3893 = ( GEOMETRIC_REPRESENTATION_CONTEXT(2) 
PARAMETRIC_REPRESENTATION_CONTEXT() REPRESENTATION_CONTEXT('2D SPACE',''
  ) );
#3894 = PCURVE('',#3895,#3900);
#3895 = PLANE('',#3896);
#3896 = AXIS2_PLACEMENT_3D('',#3897,#3898,#3899);
#3897 = CARTESIAN_POINT('',(-162.1932284535,46.942802273775,
    34.762285471425));
#3898 = DIRECTION('',(-0.804168352357,0.132266798987,0.579498710053));
#3899 = DIRECTION('',(-0.584635226655,0.,-0.811296278651));
#3900 = DEFINITIONAL_REPRESENTATION('',(#3901),#3905);
#3901 = LINE('',#3902,#3903);
#3902 = CARTESIAN_POINT('',(1.007899449863,-2.213096382673));
#3903 = VECTOR('',#3904,1.);
#3904 = DIRECTION('',(-0.990712582396,-0.135972714474));
#3905 = ( GEOMETRIC_REPRESENTATION_CONTEXT(2) 
PARAMETRIC_REPRESENTATION_CONTEXT() REPRESENTATION_CONTEXT('2D SPACE',''
  ) );
#3906 = ADVANCED_FACE('',(#3907),#2471,.T.);
#3907 = FACE_BOUND('',#3908,.F.);
#3908 = EDGE_LOOP('',(#3909,#3910,#3911));
#3909 = ORIENTED_EDGE('',*,*,#3833,.F.);
#3910 = ORIENTED_EDGE('',*,*,#2455,.F.);
#3911 = ORIENTED_EDGE('',*,*,#3912,.F.);
#3912 = EDGE_CURVE('',#3805,#2428,#3913,.T.);
#3913 = SURFACE_CURVE('',#3914,(#3918,#3925),.PCURVE_S1.);
#3914 = LINE('',#3915,#3916);
#3915 = CARTESIAN_POINT('',(-162.545,48.064048584585,43.291314217205));
#3916 = VECTOR('',#3917,1.);
#3917 = DIRECTION('',(0.593796375622,-0.389207642504,0.704218201493));
#3918 = PCURVE('',#2471,#3919);
#3919 = DEFINITIONAL_REPRESENTATION('',(#3920),#3924);
#3920 = LINE('',#3921,#3922);
#3921 = CARTESIAN_POINT('',(0.601968217911,0.861053267028));
#3922 = VECTOR('',#3923,1.);
#3923 = DIRECTION('',(-0.804615351766,-0.593796375622));
#3924 = ( GEOMETRIC_REPRESENTATION_CONTEXT(2) 
PARAMETRIC_REPRESENTATION_CONTEXT() REPRESENTATION_CONTEXT('2D SPACE',''
  ) );
#3925 = PCURVE('',#3926,#3931);
#3926 = PLANE('',#3927);
#3927 = AXIS2_PLACEMENT_3D('',#3928,#3929,#3930);
#3928 = CARTESIAN_POINT('',(-162.1932284535,45.732450994566,
    42.696699756098));
#3929 = DIRECTION('',(-0.804168352357,-0.257901188375,0.535537335862));
#3930 = DIRECTION('',(-0.554288185732,0.,-0.832324820703));
#3931 = DEFINITIONAL_REPRESENTATION('',(#3932),#3936);
#3932 = LINE('',#3933,#3934);
#3933 = CARTESIAN_POINT('',(-0.299929562456,-2.413234169656));
#3934 = VECTOR('',#3935,1.);
#3935 = DIRECTION('',(-0.915272604031,0.402835028653));
#3936 = ( GEOMETRIC_REPRESENTATION_CONTEXT(2) 
PARAMETRIC_REPRESENTATION_CONTEXT() REPRESENTATION_CONTEXT('2D SPACE',''
  ) );
#3937 = ADVANCED_FACE('',(#3938),#1099,.T.);
#3938 = FACE_BOUND('',#3939,.F.);
#3939 = EDGE_LOOP('',(#3940,#3966,#3967));
#3940 = ORIENTED_EDGE('',*,*,#3941,.F.);
#3941 = EDGE_CURVE('',#1084,#3858,#3942,.T.);
#3942 = SURFACE_CURVE('',#3943,(#3947,#3954),.PCURVE_S1.);
#3943 = LINE('',#3944,#3945);
#3944 = CARTESIAN_POINT('',(-161.345,48.686308289471,32.21095360165));
#3945 = VECTOR('',#3946,1.);
#3946 = DIRECTION('',(-0.593796375622,0.222746102407,0.773168829015));
#3947 = PCURVE('',#1099,#3948);
#3948 = DEFINITIONAL_REPRESENTATION('',(#3949),#3953);
#3949 = LINE('',#3950,#3951);
#3950 = CARTESIAN_POINT('',(1.02654185605,-0.372944942388));
#3951 = VECTOR('',#3952,1.);
#3952 = DIRECTION('',(-0.804615351766,0.593796375622));
#3953 = ( GEOMETRIC_REPRESENTATION_CONTEXT(2) 
PARAMETRIC_REPRESENTATION_CONTEXT() REPRESENTATION_CONTEXT('2D SPACE',''
  ) );
#3954 = PCURVE('',#3955,#3960);
#3955 = PLANE('',#3956);
#3956 = AXIS2_PLACEMENT_3D('',#3957,#3958,#3959);
#3957 = CARTESIAN_POINT('',(-161.6967715464,46.61716390493,
    33.439186150911));
#3958 = DIRECTION('',(-0.804168352357,-0.196318402591,-0.561045760943));
#3959 = DIRECTION('',(0.572180274357,0.,-0.820127876393));
#3960 = DEFINITIONAL_REPRESENTATION('',(#3961),#3965);
#3961 = LINE('',#3962,#3963);
#3962 = CARTESIAN_POINT('',(1.208584492299,-2.110208621204));
#3963 = VECTOR('',#3964,1.);
#3964 = DIRECTION('',(-0.973855882949,-0.227166721254));
#3965 = ( GEOMETRIC_REPRESENTATION_CONTEXT(2) 
PARAMETRIC_REPRESENTATION_CONTEXT() REPRESENTATION_CONTEXT('2D SPACE',''
  ) );
#3966 = ORIENTED_EDGE('',*,*,#1083,.T.);
#3967 = ORIENTED_EDGE('',*,*,#3857,.T.);
#3968 = ADVANCED_FACE('',(#3969),#2443,.T.);
#3969 = FACE_BOUND('',#3970,.F.);
#3970 = EDGE_LOOP('',(#3971,#3999,#4000));
#3971 = ORIENTED_EDGE('',*,*,#3972,.F.);
#3972 = EDGE_CURVE('',#2428,#3973,#3975,.T.);
#3973 = VERTEX_POINT('',#3974);
#3974 = CARTESIAN_POINT('',(-162.545,46.336556495786,46.040602126952));
#3975 = SURFACE_CURVE('',#3976,(#3980,#3987),.PCURVE_S1.);
#3976 = LINE('',#3977,#3978);
#3977 = CARTESIAN_POINT('',(-161.345,47.27750088881,44.714465109472));
#3978 = VECTOR('',#3979,1.);
#3979 = DIRECTION('',(-0.593796375622,-0.465607808533,0.656212795465));
#3980 = PCURVE('',#2443,#3981);
#3981 = DEFINITIONAL_REPRESENTATION('',(#3982),#3986);
#3982 = LINE('',#3983,#3984);
#3983 = CARTESIAN_POINT('',(1.02654185605,-0.372944942388));
#3984 = VECTOR('',#3985,1.);
#3985 = DIRECTION('',(-0.804615351766,0.593796375622));
#3986 = ( GEOMETRIC_REPRESENTATION_CONTEXT(2) 
PARAMETRIC_REPRESENTATION_CONTEXT() REPRESENTATION_CONTEXT('2D SPACE',''
  ) );
#3987 = PCURVE('',#3988,#3993);
#3988 = PLANE('',#3989);
#3989 = AXIS2_PLACEMENT_3D('',#3990,#3991,#3992);
#3990 = CARTESIAN_POINT('',(-161.6967715464,45.027139591671,
    43.862533356642));
#3991 = DIRECTION('',(-0.804168352357,0.316240717078,-0.503294218057));
#3992 = DIRECTION('',(0.53052110163,0.,-0.847671729342));
#3993 = DEFINITIONAL_REPRESENTATION('',(#3994),#3998);
#3994 = LINE('',#3995,#3996);
#3995 = CARTESIAN_POINT('',(-0.535536233861,-2.372099880328));
#3996 = VECTOR('',#3997,1.);
#3997 = DIRECTION('',(-0.871274542486,0.490795957211));
#3998 = ( GEOMETRIC_REPRESENTATION_CONTEXT(2) 
PARAMETRIC_REPRESENTATION_CONTEXT() REPRESENTATION_CONTEXT('2D SPACE',''
  ) );
#3999 = ORIENTED_EDGE('',*,*,#2427,.T.);
#4000 = ORIENTED_EDGE('',*,*,#4001,.T.);
#4001 = EDGE_CURVE('',#2400,#3973,#4002,.T.);
#4002 = SURFACE_CURVE('',#4003,(#4007,#4014),.PCURVE_S1.);
#4003 = LINE('',#4004,#4005);
#4004 = CARTESIAN_POINT('',(-161.245,46.336556495786,46.040602126952));
#4005 = VECTOR('',#4006,1.);
#4006 = DIRECTION('',(-1.,-0.,-0.));
#4007 = PCURVE('',#2443,#4008);
#4008 = DEFINITIONAL_REPRESENTATION('',(#4009),#4013);
#4009 = LINE('',#4010,#4011);
#4010 = CARTESIAN_POINT('',(-0.599501113829,-0.472944942388));
#4011 = VECTOR('',#4012,1.);
#4012 = DIRECTION('',(-0.,1.));
#4013 = ( GEOMETRIC_REPRESENTATION_CONTEXT(2) 
PARAMETRIC_REPRESENTATION_CONTEXT() REPRESENTATION_CONTEXT('2D SPACE',''
  ) );
#4014 = PCURVE('',#2415,#4015);
#4015 = DEFINITIONAL_REPRESENTATION('',(#4016),#4020);
#4016 = LINE('',#4017,#4018);
#4017 = CARTESIAN_POINT('',(0.601968217911,-0.438946732972));
#4018 = VECTOR('',#4019,1.);
#4019 = DIRECTION('',(-0.,1.));
#4020 = ( GEOMETRIC_REPRESENTATION_CONTEXT(2) 
PARAMETRIC_REPRESENTATION_CONTEXT() REPRESENTATION_CONTEXT('2D SPACE',''
  ) );
#4021 = ADVANCED_FACE('',(#4022),#1127,.T.);
#4022 = FACE_BOUND('',#4023,.F.);
#4023 = EDGE_LOOP('',(#4024,#4047,#4048));
#4024 = ORIENTED_EDGE('',*,*,#4025,.F.);
#4025 = EDGE_CURVE('',#1112,#4026,#4028,.T.);
#4026 = VERTEX_POINT('',#4027);
#4027 = CARTESIAN_POINT('',(-162.545,48.064048584585,30.708685782795));
#4028 = SURFACE_CURVE('',#4029,(#4033,#4040),.PCURVE_S1.);
#4029 = LINE('',#4030,#4031);
#4030 = CARTESIAN_POINT('',(-161.245,48.064048584585,30.708685782795));
#4031 = VECTOR('',#4032,1.);
#4032 = DIRECTION('',(-1.,-0.,-0.));
#4033 = PCURVE('',#1127,#4034);
#4034 = DEFINITIONAL_REPRESENTATION('',(#4035),#4039);
#4035 = LINE('',#4036,#4037);
#4036 = CARTESIAN_POINT('',(0.601968217911,-0.438946732972));
#4037 = VECTOR('',#4038,1.);
#4038 = DIRECTION('',(-0.,1.));
#4039 = ( GEOMETRIC_REPRESENTATION_CONTEXT(2) 
PARAMETRIC_REPRESENTATION_CONTEXT() REPRESENTATION_CONTEXT('2D SPACE',''
  ) );
#4040 = PCURVE('',#1155,#4041);
#4041 = DEFINITIONAL_REPRESENTATION('',(#4042),#4046);
#4042 = LINE('',#4043,#4044);
#4043 = CARTESIAN_POINT('',(-0.599501113829,-0.472944942388));
#4044 = VECTOR('',#4045,1.);
#4045 = DIRECTION('',(-0.,1.));
#4046 = ( GEOMETRIC_REPRESENTATION_CONTEXT(2) 
PARAMETRIC_REPRESENTATION_CONTEXT() REPRESENTATION_CONTEXT('2D SPACE',''
  ) );
#4047 = ORIENTED_EDGE('',*,*,#1111,.F.);
#4048 = ORIENTED_EDGE('',*,*,#4049,.F.);
#4049 = EDGE_CURVE('',#4026,#1084,#4050,.T.);
#4050 = SURFACE_CURVE('',#4051,(#4055,#4062),.PCURVE_S1.);
#4051 = LINE('',#4052,#4053);
#4052 = CARTESIAN_POINT('',(-162.545,48.064048584585,30.708685782795));
#4053 = VECTOR('',#4054,1.);
#4054 = DIRECTION('',(0.593796375622,0.307912964548,0.743367655041));
#4055 = PCURVE('',#1127,#4056);
#4056 = DEFINITIONAL_REPRESENTATION('',(#4057),#4061);
#4057 = LINE('',#4058,#4059);
#4058 = CARTESIAN_POINT('',(0.601968217911,0.861053267028));
#4059 = VECTOR('',#4060,1.);
#4060 = DIRECTION('',(-0.804615351766,-0.593796375622));
#4061 = ( GEOMETRIC_REPRESENTATION_CONTEXT(2) 
PARAMETRIC_REPRESENTATION_CONTEXT() REPRESENTATION_CONTEXT('2D SPACE',''
  ) );
#4062 = PCURVE('',#4063,#4068);
#4063 = PLANE('',#4064);
#4064 = AXIS2_PLACEMENT_3D('',#4065,#4066,#4067);
#4065 = CARTESIAN_POINT('',(-162.1932284535,46.145432959546,
    32.160866130582));
#4066 = DIRECTION('',(-0.804168352357,0.257901188375,0.535537335862));
#4067 = DIRECTION('',(-0.554288185732,0.,-0.832324820703));
#4068 = DEFINITIONAL_REPRESENTATION('',(#4069),#4073);
#4069 = LINE('',#4070,#4071);
#4070 = CARTESIAN_POINT('',(1.403668559872,-1.985792404573));
#4071 = VECTOR('',#4072,1.);
#4072 = DIRECTION('',(-0.947857665936,-0.318693967822));
#4073 = ( GEOMETRIC_REPRESENTATION_CONTEXT(2) 
PARAMETRIC_REPRESENTATION_CONTEXT() REPRESENTATION_CONTEXT('2D SPACE',''
  ) );
#4074 = ADVANCED_FACE('',(#4075),#2415,.T.);
#4075 = FACE_BOUND('',#4076,.F.);
#4076 = EDGE_LOOP('',(#4077,#4078,#4079));
#4077 = ORIENTED_EDGE('',*,*,#4001,.F.);
#4078 = ORIENTED_EDGE('',*,*,#2399,.F.);
#4079 = ORIENTED_EDGE('',*,*,#4080,.F.);
#4080 = EDGE_CURVE('',#3973,#2372,#4081,.T.);
#4081 = SURFACE_CURVE('',#4082,(#4086,#4093),.PCURVE_S1.);
#4082 = LINE('',#4083,#4084);
#4083 = CARTESIAN_POINT('',(-162.545,46.336556495786,46.040602126952));
#4084 = VECTOR('',#4085,1.);
#4085 = DIRECTION('',(0.593796375622,-0.536152686217,0.599955132789));
#4086 = PCURVE('',#2415,#4087);
#4087 = DEFINITIONAL_REPRESENTATION('',(#4088),#4092);
#4088 = LINE('',#4089,#4090);
#4089 = CARTESIAN_POINT('',(0.601968217911,0.861053267028));
#4090 = VECTOR('',#4091,1.);
#4091 = DIRECTION('',(-0.804615351766,-0.593796375622));
#4092 = ( GEOMETRIC_REPRESENTATION_CONTEXT(2) 
PARAMETRIC_REPRESENTATION_CONTEXT() REPRESENTATION_CONTEXT('2D SPACE',''
  ) );
#4093 = PCURVE('',#4094,#4099);
#4094 = PLANE('',#4095);
#4095 = AXIS2_PLACEMENT_3D('',#4096,#4097,#4098);
#4096 = CARTESIAN_POINT('',(-162.1932284535,44.19573109053,
    44.942066618491));
#4097 = DIRECTION('',(-0.804168352357,-0.370603335276,0.464721883442));
#4098 = DIRECTION('',(-0.500351277364,0.,-0.865822498691));
#4099 = DEFINITIONAL_REPRESENTATION('',(#4100),#4104);
#4100 = LINE('',#4101,#4102);
#4101 = CARTESIAN_POINT('',(-0.775127416232,-2.304958652262));
#4102 = VECTOR('',#4103,1.);
#4103 = DIRECTION('',(-0.816561427211,0.577258551769));
#4104 = ( GEOMETRIC_REPRESENTATION_CONTEXT(2) 
PARAMETRIC_REPRESENTATION_CONTEXT() REPRESENTATION_CONTEXT('2D SPACE',''
  ) );
#4105 = ADVANCED_FACE('',(#4106),#1155,.T.);
#4106 = FACE_BOUND('',#4107,.F.);
#4107 = EDGE_LOOP('',(#4108,#4134,#4135));
#4108 = ORIENTED_EDGE('',*,*,#4109,.F.);
#4109 = EDGE_CURVE('',#1140,#4026,#4110,.T.);
#4110 = SURFACE_CURVE('',#4111,(#4115,#4122),.PCURVE_S1.);
#4111 = LINE('',#4112,#4113);
#4112 = CARTESIAN_POINT('',(-161.345,47.27750088881,29.285534890528));
#4113 = VECTOR('',#4114,1.);
#4114 = DIRECTION('',(-0.593796375622,0.389207642504,0.704218201493));
#4115 = PCURVE('',#1155,#4116);
#4116 = DEFINITIONAL_REPRESENTATION('',(#4117),#4121);
#4117 = LINE('',#4118,#4119);
#4118 = CARTESIAN_POINT('',(1.02654185605,-0.372944942388));
#4119 = VECTOR('',#4120,1.);
#4120 = DIRECTION('',(-0.804615351766,0.593796375622));
#4121 = ( GEOMETRIC_REPRESENTATION_CONTEXT(2) 
PARAMETRIC_REPRESENTATION_CONTEXT() REPRESENTATION_CONTEXT('2D SPACE',''
  ) );
#4122 = PCURVE('',#4123,#4128);
#4123 = PLANE('',#4124);
#4124 = AXIS2_PLACEMENT_3D('',#4125,#4126,#4127);
#4125 = CARTESIAN_POINT('',(-161.6967715464,45.533541727964,
    30.943401026391));
#4126 = DIRECTION('',(-0.804168352357,-0.316240717078,-0.503294218057));
#4127 = DIRECTION('',(0.53052110163,-2.775557561563E-17,-0.847671729342)
  );
#4128 = DEFINITIONAL_REPRESENTATION('',(#4129),#4133);
#4129 = LINE('',#4130,#4131);
#4130 = CARTESIAN_POINT('',(1.591948482748,-1.838302730322));
#4131 = VECTOR('',#4132,1.);
#4132 = DIRECTION('',(-0.911967368033,-0.410262744645));
#4133 = ( GEOMETRIC_REPRESENTATION_CONTEXT(2) 
PARAMETRIC_REPRESENTATION_CONTEXT() REPRESENTATION_CONTEXT('2D SPACE',''
  ) );
#4134 = ORIENTED_EDGE('',*,*,#1139,.T.);
#4135 = ORIENTED_EDGE('',*,*,#4025,.T.);
#4136 = ADVANCED_FACE('',(#4137),#2387,.T.);
#4137 = FACE_BOUND('',#4138,.F.);
#4138 = EDGE_LOOP('',(#4139,#4167,#4168));
#4139 = ORIENTED_EDGE('',*,*,#4140,.F.);
#4140 = EDGE_CURVE('',#2372,#4141,#4143,.T.);
#4141 = VERTEX_POINT('',#4142);
#4142 = CARTESIAN_POINT('',(-162.545,44.040602126952,48.336556495786));
#4143 = SURFACE_CURVE('',#4144,(#4148,#4155),.PCURVE_S1.);
#4144 = LINE('',#4145,#4146);
#4145 = CARTESIAN_POINT('',(-161.345,45.253048327205,47.253048327205));
#4146 = VECTOR('',#4147,1.);
#4147 = DIRECTION('',(-0.593796375622,-0.599955132789,0.536152686217));
#4148 = PCURVE('',#2387,#4149);
#4149 = DEFINITIONAL_REPRESENTATION('',(#4150),#4154);
#4150 = LINE('',#4151,#4152);
#4151 = CARTESIAN_POINT('',(-1.02654185605,0.372944942388));
#4152 = VECTOR('',#4153,1.);
#4153 = DIRECTION('',(0.804615351766,-0.593796375622));
#4154 = ( GEOMETRIC_REPRESENTATION_CONTEXT(2) 
PARAMETRIC_REPRESENTATION_CONTEXT() REPRESENTATION_CONTEXT('2D SPACE',''
  ) );
#4155 = PCURVE('',#4156,#4161);
#4156 = PLANE('',#4157);
#4157 = AXIS2_PLACEMENT_3D('',#4158,#4159,#4160);
#4158 = CARTESIAN_POINT('',(-161.6967715464,43.248680935437,
    45.921723784518));
#4159 = DIRECTION('',(-0.804168352357,0.420305401504,-0.420305401504));
#4160 = DIRECTION('',(-0.463206318762,-0.886250476028,
    -2.775557561563E-17));
#4161 = DEFINITIONAL_REPRESENTATION('',(#4162),#4166);
#4162 = LINE('',#4163,#4164);
#4163 = CARTESIAN_POINT('',(-1.939314358163,1.467213931318));
#4164 = VECTOR('',#4165,1.);
#4165 = DIRECTION('',(0.806760755276,0.590878230896));
#4166 = ( GEOMETRIC_REPRESENTATION_CONTEXT(2) 
PARAMETRIC_REPRESENTATION_CONTEXT() REPRESENTATION_CONTEXT('2D SPACE',''
  ) );
#4167 = ORIENTED_EDGE('',*,*,#2371,.T.);
#4168 = ORIENTED_EDGE('',*,*,#4169,.T.);
#4169 = EDGE_CURVE('',#2344,#4141,#4170,.T.);
#4170 = SURFACE_CURVE('',#4171,(#4175,#4182),.PCURVE_S1.);
#4171 = LINE('',#4172,#4173);
#4172 = CARTESIAN_POINT('',(-161.245,44.040602126952,48.336556495786));
#4173 = VECTOR('',#4174,1.);
#4174 = DIRECTION('',(-1.,-0.,-0.));
#4175 = PCURVE('',#2387,#4176);
#4176 = DEFINITIONAL_REPRESENTATION('',(#4177),#4181);
#4177 = LINE('',#4178,#4179);
#4178 = CARTESIAN_POINT('',(0.599501113829,0.472944942388));
#4179 = VECTOR('',#4180,1.);
#4180 = DIRECTION('',(-0.,-1.));
#4181 = ( GEOMETRIC_REPRESENTATION_CONTEXT(2) 
PARAMETRIC_REPRESENTATION_CONTEXT() REPRESENTATION_CONTEXT('2D SPACE',''
  ) );
#4182 = PCURVE('',#2359,#4183);
#4183 = DEFINITIONAL_REPRESENTATION('',(#4184),#4188);
#4184 = LINE('',#4185,#4186);
#4185 = CARTESIAN_POINT('',(-0.601968217911,0.438946732972));
#4186 = VECTOR('',#4187,1.);
#4187 = DIRECTION('',(-0.,-1.));
#4188 = ( GEOMETRIC_REPRESENTATION_CONTEXT(2) 
PARAMETRIC_REPRESENTATION_CONTEXT() REPRESENTATION_CONTEXT('2D SPACE',''
  ) );
#4189 = ADVANCED_FACE('',(#4190),#1183,.T.);
#4190 = FACE_BOUND('',#4191,.F.);
#4191 = EDGE_LOOP('',(#4192,#4215,#4216));
#4192 = ORIENTED_EDGE('',*,*,#4193,.F.);
#4193 = EDGE_CURVE('',#1168,#4194,#4196,.T.);
#4194 = VERTEX_POINT('',#4195);
#4195 = CARTESIAN_POINT('',(-162.545,46.336556495786,27.959397873048));
#4196 = SURFACE_CURVE('',#4197,(#4201,#4208),.PCURVE_S1.);
#4197 = LINE('',#4198,#4199);
#4198 = CARTESIAN_POINT('',(-161.245,46.336556495786,27.959397873048));
#4199 = VECTOR('',#4200,1.);
#4200 = DIRECTION('',(-1.,-0.,-0.));
#4201 = PCURVE('',#1183,#4202);
#4202 = DEFINITIONAL_REPRESENTATION('',(#4203),#4207);
#4203 = LINE('',#4204,#4205);
#4204 = CARTESIAN_POINT('',(0.601968217911,-0.438946732972));
#4205 = VECTOR('',#4206,1.);
#4206 = DIRECTION('',(-0.,1.));
#4207 = ( GEOMETRIC_REPRESENTATION_CONTEXT(2) 
PARAMETRIC_REPRESENTATION_CONTEXT() REPRESENTATION_CONTEXT('2D SPACE',''
  ) );
#4208 = PCURVE('',#1211,#4209);
#4209 = DEFINITIONAL_REPRESENTATION('',(#4210),#4214);
#4210 = LINE('',#4211,#4212);
#4211 = CARTESIAN_POINT('',(-0.599501113829,-0.472944942388));
#4212 = VECTOR('',#4213,1.);
#4213 = DIRECTION('',(-0.,1.));
#4214 = ( GEOMETRIC_REPRESENTATION_CONTEXT(2) 
PARAMETRIC_REPRESENTATION_CONTEXT() REPRESENTATION_CONTEXT('2D SPACE',''
  ) );
#4215 = ORIENTED_EDGE('',*,*,#1167,.F.);
#4216 = ORIENTED_EDGE('',*,*,#4217,.F.);
#4217 = EDGE_CURVE('',#4194,#1140,#4218,.T.);
#4218 = SURFACE_CURVE('',#4219,(#4223,#4230),.PCURVE_S1.);
#4219 = LINE('',#4220,#4221);
#4220 = CARTESIAN_POINT('',(-162.545,46.336556495786,27.959397873048));
#4221 = VECTOR('',#4222,1.);
#4222 = DIRECTION('',(0.593796375622,0.465607808533,0.656212795465));
#4223 = PCURVE('',#1183,#4224);
#4224 = DEFINITIONAL_REPRESENTATION('',(#4225),#4229);
#4225 = LINE('',#4226,#4227);
#4226 = CARTESIAN_POINT('',(0.601968217911,0.861053267028));
#4227 = VECTOR('',#4228,1.);
#4228 = DIRECTION('',(-0.804615351766,-0.593796375622));
#4229 = ( GEOMETRIC_REPRESENTATION_CONTEXT(2) 
PARAMETRIC_REPRESENTATION_CONTEXT() REPRESENTATION_CONTEXT('2D SPACE',''
  ) );
#4230 = PCURVE('',#4231,#4236);
#4231 = PLANE('',#4232);
#4232 = AXIS2_PLACEMENT_3D('',#4233,#4234,#4235);
#4233 = CARTESIAN_POINT('',(-162.1932284535,44.78918509745,
    29.802101168414));
#4234 = DIRECTION('',(-0.804168352357,0.370603335276,0.464721883442));
#4235 = DIRECTION('',(-0.500351277364,0.,-0.865822498691));
#4236 = DEFINITIONAL_REPRESENTATION('',(#4237),#4241);
#4237 = LINE('',#4238,#4239);
#4238 = CARTESIAN_POINT('',(1.771463314145,-1.666005590228));
#4239 = VECTOR('',#4240,1.);
#4240 = DIRECTION('',(-0.865270577279,-0.501305124745));
#4241 = ( GEOMETRIC_REPRESENTATION_CONTEXT(2) 
PARAMETRIC_REPRESENTATION_CONTEXT() REPRESENTATION_CONTEXT('2D SPACE',''
  ) );
#4242 = ADVANCED_FACE('',(#4243),#2359,.T.);
#4243 = FACE_BOUND('',#4244,.F.);
#4244 = EDGE_LOOP('',(#4245,#4246,#4247));
#4245 = ORIENTED_EDGE('',*,*,#4169,.F.);
#4246 = ORIENTED_EDGE('',*,*,#2343,.F.);
#4247 = ORIENTED_EDGE('',*,*,#4248,.F.);
#4248 = EDGE_CURVE('',#4141,#2316,#4249,.T.);
#4249 = SURFACE_CURVE('',#4250,(#4254,#4261),.PCURVE_S1.);
#4250 = LINE('',#4251,#4252);
#4251 = CARTESIAN_POINT('',(-162.545,44.040602126952,48.336556495786));
#4252 = VECTOR('',#4253,1.);
#4253 = DIRECTION('',(0.593796375622,-0.656212795465,0.465607808533));
#4254 = PCURVE('',#2359,#4255);
#4255 = DEFINITIONAL_REPRESENTATION('',(#4256),#4260);
#4256 = LINE('',#4257,#4258);
#4257 = CARTESIAN_POINT('',(-0.601968217911,-0.861053267028));
#4258 = VECTOR('',#4259,1.);
#4259 = DIRECTION('',(0.804615351766,0.593796375622));
#4260 = ( GEOMETRIC_REPRESENTATION_CONTEXT(2) 
PARAMETRIC_REPRESENTATION_CONTEXT() REPRESENTATION_CONTEXT('2D SPACE',''
  ) );
#4261 = PCURVE('',#4262,#4267);
#4262 = PLANE('',#4263);
#4263 = AXIS2_PLACEMENT_3D('',#4264,#4265,#4266);
#4264 = CARTESIAN_POINT('',(-162.1932284535,42.197898831586,
    46.78918509745));
#4265 = DIRECTION('',(-0.804168352357,-0.464721883442,0.370603335276));
#4266 = DIRECTION('',(0.500351277364,-0.865822498691,2.775557561563E-17)
  );
#4267 = DEFINITIONAL_REPRESENTATION('',(#4268),#4272);
#4268 = LINE('',#4269,#4270);
#4269 = CARTESIAN_POINT('',(-1.771463314145,1.666005590228));
#4270 = VECTOR('',#4271,1.);
#4271 = DIRECTION('',(0.865270577279,0.501305124745));
#4272 = ( GEOMETRIC_REPRESENTATION_CONTEXT(2) 
PARAMETRIC_REPRESENTATION_CONTEXT() REPRESENTATION_CONTEXT('2D SPACE',''
  ) );
#4273 = ADVANCED_FACE('',(#4274),#1211,.T.);
#4274 = FACE_BOUND('',#4275,.F.);
#4275 = EDGE_LOOP('',(#4276,#4302,#4303));
#4276 = ORIENTED_EDGE('',*,*,#4277,.F.);
#4277 = EDGE_CURVE('',#1196,#4194,#4278,.T.);
#4278 = SURFACE_CURVE('',#4279,(#4283,#4290),.PCURVE_S1.);
#4279 = LINE('',#4280,#4281);
#4280 = CARTESIAN_POINT('',(-161.345,45.253048327205,26.746951672795));
#4281 = VECTOR('',#4282,1.);
#4282 = DIRECTION('',(-0.593796375622,0.536152686217,0.599955132789));
#4283 = PCURVE('',#1211,#4284);
#4284 = DEFINITIONAL_REPRESENTATION('',(#4285),#4289);
#4285 = LINE('',#4286,#4287);
#4286 = CARTESIAN_POINT('',(1.02654185605,-0.372944942388));
#4287 = VECTOR('',#4288,1.);
#4288 = DIRECTION('',(-0.804615351766,0.593796375622));
#4289 = ( GEOMETRIC_REPRESENTATION_CONTEXT(2) 
PARAMETRIC_REPRESENTATION_CONTEXT() REPRESENTATION_CONTEXT('2D SPACE',''
  ) );
#4290 = PCURVE('',#4291,#4296);
#4291 = PLANE('',#4292);
#4292 = AXIS2_PLACEMENT_3D('',#4293,#4294,#4295);
#4293 = CARTESIAN_POINT('',(-161.6967715464,43.921723784518,
    28.751319064563));
#4294 = DIRECTION('',(-0.804168352357,-0.420305401504,-0.420305401504));
#4295 = DIRECTION('',(0.463206318762,0.,-0.886250476028));
#4296 = DEFINITIONAL_REPRESENTATION('',(#4297),#4301);
#4297 = LINE('',#4298,#4299);
#4298 = CARTESIAN_POINT('',(1.939314358163,-1.467213931318));
#4299 = VECTOR('',#4300,1.);
#4300 = DIRECTION('',(-0.806760755276,-0.590878230896));
#4301 = ( GEOMETRIC_REPRESENTATION_CONTEXT(2) 
PARAMETRIC_REPRESENTATION_CONTEXT() REPRESENTATION_CONTEXT('2D SPACE',''
  ) );
#4302 = ORIENTED_EDGE('',*,*,#1195,.T.);
#4303 = ORIENTED_EDGE('',*,*,#4193,.T.);
#4304 = ADVANCED_FACE('',(#4305),#2331,.T.);
#4305 = FACE_BOUND('',#4306,.F.);
#4306 = EDGE_LOOP('',(#4307,#4335,#4336));
#4307 = ORIENTED_EDGE('',*,*,#4308,.F.);
#4308 = EDGE_CURVE('',#2316,#4309,#4311,.T.);
#4309 = VERTEX_POINT('',#4310);
#4310 = CARTESIAN_POINT('',(-162.545,41.291314217205,50.064048584585));
#4311 = SURFACE_CURVE('',#4312,(#4316,#4323),.PCURVE_S1.);
#4312 = LINE('',#4313,#4314);
#4313 = CARTESIAN_POINT('',(-161.345,42.714465109472,49.27750088881));
#4314 = VECTOR('',#4315,1.);
#4315 = DIRECTION('',(-0.593796375622,-0.704218201493,0.389207642504));
#4316 = PCURVE('',#2331,#4317);
#4317 = DEFINITIONAL_REPRESENTATION('',(#4318),#4322);
#4318 = LINE('',#4319,#4320);
#4319 = CARTESIAN_POINT('',(-1.02654185605,0.372944942388));
#4320 = VECTOR('',#4321,1.);
#4321 = DIRECTION('',(0.804615351766,-0.593796375622));
#4322 = ( GEOMETRIC_REPRESENTATION_CONTEXT(2) 
PARAMETRIC_REPRESENTATION_CONTEXT() REPRESENTATION_CONTEXT('2D SPACE',''
  ) );
#4323 = PCURVE('',#4324,#4329);
#4324 = PLANE('',#4325);
#4325 = AXIS2_PLACEMENT_3D('',#4326,#4327,#4328);
#4326 = CARTESIAN_POINT('',(-161.6967715464,41.056598973609,
    47.533541727964));
#4327 = DIRECTION('',(-0.804168352357,0.503294218057,-0.316240717078));
#4328 = DIRECTION('',(-0.53052110163,-0.847671729342,-2.775557561563E-17
    ));
#4329 = DEFINITIONAL_REPRESENTATION('',(#4330),#4334);
#4330 = LINE('',#4331,#4332);
#4331 = CARTESIAN_POINT('',(-1.591948482748,1.838302730322));
#4332 = VECTOR('',#4333,1.);
#4333 = DIRECTION('',(0.911967368033,0.410262744645));
#4334 = ( GEOMETRIC_REPRESENTATION_CONTEXT(2) 
PARAMETRIC_REPRESENTATION_CONTEXT() REPRESENTATION_CONTEXT('2D SPACE',''
  ) );
#4335 = ORIENTED_EDGE('',*,*,#2315,.T.);
#4336 = ORIENTED_EDGE('',*,*,#4337,.T.);
#4337 = EDGE_CURVE('',#2288,#4309,#4338,.T.);
#4338 = SURFACE_CURVE('',#4339,(#4343,#4350),.PCURVE_S1.);
#4339 = LINE('',#4340,#4341);
#4340 = CARTESIAN_POINT('',(-161.245,41.291314217205,50.064048584585));
#4341 = VECTOR('',#4342,1.);
#4342 = DIRECTION('',(-1.,-0.,-0.));
#4343 = PCURVE('',#2331,#4344);
#4344 = DEFINITIONAL_REPRESENTATION('',(#4345),#4349);
#4345 = LINE('',#4346,#4347);
#4346 = CARTESIAN_POINT('',(0.599501113829,0.472944942388));
#4347 = VECTOR('',#4348,1.);
#4348 = DIRECTION('',(-0.,-1.));
#4349 = ( GEOMETRIC_REPRESENTATION_CONTEXT(2) 
PARAMETRIC_REPRESENTATION_CONTEXT() REPRESENTATION_CONTEXT('2D SPACE',''
  ) );
#4350 = PCURVE('',#2303,#4351);
#4351 = DEFINITIONAL_REPRESENTATION('',(#4352),#4356);
#4352 = LINE('',#4353,#4354);
#4353 = CARTESIAN_POINT('',(-0.601968217911,0.438946732972));
#4354 = VECTOR('',#4355,1.);
#4355 = DIRECTION('',(-0.,-1.));
#4356 = ( GEOMETRIC_REPRESENTATION_CONTEXT(2) 
PARAMETRIC_REPRESENTATION_CONTEXT() REPRESENTATION_CONTEXT('2D SPACE',''
  ) );
#4357 = ADVANCED_FACE('',(#4358),#1239,.T.);
#4358 = FACE_BOUND('',#4359,.F.);
#4359 = EDGE_LOOP('',(#4360,#4383,#4384));
#4360 = ORIENTED_EDGE('',*,*,#4361,.F.);
#4361 = EDGE_CURVE('',#1224,#4362,#4364,.T.);
#4362 = VERTEX_POINT('',#4363);
#4363 = CARTESIAN_POINT('',(-162.545,44.040602126952,25.663443504214));
#4364 = SURFACE_CURVE('',#4365,(#4369,#4376),.PCURVE_S1.);
#4365 = LINE('',#4366,#4367);
#4366 = CARTESIAN_POINT('',(-161.245,44.040602126952,25.663443504214));
#4367 = VECTOR('',#4368,1.);
#4368 = DIRECTION('',(-1.,-0.,-0.));
#4369 = PCURVE('',#1239,#4370);
#4370 = DEFINITIONAL_REPRESENTATION('',(#4371),#4375);
#4371 = LINE('',#4372,#4373);
#4372 = CARTESIAN_POINT('',(-0.601968217911,0.438946732972));
#4373 = VECTOR('',#4374,1.);
#4374 = DIRECTION('',(-0.,-1.));
#4375 = ( GEOMETRIC_REPRESENTATION_CONTEXT(2) 
PARAMETRIC_REPRESENTATION_CONTEXT() REPRESENTATION_CONTEXT('2D SPACE',''
  ) );
#4376 = PCURVE('',#1267,#4377);
#4377 = DEFINITIONAL_REPRESENTATION('',(#4378),#4382);
#4378 = LINE('',#4379,#4380);
#4379 = CARTESIAN_POINT('',(0.599501113829,0.472944942388));
#4380 = VECTOR('',#4381,1.);
#4381 = DIRECTION('',(-0.,-1.));
#4382 = ( GEOMETRIC_REPRESENTATION_CONTEXT(2) 
PARAMETRIC_REPRESENTATION_CONTEXT() REPRESENTATION_CONTEXT('2D SPACE',''
  ) );
#4383 = ORIENTED_EDGE('',*,*,#1223,.F.);
#4384 = ORIENTED_EDGE('',*,*,#4385,.F.);
#4385 = EDGE_CURVE('',#4362,#1196,#4386,.T.);
#4386 = SURFACE_CURVE('',#4387,(#4391,#4398),.PCURVE_S1.);
#4387 = LINE('',#4388,#4389);
#4388 = CARTESIAN_POINT('',(-162.545,44.040602126952,25.663443504214));
#4389 = VECTOR('',#4390,1.);
#4390 = DIRECTION('',(0.593796375622,0.599955132789,0.536152686217));
#4391 = PCURVE('',#1239,#4392);
#4392 = DEFINITIONAL_REPRESENTATION('',(#4393),#4397);
#4393 = LINE('',#4394,#4395);
#4394 = CARTESIAN_POINT('',(-0.601968217911,-0.861053267028));
#4395 = VECTOR('',#4396,1.);
#4396 = DIRECTION('',(0.804615351766,0.593796375622));
#4397 = ( GEOMETRIC_REPRESENTATION_CONTEXT(2) 
PARAMETRIC_REPRESENTATION_CONTEXT() REPRESENTATION_CONTEXT('2D SPACE',''
  ) );
#4398 = PCURVE('',#4399,#4404);
#4399 = PLANE('',#4400);
#4400 = AXIS2_PLACEMENT_3D('',#4401,#4402,#4403);
#4401 = CARTESIAN_POINT('',(-162.1932284535,42.942066618491,
    27.80426890947));
#4402 = DIRECTION('',(-0.804168352357,0.464721883442,0.370603335276));
#4403 = DIRECTION('',(-0.500351277364,-0.865822498691,
    -2.775557561563E-17));
#4404 = DEFINITIONAL_REPRESENTATION('',(#4405),#4409);
#4405 = LINE('',#4406,#4407);
#4406 = CARTESIAN_POINT('',(-0.775127416232,-2.304958652262));
#4407 = VECTOR('',#4408,1.);
#4408 = DIRECTION('',(-0.816561427211,0.577258551769));
#4409 = ( GEOMETRIC_REPRESENTATION_CONTEXT(2) 
PARAMETRIC_REPRESENTATION_CONTEXT() REPRESENTATION_CONTEXT('2D SPACE',''
  ) );
#4410 = ADVANCED_FACE('',(#4411),#2303,.T.);
#4411 = FACE_BOUND('',#4412,.F.);
#4412 = EDGE_LOOP('',(#4413,#4414,#4415));
#4413 = ORIENTED_EDGE('',*,*,#4337,.F.);
#4414 = ORIENTED_EDGE('',*,*,#2287,.F.);
#4415 = ORIENTED_EDGE('',*,*,#4416,.F.);
#4416 = EDGE_CURVE('',#4309,#2260,#4417,.T.);
#4417 = SURFACE_CURVE('',#4418,(#4422,#4429),.PCURVE_S1.);
#4418 = LINE('',#4419,#4420);
#4419 = CARTESIAN_POINT('',(-162.545,41.291314217205,50.064048584585));
#4420 = VECTOR('',#4421,1.);
#4421 = DIRECTION('',(0.593796375622,-0.743367655041,0.307912964548));
#4422 = PCURVE('',#2303,#4423);
#4423 = DEFINITIONAL_REPRESENTATION('',(#4424),#4428);
#4424 = LINE('',#4425,#4426);
#4425 = CARTESIAN_POINT('',(-0.601968217911,-0.861053267028));
#4426 = VECTOR('',#4427,1.);
#4427 = DIRECTION('',(0.804615351766,0.593796375622));
#4428 = ( GEOMETRIC_REPRESENTATION_CONTEXT(2) 
PARAMETRIC_REPRESENTATION_CONTEXT() REPRESENTATION_CONTEXT('2D SPACE',''
  ) );
#4429 = PCURVE('',#4430,#4435);
#4430 = PLANE('',#4431);
#4431 = AXIS2_PLACEMENT_3D('',#4432,#4433,#4434);
#4432 = CARTESIAN_POINT('',(-162.1932284535,39.839133869418,
    48.145432959546));
#4433 = DIRECTION('',(-0.804168352357,-0.535537335862,0.257901188375));
#4434 = DIRECTION('',(0.554288185732,-0.832324820703,-1.387778780781E-17
    ));
#4435 = DEFINITIONAL_REPRESENTATION('',(#4436),#4440);
#4436 = LINE('',#4437,#4438);
#4437 = CARTESIAN_POINT('',(-1.403668559872,1.985792404573));
#4438 = VECTOR('',#4439,1.);
#4439 = DIRECTION('',(0.947857665936,0.318693967822));
#4440 = ( GEOMETRIC_REPRESENTATION_CONTEXT(2) 
PARAMETRIC_REPRESENTATION_CONTEXT() REPRESENTATION_CONTEXT('2D SPACE',''
  ) );
#4441 = ADVANCED_FACE('',(#4442),#1267,.T.);
#4442 = FACE_BOUND('',#4443,.F.);
#4443 = EDGE_LOOP('',(#4444,#4470,#4471));
#4444 = ORIENTED_EDGE('',*,*,#4445,.F.);
#4445 = EDGE_CURVE('',#1252,#4362,#4446,.T.);
#4446 = SURFACE_CURVE('',#4447,(#4451,#4458),.PCURVE_S1.);
#4447 = LINE('',#4448,#4449);
#4448 = CARTESIAN_POINT('',(-161.345,42.714465109472,24.72249911119));
#4449 = VECTOR('',#4450,1.);
#4450 = DIRECTION('',(-0.593796375622,0.656212795465,0.465607808533));
#4451 = PCURVE('',#1267,#4452);
#4452 = DEFINITIONAL_REPRESENTATION('',(#4453),#4457);
#4453 = LINE('',#4454,#4455);
#4454 = CARTESIAN_POINT('',(-1.02654185605,0.372944942388));
#4455 = VECTOR('',#4456,1.);
#4456 = DIRECTION('',(0.804615351766,-0.593796375622));
#4457 = ( GEOMETRIC_REPRESENTATION_CONTEXT(2) 
PARAMETRIC_REPRESENTATION_CONTEXT() REPRESENTATION_CONTEXT('2D SPACE',''
  ) );
#4458 = PCURVE('',#4459,#4464);
#4459 = PLANE('',#4460);
#4460 = AXIS2_PLACEMENT_3D('',#4461,#4462,#4463);
#4461 = CARTESIAN_POINT('',(-161.6967715464,41.862533356642,
    26.972860408329));
#4462 = DIRECTION('',(-0.804168352357,-0.503294218057,-0.316240717078));
#4463 = DIRECTION('',(0.53052110163,-0.847671729342,-2.775557561563E-17)
  );
#4464 = DEFINITIONAL_REPRESENTATION('',(#4465),#4469);
#4465 = LINE('',#4466,#4467);
#4466 = CARTESIAN_POINT('',(-0.535536233861,-2.372099880328));
#4467 = VECTOR('',#4468,1.);
#4468 = DIRECTION('',(-0.871274542486,0.490795957211));
#4469 = ( GEOMETRIC_REPRESENTATION_CONTEXT(2) 
PARAMETRIC_REPRESENTATION_CONTEXT() REPRESENTATION_CONTEXT('2D SPACE',''
  ) );
#4470 = ORIENTED_EDGE('',*,*,#1251,.T.);
#4471 = ORIENTED_EDGE('',*,*,#4361,.T.);
#4472 = ADVANCED_FACE('',(#4473),#2275,.T.);
#4473 = FACE_BOUND('',#4474,.F.);
#4474 = EDGE_LOOP('',(#4475,#4503,#4504));
#4475 = ORIENTED_EDGE('',*,*,#4476,.F.);
#4476 = EDGE_CURVE('',#2260,#4477,#4479,.T.);
#4477 = VERTEX_POINT('',#4478);
#4478 = CARTESIAN_POINT('',(-162.545,38.226553542367,51.136454726636));
#4479 = SURFACE_CURVE('',#4480,(#4484,#4491),.PCURVE_S1.);
#4480 = LINE('',#4481,#4482);
#4481 = CARTESIAN_POINT('',(-161.345,39.78904639835,50.686308289471));
#4482 = VECTOR('',#4483,1.);
#4483 = DIRECTION('',(-0.593796375622,-0.773168829015,0.222746102407));
#4484 = PCURVE('',#2275,#4485);
#4485 = DEFINITIONAL_REPRESENTATION('',(#4486),#4490);
#4486 = LINE('',#4487,#4488);
#4487 = CARTESIAN_POINT('',(-1.02654185605,0.372944942388));
#4488 = VECTOR('',#4489,1.);
#4489 = DIRECTION('',(0.804615351766,-0.593796375622));
#4490 = ( GEOMETRIC_REPRESENTATION_CONTEXT(2) 
PARAMETRIC_REPRESENTATION_CONTEXT() REPRESENTATION_CONTEXT('2D SPACE',''
  ) );
#4491 = PCURVE('',#4492,#4497);
#4492 = PLANE('',#4493);
#4493 = AXIS2_PLACEMENT_3D('',#4494,#4495,#4496);
#4494 = CARTESIAN_POINT('',(-161.6967715464,38.560813849089,
    48.61716390493));
#4495 = DIRECTION('',(-0.804168352357,0.561045760943,-0.196318402591));
#4496 = DIRECTION('',(-0.572180274357,-0.820127876393,0.));
#4497 = DEFINITIONAL_REPRESENTATION('',(#4498),#4502);
#4498 = LINE('',#4499,#4500);
#4499 = CARTESIAN_POINT('',(-1.208584492299,2.110208621204));
#4500 = VECTOR('',#4501,1.);
#4501 = DIRECTION('',(0.973855882949,0.227166721254));
#4502 = ( GEOMETRIC_REPRESENTATION_CONTEXT(2) 
PARAMETRIC_REPRESENTATION_CONTEXT() REPRESENTATION_CONTEXT('2D SPACE',''
  ) );
#4503 = ORIENTED_EDGE('',*,*,#2259,.T.);
#4504 = ORIENTED_EDGE('',*,*,#4505,.T.);
#4505 = EDGE_CURVE('',#2232,#4477,#4506,.T.);
#4506 = SURFACE_CURVE('',#4507,(#4511,#4518),.PCURVE_S1.);
#4507 = LINE('',#4508,#4509);
#4508 = CARTESIAN_POINT('',(-161.245,38.226553542367,51.136454726636));
#4509 = VECTOR('',#4510,1.);
#4510 = DIRECTION('',(-1.,-0.,-0.));
#4511 = PCURVE('',#2275,#4512);
#4512 = DEFINITIONAL_REPRESENTATION('',(#4513),#4517);
#4513 = LINE('',#4514,#4515);
#4514 = CARTESIAN_POINT('',(0.599501113829,0.472944942388));
#4515 = VECTOR('',#4516,1.);
#4516 = DIRECTION('',(-0.,-1.));
#4517 = ( GEOMETRIC_REPRESENTATION_CONTEXT(2) 
PARAMETRIC_REPRESENTATION_CONTEXT() REPRESENTATION_CONTEXT('2D SPACE',''
  ) );
#4518 = PCURVE('',#2247,#4519);
#4519 = DEFINITIONAL_REPRESENTATION('',(#4520),#4524);
#4520 = LINE('',#4521,#4522);
#4521 = CARTESIAN_POINT('',(-0.601968217911,0.438946732972));
#4522 = VECTOR('',#4523,1.);
#4523 = DIRECTION('',(-0.,-1.));
#4524 = ( GEOMETRIC_REPRESENTATION_CONTEXT(2) 
PARAMETRIC_REPRESENTATION_CONTEXT() REPRESENTATION_CONTEXT('2D SPACE',''
  ) );
#4525 = ADVANCED_FACE('',(#4526),#1295,.T.);
#4526 = FACE_BOUND('',#4527,.F.);
#4527 = EDGE_LOOP('',(#4528,#4551,#4552));
#4528 = ORIENTED_EDGE('',*,*,#4529,.F.);
#4529 = EDGE_CURVE('',#1280,#4530,#4532,.T.);
#4530 = VERTEX_POINT('',#4531);
#4531 = CARTESIAN_POINT('',(-162.545,41.291314217205,23.935951415415));
#4532 = SURFACE_CURVE('',#4533,(#4537,#4544),.PCURVE_S1.);
#4533 = LINE('',#4534,#4535);
#4534 = CARTESIAN_POINT('',(-161.245,41.291314217205,23.935951415415));
#4535 = VECTOR('',#4536,1.);
#4536 = DIRECTION('',(-1.,-0.,-0.));
#4537 = PCURVE('',#1295,#4538);
#4538 = DEFINITIONAL_REPRESENTATION('',(#4539),#4543);
#4539 = LINE('',#4540,#4541);
#4540 = CARTESIAN_POINT('',(-0.601968217911,0.438946732972));
#4541 = VECTOR('',#4542,1.);
#4542 = DIRECTION('',(-0.,-1.));
#4543 = ( GEOMETRIC_REPRESENTATION_CONTEXT(2) 
PARAMETRIC_REPRESENTATION_CONTEXT() REPRESENTATION_CONTEXT('2D SPACE',''
  ) );
#4544 = PCURVE('',#1323,#4545);
#4545 = DEFINITIONAL_REPRESENTATION('',(#4546),#4550);
#4546 = LINE('',#4547,#4548);
#4547 = CARTESIAN_POINT('',(0.599501113829,0.472944942388));
#4548 = VECTOR('',#4549,1.);
#4549 = DIRECTION('',(-0.,-1.));
#4550 = ( GEOMETRIC_REPRESENTATION_CONTEXT(2) 
PARAMETRIC_REPRESENTATION_CONTEXT() REPRESENTATION_CONTEXT('2D SPACE',''
  ) );
#4551 = ORIENTED_EDGE('',*,*,#1279,.F.);
#4552 = ORIENTED_EDGE('',*,*,#4553,.F.);
#4553 = EDGE_CURVE('',#4530,#1252,#4554,.T.);
#4554 = SURFACE_CURVE('',#4555,(#4559,#4566),.PCURVE_S1.);
#4555 = LINE('',#4556,#4557);
#4556 = CARTESIAN_POINT('',(-162.545,41.291314217205,23.935951415415));
#4557 = VECTOR('',#4558,1.);
#4558 = DIRECTION('',(0.593796375622,0.704218201493,0.389207642504));
#4559 = PCURVE('',#1295,#4560);
#4560 = DEFINITIONAL_REPRESENTATION('',(#4561),#4565);
#4561 = LINE('',#4562,#4563);
#4562 = CARTESIAN_POINT('',(-0.601968217911,-0.861053267028));
#4563 = VECTOR('',#4564,1.);
#4564 = DIRECTION('',(0.804615351766,0.593796375622));
#4565 = ( GEOMETRIC_REPRESENTATION_CONTEXT(2) 
PARAMETRIC_REPRESENTATION_CONTEXT() REPRESENTATION_CONTEXT('2D SPACE',''
  ) );
#4566 = PCURVE('',#4567,#4572);
#4567 = PLANE('',#4568);
#4568 = AXIS2_PLACEMENT_3D('',#4569,#4570,#4571);
#4569 = CARTESIAN_POINT('',(-162.1932284535,40.696699756098,
    26.267549005434));
#4570 = DIRECTION('',(-0.804168352357,0.535537335862,0.257901188375));
#4571 = DIRECTION('',(-0.554288185732,-0.832324820703,0.));
#4572 = DEFINITIONAL_REPRESENTATION('',(#4573),#4577);
#4573 = LINE('',#4574,#4575);
#4574 = CARTESIAN_POINT('',(-0.299929562456,-2.413234169656));
#4575 = VECTOR('',#4576,1.);
#4576 = DIRECTION('',(-0.915272604031,0.402835028653));
#4577 = ( GEOMETRIC_REPRESENTATION_CONTEXT(2) 
PARAMETRIC_REPRESENTATION_CONTEXT() REPRESENTATION_CONTEXT('2D SPACE',''
  ) );
#4578 = ADVANCED_FACE('',(#4579),#2247,.T.);
#4579 = FACE_BOUND('',#4580,.F.);
#4580 = EDGE_LOOP('',(#4581,#4582,#4583));
#4581 = ORIENTED_EDGE('',*,*,#4505,.F.);
#4582 = ORIENTED_EDGE('',*,*,#2231,.F.);
#4583 = ORIENTED_EDGE('',*,*,#4584,.F.);
#4584 = EDGE_CURVE('',#4477,#2204,#4585,.T.);
#4585 = SURFACE_CURVE('',#4586,(#4590,#4597),.PCURVE_S1.);
#4586 = LINE('',#4587,#4588);
#4587 = CARTESIAN_POINT('',(-162.545,38.226553542367,51.136454726636));
#4588 = VECTOR('',#4589,1.);
#4589 = DIRECTION('',(0.593796375622,-0.793246956361,0.134778078787));
#4590 = PCURVE('',#2247,#4591);
#4591 = DEFINITIONAL_REPRESENTATION('',(#4592),#4596);
#4592 = LINE('',#4593,#4594);
#4593 = CARTESIAN_POINT('',(-0.601968217911,-0.861053267028));
#4594 = VECTOR('',#4595,1.);
#4595 = DIRECTION('',(0.804615351766,0.593796375622));
#4596 = ( GEOMETRIC_REPRESENTATION_CONTEXT(2) 
PARAMETRIC_REPRESENTATION_CONTEXT() REPRESENTATION_CONTEXT('2D SPACE',''
  ) );
#4597 = PCURVE('',#4598,#4603);
#4598 = PLANE('',#4599);
#4599 = AXIS2_PLACEMENT_3D('',#4600,#4601,#4602);
#4600 = CARTESIAN_POINT('',(-162.1932284535,37.237714528575,
    48.942802273775));
#4601 = DIRECTION('',(-0.804168352357,-0.579498710053,0.132266798987));
#4602 = DIRECTION('',(0.584635226655,-0.811296278651,-6.938893903907E-18
    ));
#4603 = DEFINITIONAL_REPRESENTATION('',(#4604),#4608);
#4604 = LINE('',#4605,#4606);
#4605 = CARTESIAN_POINT('',(-1.007899449863,2.213096382673));
#4606 = VECTOR('',#4607,1.);
#4607 = DIRECTION('',(0.990712582396,0.135972714474));
#4608 = ( GEOMETRIC_REPRESENTATION_CONTEXT(2) 
PARAMETRIC_REPRESENTATION_CONTEXT() REPRESENTATION_CONTEXT('2D SPACE',''
  ) );
#4609 = ADVANCED_FACE('',(#4610),#1323,.T.);
#4610 = FACE_BOUND('',#4611,.F.);
#4611 = EDGE_LOOP('',(#4612,#4638,#4639));
#4612 = ORIENTED_EDGE('',*,*,#4613,.F.);
#4613 = EDGE_CURVE('',#1308,#4530,#4614,.T.);
#4614 = SURFACE_CURVE('',#4615,(#4619,#4626),.PCURVE_S1.);
#4615 = LINE('',#4616,#4617);
#4616 = CARTESIAN_POINT('',(-161.345,39.78904639835,23.313691710529));
#4617 = VECTOR('',#4618,1.);
#4618 = DIRECTION('',(-0.593796375622,0.743367655041,0.307912964548));
#4619 = PCURVE('',#1323,#4620);
#4620 = DEFINITIONAL_REPRESENTATION('',(#4621),#4625);
#4621 = LINE('',#4622,#4623);
#4622 = CARTESIAN_POINT('',(-1.02654185605,0.372944942388));
#4623 = VECTOR('',#4624,1.);
#4624 = DIRECTION('',(0.804615351766,-0.593796375622));
#4625 = ( GEOMETRIC_REPRESENTATION_CONTEXT(2) 
PARAMETRIC_REPRESENTATION_CONTEXT() REPRESENTATION_CONTEXT('2D SPACE',''
  ) );
#4626 = PCURVE('',#4627,#4632);
#4627 = PLANE('',#4628);
#4628 = AXIS2_PLACEMENT_3D('',#4629,#4630,#4631);
#4629 = CARTESIAN_POINT('',(-161.6967715464,39.45922685082,
    25.69720440091));
#4630 = DIRECTION('',(-0.804168352357,-0.561045760943,-0.196318402591));
#4631 = DIRECTION('',(0.572180274357,-0.820127876393,0.));
#4632 = DEFINITIONAL_REPRESENTATION('',(#4633),#4637);
#4633 = LINE('',#4634,#4635);
#4634 = CARTESIAN_POINT('',(-6.921746515184E-02,-2.430815880018));
#4635 = VECTOR('',#4636,1.);
#4636 = DIRECTION('',(-0.949415109424,0.314023804827));
#4637 = ( GEOMETRIC_REPRESENTATION_CONTEXT(2) 
PARAMETRIC_REPRESENTATION_CONTEXT() REPRESENTATION_CONTEXT('2D SPACE',''
  ) );
#4638 = ORIENTED_EDGE('',*,*,#1307,.T.);
#4639 = ORIENTED_EDGE('',*,*,#4529,.T.);
#4640 = ADVANCED_FACE('',(#4641),#2219,.T.);
#4641 = FACE_BOUND('',#4642,.F.);
#4642 = EDGE_LOOP('',(#4643,#4671,#4672));
#4643 = ORIENTED_EDGE('',*,*,#4644,.F.);
#4644 = EDGE_CURVE('',#2204,#4645,#4647,.T.);
#4645 = VERTEX_POINT('',#4646);
#4646 = CARTESIAN_POINT('',(-162.545,35.,51.5));
#4647 = SURFACE_CURVE('',#4648,(#4652,#4659),.PCURVE_S1.);
#4648 = LINE('',#4649,#4650);
#4649 = CARTESIAN_POINT('',(-161.345,36.623484903498,51.408827043452));
#4650 = VECTOR('',#4651,1.);
#4651 = DIRECTION('',(-0.593796375622,-0.803349542979,4.511514262745E-02
    ));
#4652 = PCURVE('',#2219,#4653);
#4653 = DEFINITIONAL_REPRESENTATION('',(#4654),#4658);
#4654 = LINE('',#4655,#4656);
#4655 = CARTESIAN_POINT('',(-1.02654185605,0.372944942388));
#4656 = VECTOR('',#4657,1.);
#4657 = DIRECTION('',(0.804615351766,-0.593796375622));
#4658 = ( GEOMETRIC_REPRESENTATION_CONTEXT(2) 
PARAMETRIC_REPRESENTATION_CONTEXT() REPRESENTATION_CONTEXT('2D SPACE',''
  ) );
#4659 = PCURVE('',#4660,#4665);
#4660 = PLANE('',#4661);
#4661 = AXIS2_PLACEMENT_3D('',#4662,#4663,#4664);
#4662 = CARTESIAN_POINT('',(-161.6967715464,35.886474649512,
    49.118252974652));
#4663 = DIRECTION('',(-0.804168352357,0.590664126651,-6.655186364335E-02
    ));
#4664 = DIRECTION('',(-0.591976558154,-0.805955181506,
    -6.938893903907E-18));
#4665 = DEFINITIONAL_REPRESENTATION('',(#4666),#4670);
#4666 = LINE('',#4667,#4668);
#4667 = CARTESIAN_POINT('',(-0.802237742345,2.295663630584));
#4668 = VECTOR('',#4669,1.);
#4669 = DIRECTION('',(0.998977261409,4.521538662695E-02));
#4670 = ( GEOMETRIC_REPRESENTATION_CONTEXT(2) 
PARAMETRIC_REPRESENTATION_CONTEXT() REPRESENTATION_CONTEXT('2D SPACE',''
  ) );
#4671 = ORIENTED_EDGE('',*,*,#2203,.T.);
#4672 = ORIENTED_EDGE('',*,*,#4673,.T.);
#4673 = EDGE_CURVE('',#2176,#4645,#4674,.T.);
#4674 = SURFACE_CURVE('',#4675,(#4679,#4686),.PCURVE_S1.);
#4675 = LINE('',#4676,#4677);
#4676 = CARTESIAN_POINT('',(-161.245,35.,51.5));
#4677 = VECTOR('',#4678,1.);
#4678 = DIRECTION('',(-1.,-0.,-0.));
#4679 = PCURVE('',#2219,#4680);
#4680 = DEFINITIONAL_REPRESENTATION('',(#4681),#4685);
#4681 = LINE('',#4682,#4683);
#4682 = CARTESIAN_POINT('',(0.599501113829,0.472944942388));
#4683 = VECTOR('',#4684,1.);
#4684 = DIRECTION('',(-0.,-1.));
#4685 = ( GEOMETRIC_REPRESENTATION_CONTEXT(2) 
PARAMETRIC_REPRESENTATION_CONTEXT() REPRESENTATION_CONTEXT('2D SPACE',''
  ) );
#4686 = PCURVE('',#2191,#4687);
#4687 = DEFINITIONAL_REPRESENTATION('',(#4688),#4692);
#4688 = LINE('',#4689,#4690);
#4689 = CARTESIAN_POINT('',(-0.601968217911,0.438946732972));
#4690 = VECTOR('',#4691,1.);
#4691 = DIRECTION('',(-0.,-1.));
#4692 = ( GEOMETRIC_REPRESENTATION_CONTEXT(2) 
PARAMETRIC_REPRESENTATION_CONTEXT() REPRESENTATION_CONTEXT('2D SPACE',''
  ) );
#4693 = ADVANCED_FACE('',(#4694),#1351,.T.);
#4694 = FACE_BOUND('',#4695,.F.);
#4695 = EDGE_LOOP('',(#4696,#4719,#4720));
#4696 = ORIENTED_EDGE('',*,*,#4697,.F.);
#4697 = EDGE_CURVE('',#1336,#4698,#4700,.T.);
#4698 = VERTEX_POINT('',#4699);
#4699 = CARTESIAN_POINT('',(-162.545,38.226553542367,22.863545273364));
#4700 = SURFACE_CURVE('',#4701,(#4705,#4712),.PCURVE_S1.);
#4701 = LINE('',#4702,#4703);
#4702 = CARTESIAN_POINT('',(-161.245,38.226553542367,22.863545273364));
#4703 = VECTOR('',#4704,1.);
#4704 = DIRECTION('',(-1.,-0.,-0.));
#4705 = PCURVE('',#1351,#4706);
#4706 = DEFINITIONAL_REPRESENTATION('',(#4707),#4711);
#4707 = LINE('',#4708,#4709);
#4708 = CARTESIAN_POINT('',(-0.601968217911,0.438946732972));
#4709 = VECTOR('',#4710,1.);
#4710 = DIRECTION('',(-0.,-1.));
#4711 = ( GEOMETRIC_REPRESENTATION_CONTEXT(2) 
PARAMETRIC_REPRESENTATION_CONTEXT() REPRESENTATION_CONTEXT('2D SPACE',''
  ) );
#4712 = PCURVE('',#1379,#4713);
#4713 = DEFINITIONAL_REPRESENTATION('',(#4714),#4718);
#4714 = LINE('',#4715,#4716);
#4715 = CARTESIAN_POINT('',(0.599501113829,0.472944942388));
#4716 = VECTOR('',#4717,1.);
#4717 = DIRECTION('',(-0.,-1.));
#4718 = ( GEOMETRIC_REPRESENTATION_CONTEXT(2) 
PARAMETRIC_REPRESENTATION_CONTEXT() REPRESENTATION_CONTEXT('2D SPACE',''
  ) );
#4719 = ORIENTED_EDGE('',*,*,#1335,.F.);
#4720 = ORIENTED_EDGE('',*,*,#4721,.F.);
#4721 = EDGE_CURVE('',#4698,#1308,#4722,.T.);
#4722 = SURFACE_CURVE('',#4723,(#4727,#4734),.PCURVE_S1.);
#4723 = LINE('',#4724,#4725);
#4724 = CARTESIAN_POINT('',(-162.545,38.226553542367,22.863545273364));
#4725 = VECTOR('',#4726,1.);
#4726 = DIRECTION('',(0.593796375622,0.773168829015,0.222746102407));
#4727 = PCURVE('',#1351,#4728);
#4728 = DEFINITIONAL_REPRESENTATION('',(#4729),#4733);
#4729 = LINE('',#4730,#4731);
#4730 = CARTESIAN_POINT('',(-0.601968217911,-0.861053267028));
#4731 = VECTOR('',#4732,1.);
#4732 = DIRECTION('',(0.804615351766,0.593796375622));
#4733 = ( GEOMETRIC_REPRESENTATION_CONTEXT(2) 
PARAMETRIC_REPRESENTATION_CONTEXT() REPRESENTATION_CONTEXT('2D SPACE',''
  ) );
#4734 = PCURVE('',#4735,#4740);
#4735 = PLANE('',#4736);
#4736 = AXIS2_PLACEMENT_3D('',#4737,#4738,#4739);
#4737 = CARTESIAN_POINT('',(-162.1932284535,38.165676580588,
    25.268999009079));
#4738 = DIRECTION('',(-0.804168352357,0.579498710053,0.132266798987));
#4739 = DIRECTION('',(-0.584635226655,-0.811296278651,
    -6.938893903907E-18));
#4740 = DEFINITIONAL_REPRESENTATION('',(#4741),#4745);
#4741 = LINE('',#4742,#4743);
#4742 = CARTESIAN_POINT('',(0.156268785242,-2.426775013632));
#4743 = VECTOR('',#4744,1.);
#4744 = DIRECTION('',(-0.974423272398,0.224720462372));
#4745 = ( GEOMETRIC_REPRESENTATION_CONTEXT(2) 
PARAMETRIC_REPRESENTATION_CONTEXT() REPRESENTATION_CONTEXT('2D SPACE',''
  ) );
#4746 = ADVANCED_FACE('',(#4747),#2191,.T.);
#4747 = FACE_BOUND('',#4748,.F.);
#4748 = EDGE_LOOP('',(#4749,#4750,#4751));
#4749 = ORIENTED_EDGE('',*,*,#4673,.F.);
#4750 = ORIENTED_EDGE('',*,*,#2175,.F.);
#4751 = ORIENTED_EDGE('',*,*,#4752,.F.);
#4752 = EDGE_CURVE('',#4645,#2148,#4753,.T.);
#4753 = SURFACE_CURVE('',#4754,(#4758,#4765),.PCURVE_S1.);
#4754 = LINE('',#4755,#4756);
#4755 = CARTESIAN_POINT('',(-162.545,35.,51.5));
#4756 = VECTOR('',#4757,1.);
#4757 = DIRECTION('',(0.593796375622,-0.803349542979,-4.511514262745E-02
    ));
#4758 = PCURVE('',#2191,#4759);
#4759 = DEFINITIONAL_REPRESENTATION('',(#4760),#4764);
#4760 = LINE('',#4761,#4762);
#4761 = CARTESIAN_POINT('',(-0.601968217911,-0.861053267028));
#4762 = VECTOR('',#4763,1.);
#4763 = DIRECTION('',(0.804615351766,0.593796375622));
#4764 = ( GEOMETRIC_REPRESENTATION_CONTEXT(2) 
PARAMETRIC_REPRESENTATION_CONTEXT() REPRESENTATION_CONTEXT('2D SPACE',''
  ) );
#4765 = PCURVE('',#4766,#4771);
#4766 = PLANE('',#4767);
#4767 = AXIS2_PLACEMENT_3D('',#4768,#4769,#4770);
#4768 = CARTESIAN_POINT('',(-162.1932284535,34.524086837386,
    49.141309613198));
#4769 = DIRECTION('',(-0.804168352357,-0.594401599146,-0.));
#4770 = DIRECTION('',(0.594401599146,-0.804168352357,0.));
#4771 = DEFINITIONAL_REPRESENTATION('',(#4772),#4776);
#4772 = LINE('',#4773,#4774);
#4773 = CARTESIAN_POINT('',(-0.591807873586,2.358690386802));
#4774 = VECTOR('',#4775,1.);
#4775 = DIRECTION('',(0.998981793581,-4.511514262745E-02));
#4776 = ( GEOMETRIC_REPRESENTATION_CONTEXT(2) 
PARAMETRIC_REPRESENTATION_CONTEXT() REPRESENTATION_CONTEXT('2D SPACE',''
  ) );
#4777 = ADVANCED_FACE('',(#4778),#1379,.T.);
#4778 = FACE_BOUND('',#4779,.F.);
#4779 = EDGE_LOOP('',(#4780,#4806,#4807));
#4780 = ORIENTED_EDGE('',*,*,#4781,.F.);
#4781 = EDGE_CURVE('',#1364,#4698,#4782,.T.);
#4782 = SURFACE_CURVE('',#4783,(#4787,#4794),.PCURVE_S1.);
#4783 = LINE('',#4784,#4785);
#4784 = CARTESIAN_POINT('',(-161.345,36.623484903498,22.591172956548));
#4785 = VECTOR('',#4786,1.);
#4786 = DIRECTION('',(-0.593796375622,0.793246956361,0.134778078787));
#4787 = PCURVE('',#1379,#4788);
#4788 = DEFINITIONAL_REPRESENTATION('',(#4789),#4793);
#4789 = LINE('',#4790,#4791);
#4790 = CARTESIAN_POINT('',(-1.02654185605,0.372944942388));
#4791 = VECTOR('',#4792,1.);
#4792 = DIRECTION('',(0.804615351766,-0.593796375622));
#4793 = ( GEOMETRIC_REPRESENTATION_CONTEXT(2) 
PARAMETRIC_REPRESENTATION_CONTEXT() REPRESENTATION_CONTEXT('2D SPACE',''
  ) );
#4794 = PCURVE('',#4795,#4800);
#4795 = PLANE('',#4796);
#4796 = AXIS2_PLACEMENT_3D('',#4797,#4798,#4799);
#4797 = CARTESIAN_POINT('',(-161.6967715464,36.832316090588,
    24.988317761194));
#4798 = DIRECTION('',(-0.804168352357,-0.590664126651,
    -6.655186364335E-02));
#4799 = DIRECTION('',(0.591976558154,-0.805955181506,-6.938893903907E-18
    ));
#4800 = DEFINITIONAL_REPRESENTATION('',(#4801),#4805);
#4801 = LINE('',#4802,#4803);
#4802 = CARTESIAN_POINT('',(0.376549086617,-2.402471162241));
#4803 = VECTOR('',#4804,1.);
#4804 = DIRECTION('',(-0.990835029378,0.135077550159));
#4805 = ( GEOMETRIC_REPRESENTATION_CONTEXT(2) 
PARAMETRIC_REPRESENTATION_CONTEXT() REPRESENTATION_CONTEXT('2D SPACE',''
  ) );
#4806 = ORIENTED_EDGE('',*,*,#1363,.T.);
#4807 = ORIENTED_EDGE('',*,*,#4697,.T.);
#4808 = ADVANCED_FACE('',(#4809),#2163,.T.);
#4809 = FACE_BOUND('',#4810,.F.);
#4810 = EDGE_LOOP('',(#4811,#4839,#4840));
#4811 = ORIENTED_EDGE('',*,*,#4812,.F.);
#4812 = EDGE_CURVE('',#2148,#4813,#4815,.T.);
#4813 = VERTEX_POINT('',#4814);
#4814 = CARTESIAN_POINT('',(-162.545,31.773446457633,51.136454726636));
#4815 = SURFACE_CURVE('',#4816,(#4820,#4827),.PCURVE_S1.);
#4816 = LINE('',#4817,#4818);
#4817 = CARTESIAN_POINT('',(-161.345,33.376515096502,51.408827043452));
#4818 = VECTOR('',#4819,1.);
#4819 = DIRECTION('',(-0.593796375622,-0.793246956361,-0.134778078787));
#4820 = PCURVE('',#2163,#4821);
#4821 = DEFINITIONAL_REPRESENTATION('',(#4822),#4826);
#4822 = LINE('',#4823,#4824);
#4823 = CARTESIAN_POINT('',(-1.02654185605,0.372944942388));
#4824 = VECTOR('',#4825,1.);
#4825 = DIRECTION('',(0.804615351766,-0.593796375622));
#4826 = ( GEOMETRIC_REPRESENTATION_CONTEXT(2) 
PARAMETRIC_REPRESENTATION_CONTEXT() REPRESENTATION_CONTEXT('2D SPACE',''
  ) );
#4827 = PCURVE('',#4828,#4833);
#4828 = PLANE('',#4829);
#4829 = AXIS2_PLACEMENT_3D('',#4830,#4831,#4832);
#4830 = CARTESIAN_POINT('',(-161.6967715464,33.167683909412,
    49.011682238806));
#4831 = DIRECTION('',(-0.804168352357,0.590664126651,6.655186364335E-02)
  );
#4832 = DIRECTION('',(-0.591976558154,-0.805955181506,0.));
#4833 = DEFINITIONAL_REPRESENTATION('',(#4834),#4838);
#4834 = LINE('',#4835,#4836);
#4835 = CARTESIAN_POINT('',(-0.376549086617,2.402471162241));
#4836 = VECTOR('',#4837,1.);
#4837 = DIRECTION('',(0.990835029378,-0.135077550159));
#4838 = ( GEOMETRIC_REPRESENTATION_CONTEXT(2) 
PARAMETRIC_REPRESENTATION_CONTEXT() REPRESENTATION_CONTEXT('2D SPACE',''
  ) );
#4839 = ORIENTED_EDGE('',*,*,#2147,.T.);
#4840 = ORIENTED_EDGE('',*,*,#4841,.T.);
#4841 = EDGE_CURVE('',#2120,#4813,#4842,.T.);
#4842 = SURFACE_CURVE('',#4843,(#4847,#4854),.PCURVE_S1.);
#4843 = LINE('',#4844,#4845);
#4844 = CARTESIAN_POINT('',(-161.245,31.773446457633,51.136454726636));
#4845 = VECTOR('',#4846,1.);
#4846 = DIRECTION('',(-1.,-0.,-0.));
#4847 = PCURVE('',#2163,#4848);
#4848 = DEFINITIONAL_REPRESENTATION('',(#4849),#4853);
#4849 = LINE('',#4850,#4851);
#4850 = CARTESIAN_POINT('',(0.599501113829,0.472944942388));
#4851 = VECTOR('',#4852,1.);
#4852 = DIRECTION('',(-0.,-1.));
#4853 = ( GEOMETRIC_REPRESENTATION_CONTEXT(2) 
PARAMETRIC_REPRESENTATION_CONTEXT() REPRESENTATION_CONTEXT('2D SPACE',''
  ) );
#4854 = PCURVE('',#2135,#4855);
#4855 = DEFINITIONAL_REPRESENTATION('',(#4856),#4860);
#4856 = LINE('',#4857,#4858);
#4857 = CARTESIAN_POINT('',(-0.601968217911,0.438946732972));
#4858 = VECTOR('',#4859,1.);
#4859 = DIRECTION('',(-0.,-1.));
#4860 = ( GEOMETRIC_REPRESENTATION_CONTEXT(2) 
PARAMETRIC_REPRESENTATION_CONTEXT() REPRESENTATION_CONTEXT('2D SPACE',''
  ) );
#4861 = ADVANCED_FACE('',(#4862),#1407,.T.);
#4862 = FACE_BOUND('',#4863,.F.);
#4863 = EDGE_LOOP('',(#4864,#4887,#4888));
#4864 = ORIENTED_EDGE('',*,*,#4865,.F.);
#4865 = EDGE_CURVE('',#1392,#4866,#4868,.T.);
#4866 = VERTEX_POINT('',#4867);
#4867 = CARTESIAN_POINT('',(-162.545,35.,22.5));
#4868 = SURFACE_CURVE('',#4869,(#4873,#4880),.PCURVE_S1.);
#4869 = LINE('',#4870,#4871);
#4870 = CARTESIAN_POINT('',(-161.245,35.,22.5));
#4871 = VECTOR('',#4872,1.);
#4872 = DIRECTION('',(-1.,-0.,-0.));
#4873 = PCURVE('',#1407,#4874);
#4874 = DEFINITIONAL_REPRESENTATION('',(#4875),#4879);
#4875 = LINE('',#4876,#4877);
#4876 = CARTESIAN_POINT('',(-0.601968217911,0.438946732972));
#4877 = VECTOR('',#4878,1.);
#4878 = DIRECTION('',(-0.,-1.));
#4879 = ( GEOMETRIC_REPRESENTATION_CONTEXT(2) 
PARAMETRIC_REPRESENTATION_CONTEXT() REPRESENTATION_CONTEXT('2D SPACE',''
  ) );
#4880 = PCURVE('',#1435,#4881);
#4881 = DEFINITIONAL_REPRESENTATION('',(#4882),#4886);
#4882 = LINE('',#4883,#4884);
#4883 = CARTESIAN_POINT('',(0.599501113829,0.472944942388));
#4884 = VECTOR('',#4885,1.);
#4885 = DIRECTION('',(-0.,-1.));
#4886 = ( GEOMETRIC_REPRESENTATION_CONTEXT(2) 
PARAMETRIC_REPRESENTATION_CONTEXT() REPRESENTATION_CONTEXT('2D SPACE',''
  ) );
#4887 = ORIENTED_EDGE('',*,*,#1391,.F.);
#4888 = ORIENTED_EDGE('',*,*,#4889,.F.);
#4889 = EDGE_CURVE('',#4866,#1364,#4890,.T.);
#4890 = SURFACE_CURVE('',#4891,(#4895,#4902),.PCURVE_S1.);
#4891 = LINE('',#4892,#4893);
#4892 = CARTESIAN_POINT('',(-162.545,35.,22.5));
#4893 = VECTOR('',#4894,1.);
#4894 = DIRECTION('',(0.593796375622,0.803349542979,4.511514262745E-02)
  );
#4895 = PCURVE('',#1407,#4896);
#4896 = DEFINITIONAL_REPRESENTATION('',(#4897),#4901);
#4897 = LINE('',#4898,#4899);
#4898 = CARTESIAN_POINT('',(-0.601968217911,-0.861053267028));
#4899 = VECTOR('',#4900,1.);
#4900 = DIRECTION('',(0.804615351766,0.593796375622));
#4901 = ( GEOMETRIC_REPRESENTATION_CONTEXT(2) 
PARAMETRIC_REPRESENTATION_CONTEXT() REPRESENTATION_CONTEXT('2D SPACE',''
  ) );
#4902 = PCURVE('',#4903,#4908);
#4903 = PLANE('',#4904);
#4904 = AXIS2_PLACEMENT_3D('',#4905,#4906,#4907);
#4905 = CARTESIAN_POINT('',(-162.1932284535,35.475913162614,
    24.858690386802));
#4906 = DIRECTION('',(-0.804168352357,0.594401599146,-1.315136335672E-16
    ));
#4907 = DIRECTION('',(-0.594401599146,-0.804168352357,0.));
#4908 = DEFINITIONAL_REPRESENTATION('',(#4909),#4913);
#4909 = LINE('',#4910,#4911);
#4910 = CARTESIAN_POINT('',(0.591807873586,-2.358690386802));
#4911 = VECTOR('',#4912,1.);
#4912 = DIRECTION('',(-0.998981793581,4.511514262745E-02));
#4913 = ( GEOMETRIC_REPRESENTATION_CONTEXT(2) 
PARAMETRIC_REPRESENTATION_CONTEXT() REPRESENTATION_CONTEXT('2D SPACE',''
  ) );
#4914 = ADVANCED_FACE('',(#4915),#2135,.T.);
#4915 = FACE_BOUND('',#4916,.F.);
#4916 = EDGE_LOOP('',(#4917,#4918,#4919));
#4917 = ORIENTED_EDGE('',*,*,#4841,.F.);
#4918 = ORIENTED_EDGE('',*,*,#2119,.F.);
#4919 = ORIENTED_EDGE('',*,*,#4920,.F.);
#4920 = EDGE_CURVE('',#4813,#2092,#4921,.T.);
#4921 = SURFACE_CURVE('',#4922,(#4926,#4933),.PCURVE_S1.);
#4922 = LINE('',#4923,#4924);
#4923 = CARTESIAN_POINT('',(-162.545,31.773446457633,51.136454726636));
#4924 = VECTOR('',#4925,1.);
#4925 = DIRECTION('',(0.593796375622,-0.773168829015,-0.222746102407));
#4926 = PCURVE('',#2135,#4927);
#4927 = DEFINITIONAL_REPRESENTATION('',(#4928),#4932);
#4928 = LINE('',#4929,#4930);
#4929 = CARTESIAN_POINT('',(-0.601968217911,-0.861053267028));
#4930 = VECTOR('',#4931,1.);
#4931 = DIRECTION('',(0.804615351766,0.593796375622));
#4932 = ( GEOMETRIC_REPRESENTATION_CONTEXT(2) 
PARAMETRIC_REPRESENTATION_CONTEXT() REPRESENTATION_CONTEXT('2D SPACE',''
  ) );
#4933 = PCURVE('',#4934,#4939);
#4934 = PLANE('',#4935);
#4935 = AXIS2_PLACEMENT_3D('',#4936,#4937,#4938);
#4936 = CARTESIAN_POINT('',(-162.1932284535,31.834323419412,
    48.731000990921));
#4937 = DIRECTION('',(-0.804168352357,-0.579498710053,-0.132266798987));
#4938 = DIRECTION('',(0.584635226655,-0.811296278651,0.));
#4939 = DEFINITIONAL_REPRESENTATION('',(#4940),#4944);
#4940 = LINE('',#4941,#4942);
#4941 = CARTESIAN_POINT('',(-0.156268785242,2.426775013632));
#4942 = VECTOR('',#4943,1.);
#4943 = DIRECTION('',(0.974423272398,-0.224720462372));
#4944 = ( GEOMETRIC_REPRESENTATION_CONTEXT(2) 
PARAMETRIC_REPRESENTATION_CONTEXT() REPRESENTATION_CONTEXT('2D SPACE',''
  ) );
#4945 = ADVANCED_FACE('',(#4946),#1435,.T.);
#4946 = FACE_BOUND('',#4947,.F.);
#4947 = EDGE_LOOP('',(#4948,#4974,#4975));
#4948 = ORIENTED_EDGE('',*,*,#4949,.F.);
#4949 = EDGE_CURVE('',#1420,#4866,#4950,.T.);
#4950 = SURFACE_CURVE('',#4951,(#4955,#4962),.PCURVE_S1.);
#4951 = LINE('',#4952,#4953);
#4952 = CARTESIAN_POINT('',(-161.345,33.376515096502,22.591172956548));
#4953 = VECTOR('',#4954,1.);
#4954 = DIRECTION('',(-0.593796375622,0.803349542979,-4.511514262745E-02
    ));
#4955 = PCURVE('',#1435,#4956);
#4956 = DEFINITIONAL_REPRESENTATION('',(#4957),#4961);
#4957 = LINE('',#4958,#4959);
#4958 = CARTESIAN_POINT('',(-1.02654185605,0.372944942388));
#4959 = VECTOR('',#4960,1.);
#4960 = DIRECTION('',(0.804615351766,-0.593796375622));
#4961 = ( GEOMETRIC_REPRESENTATION_CONTEXT(2) 
PARAMETRIC_REPRESENTATION_CONTEXT() REPRESENTATION_CONTEXT('2D SPACE',''
  ) );
#4962 = PCURVE('',#4963,#4968);
#4963 = PLANE('',#4964);
#4964 = AXIS2_PLACEMENT_3D('',#4965,#4966,#4967);
#4965 = CARTESIAN_POINT('',(-161.6967715464,34.113525350488,
    24.881747025348));
#4966 = DIRECTION('',(-0.804168352357,-0.590664126651,6.655186364335E-02
    ));
#4967 = DIRECTION('',(0.591976558154,-0.805955181506,0.));
#4968 = DEFINITIONAL_REPRESENTATION('',(#4969),#4973);
#4969 = LINE('',#4970,#4971);
#4970 = CARTESIAN_POINT('',(0.802237742345,-2.295663630584));
#4971 = VECTOR('',#4972,1.);
#4972 = DIRECTION('',(-0.998977261409,-4.521538662695E-02));
#4973 = ( GEOMETRIC_REPRESENTATION_CONTEXT(2) 
PARAMETRIC_REPRESENTATION_CONTEXT() REPRESENTATION_CONTEXT('2D SPACE',''
  ) );
#4974 = ORIENTED_EDGE('',*,*,#1419,.T.);
#4975 = ORIENTED_EDGE('',*,*,#4865,.T.);
#4976 = ADVANCED_FACE('',(#4977),#2107,.T.);
#4977 = FACE_BOUND('',#4978,.F.);
#4978 = EDGE_LOOP('',(#4979,#5007,#5008));
#4979 = ORIENTED_EDGE('',*,*,#4980,.F.);
#4980 = EDGE_CURVE('',#2092,#4981,#4983,.T.);
#4981 = VERTEX_POINT('',#4982);
#4982 = CARTESIAN_POINT('',(-162.545,28.708685782795,50.064048584585));
#4983 = SURFACE_CURVE('',#4984,(#4988,#4995),.PCURVE_S1.);
#4984 = LINE('',#4985,#4986);
#4985 = CARTESIAN_POINT('',(-161.345,30.21095360165,50.686308289471));
#4986 = VECTOR('',#4987,1.);
#4987 = DIRECTION('',(-0.593796375622,-0.743367655041,-0.307912964548));
#4988 = PCURVE('',#2107,#4989);
#4989 = DEFINITIONAL_REPRESENTATION('',(#4990),#4994);
#4990 = LINE('',#4991,#4992);
#4991 = CARTESIAN_POINT('',(-1.02654185605,0.372944942388));
#4992 = VECTOR('',#4993,1.);
#4993 = DIRECTION('',(0.804615351766,-0.593796375622));
#4994 = ( GEOMETRIC_REPRESENTATION_CONTEXT(2) 
PARAMETRIC_REPRESENTATION_CONTEXT() REPRESENTATION_CONTEXT('2D SPACE',''
  ) );
#4995 = PCURVE('',#4996,#5001);
#4996 = PLANE('',#4997);
#4997 = AXIS2_PLACEMENT_3D('',#4998,#4999,#5000);
#4998 = CARTESIAN_POINT('',(-161.6967715464,30.54077314918,
    48.30279559909));
#4999 = DIRECTION('',(-0.804168352357,0.561045760943,0.196318402591));
#5000 = DIRECTION('',(-0.572180274357,-0.820127876393,1.387778780781E-17
    ));
#5001 = DEFINITIONAL_REPRESENTATION('',(#5002),#5006);
#5002 = LINE('',#5003,#5004);
#5003 = CARTESIAN_POINT('',(6.921746515185E-02,2.430815880018));
#5004 = VECTOR('',#5005,1.);
#5005 = DIRECTION('',(0.949415109424,-0.314023804827));
#5006 = ( GEOMETRIC_REPRESENTATION_CONTEXT(2) 
PARAMETRIC_REPRESENTATION_CONTEXT() REPRESENTATION_CONTEXT('2D SPACE',''
  ) );
#5007 = ORIENTED_EDGE('',*,*,#2091,.T.);
#5008 = ORIENTED_EDGE('',*,*,#5009,.T.);
#5009 = EDGE_CURVE('',#2064,#4981,#5010,.T.);
#5010 = SURFACE_CURVE('',#5011,(#5015,#5022),.PCURVE_S1.);
#5011 = LINE('',#5012,#5013);
#5012 = CARTESIAN_POINT('',(-161.245,28.708685782795,50.064048584585));
#5013 = VECTOR('',#5014,1.);
#5014 = DIRECTION('',(-1.,-0.,-0.));
#5015 = PCURVE('',#2107,#5016);
#5016 = DEFINITIONAL_REPRESENTATION('',(#5017),#5021);
#5017 = LINE('',#5018,#5019);
#5018 = CARTESIAN_POINT('',(0.599501113829,0.472944942388));
#5019 = VECTOR('',#5020,1.);
#5020 = DIRECTION('',(-0.,-1.));
#5021 = ( GEOMETRIC_REPRESENTATION_CONTEXT(2) 
PARAMETRIC_REPRESENTATION_CONTEXT() REPRESENTATION_CONTEXT('2D SPACE',''
  ) );
#5022 = PCURVE('',#2079,#5023);
#5023 = DEFINITIONAL_REPRESENTATION('',(#5024),#5028);
#5024 = LINE('',#5025,#5026);
#5025 = CARTESIAN_POINT('',(-0.601968217911,0.438946732972));
#5026 = VECTOR('',#5027,1.);
#5027 = DIRECTION('',(-0.,-1.));
#5028 = ( GEOMETRIC_REPRESENTATION_CONTEXT(2) 
PARAMETRIC_REPRESENTATION_CONTEXT() REPRESENTATION_CONTEXT('2D SPACE',''
  ) );
#5029 = ADVANCED_FACE('',(#5030),#1463,.T.);
#5030 = FACE_BOUND('',#5031,.F.);
#5031 = EDGE_LOOP('',(#5032,#5055,#5056));
#5032 = ORIENTED_EDGE('',*,*,#5033,.F.);
#5033 = EDGE_CURVE('',#1448,#5034,#5036,.T.);
#5034 = VERTEX_POINT('',#5035);
#5035 = CARTESIAN_POINT('',(-162.545,31.773446457633,22.863545273364));
#5036 = SURFACE_CURVE('',#5037,(#5041,#5048),.PCURVE_S1.);
#5037 = LINE('',#5038,#5039);
#5038 = CARTESIAN_POINT('',(-161.245,31.773446457633,22.863545273364));
#5039 = VECTOR('',#5040,1.);
#5040 = DIRECTION('',(-1.,-0.,-0.));
#5041 = PCURVE('',#1463,#5042);
#5042 = DEFINITIONAL_REPRESENTATION('',(#5043),#5047);
#5043 = LINE('',#5044,#5045);
#5044 = CARTESIAN_POINT('',(-0.601968217911,0.438946732972));
#5045 = VECTOR('',#5046,1.);
#5046 = DIRECTION('',(-0.,-1.));
#5047 = ( GEOMETRIC_REPRESENTATION_CONTEXT(2) 
PARAMETRIC_REPRESENTATION_CONTEXT() REPRESENTATION_CONTEXT('2D SPACE',''
  ) );
#5048 = PCURVE('',#1491,#5049);
#5049 = DEFINITIONAL_REPRESENTATION('',(#5050),#5054);
#5050 = LINE('',#5051,#5052);
#5051 = CARTESIAN_POINT('',(0.599501113829,0.472944942388));
#5052 = VECTOR('',#5053,1.);
#5053 = DIRECTION('',(-0.,-1.));
#5054 = ( GEOMETRIC_REPRESENTATION_CONTEXT(2) 
PARAMETRIC_REPRESENTATION_CONTEXT() REPRESENTATION_CONTEXT('2D SPACE',''
  ) );
#5055 = ORIENTED_EDGE('',*,*,#1447,.F.);
#5056 = ORIENTED_EDGE('',*,*,#5057,.F.);
#5057 = EDGE_CURVE('',#5034,#1420,#5058,.T.);
#5058 = SURFACE_CURVE('',#5059,(#5063,#5070),.PCURVE_S1.);
#5059 = LINE('',#5060,#5061);
#5060 = CARTESIAN_POINT('',(-162.545,31.773446457633,22.863545273364));
#5061 = VECTOR('',#5062,1.);
#5062 = DIRECTION('',(0.593796375622,0.793246956361,-0.134778078787));
#5063 = PCURVE('',#1463,#5064);
#5064 = DEFINITIONAL_REPRESENTATION('',(#5065),#5069);
#5065 = LINE('',#5066,#5067);
#5066 = CARTESIAN_POINT('',(-0.601968217911,-0.861053267028));
#5067 = VECTOR('',#5068,1.);
#5068 = DIRECTION('',(0.804615351766,0.593796375622));
#5069 = ( GEOMETRIC_REPRESENTATION_CONTEXT(2) 
PARAMETRIC_REPRESENTATION_CONTEXT() REPRESENTATION_CONTEXT('2D SPACE',''
  ) );
#5070 = PCURVE('',#5071,#5076);
#5071 = PLANE('',#5072);
#5072 = AXIS2_PLACEMENT_3D('',#5073,#5074,#5075);
#5073 = CARTESIAN_POINT('',(-162.1932284535,32.762285471425,
    25.057197726225));
#5074 = DIRECTION('',(-0.804168352357,0.579498710053,-0.132266798987));
#5075 = DIRECTION('',(-0.584635226655,-0.811296278651,0.));
#5076 = DEFINITIONAL_REPRESENTATION('',(#5077),#5081);
#5077 = LINE('',#5078,#5079);
#5078 = CARTESIAN_POINT('',(1.007899449863,-2.213096382673));
#5079 = VECTOR('',#5080,1.);
#5080 = DIRECTION('',(-0.990712582396,-0.135972714474));
#5081 = ( GEOMETRIC_REPRESENTATION_CONTEXT(2) 
PARAMETRIC_REPRESENTATION_CONTEXT() REPRESENTATION_CONTEXT('2D SPACE',''
  ) );
#5082 = ADVANCED_FACE('',(#5083),#2079,.T.);
#5083 = FACE_BOUND('',#5084,.F.);
#5084 = EDGE_LOOP('',(#5085,#5086,#5087));
#5085 = ORIENTED_EDGE('',*,*,#5009,.F.);
#5086 = ORIENTED_EDGE('',*,*,#2063,.F.);
#5087 = ORIENTED_EDGE('',*,*,#5088,.F.);
#5088 = EDGE_CURVE('',#4981,#2036,#5089,.T.);
#5089 = SURFACE_CURVE('',#5090,(#5094,#5101),.PCURVE_S1.);
#5090 = LINE('',#5091,#5092);
#5091 = CARTESIAN_POINT('',(-162.545,28.708685782795,50.064048584585));
#5092 = VECTOR('',#5093,1.);
#5093 = DIRECTION('',(0.593796375622,-0.704218201493,-0.389207642504));
#5094 = PCURVE('',#2079,#5095);
#5095 = DEFINITIONAL_REPRESENTATION('',(#5096),#5100);
#5096 = LINE('',#5097,#5098);
#5097 = CARTESIAN_POINT('',(-0.601968217911,-0.861053267028));
#5098 = VECTOR('',#5099,1.);
#5099 = DIRECTION('',(0.804615351766,0.593796375622));
#5100 = ( GEOMETRIC_REPRESENTATION_CONTEXT(2) 
PARAMETRIC_REPRESENTATION_CONTEXT() REPRESENTATION_CONTEXT('2D SPACE',''
  ) );
#5101 = PCURVE('',#5102,#5107);
#5102 = PLANE('',#5103);
#5103 = AXIS2_PLACEMENT_3D('',#5104,#5105,#5106);
#5104 = CARTESIAN_POINT('',(-162.1932284535,29.303300243902,
    47.732450994566));
#5105 = DIRECTION('',(-0.804168352357,-0.535537335862,-0.257901188375));
#5106 = DIRECTION('',(0.554288185732,-0.832324820703,1.387778780781E-17)
  );
#5107 = DEFINITIONAL_REPRESENTATION('',(#5108),#5112);
#5108 = LINE('',#5109,#5110);
#5109 = CARTESIAN_POINT('',(0.299929562456,2.413234169656));
#5110 = VECTOR('',#5111,1.);
#5111 = DIRECTION('',(0.915272604031,-0.402835028653));
#5112 = ( GEOMETRIC_REPRESENTATION_CONTEXT(2) 
PARAMETRIC_REPRESENTATION_CONTEXT() REPRESENTATION_CONTEXT('2D SPACE',''
  ) );
#5113 = ADVANCED_FACE('',(#5114),#1491,.T.);
#5114 = FACE_BOUND('',#5115,.F.);
#5115 = EDGE_LOOP('',(#5116,#5142,#5143));
#5116 = ORIENTED_EDGE('',*,*,#5117,.F.);
#5117 = EDGE_CURVE('',#1476,#5034,#5118,.T.);
#5118 = SURFACE_CURVE('',#5119,(#5123,#5130),.PCURVE_S1.);
#5119 = LINE('',#5120,#5121);
#5120 = CARTESIAN_POINT('',(-161.345,30.21095360165,23.313691710529));
#5121 = VECTOR('',#5122,1.);
#5122 = DIRECTION('',(-0.593796375622,0.773168829015,-0.222746102407));
#5123 = PCURVE('',#1491,#5124);
#5124 = DEFINITIONAL_REPRESENTATION('',(#5125),#5129);
#5125 = LINE('',#5126,#5127);
#5126 = CARTESIAN_POINT('',(-1.02654185605,0.372944942388));
#5127 = VECTOR('',#5128,1.);
#5128 = DIRECTION('',(0.804615351766,-0.593796375622));
#5129 = ( GEOMETRIC_REPRESENTATION_CONTEXT(2) 
PARAMETRIC_REPRESENTATION_CONTEXT() REPRESENTATION_CONTEXT('2D SPACE',''
  ) );
#5130 = PCURVE('',#5131,#5136);
#5131 = PLANE('',#5132);
#5132 = AXIS2_PLACEMENT_3D('',#5133,#5134,#5135);
#5133 = CARTESIAN_POINT('',(-161.6967715464,31.439186150911,
    25.38283609507));
#5134 = DIRECTION('',(-0.804168352357,-0.561045760943,0.196318402591));
#5135 = DIRECTION('',(0.572180274357,-0.820127876393,1.387778780781E-17)
  );
#5136 = DEFINITIONAL_REPRESENTATION('',(#5137),#5141);
#5137 = LINE('',#5138,#5139);
#5138 = CARTESIAN_POINT('',(1.208584492299,-2.110208621204));
#5139 = VECTOR('',#5140,1.);
#5140 = DIRECTION('',(-0.973855882949,-0.227166721254));
#5141 = ( GEOMETRIC_REPRESENTATION_CONTEXT(2) 
PARAMETRIC_REPRESENTATION_CONTEXT() REPRESENTATION_CONTEXT('2D SPACE',''
  ) );
#5142 = ORIENTED_EDGE('',*,*,#1475,.T.);
#5143 = ORIENTED_EDGE('',*,*,#5033,.T.);
#5144 = ADVANCED_FACE('',(#5145),#2051,.T.);
#5145 = FACE_BOUND('',#5146,.F.);
#5146 = EDGE_LOOP('',(#5147,#5175,#5176));
#5147 = ORIENTED_EDGE('',*,*,#5148,.F.);
#5148 = EDGE_CURVE('',#2036,#5149,#5151,.T.);
#5149 = VERTEX_POINT('',#5150);
#5150 = CARTESIAN_POINT('',(-162.545,25.959397873048,48.336556495786));
#5151 = SURFACE_CURVE('',#5152,(#5156,#5163),.PCURVE_S1.);
#5152 = LINE('',#5153,#5154);
#5153 = CARTESIAN_POINT('',(-161.345,27.285534890528,49.27750088881));
#5154 = VECTOR('',#5155,1.);
#5155 = DIRECTION('',(-0.593796375622,-0.656212795465,-0.465607808533));
#5156 = PCURVE('',#2051,#5157);
#5157 = DEFINITIONAL_REPRESENTATION('',(#5158),#5162);
#5158 = LINE('',#5159,#5160);
#5159 = CARTESIAN_POINT('',(-1.02654185605,0.372944942388));
#5160 = VECTOR('',#5161,1.);
#5161 = DIRECTION('',(0.804615351766,-0.593796375622));
#5162 = ( GEOMETRIC_REPRESENTATION_CONTEXT(2) 
PARAMETRIC_REPRESENTATION_CONTEXT() REPRESENTATION_CONTEXT('2D SPACE',''
  ) );
#5163 = PCURVE('',#5164,#5169);
#5164 = PLANE('',#5165);
#5165 = AXIS2_PLACEMENT_3D('',#5166,#5167,#5168);
#5166 = CARTESIAN_POINT('',(-161.6967715464,28.137466643358,
    47.027139591671));
#5167 = DIRECTION('',(-0.804168352357,0.503294218057,0.316240717078));
#5168 = DIRECTION('',(-0.53052110163,-0.847671729342,2.775557561563E-17)
  );
#5169 = DEFINITIONAL_REPRESENTATION('',(#5170),#5174);
#5170 = LINE('',#5171,#5172);
#5171 = CARTESIAN_POINT('',(0.535536233861,2.372099880328));
#5172 = VECTOR('',#5173,1.);
#5173 = DIRECTION('',(0.871274542486,-0.490795957211));
#5174 = ( GEOMETRIC_REPRESENTATION_CONTEXT(2) 
PARAMETRIC_REPRESENTATION_CONTEXT() REPRESENTATION_CONTEXT('2D SPACE',''
  ) );
#5175 = ORIENTED_EDGE('',*,*,#2035,.T.);
#5176 = ORIENTED_EDGE('',*,*,#5177,.T.);
#5177 = EDGE_CURVE('',#2008,#5149,#5178,.T.);
#5178 = SURFACE_CURVE('',#5179,(#5183,#5190),.PCURVE_S1.);
#5179 = LINE('',#5180,#5181);
#5180 = CARTESIAN_POINT('',(-161.245,25.959397873048,48.336556495786));
#5181 = VECTOR('',#5182,1.);
#5182 = DIRECTION('',(-1.,-0.,-0.));
#5183 = PCURVE('',#2051,#5184);
#5184 = DEFINITIONAL_REPRESENTATION('',(#5185),#5189);
#5185 = LINE('',#5186,#5187);
#5186 = CARTESIAN_POINT('',(0.599501113829,0.472944942388));
#5187 = VECTOR('',#5188,1.);
#5188 = DIRECTION('',(-0.,-1.));
#5189 = ( GEOMETRIC_REPRESENTATION_CONTEXT(2) 
PARAMETRIC_REPRESENTATION_CONTEXT() REPRESENTATION_CONTEXT('2D SPACE',''
  ) );
#5190 = PCURVE('',#2023,#5191);
#5191 = DEFINITIONAL_REPRESENTATION('',(#5192),#5196);
#5192 = LINE('',#5193,#5194);
#5193 = CARTESIAN_POINT('',(-0.601968217911,0.438946732972));
#5194 = VECTOR('',#5195,1.);
#5195 = DIRECTION('',(1.232595164408E-32,-1.));
#5196 = ( GEOMETRIC_REPRESENTATION_CONTEXT(2) 
PARAMETRIC_REPRESENTATION_CONTEXT() REPRESENTATION_CONTEXT('2D SPACE',''
  ) );
#5197 = ADVANCED_FACE('',(#5198),#1519,.T.);
#5198 = FACE_BOUND('',#5199,.F.);
#5199 = EDGE_LOOP('',(#5200,#5223,#5224));
#5200 = ORIENTED_EDGE('',*,*,#5201,.F.);
#5201 = EDGE_CURVE('',#1504,#5202,#5204,.T.);
#5202 = VERTEX_POINT('',#5203);
#5203 = CARTESIAN_POINT('',(-162.545,28.708685782795,23.935951415415));
#5204 = SURFACE_CURVE('',#5205,(#5209,#5216),.PCURVE_S1.);
#5205 = LINE('',#5206,#5207);
#5206 = CARTESIAN_POINT('',(-161.245,28.708685782795,23.935951415415));
#5207 = VECTOR('',#5208,1.);
#5208 = DIRECTION('',(-1.,-0.,-0.));
#5209 = PCURVE('',#1519,#5210);
#5210 = DEFINITIONAL_REPRESENTATION('',(#5211),#5215);
#5211 = LINE('',#5212,#5213);
#5212 = CARTESIAN_POINT('',(-0.601968217911,0.438946732972));
#5213 = VECTOR('',#5214,1.);
#5214 = DIRECTION('',(-0.,-1.));
#5215 = ( GEOMETRIC_REPRESENTATION_CONTEXT(2) 
PARAMETRIC_REPRESENTATION_CONTEXT() REPRESENTATION_CONTEXT('2D SPACE',''
  ) );
#5216 = PCURVE('',#1547,#5217);
#5217 = DEFINITIONAL_REPRESENTATION('',(#5218),#5222);
#5218 = LINE('',#5219,#5220);
#5219 = CARTESIAN_POINT('',(0.599501113829,0.472944942388));
#5220 = VECTOR('',#5221,1.);
#5221 = DIRECTION('',(-0.,-1.));
#5222 = ( GEOMETRIC_REPRESENTATION_CONTEXT(2) 
PARAMETRIC_REPRESENTATION_CONTEXT() REPRESENTATION_CONTEXT('2D SPACE',''
  ) );
#5223 = ORIENTED_EDGE('',*,*,#1503,.F.);
#5224 = ORIENTED_EDGE('',*,*,#5225,.F.);
#5225 = EDGE_CURVE('',#5202,#1476,#5226,.T.);
#5226 = SURFACE_CURVE('',#5227,(#5231,#5238),.PCURVE_S1.);
#5227 = LINE('',#5228,#5229);
#5228 = CARTESIAN_POINT('',(-162.545,28.708685782795,23.935951415415));
#5229 = VECTOR('',#5230,1.);
#5230 = DIRECTION('',(0.593796375622,0.743367655041,-0.307912964548));
#5231 = PCURVE('',#1519,#5232);
#5232 = DEFINITIONAL_REPRESENTATION('',(#5233),#5237);
#5233 = LINE('',#5234,#5235);
#5234 = CARTESIAN_POINT('',(-0.601968217911,-0.861053267028));
#5235 = VECTOR('',#5236,1.);
#5236 = DIRECTION('',(0.804615351766,0.593796375622));
#5237 = ( GEOMETRIC_REPRESENTATION_CONTEXT(2) 
PARAMETRIC_REPRESENTATION_CONTEXT() REPRESENTATION_CONTEXT('2D SPACE',''
  ) );
#5238 = PCURVE('',#5239,#5244);
#5239 = PLANE('',#5240);
#5240 = AXIS2_PLACEMENT_3D('',#5241,#5242,#5243);
#5241 = CARTESIAN_POINT('',(-162.1932284535,30.160866130582,
    25.854567040454));
#5242 = DIRECTION('',(-0.804168352357,0.535537335862,-0.257901188375));
#5243 = DIRECTION('',(-0.554288185732,-0.832324820703,
    -1.387778780781E-17));
#5244 = DEFINITIONAL_REPRESENTATION('',(#5245),#5249);
#5245 = LINE('',#5246,#5247);
#5246 = CARTESIAN_POINT('',(1.403668559872,-1.985792404573));
#5247 = VECTOR('',#5248,1.);
#5248 = DIRECTION('',(-0.947857665936,-0.318693967822));
#5249 = ( GEOMETRIC_REPRESENTATION_CONTEXT(2) 
PARAMETRIC_REPRESENTATION_CONTEXT() REPRESENTATION_CONTEXT('2D SPACE',''
  ) );
#5250 = ADVANCED_FACE('',(#5251),#2023,.T.);
#5251 = FACE_BOUND('',#5252,.F.);
#5252 = EDGE_LOOP('',(#5253,#5254,#5255));
#5253 = ORIENTED_EDGE('',*,*,#5177,.F.);
#5254 = ORIENTED_EDGE('',*,*,#2007,.F.);
#5255 = ORIENTED_EDGE('',*,*,#5256,.F.);
#5256 = EDGE_CURVE('',#5149,#1980,#5257,.T.);
#5257 = SURFACE_CURVE('',#5258,(#5262,#5269),.PCURVE_S1.);
#5258 = LINE('',#5259,#5260);
#5259 = CARTESIAN_POINT('',(-162.545,25.959397873048,48.336556495786));
#5260 = VECTOR('',#5261,1.);
#5261 = DIRECTION('',(0.593796375622,-0.599955132789,-0.536152686217));
#5262 = PCURVE('',#2023,#5263);
#5263 = DEFINITIONAL_REPRESENTATION('',(#5264),#5268);
#5264 = LINE('',#5265,#5266);
#5265 = CARTESIAN_POINT('',(-0.601968217911,-0.861053267028));
#5266 = VECTOR('',#5267,1.);
#5267 = DIRECTION('',(0.804615351766,0.593796375622));
#5268 = ( GEOMETRIC_REPRESENTATION_CONTEXT(2) 
PARAMETRIC_REPRESENTATION_CONTEXT() REPRESENTATION_CONTEXT('2D SPACE',''
  ) );
#5269 = PCURVE('',#5270,#5275);
#5270 = PLANE('',#5271);
#5271 = AXIS2_PLACEMENT_3D('',#5272,#5273,#5274);
#5272 = CARTESIAN_POINT('',(-162.1932284535,27.057933381509,
    46.19573109053));
#5273 = DIRECTION('',(-0.804168352357,-0.464721883442,-0.370603335276));
#5274 = DIRECTION('',(0.500351277364,-0.865822498691,0.));
#5275 = DEFINITIONAL_REPRESENTATION('',(#5276),#5280);
#5276 = LINE('',#5277,#5278);
#5277 = CARTESIAN_POINT('',(0.775127416232,2.304958652262));
#5278 = VECTOR('',#5279,1.);
#5279 = DIRECTION('',(0.816561427211,-0.577258551769));
#5280 = ( GEOMETRIC_REPRESENTATION_CONTEXT(2) 
PARAMETRIC_REPRESENTATION_CONTEXT() REPRESENTATION_CONTEXT('2D SPACE',''
  ) );
#5281 = ADVANCED_FACE('',(#5282),#1547,.T.);
#5282 = FACE_BOUND('',#5283,.F.);
#5283 = EDGE_LOOP('',(#5284,#5310,#5311));
#5284 = ORIENTED_EDGE('',*,*,#5285,.F.);
#5285 = EDGE_CURVE('',#1532,#5202,#5286,.T.);
#5286 = SURFACE_CURVE('',#5287,(#5291,#5298),.PCURVE_S1.);
#5287 = LINE('',#5288,#5289);
#5288 = CARTESIAN_POINT('',(-161.345,27.285534890528,24.72249911119));
#5289 = VECTOR('',#5290,1.);
#5290 = DIRECTION('',(-0.593796375622,0.704218201493,-0.389207642504));
#5291 = PCURVE('',#1547,#5292);
#5292 = DEFINITIONAL_REPRESENTATION('',(#5293),#5297);
#5293 = LINE('',#5294,#5295);
#5294 = CARTESIAN_POINT('',(-1.02654185605,0.372944942388));
#5295 = VECTOR('',#5296,1.);
#5296 = DIRECTION('',(0.804615351766,-0.593796375622));
#5297 = ( GEOMETRIC_REPRESENTATION_CONTEXT(2) 
PARAMETRIC_REPRESENTATION_CONTEXT() REPRESENTATION_CONTEXT('2D SPACE',''
  ) );
#5298 = PCURVE('',#5299,#5304);
#5299 = PLANE('',#5300);
#5300 = AXIS2_PLACEMENT_3D('',#5301,#5302,#5303);
#5301 = CARTESIAN_POINT('',(-161.6967715464,28.943401026391,
    26.466458272036));
#5302 = DIRECTION('',(-0.804168352357,-0.503294218057,0.316240717078));
#5303 = DIRECTION('',(0.53052110163,-0.847671729342,0.));
#5304 = DEFINITIONAL_REPRESENTATION('',(#5305),#5309);
#5305 = LINE('',#5306,#5307);
#5306 = CARTESIAN_POINT('',(1.591948482748,-1.838302730322));
#5307 = VECTOR('',#5308,1.);
#5308 = DIRECTION('',(-0.911967368033,-0.410262744645));
#5309 = ( GEOMETRIC_REPRESENTATION_CONTEXT(2) 
PARAMETRIC_REPRESENTATION_CONTEXT() REPRESENTATION_CONTEXT('2D SPACE',''
  ) );
#5310 = ORIENTED_EDGE('',*,*,#1531,.T.);
#5311 = ORIENTED_EDGE('',*,*,#5201,.T.);
#5312 = ADVANCED_FACE('',(#5313),#1995,.T.);
#5313 = FACE_BOUND('',#5314,.F.);
#5314 = EDGE_LOOP('',(#5315,#5343,#5344));
#5315 = ORIENTED_EDGE('',*,*,#5316,.F.);
#5316 = EDGE_CURVE('',#1980,#5317,#5319,.T.);
#5317 = VERTEX_POINT('',#5318);
#5318 = CARTESIAN_POINT('',(-162.545,23.663443504214,46.040602126952));
#5319 = SURFACE_CURVE('',#5320,(#5324,#5331),.PCURVE_S1.);
#5320 = LINE('',#5321,#5322);
#5321 = CARTESIAN_POINT('',(-161.345,24.746951672795,47.253048327205));
#5322 = VECTOR('',#5323,1.);
#5323 = DIRECTION('',(-0.593796375622,-0.536152686217,-0.599955132789));
#5324 = PCURVE('',#1995,#5325);
#5325 = DEFINITIONAL_REPRESENTATION('',(#5326),#5330);
#5326 = LINE('',#5327,#5328);
#5327 = CARTESIAN_POINT('',(1.02654185605,-0.372944942388));
#5328 = VECTOR('',#5329,1.);
#5329 = DIRECTION('',(-0.804615351766,0.593796375622));
#5330 = ( GEOMETRIC_REPRESENTATION_CONTEXT(2) 
PARAMETRIC_REPRESENTATION_CONTEXT() REPRESENTATION_CONTEXT('2D SPACE',''
  ) );
#5331 = PCURVE('',#5332,#5337);
#5332 = PLANE('',#5333);
#5333 = AXIS2_PLACEMENT_3D('',#5334,#5335,#5336);
#5334 = CARTESIAN_POINT('',(-161.6967715464,26.078276215482,
    45.248680935437));
#5335 = DIRECTION('',(-0.804168352357,0.420305401504,0.420305401504));
#5336 = DIRECTION('',(-0.463206318762,0.,-0.886250476028));
#5337 = DEFINITIONAL_REPRESENTATION('',(#5338),#5342);
#5338 = LINE('',#5339,#5340);
#5339 = CARTESIAN_POINT('',(-1.939314358163,1.467213931318));
#5340 = VECTOR('',#5341,1.);
#5341 = DIRECTION('',(0.806760755276,0.590878230896));
#5342 = ( GEOMETRIC_REPRESENTATION_CONTEXT(2) 
PARAMETRIC_REPRESENTATION_CONTEXT() REPRESENTATION_CONTEXT('2D SPACE',''
  ) );
#5343 = ORIENTED_EDGE('',*,*,#1979,.T.);
#5344 = ORIENTED_EDGE('',*,*,#5345,.T.);
#5345 = EDGE_CURVE('',#1952,#5317,#5346,.T.);
#5346 = SURFACE_CURVE('',#5347,(#5351,#5358),.PCURVE_S1.);
#5347 = LINE('',#5348,#5349);
#5348 = CARTESIAN_POINT('',(-161.245,23.663443504214,46.040602126952));
#5349 = VECTOR('',#5350,1.);
#5350 = DIRECTION('',(-1.,-0.,-0.));
#5351 = PCURVE('',#1995,#5352);
#5352 = DEFINITIONAL_REPRESENTATION('',(#5353),#5357);
#5353 = LINE('',#5354,#5355);
#5354 = CARTESIAN_POINT('',(-0.599501113829,-0.472944942388));
#5355 = VECTOR('',#5356,1.);
#5356 = DIRECTION('',(-0.,1.));
#5357 = ( GEOMETRIC_REPRESENTATION_CONTEXT(2) 
PARAMETRIC_REPRESENTATION_CONTEXT() REPRESENTATION_CONTEXT('2D SPACE',''
  ) );
#5358 = PCURVE('',#1967,#5359);
#5359 = DEFINITIONAL_REPRESENTATION('',(#5360),#5364);
#5360 = LINE('',#5361,#5362);
#5361 = CARTESIAN_POINT('',(0.601968217911,-0.438946732972));
#5362 = VECTOR('',#5363,1.);
#5363 = DIRECTION('',(-0.,1.));
#5364 = ( GEOMETRIC_REPRESENTATION_CONTEXT(2) 
PARAMETRIC_REPRESENTATION_CONTEXT() REPRESENTATION_CONTEXT('2D SPACE',''
  ) );
#5365 = ADVANCED_FACE('',(#5366),#1575,.T.);
#5366 = FACE_BOUND('',#5367,.F.);
#5367 = EDGE_LOOP('',(#5368,#5391,#5392));
#5368 = ORIENTED_EDGE('',*,*,#5369,.F.);
#5369 = EDGE_CURVE('',#1560,#5370,#5372,.T.);
#5370 = VERTEX_POINT('',#5371);
#5371 = CARTESIAN_POINT('',(-162.545,25.959397873048,25.663443504214));
#5372 = SURFACE_CURVE('',#5373,(#5377,#5384),.PCURVE_S1.);
#5373 = LINE('',#5374,#5375);
#5374 = CARTESIAN_POINT('',(-161.245,25.959397873048,25.663443504214));
#5375 = VECTOR('',#5376,1.);
#5376 = DIRECTION('',(-1.,-0.,-0.));
#5377 = PCURVE('',#1575,#5378);
#5378 = DEFINITIONAL_REPRESENTATION('',(#5379),#5383);
#5379 = LINE('',#5380,#5381);
#5380 = CARTESIAN_POINT('',(-0.601968217911,0.438946732972));
#5381 = VECTOR('',#5382,1.);
#5382 = DIRECTION('',(-0.,-1.));
#5383 = ( GEOMETRIC_REPRESENTATION_CONTEXT(2) 
PARAMETRIC_REPRESENTATION_CONTEXT() REPRESENTATION_CONTEXT('2D SPACE',''
  ) );
#5384 = PCURVE('',#1603,#5385);
#5385 = DEFINITIONAL_REPRESENTATION('',(#5386),#5390);
#5386 = LINE('',#5387,#5388);
#5387 = CARTESIAN_POINT('',(0.599501113829,0.472944942388));
#5388 = VECTOR('',#5389,1.);
#5389 = DIRECTION('',(-0.,-1.));
#5390 = ( GEOMETRIC_REPRESENTATION_CONTEXT(2) 
PARAMETRIC_REPRESENTATION_CONTEXT() REPRESENTATION_CONTEXT('2D SPACE',''
  ) );
#5391 = ORIENTED_EDGE('',*,*,#1559,.F.);
#5392 = ORIENTED_EDGE('',*,*,#5393,.F.);
#5393 = EDGE_CURVE('',#5370,#1532,#5394,.T.);
#5394 = SURFACE_CURVE('',#5395,(#5399,#5406),.PCURVE_S1.);
#5395 = LINE('',#5396,#5397);
#5396 = CARTESIAN_POINT('',(-162.545,25.959397873048,25.663443504214));
#5397 = VECTOR('',#5398,1.);
#5398 = DIRECTION('',(0.593796375622,0.656212795465,-0.465607808533));
#5399 = PCURVE('',#1575,#5400);
#5400 = DEFINITIONAL_REPRESENTATION('',(#5401),#5405);
#5401 = LINE('',#5402,#5403);
#5402 = CARTESIAN_POINT('',(-0.601968217911,-0.861053267028));
#5403 = VECTOR('',#5404,1.);
#5404 = DIRECTION('',(0.804615351766,0.593796375622));
#5405 = ( GEOMETRIC_REPRESENTATION_CONTEXT(2) 
PARAMETRIC_REPRESENTATION_CONTEXT() REPRESENTATION_CONTEXT('2D SPACE',''
  ) );
#5406 = PCURVE('',#5407,#5412);
#5407 = PLANE('',#5408);
#5408 = AXIS2_PLACEMENT_3D('',#5409,#5410,#5411);
#5409 = CARTESIAN_POINT('',(-162.1932284535,27.802101168414,
    27.21081490255));
#5410 = DIRECTION('',(-0.804168352357,0.464721883442,-0.370603335276));
#5411 = DIRECTION('',(-0.500351277364,-0.865822498691,
    -2.775557561563E-17));
#5412 = DEFINITIONAL_REPRESENTATION('',(#5413),#5417);
#5413 = LINE('',#5414,#5415);
#5414 = CARTESIAN_POINT('',(1.771463314145,-1.666005590228));
#5415 = VECTOR('',#5416,1.);
#5416 = DIRECTION('',(-0.865270577279,-0.501305124745));
#5417 = ( GEOMETRIC_REPRESENTATION_CONTEXT(2) 
PARAMETRIC_REPRESENTATION_CONTEXT() REPRESENTATION_CONTEXT('2D SPACE',''
  ) );
#5418 = ADVANCED_FACE('',(#5419),#1967,.T.);
#5419 = FACE_BOUND('',#5420,.F.);
#5420 = EDGE_LOOP('',(#5421,#5422,#5423));
#5421 = ORIENTED_EDGE('',*,*,#5345,.F.);
#5422 = ORIENTED_EDGE('',*,*,#1951,.F.);
#5423 = ORIENTED_EDGE('',*,*,#5424,.F.);
#5424 = EDGE_CURVE('',#5317,#1924,#5425,.T.);
#5425 = SURFACE_CURVE('',#5426,(#5430,#5437),.PCURVE_S1.);
#5426 = LINE('',#5427,#5428);
#5427 = CARTESIAN_POINT('',(-162.545,23.663443504214,46.040602126952));
#5428 = VECTOR('',#5429,1.);
#5429 = DIRECTION('',(0.593796375622,-0.465607808533,-0.656212795465));
#5430 = PCURVE('',#1967,#5431);
#5431 = DEFINITIONAL_REPRESENTATION('',(#5432),#5436);
#5432 = LINE('',#5433,#5434);
#5433 = CARTESIAN_POINT('',(0.601968217911,0.861053267028));
#5434 = VECTOR('',#5435,1.);
#5435 = DIRECTION('',(-0.804615351766,-0.593796375622));
#5436 = ( GEOMETRIC_REPRESENTATION_CONTEXT(2) 
PARAMETRIC_REPRESENTATION_CONTEXT() REPRESENTATION_CONTEXT('2D SPACE',''
  ) );
#5437 = PCURVE('',#5438,#5443);
#5438 = PLANE('',#5439);
#5439 = AXIS2_PLACEMENT_3D('',#5440,#5441,#5442);
#5440 = CARTESIAN_POINT('',(-162.1932284535,25.21081490255,
    44.197898831586));
#5441 = DIRECTION('',(-0.804168352357,-0.370603335276,-0.464721883442));
#5442 = DIRECTION('',(0.500351277364,0.,-0.865822498691));
#5443 = DEFINITIONAL_REPRESENTATION('',(#5444),#5448);
#5444 = LINE('',#5445,#5446);
#5445 = CARTESIAN_POINT('',(-1.771463314145,1.666005590228));
#5446 = VECTOR('',#5447,1.);
#5447 = DIRECTION('',(0.865270577279,0.501305124745));
#5448 = ( GEOMETRIC_REPRESENTATION_CONTEXT(2) 
PARAMETRIC_REPRESENTATION_CONTEXT() REPRESENTATION_CONTEXT('2D SPACE',''
  ) );
#5449 = ADVANCED_FACE('',(#5450),#1603,.T.);
#5450 = FACE_BOUND('',#5451,.F.);
#5451 = EDGE_LOOP('',(#5452,#5478,#5479));
#5452 = ORIENTED_EDGE('',*,*,#5453,.F.);
#5453 = EDGE_CURVE('',#1588,#5370,#5454,.T.);
#5454 = SURFACE_CURVE('',#5455,(#5459,#5466),.PCURVE_S1.);
#5455 = LINE('',#5456,#5457);
#5456 = CARTESIAN_POINT('',(-161.345,24.746951672795,26.746951672795));
#5457 = VECTOR('',#5458,1.);
#5458 = DIRECTION('',(-0.593796375622,0.599955132789,-0.536152686217));
#5459 = PCURVE('',#1603,#5460);
#5460 = DEFINITIONAL_REPRESENTATION('',(#5461),#5465);
#5461 = LINE('',#5462,#5463);
#5462 = CARTESIAN_POINT('',(-1.02654185605,0.372944942388));
#5463 = VECTOR('',#5464,1.);
#5464 = DIRECTION('',(0.804615351766,-0.593796375622));
#5465 = ( GEOMETRIC_REPRESENTATION_CONTEXT(2) 
PARAMETRIC_REPRESENTATION_CONTEXT() REPRESENTATION_CONTEXT('2D SPACE',''
  ) );
#5466 = PCURVE('',#5467,#5472);
#5467 = PLANE('',#5468);
#5468 = AXIS2_PLACEMENT_3D('',#5469,#5470,#5471);
#5469 = CARTESIAN_POINT('',(-161.6967715464,26.751319064563,
    28.078276215482));
#5470 = DIRECTION('',(-0.804168352357,-0.420305401504,0.420305401504));
#5471 = DIRECTION('',(-0.463206318762,0.,-0.886250476028));
#5472 = DEFINITIONAL_REPRESENTATION('',(#5473),#5477);
#5473 = LINE('',#5474,#5475);
#5474 = CARTESIAN_POINT('',(1.016944206629,2.208954816341));
#5475 = VECTOR('',#5476,1.);
#5476 = DIRECTION('',(0.750215806629,-0.66119304555));
#5477 = ( GEOMETRIC_REPRESENTATION_CONTEXT(2) 
PARAMETRIC_REPRESENTATION_CONTEXT() REPRESENTATION_CONTEXT('2D SPACE',''
  ) );
#5478 = ORIENTED_EDGE('',*,*,#1587,.T.);
#5479 = ORIENTED_EDGE('',*,*,#5369,.T.);
#5480 = ADVANCED_FACE('',(#5481),#1939,.T.);
#5481 = FACE_BOUND('',#5482,.F.);
#5482 = EDGE_LOOP('',(#5483,#5511,#5512));
#5483 = ORIENTED_EDGE('',*,*,#5484,.F.);
#5484 = EDGE_CURVE('',#1924,#5485,#5487,.T.);
#5485 = VERTEX_POINT('',#5486);
#5486 = CARTESIAN_POINT('',(-162.545,21.935951415415,43.291314217205));
#5487 = SURFACE_CURVE('',#5488,(#5492,#5499),.PCURVE_S1.);
#5488 = LINE('',#5489,#5490);
#5489 = CARTESIAN_POINT('',(-161.345,22.72249911119,44.714465109472));
#5490 = VECTOR('',#5491,1.);
#5491 = DIRECTION('',(-0.593796375622,-0.389207642504,-0.704218201493));
#5492 = PCURVE('',#1939,#5493);
#5493 = DEFINITIONAL_REPRESENTATION('',(#5494),#5498);
#5494 = LINE('',#5495,#5496);
#5495 = CARTESIAN_POINT('',(1.02654185605,-0.372944942388));
#5496 = VECTOR('',#5497,1.);
#5497 = DIRECTION('',(-0.804615351766,0.593796375622));
#5498 = ( GEOMETRIC_REPRESENTATION_CONTEXT(2) 
PARAMETRIC_REPRESENTATION_CONTEXT() REPRESENTATION_CONTEXT('2D SPACE',''
  ) );
#5499 = PCURVE('',#5500,#5505);
#5500 = PLANE('',#5501);
#5501 = AXIS2_PLACEMENT_3D('',#5502,#5503,#5504);
#5502 = CARTESIAN_POINT('',(-161.6967715464,24.466458272036,
    43.056598973609));
#5503 = DIRECTION('',(-0.804168352357,0.316240717078,0.503294218057));
#5504 = DIRECTION('',(-0.53052110163,0.,-0.847671729342));
#5505 = DEFINITIONAL_REPRESENTATION('',(#5506),#5510);
#5506 = LINE('',#5507,#5508);
#5507 = CARTESIAN_POINT('',(-1.591948482748,1.838302730322));
#5508 = VECTOR('',#5509,1.);
#5509 = DIRECTION('',(0.911967368033,0.410262744645));
#5510 = ( GEOMETRIC_REPRESENTATION_CONTEXT(2) 
PARAMETRIC_REPRESENTATION_CONTEXT() REPRESENTATION_CONTEXT('2D SPACE',''
  ) );
#5511 = ORIENTED_EDGE('',*,*,#1923,.T.);
#5512 = ORIENTED_EDGE('',*,*,#5513,.T.);
#5513 = EDGE_CURVE('',#1896,#5485,#5514,.T.);
#5514 = SURFACE_CURVE('',#5515,(#5519,#5526),.PCURVE_S1.);
#5515 = LINE('',#5516,#5517);
#5516 = CARTESIAN_POINT('',(-161.245,21.935951415415,43.291314217205));
#5517 = VECTOR('',#5518,1.);
#5518 = DIRECTION('',(-1.,-0.,-0.));
#5519 = PCURVE('',#1939,#5520);
#5520 = DEFINITIONAL_REPRESENTATION('',(#5521),#5525);
#5521 = LINE('',#5522,#5523);
#5522 = CARTESIAN_POINT('',(-0.599501113829,-0.472944942388));
#5523 = VECTOR('',#5524,1.);
#5524 = DIRECTION('',(-0.,1.));
#5525 = ( GEOMETRIC_REPRESENTATION_CONTEXT(2) 
PARAMETRIC_REPRESENTATION_CONTEXT() REPRESENTATION_CONTEXT('2D SPACE',''
  ) );
#5526 = PCURVE('',#1911,#5527);
#5527 = DEFINITIONAL_REPRESENTATION('',(#5528),#5532);
#5528 = LINE('',#5529,#5530);
#5529 = CARTESIAN_POINT('',(0.601968217911,-0.438946732972));
#5530 = VECTOR('',#5531,1.);
#5531 = DIRECTION('',(-0.,1.));
#5532 = ( GEOMETRIC_REPRESENTATION_CONTEXT(2) 
PARAMETRIC_REPRESENTATION_CONTEXT() REPRESENTATION_CONTEXT('2D SPACE',''
  ) );
#5533 = ADVANCED_FACE('',(#5534),#1631,.T.);
#5534 = FACE_BOUND('',#5535,.F.);
#5535 = EDGE_LOOP('',(#5536,#5559,#5560));
#5536 = ORIENTED_EDGE('',*,*,#5537,.F.);
#5537 = EDGE_CURVE('',#1616,#5538,#5540,.T.);
#5538 = VERTEX_POINT('',#5539);
#5539 = CARTESIAN_POINT('',(-162.545,23.663443504214,27.959397873048));
#5540 = SURFACE_CURVE('',#5541,(#5545,#5552),.PCURVE_S1.);
#5541 = LINE('',#5542,#5543);
#5542 = CARTESIAN_POINT('',(-161.245,23.663443504214,27.959397873048));
#5543 = VECTOR('',#5544,1.);
#5544 = DIRECTION('',(-1.,-0.,-0.));
#5545 = PCURVE('',#1631,#5546);
#5546 = DEFINITIONAL_REPRESENTATION('',(#5547),#5551);
#5547 = LINE('',#5548,#5549);
#5548 = CARTESIAN_POINT('',(0.601968217911,-0.438946732972));
#5549 = VECTOR('',#5550,1.);
#5550 = DIRECTION('',(-0.,1.));
#5551 = ( GEOMETRIC_REPRESENTATION_CONTEXT(2) 
PARAMETRIC_REPRESENTATION_CONTEXT() REPRESENTATION_CONTEXT('2D SPACE',''
  ) );
#5552 = PCURVE('',#1659,#5553);
#5553 = DEFINITIONAL_REPRESENTATION('',(#5554),#5558);
#5554 = LINE('',#5555,#5556);
#5555 = CARTESIAN_POINT('',(-0.599501113829,-0.472944942388));
#5556 = VECTOR('',#5557,1.);
#5557 = DIRECTION('',(-0.,1.));
#5558 = ( GEOMETRIC_REPRESENTATION_CONTEXT(2) 
PARAMETRIC_REPRESENTATION_CONTEXT() REPRESENTATION_CONTEXT('2D SPACE',''
  ) );
#5559 = ORIENTED_EDGE('',*,*,#1615,.F.);
#5560 = ORIENTED_EDGE('',*,*,#5561,.F.);
#5561 = EDGE_CURVE('',#5538,#1588,#5562,.T.);
#5562 = SURFACE_CURVE('',#5563,(#5567,#5574),.PCURVE_S1.);
#5563 = LINE('',#5564,#5565);
#5564 = CARTESIAN_POINT('',(-162.545,23.663443504214,27.959397873048));
#5565 = VECTOR('',#5566,1.);
#5566 = DIRECTION('',(0.593796375622,0.536152686217,-0.599955132789));
#5567 = PCURVE('',#1631,#5568);
#5568 = DEFINITIONAL_REPRESENTATION('',(#5569),#5573);
#5569 = LINE('',#5570,#5571);
#5570 = CARTESIAN_POINT('',(0.601968217911,0.861053267028));
#5571 = VECTOR('',#5572,1.);
#5572 = DIRECTION('',(-0.804615351766,-0.593796375622));
#5573 = ( GEOMETRIC_REPRESENTATION_CONTEXT(2) 
PARAMETRIC_REPRESENTATION_CONTEXT() REPRESENTATION_CONTEXT('2D SPACE',''
  ) );
#5574 = PCURVE('',#5575,#5580);
#5575 = PLANE('',#5576);
#5576 = AXIS2_PLACEMENT_3D('',#5577,#5578,#5579);
#5577 = CARTESIAN_POINT('',(-162.1932284535,25.80426890947,
    29.057933381509));
#5578 = DIRECTION('',(-0.804168352357,0.370603335276,-0.464721883442));
#5579 = DIRECTION('',(0.500351277364,-2.775557561563E-17,-0.865822498691
    ));
#5580 = DEFINITIONAL_REPRESENTATION('',(#5581),#5585);
#5581 = LINE('',#5582,#5583);
#5582 = CARTESIAN_POINT('',(0.775127416232,2.304958652262));
#5583 = VECTOR('',#5584,1.);
#5584 = DIRECTION('',(0.816561427211,-0.577258551769));
#5585 = ( GEOMETRIC_REPRESENTATION_CONTEXT(2) 
PARAMETRIC_REPRESENTATION_CONTEXT() REPRESENTATION_CONTEXT('2D SPACE',''
  ) );
#5586 = ADVANCED_FACE('',(#5587),#1911,.T.);
#5587 = FACE_BOUND('',#5588,.F.);
#5588 = EDGE_LOOP('',(#5589,#5590,#5591));
#5589 = ORIENTED_EDGE('',*,*,#5513,.F.);
#5590 = ORIENTED_EDGE('',*,*,#1895,.F.);
#5591 = ORIENTED_EDGE('',*,*,#5592,.F.);
#5592 = EDGE_CURVE('',#5485,#1868,#5593,.T.);
#5593 = SURFACE_CURVE('',#5594,(#5598,#5605),.PCURVE_S1.);
#5594 = LINE('',#5595,#5596);
#5595 = CARTESIAN_POINT('',(-162.545,21.935951415415,43.291314217205));
#5596 = VECTOR('',#5597,1.);
#5597 = DIRECTION('',(0.593796375622,-0.307912964548,-0.743367655041));
#5598 = PCURVE('',#1911,#5599);
#5599 = DEFINITIONAL_REPRESENTATION('',(#5600),#5604);
#5600 = LINE('',#5601,#5602);
#5601 = CARTESIAN_POINT('',(0.601968217911,0.861053267028));
#5602 = VECTOR('',#5603,1.);
#5603 = DIRECTION('',(-0.804615351766,-0.593796375622));
#5604 = ( GEOMETRIC_REPRESENTATION_CONTEXT(2) 
PARAMETRIC_REPRESENTATION_CONTEXT() REPRESENTATION_CONTEXT('2D SPACE',''
  ) );
#5605 = PCURVE('',#5606,#5611);
#5606 = PLANE('',#5607);
#5607 = AXIS2_PLACEMENT_3D('',#5608,#5609,#5610);
#5608 = CARTESIAN_POINT('',(-162.1932284535,23.854567040454,
    41.839133869418));
#5609 = DIRECTION('',(-0.804168352357,-0.257901188375,-0.535537335862));
#5610 = DIRECTION('',(0.554288185732,1.387778780781E-17,-0.832324820703)
  );
#5611 = DEFINITIONAL_REPRESENTATION('',(#5612),#5616);
#5612 = LINE('',#5613,#5614);
#5613 = CARTESIAN_POINT('',(-1.403668559872,1.985792404573));
#5614 = VECTOR('',#5615,1.);
#5615 = DIRECTION('',(0.947857665936,0.318693967822));
#5616 = ( GEOMETRIC_REPRESENTATION_CONTEXT(2) 
PARAMETRIC_REPRESENTATION_CONTEXT() REPRESENTATION_CONTEXT('2D SPACE',''
  ) );
#5617 = ADVANCED_FACE('',(#5618),#1659,.T.);
#5618 = FACE_BOUND('',#5619,.F.);
#5619 = EDGE_LOOP('',(#5620,#5646,#5647));
#5620 = ORIENTED_EDGE('',*,*,#5621,.F.);
#5621 = EDGE_CURVE('',#1644,#5538,#5622,.T.);
#5622 = SURFACE_CURVE('',#5623,(#5627,#5634),.PCURVE_S1.);
#5623 = LINE('',#5624,#5625);
#5624 = CARTESIAN_POINT('',(-161.345,22.72249911119,29.285534890528));
#5625 = VECTOR('',#5626,1.);
#5626 = DIRECTION('',(-0.593796375622,0.465607808533,-0.656212795465));
#5627 = PCURVE('',#1659,#5628);
#5628 = DEFINITIONAL_REPRESENTATION('',(#5629),#5633);
#5629 = LINE('',#5630,#5631);
#5630 = CARTESIAN_POINT('',(1.02654185605,-0.372944942388));
#5631 = VECTOR('',#5632,1.);
#5632 = DIRECTION('',(-0.804615351766,0.593796375622));
#5633 = ( GEOMETRIC_REPRESENTATION_CONTEXT(2) 
PARAMETRIC_REPRESENTATION_CONTEXT() REPRESENTATION_CONTEXT('2D SPACE',''
  ) );
#5634 = PCURVE('',#5635,#5640);
#5635 = PLANE('',#5636);
#5636 = AXIS2_PLACEMENT_3D('',#5637,#5638,#5639);
#5637 = CARTESIAN_POINT('',(-161.6967715464,24.972860408329,
    30.137466643358));
#5638 = DIRECTION('',(-0.804168352357,-0.316240717078,0.503294218057));
#5639 = DIRECTION('',(-0.53052110163,0.,-0.847671729342));
#5640 = DEFINITIONAL_REPRESENTATION('',(#5641),#5645);
#5641 = LINE('',#5642,#5643);
#5642 = CARTESIAN_POINT('',(0.535536233861,2.372099880328));
#5643 = VECTOR('',#5644,1.);
#5644 = DIRECTION('',(0.871274542486,-0.490795957211));
#5645 = ( GEOMETRIC_REPRESENTATION_CONTEXT(2) 
PARAMETRIC_REPRESENTATION_CONTEXT() REPRESENTATION_CONTEXT('2D SPACE',''
  ) );
#5646 = ORIENTED_EDGE('',*,*,#1643,.T.);
#5647 = ORIENTED_EDGE('',*,*,#5537,.T.);
#5648 = ADVANCED_FACE('',(#5649),#1883,.T.);
#5649 = FACE_BOUND('',#5650,.F.);
#5650 = EDGE_LOOP('',(#5651,#5679,#5680));
#5651 = ORIENTED_EDGE('',*,*,#5652,.F.);
#5652 = EDGE_CURVE('',#1868,#5653,#5655,.T.);
#5653 = VERTEX_POINT('',#5654);
#5654 = CARTESIAN_POINT('',(-162.545,20.863545273364,40.226553542367));
#5655 = SURFACE_CURVE('',#5656,(#5660,#5667),.PCURVE_S1.);
#5656 = LINE('',#5657,#5658);
#5657 = CARTESIAN_POINT('',(-161.345,21.313691710529,41.78904639835));
#5658 = VECTOR('',#5659,1.);
#5659 = DIRECTION('',(-0.593796375622,-0.222746102407,-0.773168829015));
#5660 = PCURVE('',#1883,#5661);
#5661 = DEFINITIONAL_REPRESENTATION('',(#5662),#5666);
#5662 = LINE('',#5663,#5664);
#5663 = CARTESIAN_POINT('',(1.02654185605,-0.372944942388));
#5664 = VECTOR('',#5665,1.);
#5665 = DIRECTION('',(-0.804615351766,0.593796375622));
#5666 = ( GEOMETRIC_REPRESENTATION_CONTEXT(2) 
PARAMETRIC_REPRESENTATION_CONTEXT() REPRESENTATION_CONTEXT('2D SPACE',''
  ) );
#5667 = PCURVE('',#5668,#5673);
#5668 = PLANE('',#5669);
#5669 = AXIS2_PLACEMENT_3D('',#5670,#5671,#5672);
#5670 = CARTESIAN_POINT('',(-161.6967715464,23.38283609507,
    40.560813849089));
#5671 = DIRECTION('',(-0.804168352357,0.196318402591,0.561045760943));
#5672 = DIRECTION('',(-0.572180274357,2.775557561563E-17,-0.820127876393
    ));
#5673 = DEFINITIONAL_REPRESENTATION('',(#5674),#5678);
#5674 = LINE('',#5675,#5676);
#5675 = CARTESIAN_POINT('',(-1.208584492299,2.110208621204));
#5676 = VECTOR('',#5677,1.);
#5677 = DIRECTION('',(0.973855882949,0.227166721254));
#5678 = ( GEOMETRIC_REPRESENTATION_CONTEXT(2) 
PARAMETRIC_REPRESENTATION_CONTEXT() REPRESENTATION_CONTEXT('2D SPACE',''
  ) );
#5679 = ORIENTED_EDGE('',*,*,#1867,.T.);
#5680 = ORIENTED_EDGE('',*,*,#5681,.T.);
#5681 = EDGE_CURVE('',#1840,#5653,#5682,.T.);
#5682 = SURFACE_CURVE('',#5683,(#5687,#5694),.PCURVE_S1.);
#5683 = LINE('',#5684,#5685);
#5684 = CARTESIAN_POINT('',(-161.245,20.863545273364,40.226553542367));
#5685 = VECTOR('',#5686,1.);
#5686 = DIRECTION('',(-1.,-0.,-0.));
#5687 = PCURVE('',#1883,#5688);
#5688 = DEFINITIONAL_REPRESENTATION('',(#5689),#5693);
#5689 = LINE('',#5690,#5691);
#5690 = CARTESIAN_POINT('',(-0.599501113829,-0.472944942388));
#5691 = VECTOR('',#5692,1.);
#5692 = DIRECTION('',(-0.,1.));
#5693 = ( GEOMETRIC_REPRESENTATION_CONTEXT(2) 
PARAMETRIC_REPRESENTATION_CONTEXT() REPRESENTATION_CONTEXT('2D SPACE',''
  ) );
#5694 = PCURVE('',#1855,#5695);
#5695 = DEFINITIONAL_REPRESENTATION('',(#5696),#5700);
#5696 = LINE('',#5697,#5698);
#5697 = CARTESIAN_POINT('',(0.601968217911,-0.438946732972));
#5698 = VECTOR('',#5699,1.);
#5699 = DIRECTION('',(-0.,1.));
#5700 = ( GEOMETRIC_REPRESENTATION_CONTEXT(2) 
PARAMETRIC_REPRESENTATION_CONTEXT() REPRESENTATION_CONTEXT('2D SPACE',''
  ) );
#5701 = ADVANCED_FACE('',(#5702),#1687,.T.);
#5702 = FACE_BOUND('',#5703,.F.);
#5703 = EDGE_LOOP('',(#5704,#5727,#5728));
#5704 = ORIENTED_EDGE('',*,*,#5705,.F.);
#5705 = EDGE_CURVE('',#1672,#5706,#5708,.T.);
#5706 = VERTEX_POINT('',#5707);
#5707 = CARTESIAN_POINT('',(-162.545,21.935951415415,30.708685782795));
#5708 = SURFACE_CURVE('',#5709,(#5713,#5720),.PCURVE_S1.);
#5709 = LINE('',#5710,#5711);
#5710 = CARTESIAN_POINT('',(-161.245,21.935951415415,30.708685782795));
#5711 = VECTOR('',#5712,1.);
#5712 = DIRECTION('',(-1.,-0.,-0.));
#5713 = PCURVE('',#1687,#5714);
#5714 = DEFINITIONAL_REPRESENTATION('',(#5715),#5719);
#5715 = LINE('',#5716,#5717);
#5716 = CARTESIAN_POINT('',(0.601968217911,-0.438946732972));
#5717 = VECTOR('',#5718,1.);
#5718 = DIRECTION('',(-0.,1.));
#5719 = ( GEOMETRIC_REPRESENTATION_CONTEXT(2) 
PARAMETRIC_REPRESENTATION_CONTEXT() REPRESENTATION_CONTEXT('2D SPACE',''
  ) );
#5720 = PCURVE('',#1715,#5721);
#5721 = DEFINITIONAL_REPRESENTATION('',(#5722),#5726);
#5722 = LINE('',#5723,#5724);
#5723 = CARTESIAN_POINT('',(-0.599501113829,-0.472944942388));
#5724 = VECTOR('',#5725,1.);
#5725 = DIRECTION('',(-0.,1.));
#5726 = ( GEOMETRIC_REPRESENTATION_CONTEXT(2) 
PARAMETRIC_REPRESENTATION_CONTEXT() REPRESENTATION_CONTEXT('2D SPACE',''
  ) );
#5727 = ORIENTED_EDGE('',*,*,#1671,.F.);
#5728 = ORIENTED_EDGE('',*,*,#5729,.F.);
#5729 = EDGE_CURVE('',#5706,#1644,#5730,.T.);
#5730 = SURFACE_CURVE('',#5731,(#5735,#5742),.PCURVE_S1.);
#5731 = LINE('',#5732,#5733);
#5732 = CARTESIAN_POINT('',(-162.545,21.935951415415,30.708685782795));
#5733 = VECTOR('',#5734,1.);
#5734 = DIRECTION('',(0.593796375622,0.389207642504,-0.704218201493));
#5735 = PCURVE('',#1687,#5736);
#5736 = DEFINITIONAL_REPRESENTATION('',(#5737),#5741);
#5737 = LINE('',#5738,#5739);
#5738 = CARTESIAN_POINT('',(0.601968217911,0.861053267028));
#5739 = VECTOR('',#5740,1.);
#5740 = DIRECTION('',(-0.804615351766,-0.593796375622));
#5741 = ( GEOMETRIC_REPRESENTATION_CONTEXT(2) 
PARAMETRIC_REPRESENTATION_CONTEXT() REPRESENTATION_CONTEXT('2D SPACE',''
  ) );
#5742 = PCURVE('',#5743,#5748);
#5743 = PLANE('',#5744);
#5744 = AXIS2_PLACEMENT_3D('',#5745,#5746,#5747);
#5745 = CARTESIAN_POINT('',(-162.1932284535,24.267549005434,
    31.303300243902));
#5746 = DIRECTION('',(-0.804168352357,0.257901188375,-0.535537335862));
#5747 = DIRECTION('',(0.554288185732,-2.775557561563E-17,-0.832324820703
    ));
#5748 = DEFINITIONAL_REPRESENTATION('',(#5749),#5753);
#5749 = LINE('',#5750,#5751);
#5750 = CARTESIAN_POINT('',(0.299929562456,2.413234169656));
#5751 = VECTOR('',#5752,1.);
#5752 = DIRECTION('',(0.915272604031,-0.402835028653));
#5753 = ( GEOMETRIC_REPRESENTATION_CONTEXT(2) 
PARAMETRIC_REPRESENTATION_CONTEXT() REPRESENTATION_CONTEXT('2D SPACE',''
  ) );
#5754 = ADVANCED_FACE('',(#5755),#1855,.T.);
#5755 = FACE_BOUND('',#5756,.F.);
#5756 = EDGE_LOOP('',(#5757,#5758,#5759));
#5757 = ORIENTED_EDGE('',*,*,#5681,.F.);
#5758 = ORIENTED_EDGE('',*,*,#1839,.F.);
#5759 = ORIENTED_EDGE('',*,*,#5760,.F.);
#5760 = EDGE_CURVE('',#5653,#1812,#5761,.T.);
#5761 = SURFACE_CURVE('',#5762,(#5766,#5773),.PCURVE_S1.);
#5762 = LINE('',#5763,#5764);
#5763 = CARTESIAN_POINT('',(-162.545,20.863545273364,40.226553542367));
#5764 = VECTOR('',#5765,1.);
#5765 = DIRECTION('',(0.593796375622,-0.134778078787,-0.793246956361));
#5766 = PCURVE('',#1855,#5767);
#5767 = DEFINITIONAL_REPRESENTATION('',(#5768),#5772);
#5768 = LINE('',#5769,#5770);
#5769 = CARTESIAN_POINT('',(0.601968217911,0.861053267028));
#5770 = VECTOR('',#5771,1.);
#5771 = DIRECTION('',(-0.804615351766,-0.593796375622));
#5772 = ( GEOMETRIC_REPRESENTATION_CONTEXT(2) 
PARAMETRIC_REPRESENTATION_CONTEXT() REPRESENTATION_CONTEXT('2D SPACE',''
  ) );
#5773 = PCURVE('',#5774,#5779);
#5774 = PLANE('',#5775);
#5775 = AXIS2_PLACEMENT_3D('',#5776,#5777,#5778);
#5776 = CARTESIAN_POINT('',(-162.1932284535,23.057197726225,
    39.237714528575));
#5777 = DIRECTION('',(-0.804168352357,-0.132266798987,-0.579498710053));
#5778 = DIRECTION('',(0.584635226655,0.,-0.811296278651));
#5779 = DEFINITIONAL_REPRESENTATION('',(#5780),#5784);
#5780 = LINE('',#5781,#5782);
#5781 = CARTESIAN_POINT('',(-1.007899449863,2.213096382673));
#5782 = VECTOR('',#5783,1.);
#5783 = DIRECTION('',(0.990712582396,0.135972714474));
#5784 = ( GEOMETRIC_REPRESENTATION_CONTEXT(2) 
PARAMETRIC_REPRESENTATION_CONTEXT() REPRESENTATION_CONTEXT('2D SPACE',''
  ) );
#5785 = ADVANCED_FACE('',(#5786),#1715,.T.);
#5786 = FACE_BOUND('',#5787,.F.);
#5787 = EDGE_LOOP('',(#5788,#5814,#5815));
#5788 = ORIENTED_EDGE('',*,*,#5789,.F.);
#5789 = EDGE_CURVE('',#1700,#5706,#5790,.T.);
#5790 = SURFACE_CURVE('',#5791,(#5795,#5802),.PCURVE_S1.);
#5791 = LINE('',#5792,#5793);
#5792 = CARTESIAN_POINT('',(-161.345,21.313691710529,32.21095360165));
#5793 = VECTOR('',#5794,1.);
#5794 = DIRECTION('',(-0.593796375622,0.307912964548,-0.743367655041));
#5795 = PCURVE('',#1715,#5796);
#5796 = DEFINITIONAL_REPRESENTATION('',(#5797),#5801);
#5797 = LINE('',#5798,#5799);
#5798 = CARTESIAN_POINT('',(1.02654185605,-0.372944942388));
#5799 = VECTOR('',#5800,1.);
#5800 = DIRECTION('',(-0.804615351766,0.593796375622));
#5801 = ( GEOMETRIC_REPRESENTATION_CONTEXT(2) 
PARAMETRIC_REPRESENTATION_CONTEXT() REPRESENTATION_CONTEXT('2D SPACE',''
  ) );
#5802 = PCURVE('',#5803,#5808);
#5803 = PLANE('',#5804);
#5804 = AXIS2_PLACEMENT_3D('',#5805,#5806,#5807);
#5805 = CARTESIAN_POINT('',(-161.6967715464,23.69720440091,
    32.54077314918));
#5806 = DIRECTION('',(-0.804168352357,-0.196318402591,0.561045760943));
#5807 = DIRECTION('',(-0.572180274357,0.,-0.820127876393));
#5808 = DEFINITIONAL_REPRESENTATION('',(#5809),#5813);
#5809 = LINE('',#5810,#5811);
#5810 = CARTESIAN_POINT('',(6.921746515184E-02,2.430815880018));
#5811 = VECTOR('',#5812,1.);
#5812 = DIRECTION('',(0.949415109424,-0.314023804827));
#5813 = ( GEOMETRIC_REPRESENTATION_CONTEXT(2) 
PARAMETRIC_REPRESENTATION_CONTEXT() REPRESENTATION_CONTEXT('2D SPACE',''
  ) );
#5814 = ORIENTED_EDGE('',*,*,#1699,.T.);
#5815 = ORIENTED_EDGE('',*,*,#5705,.T.);
#5816 = ADVANCED_FACE('',(#5817),#1827,.T.);
#5817 = FACE_BOUND('',#5818,.F.);
#5818 = EDGE_LOOP('',(#5819,#5847,#5848));
#5819 = ORIENTED_EDGE('',*,*,#5820,.F.);
#5820 = EDGE_CURVE('',#1812,#5821,#5823,.T.);
#5821 = VERTEX_POINT('',#5822);
#5822 = CARTESIAN_POINT('',(-162.545,20.5,37.));
#5823 = SURFACE_CURVE('',#5824,(#5828,#5835),.PCURVE_S1.);
#5824 = LINE('',#5825,#5826);
#5825 = CARTESIAN_POINT('',(-161.345,20.591172956548,38.623484903498));
#5826 = VECTOR('',#5827,1.);
#5827 = DIRECTION('',(-0.593796375622,-4.511514262745E-02,
    -0.803349542979));
#5828 = PCURVE('',#1827,#5829);
#5829 = DEFINITIONAL_REPRESENTATION('',(#5830),#5834);
#5830 = LINE('',#5831,#5832);
#5831 = CARTESIAN_POINT('',(1.02654185605,-0.372944942388));
#5832 = VECTOR('',#5833,1.);
#5833 = DIRECTION('',(-0.804615351766,0.593796375622));
#5834 = ( GEOMETRIC_REPRESENTATION_CONTEXT(2) 
PARAMETRIC_REPRESENTATION_CONTEXT() REPRESENTATION_CONTEXT('2D SPACE',''
  ) );
#5835 = PCURVE('',#5836,#5841);
#5836 = PLANE('',#5837);
#5837 = AXIS2_PLACEMENT_3D('',#5838,#5839,#5840);
#5838 = CARTESIAN_POINT('',(-161.6967715464,22.881747025348,
    37.886474649512));
#5839 = DIRECTION('',(-0.804168352357,6.655186364335E-02,0.590664126651)
  );
#5840 = DIRECTION('',(-0.591976558154,0.,-0.805955181506));
#5841 = DEFINITIONAL_REPRESENTATION('',(#5842),#5846);
#5842 = LINE('',#5843,#5844);
#5843 = CARTESIAN_POINT('',(-0.802237742345,2.295663630584));
#5844 = VECTOR('',#5845,1.);
#5845 = DIRECTION('',(0.998977261409,4.521538662695E-02));
#5846 = ( GEOMETRIC_REPRESENTATION_CONTEXT(2) 
PARAMETRIC_REPRESENTATION_CONTEXT() REPRESENTATION_CONTEXT('2D SPACE',''
  ) );
#5847 = ORIENTED_EDGE('',*,*,#1811,.T.);
#5848 = ORIENTED_EDGE('',*,*,#5849,.T.);
#5849 = EDGE_CURVE('',#1784,#5821,#5850,.T.);
#5850 = SURFACE_CURVE('',#5851,(#5855,#5862),.PCURVE_S1.);
#5851 = LINE('',#5852,#5853);
#5852 = CARTESIAN_POINT('',(-161.245,20.5,37.));
#5853 = VECTOR('',#5854,1.);
#5854 = DIRECTION('',(-1.,-0.,-0.));
#5855 = PCURVE('',#1827,#5856);
#5856 = DEFINITIONAL_REPRESENTATION('',(#5857),#5861);
#5857 = LINE('',#5858,#5859);
#5858 = CARTESIAN_POINT('',(-0.599501113829,-0.472944942388));
#5859 = VECTOR('',#5860,1.);
#5860 = DIRECTION('',(-0.,1.));
#5861 = ( GEOMETRIC_REPRESENTATION_CONTEXT(2) 
PARAMETRIC_REPRESENTATION_CONTEXT() REPRESENTATION_CONTEXT('2D SPACE',''
  ) );
#5862 = PCURVE('',#1799,#5863);
#5863 = DEFINITIONAL_REPRESENTATION('',(#5864),#5868);
#5864 = LINE('',#5865,#5866);
#5865 = CARTESIAN_POINT('',(0.601968217911,-0.438946732972));
#5866 = VECTOR('',#5867,1.);
#5867 = DIRECTION('',(-0.,1.));
#5868 = ( GEOMETRIC_REPRESENTATION_CONTEXT(2) 
PARAMETRIC_REPRESENTATION_CONTEXT() REPRESENTATION_CONTEXT('2D SPACE',''
  ) );
#5869 = ADVANCED_FACE('',(#5870),#1743,.T.);
#5870 = FACE_BOUND('',#5871,.F.);
#5871 = EDGE_LOOP('',(#5872,#5895,#5896));
#5872 = ORIENTED_EDGE('',*,*,#5873,.F.);
#5873 = EDGE_CURVE('',#1728,#5874,#5876,.T.);
#5874 = VERTEX_POINT('',#5875);
#5875 = CARTESIAN_POINT('',(-162.545,20.863545273364,33.773446457633));
#5876 = SURFACE_CURVE('',#5877,(#5881,#5888),.PCURVE_S1.);
#5877 = LINE('',#5878,#5879);
#5878 = CARTESIAN_POINT('',(-161.245,20.863545273364,33.773446457633));
#5879 = VECTOR('',#5880,1.);
#5880 = DIRECTION('',(-1.,-0.,-0.));
#5881 = PCURVE('',#1743,#5882);
#5882 = DEFINITIONAL_REPRESENTATION('',(#5883),#5887);
#5883 = LINE('',#5884,#5885);
#5884 = CARTESIAN_POINT('',(0.601968217911,-0.438946732972));
#5885 = VECTOR('',#5886,1.);
#5886 = DIRECTION('',(-0.,1.));
#5887 = ( GEOMETRIC_REPRESENTATION_CONTEXT(2) 
PARAMETRIC_REPRESENTATION_CONTEXT() REPRESENTATION_CONTEXT('2D SPACE',''
  ) );
#5888 = PCURVE('',#1771,#5889);
#5889 = DEFINITIONAL_REPRESENTATION('',(#5890),#5894);
#5890 = LINE('',#5891,#5892);
#5891 = CARTESIAN_POINT('',(-0.599501113829,-0.472944942388));
#5892 = VECTOR('',#5893,1.);
#5893 = DIRECTION('',(-0.,1.));
#5894 = ( GEOMETRIC_REPRESENTATION_CONTEXT(2) 
PARAMETRIC_REPRESENTATION_CONTEXT() REPRESENTATION_CONTEXT('2D SPACE',''
  ) );
#5895 = ORIENTED_EDGE('',*,*,#1727,.F.);
#5896 = ORIENTED_EDGE('',*,*,#5897,.F.);
#5897 = EDGE_CURVE('',#5874,#1700,#5898,.T.);
#5898 = SURFACE_CURVE('',#5899,(#5903,#5910),.PCURVE_S1.);
#5899 = LINE('',#5900,#5901);
#5900 = CARTESIAN_POINT('',(-162.545,20.863545273364,33.773446457633));
#5901 = VECTOR('',#5902,1.);
#5902 = DIRECTION('',(0.593796375622,0.222746102407,-0.773168829015));
#5903 = PCURVE('',#1743,#5904);
#5904 = DEFINITIONAL_REPRESENTATION('',(#5905),#5909);
#5905 = LINE('',#5906,#5907);
#5906 = CARTESIAN_POINT('',(0.601968217911,0.861053267028));
#5907 = VECTOR('',#5908,1.);
#5908 = DIRECTION('',(-0.804615351766,-0.593796375622));
#5909 = ( GEOMETRIC_REPRESENTATION_CONTEXT(2) 
PARAMETRIC_REPRESENTATION_CONTEXT() REPRESENTATION_CONTEXT('2D SPACE',''
  ) );
#5910 = PCURVE('',#5911,#5916);
#5911 = PLANE('',#5912);
#5912 = AXIS2_PLACEMENT_3D('',#5913,#5914,#5915);
#5913 = CARTESIAN_POINT('',(-162.1932284535,23.268999009079,
    33.834323419412));
#5914 = DIRECTION('',(-0.804168352357,0.132266798987,-0.579498710053));
#5915 = DIRECTION('',(0.584635226655,-6.938893903907E-18,-0.811296278651
    ));
#5916 = DEFINITIONAL_REPRESENTATION('',(#5917),#5921);
#5917 = LINE('',#5918,#5919);
#5918 = CARTESIAN_POINT('',(-0.156268785242,2.426775013632));
#5919 = VECTOR('',#5920,1.);
#5920 = DIRECTION('',(0.974423272398,-0.224720462372));
#5921 = ( GEOMETRIC_REPRESENTATION_CONTEXT(2) 
PARAMETRIC_REPRESENTATION_CONTEXT() REPRESENTATION_CONTEXT('2D SPACE',''
  ) );
#5922 = ADVANCED_FACE('',(#5923),#1799,.T.);
#5923 = FACE_BOUND('',#5924,.F.);
#5924 = EDGE_LOOP('',(#5925,#5926,#5927));
#5925 = ORIENTED_EDGE('',*,*,#5849,.F.);
#5926 = ORIENTED_EDGE('',*,*,#1783,.F.);
#5927 = ORIENTED_EDGE('',*,*,#5928,.F.);
#5928 = EDGE_CURVE('',#5821,#1756,#5929,.T.);
#5929 = SURFACE_CURVE('',#5930,(#5934,#5941),.PCURVE_S1.);
#5930 = LINE('',#5931,#5932);
#5931 = CARTESIAN_POINT('',(-162.545,20.5,37.));
#5932 = VECTOR('',#5933,1.);
#5933 = DIRECTION('',(0.593796375622,4.511514262745E-02,-0.803349542979)
  );
#5934 = PCURVE('',#1799,#5935);
#5935 = DEFINITIONAL_REPRESENTATION('',(#5936),#5940);
#5936 = LINE('',#5937,#5938);
#5937 = CARTESIAN_POINT('',(0.601968217911,0.861053267028));
#5938 = VECTOR('',#5939,1.);
#5939 = DIRECTION('',(-0.804615351766,-0.593796375622));
#5940 = ( GEOMETRIC_REPRESENTATION_CONTEXT(2) 
PARAMETRIC_REPRESENTATION_CONTEXT() REPRESENTATION_CONTEXT('2D SPACE',''
  ) );
#5941 = PCURVE('',#5942,#5947);
#5942 = PLANE('',#5943);
#5943 = AXIS2_PLACEMENT_3D('',#5944,#5945,#5946);
#5944 = CARTESIAN_POINT('',(-162.1932284535,22.858690386802,
    36.524086837386));
#5945 = DIRECTION('',(-0.804168352357,-0.,-0.594401599146));
#5946 = DIRECTION('',(0.594401599146,0.,-0.804168352357));
#5947 = DEFINITIONAL_REPRESENTATION('',(#5948),#5952);
#5948 = LINE('',#5949,#5950);
#5949 = CARTESIAN_POINT('',(-0.591807873586,2.358690386802));
#5950 = VECTOR('',#5951,1.);
#5951 = DIRECTION('',(0.998981793581,-4.511514262745E-02));
#5952 = ( GEOMETRIC_REPRESENTATION_CONTEXT(2) 
PARAMETRIC_REPRESENTATION_CONTEXT() REPRESENTATION_CONTEXT('2D SPACE',''
  ) );
#5953 = ADVANCED_FACE('',(#5954),#1771,.T.);
#5954 = FACE_BOUND('',#5955,.F.);
#5955 = EDGE_LOOP('',(#5956,#5982,#5983));
#5956 = ORIENTED_EDGE('',*,*,#5957,.F.);
#5957 = EDGE_CURVE('',#1756,#5874,#5958,.T.);
#5958 = SURFACE_CURVE('',#5959,(#5963,#5970),.PCURVE_S1.);
#5959 = LINE('',#5960,#5961);
#5960 = CARTESIAN_POINT('',(-161.345,20.591172956548,35.376515096502));
#5961 = VECTOR('',#5962,1.);
#5962 = DIRECTION('',(-0.593796375622,0.134778078787,-0.793246956361));
#5963 = PCURVE('',#1771,#5964);
#5964 = DEFINITIONAL_REPRESENTATION('',(#5965),#5969);
#5965 = LINE('',#5966,#5967);
#5966 = CARTESIAN_POINT('',(1.02654185605,-0.372944942388));
#5967 = VECTOR('',#5968,1.);
#5968 = DIRECTION('',(-0.804615351766,0.593796375622));
#5969 = ( GEOMETRIC_REPRESENTATION_CONTEXT(2) 
PARAMETRIC_REPRESENTATION_CONTEXT() REPRESENTATION_CONTEXT('2D SPACE',''
  ) );
#5970 = PCURVE('',#5971,#5976);
#5971 = PLANE('',#5972);
#5972 = AXIS2_PLACEMENT_3D('',#5973,#5974,#5975);
#5973 = CARTESIAN_POINT('',(-161.6967715464,22.988317761194,
    35.167683909412));
#5974 = DIRECTION('',(-0.804168352357,-6.655186364335E-02,0.590664126651
    ));
#5975 = DIRECTION('',(-0.591976558154,0.,-0.805955181506));
#5976 = DEFINITIONAL_REPRESENTATION('',(#5977),#5981);
#5977 = LINE('',#5978,#5979);
#5978 = CARTESIAN_POINT('',(-0.376549086617,2.402471162241));
#5979 = VECTOR('',#5980,1.);
#5980 = DIRECTION('',(0.990835029378,-0.135077550159));
#5981 = ( GEOMETRIC_REPRESENTATION_CONTEXT(2) 
PARAMETRIC_REPRESENTATION_CONTEXT() REPRESENTATION_CONTEXT('2D SPACE',''
  ) );
#5982 = ORIENTED_EDGE('',*,*,#1755,.T.);
#5983 = ORIENTED_EDGE('',*,*,#5873,.T.);
#5984 = ADVANCED_FACE('',(#5985,#6031),#2557,.T.);
#5985 = FACE_BOUND('',#5986,.F.);
#5986 = EDGE_LOOP('',(#5987,#6008,#6009,#6030));
#5987 = ORIENTED_EDGE('',*,*,#5988,.F.);
#5988 = EDGE_CURVE('',#3272,#2540,#5989,.T.);
#5989 = SURFACE_CURVE('',#5990,(#5994,#6001),.PCURVE_S1.);
#5990 = LINE('',#5991,#5992);
#5991 = CARTESIAN_POINT('',(-145.5,16.370251770438,19.193426627878));
#5992 = VECTOR('',#5993,1.);
#5993 = DIRECTION('',(-1.,-0.,0.));
#5994 = PCURVE('',#2557,#5995);
#5995 = DEFINITIONAL_REPRESENTATION('',(#5996),#6000);
#5996 = LINE('',#5997,#5998);
#5997 = CARTESIAN_POINT('',(0.,7.4));
#5998 = VECTOR('',#5999,1.);
#5999 = DIRECTION('',(-1.,0.));
#6000 = ( GEOMETRIC_REPRESENTATION_CONTEXT(2) 
PARAMETRIC_REPRESENTATION_CONTEXT() REPRESENTATION_CONTEXT('2D SPACE',''
  ) );
#6001 = PCURVE('',#2639,#6002);
#6002 = DEFINITIONAL_REPRESENTATION('',(#6003),#6007);
#6003 = LINE('',#6004,#6005);
#6004 = CARTESIAN_POINT('',(-0.,-0.));
#6005 = VECTOR('',#6006,1.);
#6006 = DIRECTION('',(-0.,1.));
#6007 = ( GEOMETRIC_REPRESENTATION_CONTEXT(2) 
PARAMETRIC_REPRESENTATION_CONTEXT() REPRESENTATION_CONTEXT('2D SPACE',''
  ) );
#6008 = ORIENTED_EDGE('',*,*,#3294,.F.);
#6009 = ORIENTED_EDGE('',*,*,#6010,.T.);
#6010 = EDGE_CURVE('',#3224,#2542,#6011,.T.);
#6011 = SURFACE_CURVE('',#6012,(#6016,#6023),.PCURVE_S1.);
#6012 = LINE('',#6013,#6014);
#6013 = CARTESIAN_POINT('',(-145.5,9.063077744608,18.025005575246));
#6014 = VECTOR('',#6015,1.);
#6015 = DIRECTION('',(-1.,-0.,0.));
#6016 = PCURVE('',#2557,#6017);
#6017 = DEFINITIONAL_REPRESENTATION('',(#6018),#6022);
#6018 = LINE('',#6019,#6020);
#6019 = CARTESIAN_POINT('',(0.,-0.));
#6020 = VECTOR('',#6021,1.);
#6021 = DIRECTION('',(-1.,0.));
#6022 = ( GEOMETRIC_REPRESENTATION_CONTEXT(2) 
PARAMETRIC_REPRESENTATION_CONTEXT() REPRESENTATION_CONTEXT('2D SPACE',''
  ) );
#6023 = PCURVE('',#2585,#6024);
#6024 = DEFINITIONAL_REPRESENTATION('',(#6025),#6029);
#6025 = LINE('',#6026,#6027);
#6026 = CARTESIAN_POINT('',(-0.,-0.));
#6027 = VECTOR('',#6028,1.);
#6028 = DIRECTION('',(-0.,1.));
#6029 = ( GEOMETRIC_REPRESENTATION_CONTEXT(2) 
PARAMETRIC_REPRESENTATION_CONTEXT() REPRESENTATION_CONTEXT('2D SPACE',''
  ) );
#6030 = ORIENTED_EDGE('',*,*,#2539,.F.);
#6031 = FACE_BOUND('',#6032,.F.);
#6032 = EDGE_LOOP('',(#6033));
#6033 = ORIENTED_EDGE('',*,*,#2822,.F.);
#6034 = ADVANCED_FACE('',(#6035),#2639,.F.);
#6035 = FACE_BOUND('',#6036,.T.);
#6036 = EDGE_LOOP('',(#6037,#6038,#6039,#6060));
#6037 = ORIENTED_EDGE('',*,*,#5988,.F.);
#6038 = ORIENTED_EDGE('',*,*,#3271,.T.);
#6039 = ORIENTED_EDGE('',*,*,#6040,.T.);
#6040 = EDGE_CURVE('',#3249,#2598,#6041,.T.);
#6041 = SURFACE_CURVE('',#6042,(#6046,#6053),.PCURVE_S1.);
#6042 = LINE('',#6043,#6044);
#6043 = CARTESIAN_POINT('',(-145.5,15.801830717807,22.748268045849));
#6044 = VECTOR('',#6045,1.);
#6045 = DIRECTION('',(-1.,-0.,0.));
#6046 = PCURVE('',#2639,#6047);
#6047 = DEFINITIONAL_REPRESENTATION('',(#6048),#6052);
#6048 = LINE('',#6049,#6050);
#6049 = CARTESIAN_POINT('',(-3.6,0.));
#6050 = VECTOR('',#6051,1.);
#6051 = DIRECTION('',(-0.,1.));
#6052 = ( GEOMETRIC_REPRESENTATION_CONTEXT(2) 
PARAMETRIC_REPRESENTATION_CONTEXT() REPRESENTATION_CONTEXT('2D SPACE',''
  ) );
#6053 = PCURVE('',#2613,#6054);
#6054 = DEFINITIONAL_REPRESENTATION('',(#6055),#6059);
#6055 = LINE('',#6056,#6057);
#6056 = CARTESIAN_POINT('',(0.,7.4));
#6057 = VECTOR('',#6058,1.);
#6058 = DIRECTION('',(-1.,0.));
#6059 = ( GEOMETRIC_REPRESENTATION_CONTEXT(2) 
PARAMETRIC_REPRESENTATION_CONTEXT() REPRESENTATION_CONTEXT('2D SPACE',''
  ) );
#6060 = ORIENTED_EDGE('',*,*,#2625,.F.);
#6061 = ADVANCED_FACE('',(#6062,#6088),#2613,.F.);
#6062 = FACE_BOUND('',#6063,.T.);
#6063 = EDGE_LOOP('',(#6064,#6065,#6066,#6087));
#6064 = ORIENTED_EDGE('',*,*,#6040,.F.);
#6065 = ORIENTED_EDGE('',*,*,#3248,.F.);
#6066 = ORIENTED_EDGE('',*,*,#6067,.T.);
#6067 = EDGE_CURVE('',#3226,#2570,#6068,.T.);
#6068 = SURFACE_CURVE('',#6069,(#6073,#6080),.PCURVE_S1.);
#6069 = LINE('',#6070,#6071);
#6070 = CARTESIAN_POINT('',(-145.5,8.494656691976,21.579846993218));
#6071 = VECTOR('',#6072,1.);
#6072 = DIRECTION('',(-1.,-0.,0.));
#6073 = PCURVE('',#2613,#6074);
#6074 = DEFINITIONAL_REPRESENTATION('',(#6075),#6079);
#6075 = LINE('',#6076,#6077);
#6076 = CARTESIAN_POINT('',(0.,-0.));
#6077 = VECTOR('',#6078,1.);
#6078 = DIRECTION('',(-1.,0.));
#6079 = ( GEOMETRIC_REPRESENTATION_CONTEXT(2) 
PARAMETRIC_REPRESENTATION_CONTEXT() REPRESENTATION_CONTEXT('2D SPACE',''
  ) );
#6080 = PCURVE('',#2585,#6081);
#6081 = DEFINITIONAL_REPRESENTATION('',(#6082),#6086);
#6082 = LINE('',#6083,#6084);
#6083 = CARTESIAN_POINT('',(-3.6,0.));
#6084 = VECTOR('',#6085,1.);
#6085 = DIRECTION('',(-0.,1.));
#6086 = ( GEOMETRIC_REPRESENTATION_CONTEXT(2) 
PARAMETRIC_REPRESENTATION_CONTEXT() REPRESENTATION_CONTEXT('2D SPACE',''
  ) );
#6087 = ORIENTED_EDGE('',*,*,#2597,.F.);
#6088 = FACE_BOUND('',#6089,.T.);
#6089 = EDGE_LOOP('',(#6090));
#6090 = ORIENTED_EDGE('',*,*,#6091,.F.);
#6091 = EDGE_CURVE('',#6092,#6092,#6094,.T.);
#6092 = VERTEX_POINT('',#6093);
#6093 = CARTESIAN_POINT('',(-151.75,12.148243704891,22.164057519533));
#6094 = SURFACE_CURVE('',#6095,(#6100,#6111),.PCURVE_S1.);
#6095 = CIRCLE('',#6096,2.25);
#6096 = AXIS2_PLACEMENT_3D('',#6097,#6098,#6099);
#6097 = CARTESIAN_POINT('',(-149.5,12.148243704891,22.164057519533));
#6098 = DIRECTION('',(0.,0.157894736842,-0.987455949437));
#6099 = DIRECTION('',(-1.,-0.,-0.));
#6100 = PCURVE('',#2613,#6101);
#6101 = DEFINITIONAL_REPRESENTATION('',(#6102),#6110);
#6102 = ( BOUNDED_CURVE() B_SPLINE_CURVE(2,(#6103,#6104,#6105,#6106,
#6107,#6108,#6109),.UNSPECIFIED.,.T.,.F.) B_SPLINE_CURVE_WITH_KNOTS((1,2
    ,2,2,2,1),(-2.094395102393,0.,2.094395102393,4.188790204786,
6.28318530718,8.377580409573),.UNSPECIFIED.) CURVE() 
GEOMETRIC_REPRESENTATION_ITEM() RATIONAL_B_SPLINE_CURVE((1.,0.5,1.,0.5,
1.,0.5,1.)) REPRESENTATION_ITEM('') );
#6103 = CARTESIAN_POINT('',(-6.25,3.7));
#6104 = CARTESIAN_POINT('',(-6.25,7.59711431703));
#6105 = CARTESIAN_POINT('',(-2.875,5.648557158515));
#6106 = CARTESIAN_POINT('',(0.5,3.7));
#6107 = CARTESIAN_POINT('',(-2.875,1.751442841485));
#6108 = CARTESIAN_POINT('',(-6.25,-0.19711431703));
#6109 = CARTESIAN_POINT('',(-6.25,3.7));
#6110 = ( GEOMETRIC_REPRESENTATION_CONTEXT(2) 
PARAMETRIC_REPRESENTATION_CONTEXT() REPRESENTATION_CONTEXT('2D SPACE',''
  ) );
#6111 = PCURVE('',#3532,#6112);
#6112 = DEFINITIONAL_REPRESENTATION('',(#6113),#6117);
#6113 = LINE('',#6114,#6115);
#6114 = CARTESIAN_POINT('',(-0.,85.6));
#6115 = VECTOR('',#6116,1.);
#6116 = DIRECTION('',(-1.,0.));
#6117 = ( GEOMETRIC_REPRESENTATION_CONTEXT(2) 
PARAMETRIC_REPRESENTATION_CONTEXT() REPRESENTATION_CONTEXT('2D SPACE',''
  ) );
#6118 = ADVANCED_FACE('',(#6119),#2585,.T.);
#6119 = FACE_BOUND('',#6120,.F.);
#6120 = EDGE_LOOP('',(#6121,#6122,#6123,#6124));
#6121 = ORIENTED_EDGE('',*,*,#6010,.F.);
#6122 = ORIENTED_EDGE('',*,*,#3223,.T.);
#6123 = ORIENTED_EDGE('',*,*,#6067,.T.);
#6124 = ORIENTED_EDGE('',*,*,#2569,.F.);
#6125 = ADVANCED_FACE('',(#6126,#6172),#2671,.T.);
#6126 = FACE_BOUND('',#6127,.F.);
#6127 = EDGE_LOOP('',(#6128,#6149,#6150,#6171));
#6128 = ORIENTED_EDGE('',*,*,#6129,.F.);
#6129 = EDGE_CURVE('',#3366,#2654,#6130,.T.);
#6130 = SURFACE_CURVE('',#6131,(#6135,#6142),.PCURVE_S1.);
#6131 = LINE('',#6132,#6133);
#6132 = CARTESIAN_POINT('',(-145.5,-3.378867218292,16.035531891036));
#6133 = VECTOR('',#6134,1.);
#6134 = DIRECTION('',(-1.,-0.,0.));
#6135 = PCURVE('',#2671,#6136);
#6136 = DEFINITIONAL_REPRESENTATION('',(#6137),#6141);
#6137 = LINE('',#6138,#6139);
#6138 = CARTESIAN_POINT('',(0.,7.4));
#6139 = VECTOR('',#6140,1.);
#6140 = DIRECTION('',(-1.,0.));
#6141 = ( GEOMETRIC_REPRESENTATION_CONTEXT(2) 
PARAMETRIC_REPRESENTATION_CONTEXT() REPRESENTATION_CONTEXT('2D SPACE',''
  ) );
#6142 = PCURVE('',#2753,#6143);
#6143 = DEFINITIONAL_REPRESENTATION('',(#6144),#6148);
#6144 = LINE('',#6145,#6146);
#6145 = CARTESIAN_POINT('',(-0.,-0.));
#6146 = VECTOR('',#6147,1.);
#6147 = DIRECTION('',(-0.,1.));
#6148 = ( GEOMETRIC_REPRESENTATION_CONTEXT(2) 
PARAMETRIC_REPRESENTATION_CONTEXT() REPRESENTATION_CONTEXT('2D SPACE',''
  ) );
#6149 = ORIENTED_EDGE('',*,*,#3388,.F.);
#6150 = ORIENTED_EDGE('',*,*,#6151,.T.);
#6151 = EDGE_CURVE('',#3318,#2656,#6152,.T.);
#6152 = SURFACE_CURVE('',#6153,(#6157,#6164),.PCURVE_S1.);
#6153 = LINE('',#6154,#6155);
#6154 = CARTESIAN_POINT('',(-145.5,-10.68604124412,14.867110838404));
#6155 = VECTOR('',#6156,1.);
#6156 = DIRECTION('',(-1.,-0.,0.));
#6157 = PCURVE('',#2671,#6158);
#6158 = DEFINITIONAL_REPRESENTATION('',(#6159),#6163);
#6159 = LINE('',#6160,#6161);
#6160 = CARTESIAN_POINT('',(0.,-0.));
#6161 = VECTOR('',#6162,1.);
#6162 = DIRECTION('',(-1.,0.));
#6163 = ( GEOMETRIC_REPRESENTATION_CONTEXT(2) 
PARAMETRIC_REPRESENTATION_CONTEXT() REPRESENTATION_CONTEXT('2D SPACE',''
  ) );
#6164 = PCURVE('',#2699,#6165);
#6165 = DEFINITIONAL_REPRESENTATION('',(#6166),#6170);
#6166 = LINE('',#6167,#6168);
#6167 = CARTESIAN_POINT('',(-0.,-0.));
#6168 = VECTOR('',#6169,1.);
#6169 = DIRECTION('',(-0.,1.));
#6170 = ( GEOMETRIC_REPRESENTATION_CONTEXT(2) 
PARAMETRIC_REPRESENTATION_CONTEXT() REPRESENTATION_CONTEXT('2D SPACE',''
  ) );
#6171 = ORIENTED_EDGE('',*,*,#2653,.F.);
#6172 = FACE_BOUND('',#6173,.F.);
#6173 = EDGE_LOOP('',(#6174));
#6174 = ORIENTED_EDGE('',*,*,#2768,.F.);
#6175 = ADVANCED_FACE('',(#6176),#2753,.F.);
#6176 = FACE_BOUND('',#6177,.T.);
#6177 = EDGE_LOOP('',(#6178,#6179,#6180,#6201));
#6178 = ORIENTED_EDGE('',*,*,#6129,.F.);
#6179 = ORIENTED_EDGE('',*,*,#3365,.T.);
#6180 = ORIENTED_EDGE('',*,*,#6181,.T.);
#6181 = EDGE_CURVE('',#3343,#2712,#6182,.T.);
#6182 = SURFACE_CURVE('',#6183,(#6187,#6194),.PCURVE_S1.);
#6183 = LINE('',#6184,#6185);
#6184 = CARTESIAN_POINT('',(-145.5,-3.947288270924,19.590373309007));
#6185 = VECTOR('',#6186,1.);
#6186 = DIRECTION('',(-1.,-0.,0.));
#6187 = PCURVE('',#2753,#6188);
#6188 = DEFINITIONAL_REPRESENTATION('',(#6189),#6193);
#6189 = LINE('',#6190,#6191);
#6190 = CARTESIAN_POINT('',(-3.6,0.));
#6191 = VECTOR('',#6192,1.);
#6192 = DIRECTION('',(-0.,1.));
#6193 = ( GEOMETRIC_REPRESENTATION_CONTEXT(2) 
PARAMETRIC_REPRESENTATION_CONTEXT() REPRESENTATION_CONTEXT('2D SPACE',''
  ) );
#6194 = PCURVE('',#2727,#6195);
#6195 = DEFINITIONAL_REPRESENTATION('',(#6196),#6200);
#6196 = LINE('',#6197,#6198);
#6197 = CARTESIAN_POINT('',(0.,7.4));
#6198 = VECTOR('',#6199,1.);
#6199 = DIRECTION('',(-1.,0.));
#6200 = ( GEOMETRIC_REPRESENTATION_CONTEXT(2) 
PARAMETRIC_REPRESENTATION_CONTEXT() REPRESENTATION_CONTEXT('2D SPACE',''
  ) );
#6201 = ORIENTED_EDGE('',*,*,#2739,.F.);
#6202 = ADVANCED_FACE('',(#6203),#2699,.T.);
#6203 = FACE_BOUND('',#6204,.F.);
#6204 = EDGE_LOOP('',(#6205,#6206,#6207,#6228));
#6205 = ORIENTED_EDGE('',*,*,#6151,.F.);
#6206 = ORIENTED_EDGE('',*,*,#3317,.T.);
#6207 = ORIENTED_EDGE('',*,*,#6208,.T.);
#6208 = EDGE_CURVE('',#3320,#2684,#6209,.T.);
#6209 = SURFACE_CURVE('',#6210,(#6214,#6221),.PCURVE_S1.);
#6210 = LINE('',#6211,#6212);
#6211 = CARTESIAN_POINT('',(-145.5,-11.25446229675,18.421952256376));
#6212 = VECTOR('',#6213,1.);
#6213 = DIRECTION('',(-1.,-0.,0.));
#6214 = PCURVE('',#2699,#6215);
#6215 = DEFINITIONAL_REPRESENTATION('',(#6216),#6220);
#6216 = LINE('',#6217,#6218);
#6217 = CARTESIAN_POINT('',(-3.6,0.));
#6218 = VECTOR('',#6219,1.);
#6219 = DIRECTION('',(-0.,1.));
#6220 = ( GEOMETRIC_REPRESENTATION_CONTEXT(2) 
PARAMETRIC_REPRESENTATION_CONTEXT() REPRESENTATION_CONTEXT('2D SPACE',''
  ) );
#6221 = PCURVE('',#2727,#6222);
#6222 = DEFINITIONAL_REPRESENTATION('',(#6223),#6227);
#6223 = LINE('',#6224,#6225);
#6224 = CARTESIAN_POINT('',(0.,-0.));
#6225 = VECTOR('',#6226,1.);
#6226 = DIRECTION('',(-1.,0.));
#6227 = ( GEOMETRIC_REPRESENTATION_CONTEXT(2) 
PARAMETRIC_REPRESENTATION_CONTEXT() REPRESENTATION_CONTEXT('2D SPACE',''
  ) );
#6228 = ORIENTED_EDGE('',*,*,#2683,.F.);
#6229 = ADVANCED_FACE('',(#6230,#6236),#2727,.F.);
#6230 = FACE_BOUND('',#6231,.T.);
#6231 = EDGE_LOOP('',(#6232,#6233,#6234,#6235));
#6232 = ORIENTED_EDGE('',*,*,#6181,.F.);
#6233 = ORIENTED_EDGE('',*,*,#3342,.F.);
#6234 = ORIENTED_EDGE('',*,*,#6208,.T.);
#6235 = ORIENTED_EDGE('',*,*,#2711,.F.);
#6236 = FACE_BOUND('',#6237,.T.);
#6237 = EDGE_LOOP('',(#6238));
#6238 = ORIENTED_EDGE('',*,*,#6239,.F.);
#6239 = EDGE_CURVE('',#6240,#6240,#6242,.T.);
#6240 = VERTEX_POINT('',#6241);
#6241 = CARTESIAN_POINT('',(-151.75,-7.600875283839,19.006162782691));
#6242 = SURFACE_CURVE('',#6243,(#6248,#6259),.PCURVE_S1.);
#6243 = CIRCLE('',#6244,2.25);
#6244 = AXIS2_PLACEMENT_3D('',#6245,#6246,#6247);
#6245 = CARTESIAN_POINT('',(-149.5,-7.600875283839,19.006162782691));
#6246 = DIRECTION('',(0.,0.157894736842,-0.987455949437));
#6247 = DIRECTION('',(-1.,-0.,-0.));
#6248 = PCURVE('',#2727,#6249);
#6249 = DEFINITIONAL_REPRESENTATION('',(#6250),#6258);
#6250 = ( BOUNDED_CURVE() B_SPLINE_CURVE(2,(#6251,#6252,#6253,#6254,
#6255,#6256,#6257),.UNSPECIFIED.,.T.,.F.) B_SPLINE_CURVE_WITH_KNOTS((1,2
    ,2,2,2,1),(-2.094395102393,0.,2.094395102393,4.188790204786,
6.28318530718,8.377580409573),.UNSPECIFIED.) CURVE() 
GEOMETRIC_REPRESENTATION_ITEM() RATIONAL_B_SPLINE_CURVE((1.,0.5,1.,0.5,
1.,0.5,1.)) REPRESENTATION_ITEM('') );
#6251 = CARTESIAN_POINT('',(-6.25,3.7));
#6252 = CARTESIAN_POINT('',(-6.25,7.59711431703));
#6253 = CARTESIAN_POINT('',(-2.875,5.648557158515));
#6254 = CARTESIAN_POINT('',(0.5,3.7));
#6255 = CARTESIAN_POINT('',(-2.875,1.751442841485));
#6256 = CARTESIAN_POINT('',(-6.25,-0.19711431703));
#6257 = CARTESIAN_POINT('',(-6.25,3.7));
#6258 = ( GEOMETRIC_REPRESENTATION_CONTEXT(2) 
PARAMETRIC_REPRESENTATION_CONTEXT() REPRESENTATION_CONTEXT('2D SPACE',''
  ) );
#6259 = PCURVE('',#3580,#6260);
#6260 = DEFINITIONAL_REPRESENTATION('',(#6261),#6265);
#6261 = LINE('',#6262,#6263);
#6262 = CARTESIAN_POINT('',(-0.,85.6));
#6263 = VECTOR('',#6264,1.);
#6264 = DIRECTION('',(-1.,0.));
#6265 = ( GEOMETRIC_REPRESENTATION_CONTEXT(2) 
PARAMETRIC_REPRESENTATION_CONTEXT() REPRESENTATION_CONTEXT('2D SPACE',''
  ) );
#6266 = ADVANCED_FACE('',(#6267),#2966,.T.);
#6267 = FACE_BOUND('',#6268,.F.);
#6268 = EDGE_LOOP('',(#6269,#6270,#6271,#6293));
#6269 = ORIENTED_EDGE('',*,*,#3029,.F.);
#6270 = ORIENTED_EDGE('',*,*,#3441,.T.);
#6271 = ORIENTED_EDGE('',*,*,#6272,.T.);
#6272 = EDGE_CURVE('',#3442,#2925,#6273,.T.);
#6273 = SURFACE_CURVE('',#6274,(#6279,#6286),.PCURVE_S1.);
#6274 = CIRCLE('',#6275,8.5);
#6275 = AXIS2_PLACEMENT_3D('',#6276,#6277,#6278);
#6276 = CARTESIAN_POINT('',(-156.345,35.,37.));
#6277 = DIRECTION('',(-1.,0.,0.));
#6278 = DIRECTION('',(-0.,-0.924945932695,-0.380098699802));
#6279 = PCURVE('',#2966,#6280);
#6280 = DEFINITIONAL_REPRESENTATION('',(#6281),#6285);
#6281 = LINE('',#6282,#6283);
#6282 = CARTESIAN_POINT('',(-8.243884636836,10.845));
#6283 = VECTOR('',#6284,1.);
#6284 = DIRECTION('',(1.,-0.));
#6285 = ( GEOMETRIC_REPRESENTATION_CONTEXT(2) 
PARAMETRIC_REPRESENTATION_CONTEXT() REPRESENTATION_CONTEXT('2D SPACE',''
  ) );
#6286 = PCURVE('',#2940,#6287);
#6287 = DEFINITIONAL_REPRESENTATION('',(#6288),#6292);
#6288 = CIRCLE('',#6289,8.5);
#6289 = AXIS2_PLACEMENT_2D('',#6290,#6291);
#6290 = CARTESIAN_POINT('',(0.,0.));
#6291 = DIRECTION('',(0.380098699802,0.924945932695));
#6292 = ( GEOMETRIC_REPRESENTATION_CONTEXT(2) 
PARAMETRIC_REPRESENTATION_CONTEXT() REPRESENTATION_CONTEXT('2D SPACE',''
  ) );
#6293 = ORIENTED_EDGE('',*,*,#2952,.F.);
#6294 = ADVANCED_FACE('',(#6295),#2940,.F.);
#6295 = FACE_BOUND('',#6296,.T.);
#6296 = EDGE_LOOP('',(#6297,#6298,#6299,#6300));
#6297 = ORIENTED_EDGE('',*,*,#2924,.F.);
#6298 = ORIENTED_EDGE('',*,*,#3608,.F.);
#6299 = ORIENTED_EDGE('',*,*,#3464,.F.);
#6300 = ORIENTED_EDGE('',*,*,#6272,.T.);
#6301 = ADVANCED_FACE('',(#6302),#3071,.T.);
#6302 = FACE_BOUND('',#6303,.F.);
#6303 = EDGE_LOOP('',(#6304,#6305,#6328,#6356));
#6304 = ORIENTED_EDGE('',*,*,#3053,.T.);
#6305 = ORIENTED_EDGE('',*,*,#6306,.T.);
#6306 = EDGE_CURVE('',#3056,#6307,#6309,.T.);
#6307 = VERTEX_POINT('',#6308);
#6308 = CARTESIAN_POINT('',(-149.95,38.031088913246,42.25));
#6309 = SURFACE_CURVE('',#6310,(#6314,#6321),.PCURVE_S1.);
#6310 = LINE('',#6311,#6312);
#6311 = CARTESIAN_POINT('',(-145.45,38.031088913246,42.25));
#6312 = VECTOR('',#6313,1.);
#6313 = DIRECTION('',(-1.,-0.,-0.));
#6314 = PCURVE('',#3071,#6315);
#6315 = DEFINITIONAL_REPRESENTATION('',(#6316),#6320);
#6316 = LINE('',#6317,#6318);
#6317 = CARTESIAN_POINT('',(0.,-0.));
#6318 = VECTOR('',#6319,1.);
#6319 = DIRECTION('',(-0.,-1.));
#6320 = ( GEOMETRIC_REPRESENTATION_CONTEXT(2) 
PARAMETRIC_REPRESENTATION_CONTEXT() REPRESENTATION_CONTEXT('2D SPACE',''
  ) );
#6321 = PCURVE('',#3099,#6322);
#6322 = DEFINITIONAL_REPRESENTATION('',(#6323),#6327);
#6323 = LINE('',#6324,#6325);
#6324 = CARTESIAN_POINT('',(-6.062177826491,0.));
#6325 = VECTOR('',#6326,1.);
#6326 = DIRECTION('',(-0.,-1.));
#6327 = ( GEOMETRIC_REPRESENTATION_CONTEXT(2) 
PARAMETRIC_REPRESENTATION_CONTEXT() REPRESENTATION_CONTEXT('2D SPACE',''
  ) );
#6328 = ORIENTED_EDGE('',*,*,#6329,.T.);
#6329 = EDGE_CURVE('',#6307,#6330,#6332,.T.);
#6330 = VERTEX_POINT('',#6331);
#6331 = CARTESIAN_POINT('',(-149.95,31.968911086754,42.25));
#6332 = SURFACE_CURVE('',#6333,(#6337,#6344),.PCURVE_S1.);
#6333 = LINE('',#6334,#6335);
#6334 = CARTESIAN_POINT('',(-149.95,38.031088913246,42.25));
#6335 = VECTOR('',#6336,1.);
#6336 = DIRECTION('',(-0.,-1.,-0.));
#6337 = PCURVE('',#3071,#6338);
#6338 = DEFINITIONAL_REPRESENTATION('',(#6339),#6343);
#6339 = LINE('',#6340,#6341);
#6340 = CARTESIAN_POINT('',(-0.,-4.5));
#6341 = VECTOR('',#6342,1.);
#6342 = DIRECTION('',(-1.,0.));
#6343 = ( GEOMETRIC_REPRESENTATION_CONTEXT(2) 
PARAMETRIC_REPRESENTATION_CONTEXT() REPRESENTATION_CONTEXT('2D SPACE',''
  ) );
#6344 = PCURVE('',#6345,#6350);
#6345 = PLANE('',#6346);
#6346 = AXIS2_PLACEMENT_3D('',#6347,#6348,#6349);
#6347 = CARTESIAN_POINT('',(-149.95,35.,37.));
#6348 = DIRECTION('',(-1.,-0.,-0.));
#6349 = DIRECTION('',(0.,0.,-1.));
#6350 = DEFINITIONAL_REPRESENTATION('',(#6351),#6355);
#6351 = LINE('',#6352,#6353);
#6352 = CARTESIAN_POINT('',(-5.25,-3.031088913246));
#6353 = VECTOR('',#6354,1.);
#6354 = DIRECTION('',(-0.,1.));
#6355 = ( GEOMETRIC_REPRESENTATION_CONTEXT(2) 
PARAMETRIC_REPRESENTATION_CONTEXT() REPRESENTATION_CONTEXT('2D SPACE',''
  ) );
#6356 = ORIENTED_EDGE('',*,*,#6357,.F.);
#6357 = EDGE_CURVE('',#3054,#6330,#6358,.T.);
#6358 = SURFACE_CURVE('',#6359,(#6363,#6370),.PCURVE_S1.);
#6359 = LINE('',#6360,#6361);
#6360 = CARTESIAN_POINT('',(-145.45,31.968911086754,42.25));
#6361 = VECTOR('',#6362,1.);
#6362 = DIRECTION('',(-1.,-0.,-0.));
#6363 = PCURVE('',#3071,#6364);
#6364 = DEFINITIONAL_REPRESENTATION('',(#6365),#6369);
#6365 = LINE('',#6366,#6367);
#6366 = CARTESIAN_POINT('',(-6.062177826491,0.));
#6367 = VECTOR('',#6368,1.);
#6368 = DIRECTION('',(-0.,-1.));
#6369 = ( GEOMETRIC_REPRESENTATION_CONTEXT(2) 
PARAMETRIC_REPRESENTATION_CONTEXT() REPRESENTATION_CONTEXT('2D SPACE',''
  ) );
#6370 = PCURVE('',#3209,#6371);
#6371 = DEFINITIONAL_REPRESENTATION('',(#6372),#6376);
#6372 = LINE('',#6373,#6374);
#6373 = CARTESIAN_POINT('',(0.,-0.));
#6374 = VECTOR('',#6375,1.);
#6375 = DIRECTION('',(-0.,-1.));
#6376 = ( GEOMETRIC_REPRESENTATION_CONTEXT(2) 
PARAMETRIC_REPRESENTATION_CONTEXT() REPRESENTATION_CONTEXT('2D SPACE',''
  ) );
#6377 = ADVANCED_FACE('',(#6378),#3209,.T.);
#6378 = FACE_BOUND('',#6379,.F.);
#6379 = EDGE_LOOP('',(#6380,#6381,#6382,#6405));
#6380 = ORIENTED_EDGE('',*,*,#3195,.T.);
#6381 = ORIENTED_EDGE('',*,*,#6357,.T.);
#6382 = ORIENTED_EDGE('',*,*,#6383,.T.);
#6383 = EDGE_CURVE('',#6330,#6384,#6386,.T.);
#6384 = VERTEX_POINT('',#6385);
#6385 = CARTESIAN_POINT('',(-149.95,28.937822173509,37.));
#6386 = SURFACE_CURVE('',#6387,(#6391,#6398),.PCURVE_S1.);
#6387 = LINE('',#6388,#6389);
#6388 = CARTESIAN_POINT('',(-149.95,31.968911086754,42.25));
#6389 = VECTOR('',#6390,1.);
#6390 = DIRECTION('',(-0.,-0.5,-0.866025403784));
#6391 = PCURVE('',#3209,#6392);
#6392 = DEFINITIONAL_REPRESENTATION('',(#6393),#6397);
#6393 = LINE('',#6394,#6395);
#6394 = CARTESIAN_POINT('',(-0.,-4.5));
#6395 = VECTOR('',#6396,1.);
#6396 = DIRECTION('',(-1.,0.));
#6397 = ( GEOMETRIC_REPRESENTATION_CONTEXT(2) 
PARAMETRIC_REPRESENTATION_CONTEXT() REPRESENTATION_CONTEXT('2D SPACE',''
  ) );
#6398 = PCURVE('',#6345,#6399);
#6399 = DEFINITIONAL_REPRESENTATION('',(#6400),#6404);
#6400 = LINE('',#6401,#6402);
#6401 = CARTESIAN_POINT('',(-5.25,3.031088913246));
#6402 = VECTOR('',#6403,1.);
#6403 = DIRECTION('',(0.866025403784,0.5));
#6404 = ( GEOMETRIC_REPRESENTATION_CONTEXT(2) 
PARAMETRIC_REPRESENTATION_CONTEXT() REPRESENTATION_CONTEXT('2D SPACE',''
  ) );
#6405 = ORIENTED_EDGE('',*,*,#6406,.F.);
#6406 = EDGE_CURVE('',#3168,#6384,#6407,.T.);
#6407 = SURFACE_CURVE('',#6408,(#6412,#6419),.PCURVE_S1.);
#6408 = LINE('',#6409,#6410);
#6409 = CARTESIAN_POINT('',(-145.45,28.937822173509,37.));
#6410 = VECTOR('',#6411,1.);
#6411 = DIRECTION('',(-1.,-0.,-0.));
#6412 = PCURVE('',#3209,#6413);
#6413 = DEFINITIONAL_REPRESENTATION('',(#6414),#6418);
#6414 = LINE('',#6415,#6416);
#6415 = CARTESIAN_POINT('',(-6.062177826491,0.));
#6416 = VECTOR('',#6417,1.);
#6417 = DIRECTION('',(-0.,-1.));
#6418 = ( GEOMETRIC_REPRESENTATION_CONTEXT(2) 
PARAMETRIC_REPRESENTATION_CONTEXT() REPRESENTATION_CONTEXT('2D SPACE',''
  ) );
#6419 = PCURVE('',#3183,#6420);
#6420 = DEFINITIONAL_REPRESENTATION('',(#6421),#6425);
#6421 = LINE('',#6422,#6423);
#6422 = CARTESIAN_POINT('',(-0.,0.));
#6423 = VECTOR('',#6424,1.);
#6424 = DIRECTION('',(-0.,-1.));
#6425 = ( GEOMETRIC_REPRESENTATION_CONTEXT(2) 
PARAMETRIC_REPRESENTATION_CONTEXT() REPRESENTATION_CONTEXT('2D SPACE',''
  ) );
#6426 = ADVANCED_FACE('',(#6427),#3099,.T.);
#6427 = FACE_BOUND('',#6428,.F.);
#6428 = EDGE_LOOP('',(#6429,#6430,#6453,#6474));
#6429 = ORIENTED_EDGE('',*,*,#3083,.T.);
#6430 = ORIENTED_EDGE('',*,*,#6431,.T.);
#6431 = EDGE_CURVE('',#3084,#6432,#6434,.T.);
#6432 = VERTEX_POINT('',#6433);
#6433 = CARTESIAN_POINT('',(-149.95,41.062177826491,37.));
#6434 = SURFACE_CURVE('',#6435,(#6439,#6446),.PCURVE_S1.);
#6435 = LINE('',#6436,#6437);
#6436 = CARTESIAN_POINT('',(-145.45,41.062177826491,37.));
#6437 = VECTOR('',#6438,1.);
#6438 = DIRECTION('',(-1.,-0.,-0.));
#6439 = PCURVE('',#3099,#6440);
#6440 = DEFINITIONAL_REPRESENTATION('',(#6441),#6445);
#6441 = LINE('',#6442,#6443);
#6442 = CARTESIAN_POINT('',(-0.,0.));
#6443 = VECTOR('',#6444,1.);
#6444 = DIRECTION('',(-0.,-1.));
#6445 = ( GEOMETRIC_REPRESENTATION_CONTEXT(2) 
PARAMETRIC_REPRESENTATION_CONTEXT() REPRESENTATION_CONTEXT('2D SPACE',''
  ) );
#6446 = PCURVE('',#3127,#6447);
#6447 = DEFINITIONAL_REPRESENTATION('',(#6448),#6452);
#6448 = LINE('',#6449,#6450);
#6449 = CARTESIAN_POINT('',(-6.062177826491,0.));
#6450 = VECTOR('',#6451,1.);
#6451 = DIRECTION('',(-0.,-1.));
#6452 = ( GEOMETRIC_REPRESENTATION_CONTEXT(2) 
PARAMETRIC_REPRESENTATION_CONTEXT() REPRESENTATION_CONTEXT('2D SPACE',''
  ) );
#6453 = ORIENTED_EDGE('',*,*,#6454,.T.);
#6454 = EDGE_CURVE('',#6432,#6307,#6455,.T.);
#6455 = SURFACE_CURVE('',#6456,(#6460,#6467),.PCURVE_S1.);
#6456 = LINE('',#6457,#6458);
#6457 = CARTESIAN_POINT('',(-149.95,41.062177826491,37.));
#6458 = VECTOR('',#6459,1.);
#6459 = DIRECTION('',(-0.,-0.5,0.866025403784));
#6460 = PCURVE('',#3099,#6461);
#6461 = DEFINITIONAL_REPRESENTATION('',(#6462),#6466);
#6462 = LINE('',#6463,#6464);
#6463 = CARTESIAN_POINT('',(-0.,-4.5));
#6464 = VECTOR('',#6465,1.);
#6465 = DIRECTION('',(-1.,0.));
#6466 = ( GEOMETRIC_REPRESENTATION_CONTEXT(2) 
PARAMETRIC_REPRESENTATION_CONTEXT() REPRESENTATION_CONTEXT('2D SPACE',''
  ) );
#6467 = PCURVE('',#6345,#6468);
#6468 = DEFINITIONAL_REPRESENTATION('',(#6469),#6473);
#6469 = LINE('',#6470,#6471);
#6470 = CARTESIAN_POINT('',(-0.,-6.062177826491));
#6471 = VECTOR('',#6472,1.);
#6472 = DIRECTION('',(-0.866025403784,0.5));
#6473 = ( GEOMETRIC_REPRESENTATION_CONTEXT(2) 
PARAMETRIC_REPRESENTATION_CONTEXT() REPRESENTATION_CONTEXT('2D SPACE',''
  ) );
#6474 = ORIENTED_EDGE('',*,*,#6306,.F.);
#6475 = ADVANCED_FACE('',(#6476),#3183,.T.);
#6476 = FACE_BOUND('',#6477,.F.);
#6477 = EDGE_LOOP('',(#6478,#6479,#6480,#6503));
#6478 = ORIENTED_EDGE('',*,*,#3167,.T.);
#6479 = ORIENTED_EDGE('',*,*,#6406,.T.);
#6480 = ORIENTED_EDGE('',*,*,#6481,.T.);
#6481 = EDGE_CURVE('',#6384,#6482,#6484,.T.);
#6482 = VERTEX_POINT('',#6483);
#6483 = CARTESIAN_POINT('',(-149.95,31.968911086754,31.75));
#6484 = SURFACE_CURVE('',#6485,(#6489,#6496),.PCURVE_S1.);
#6485 = LINE('',#6486,#6487);
#6486 = CARTESIAN_POINT('',(-149.95,28.937822173509,37.));
#6487 = VECTOR('',#6488,1.);
#6488 = DIRECTION('',(-0.,0.5,-0.866025403784));
#6489 = PCURVE('',#3183,#6490);
#6490 = DEFINITIONAL_REPRESENTATION('',(#6491),#6495);
#6491 = LINE('',#6492,#6493);
#6492 = CARTESIAN_POINT('',(-0.,-4.5));
#6493 = VECTOR('',#6494,1.);
#6494 = DIRECTION('',(-1.,0.));
#6495 = ( GEOMETRIC_REPRESENTATION_CONTEXT(2) 
PARAMETRIC_REPRESENTATION_CONTEXT() REPRESENTATION_CONTEXT('2D SPACE',''
  ) );
#6496 = PCURVE('',#6345,#6497);
#6497 = DEFINITIONAL_REPRESENTATION('',(#6498),#6502);
#6498 = LINE('',#6499,#6500);
#6499 = CARTESIAN_POINT('',(-0.,6.062177826491));
#6500 = VECTOR('',#6501,1.);
#6501 = DIRECTION('',(0.866025403784,-0.5));
#6502 = ( GEOMETRIC_REPRESENTATION_CONTEXT(2) 
PARAMETRIC_REPRESENTATION_CONTEXT() REPRESENTATION_CONTEXT('2D SPACE',''
  ) );
#6503 = ORIENTED_EDGE('',*,*,#6504,.F.);
#6504 = EDGE_CURVE('',#3140,#6482,#6505,.T.);
#6505 = SURFACE_CURVE('',#6506,(#6510,#6517),.PCURVE_S1.);
#6506 = LINE('',#6507,#6508);
#6507 = CARTESIAN_POINT('',(-145.45,31.968911086754,31.75));
#6508 = VECTOR('',#6509,1.);
#6509 = DIRECTION('',(-1.,-0.,-0.));
#6510 = PCURVE('',#3183,#6511);
#6511 = DEFINITIONAL_REPRESENTATION('',(#6512),#6516);
#6512 = LINE('',#6513,#6514);
#6513 = CARTESIAN_POINT('',(-6.062177826491,0.));
#6514 = VECTOR('',#6515,1.);
#6515 = DIRECTION('',(-0.,-1.));
#6516 = ( GEOMETRIC_REPRESENTATION_CONTEXT(2) 
PARAMETRIC_REPRESENTATION_CONTEXT() REPRESENTATION_CONTEXT('2D SPACE',''
  ) );
#6517 = PCURVE('',#3155,#6518);
#6518 = DEFINITIONAL_REPRESENTATION('',(#6519),#6523);
#6519 = LINE('',#6520,#6521);
#6520 = CARTESIAN_POINT('',(-0.,0.));
#6521 = VECTOR('',#6522,1.);
#6522 = DIRECTION('',(-0.,-1.));
#6523 = ( GEOMETRIC_REPRESENTATION_CONTEXT(2) 
PARAMETRIC_REPRESENTATION_CONTEXT() REPRESENTATION_CONTEXT('2D SPACE',''
  ) );
#6524 = ADVANCED_FACE('',(#6525),#3127,.T.);
#6525 = FACE_BOUND('',#6526,.F.);
#6526 = EDGE_LOOP('',(#6527,#6528,#6551,#6572));
#6527 = ORIENTED_EDGE('',*,*,#3111,.T.);
#6528 = ORIENTED_EDGE('',*,*,#6529,.T.);
#6529 = EDGE_CURVE('',#3112,#6530,#6532,.T.);
#6530 = VERTEX_POINT('',#6531);
#6531 = CARTESIAN_POINT('',(-149.95,38.031088913246,31.75));
#6532 = SURFACE_CURVE('',#6533,(#6537,#6544),.PCURVE_S1.);
#6533 = LINE('',#6534,#6535);
#6534 = CARTESIAN_POINT('',(-145.45,38.031088913246,31.75));
#6535 = VECTOR('',#6536,1.);
#6536 = DIRECTION('',(-1.,-0.,-0.));
#6537 = PCURVE('',#3127,#6538);
#6538 = DEFINITIONAL_REPRESENTATION('',(#6539),#6543);
#6539 = LINE('',#6540,#6541);
#6540 = CARTESIAN_POINT('',(-0.,0.));
#6541 = VECTOR('',#6542,1.);
#6542 = DIRECTION('',(-0.,-1.));
#6543 = ( GEOMETRIC_REPRESENTATION_CONTEXT(2) 
PARAMETRIC_REPRESENTATION_CONTEXT() REPRESENTATION_CONTEXT('2D SPACE',''
  ) );
#6544 = PCURVE('',#3155,#6545);
#6545 = DEFINITIONAL_REPRESENTATION('',(#6546),#6550);
#6546 = LINE('',#6547,#6548);
#6547 = CARTESIAN_POINT('',(-6.062177826491,0.));
#6548 = VECTOR('',#6549,1.);
#6549 = DIRECTION('',(-0.,-1.));
#6550 = ( GEOMETRIC_REPRESENTATION_CONTEXT(2) 
PARAMETRIC_REPRESENTATION_CONTEXT() REPRESENTATION_CONTEXT('2D SPACE',''
  ) );
#6551 = ORIENTED_EDGE('',*,*,#6552,.T.);
#6552 = EDGE_CURVE('',#6530,#6432,#6553,.T.);
#6553 = SURFACE_CURVE('',#6554,(#6558,#6565),.PCURVE_S1.);
#6554 = LINE('',#6555,#6556);
#6555 = CARTESIAN_POINT('',(-149.95,38.031088913246,31.75));
#6556 = VECTOR('',#6557,1.);
#6557 = DIRECTION('',(-0.,0.5,0.866025403784));
#6558 = PCURVE('',#3127,#6559);
#6559 = DEFINITIONAL_REPRESENTATION('',(#6560),#6564);
#6560 = LINE('',#6561,#6562);
#6561 = CARTESIAN_POINT('',(-0.,-4.5));
#6562 = VECTOR('',#6563,1.);
#6563 = DIRECTION('',(-1.,0.));
#6564 = ( GEOMETRIC_REPRESENTATION_CONTEXT(2) 
PARAMETRIC_REPRESENTATION_CONTEXT() REPRESENTATION_CONTEXT('2D SPACE',''
  ) );
#6565 = PCURVE('',#6345,#6566);
#6566 = DEFINITIONAL_REPRESENTATION('',(#6567),#6571);
#6567 = LINE('',#6568,#6569);
#6568 = CARTESIAN_POINT('',(5.25,-3.031088913246));
#6569 = VECTOR('',#6570,1.);
#6570 = DIRECTION('',(-0.866025403784,-0.5));
#6571 = ( GEOMETRIC_REPRESENTATION_CONTEXT(2) 
PARAMETRIC_REPRESENTATION_CONTEXT() REPRESENTATION_CONTEXT('2D SPACE',''
  ) );
#6572 = ORIENTED_EDGE('',*,*,#6431,.F.);
#6573 = ADVANCED_FACE('',(#6574),#3155,.T.);
#6574 = FACE_BOUND('',#6575,.F.);
#6575 = EDGE_LOOP('',(#6576,#6577,#6578,#6599));
#6576 = ORIENTED_EDGE('',*,*,#3139,.T.);
#6577 = ORIENTED_EDGE('',*,*,#6504,.T.);
#6578 = ORIENTED_EDGE('',*,*,#6579,.T.);
#6579 = EDGE_CURVE('',#6482,#6530,#6580,.T.);
#6580 = SURFACE_CURVE('',#6581,(#6585,#6592),.PCURVE_S1.);
#6581 = LINE('',#6582,#6583);
#6582 = CARTESIAN_POINT('',(-149.95,31.968911086754,31.75));
#6583 = VECTOR('',#6584,1.);
#6584 = DIRECTION('',(-0.,1.,-5.860457710883E-16));
#6585 = PCURVE('',#3155,#6586);
#6586 = DEFINITIONAL_REPRESENTATION('',(#6587),#6591);
#6587 = LINE('',#6588,#6589);
#6588 = CARTESIAN_POINT('',(-0.,-4.5));
#6589 = VECTOR('',#6590,1.);
#6590 = DIRECTION('',(-1.,0.));
#6591 = ( GEOMETRIC_REPRESENTATION_CONTEXT(2) 
PARAMETRIC_REPRESENTATION_CONTEXT() REPRESENTATION_CONTEXT('2D SPACE',''
  ) );
#6592 = PCURVE('',#6345,#6593);
#6593 = DEFINITIONAL_REPRESENTATION('',(#6594),#6598);
#6594 = LINE('',#6595,#6596);
#6595 = CARTESIAN_POINT('',(5.25,3.031088913246));
#6596 = VECTOR('',#6597,1.);
#6597 = DIRECTION('',(5.860457710883E-16,-1.));
#6598 = ( GEOMETRIC_REPRESENTATION_CONTEXT(2) 
PARAMETRIC_REPRESENTATION_CONTEXT() REPRESENTATION_CONTEXT('2D SPACE',''
  ) );
#6599 = ORIENTED_EDGE('',*,*,#6529,.F.);
#6600 = ADVANCED_FACE('',(#6601),#3532,.F.);
#6601 = FACE_BOUND('',#6602,.T.);
#6602 = EDGE_LOOP('',(#6603,#6624,#6625,#6626));
#6603 = ORIENTED_EDGE('',*,*,#6604,.T.);
#6604 = EDGE_CURVE('',#6092,#3512,#6605,.T.);
#6605 = SEAM_CURVE('',#6606,(#6610,#6617),.PCURVE_S1.);
#6606 = LINE('',#6607,#6608);
#6607 = CARTESIAN_POINT('',(-151.75,25.664033178576,-62.36217175223));
#6608 = VECTOR('',#6609,1.);
#6609 = DIRECTION('',(-0.,-0.157894736842,0.987455949437));
#6610 = PCURVE('',#3532,#6611);
#6611 = DEFINITIONAL_REPRESENTATION('',(#6612),#6616);
#6612 = LINE('',#6613,#6614);
#6613 = CARTESIAN_POINT('',(-6.28318530718,-0.));
#6614 = VECTOR('',#6615,1.);
#6615 = DIRECTION('',(-0.,1.));
#6616 = ( GEOMETRIC_REPRESENTATION_CONTEXT(2) 
PARAMETRIC_REPRESENTATION_CONTEXT() REPRESENTATION_CONTEXT('2D SPACE',''
  ) );
#6617 = PCURVE('',#3532,#6618);
#6618 = DEFINITIONAL_REPRESENTATION('',(#6619),#6623);
#6619 = LINE('',#6620,#6621);
#6620 = CARTESIAN_POINT('',(-0.,-0.));
#6621 = VECTOR('',#6622,1.);
#6622 = DIRECTION('',(-0.,1.));
#6623 = ( GEOMETRIC_REPRESENTATION_CONTEXT(2) 
PARAMETRIC_REPRESENTATION_CONTEXT() REPRESENTATION_CONTEXT('2D SPACE',''
  ) );
#6624 = ORIENTED_EDGE('',*,*,#3511,.T.);
#6625 = ORIENTED_EDGE('',*,*,#6604,.F.);
#6626 = ORIENTED_EDGE('',*,*,#6091,.T.);
#6627 = ADVANCED_FACE('',(#6628),#3580,.F.);
#6628 = FACE_BOUND('',#6629,.T.);
#6629 = EDGE_LOOP('',(#6630,#6651,#6652,#6653));
#6630 = ORIENTED_EDGE('',*,*,#6631,.T.);
#6631 = EDGE_CURVE('',#6240,#3560,#6632,.T.);
#6632 = SEAM_CURVE('',#6633,(#6637,#6644),.PCURVE_S1.);
#6633 = LINE('',#6634,#6635);
#6634 = CARTESIAN_POINT('',(-151.75,5.914914189845,-65.52006648907));
#6635 = VECTOR('',#6636,1.);
#6636 = DIRECTION('',(-0.,-0.157894736842,0.987455949437));
#6637 = PCURVE('',#3580,#6638);
#6638 = DEFINITIONAL_REPRESENTATION('',(#6639),#6643);
#6639 = LINE('',#6640,#6641);
#6640 = CARTESIAN_POINT('',(-6.28318530718,-0.));
#6641 = VECTOR('',#6642,1.);
#6642 = DIRECTION('',(-0.,1.));
#6643 = ( GEOMETRIC_REPRESENTATION_CONTEXT(2) 
PARAMETRIC_REPRESENTATION_CONTEXT() REPRESENTATION_CONTEXT('2D SPACE',''
  ) );
#6644 = PCURVE('',#3580,#6645);
#6645 = DEFINITIONAL_REPRESENTATION('',(#6646),#6650);
#6646 = LINE('',#6647,#6648);
#6647 = CARTESIAN_POINT('',(-0.,-0.));
#6648 = VECTOR('',#6649,1.);
#6649 = DIRECTION('',(-0.,1.));
#6650 = ( GEOMETRIC_REPRESENTATION_CONTEXT(2) 
PARAMETRIC_REPRESENTATION_CONTEXT() REPRESENTATION_CONTEXT('2D SPACE',''
  ) );
#6651 = ORIENTED_EDGE('',*,*,#3559,.T.);
#6652 = ORIENTED_EDGE('',*,*,#6631,.F.);
#6653 = ORIENTED_EDGE('',*,*,#6239,.T.);
#6654 = ADVANCED_FACE('',(#6655),#3652,.T.);
#6655 = FACE_BOUND('',#6656,.F.);
#6656 = EDGE_LOOP('',(#6657,#6685,#6686));
#6657 = ORIENTED_EDGE('',*,*,#6658,.F.);
#6658 = EDGE_CURVE('',#970,#6659,#6661,.T.);
#6659 = VERTEX_POINT('',#6660);
#6660 = CARTESIAN_POINT('',(-161.345,43.943409889039,38.00768028493));
#6661 = SURFACE_CURVE('',#6662,(#6666,#6673),.PCURVE_S1.);
#6662 = LINE('',#6663,#6664);
#6663 = CARTESIAN_POINT('',(-161.345,49.408827043452,38.623484903498));
#6664 = VECTOR('',#6665,1.);
#6665 = DIRECTION('',(-0.,-0.993712209893,-0.111964476103));
#6666 = PCURVE('',#3652,#6667);
#6667 = DEFINITIONAL_REPRESENTATION('',(#6668),#6672);
#6668 = LINE('',#6669,#6670);
#6669 = CARTESIAN_POINT('',(0.376549086617,-2.402471162241));
#6670 = VECTOR('',#6671,1.);
#6671 = DIRECTION('',(9.023834966008E-02,0.995920197732));
#6672 = ( GEOMETRIC_REPRESENTATION_CONTEXT(2) 
PARAMETRIC_REPRESENTATION_CONTEXT() REPRESENTATION_CONTEXT('2D SPACE',''
  ) );
#6673 = PCURVE('',#6674,#6679);
#6674 = PLANE('',#6675);
#6675 = AXIS2_PLACEMENT_3D('',#6676,#6677,#6678);
#6676 = CARTESIAN_POINT('',(-161.6880168685,46.358614831072,
    37.989943133611));
#6677 = DIRECTION('',(-0.643072453267,-8.574299376893E-02,0.760990117458
    ));
#6678 = DIRECTION('',(0.763802983622,6.938893903907E-18,0.645449457518)
  );
#6679 = DEFINITIONAL_REPRESENTATION('',(#6680),#6684);
#6680 = LINE('',#6681,#6682);
#6681 = CARTESIAN_POINT('',(0.670916499309,3.061486785501));
#6682 = VECTOR('',#6683,1.);
#6683 = DIRECTION('',(-7.226741036221E-02,-0.997385292352));
#6684 = ( GEOMETRIC_REPRESENTATION_CONTEXT(2) 
PARAMETRIC_REPRESENTATION_CONTEXT() REPRESENTATION_CONTEXT('2D SPACE',''
  ) );
#6685 = ORIENTED_EDGE('',*,*,#3636,.T.);
#6686 = ORIENTED_EDGE('',*,*,#6687,.T.);
#6687 = EDGE_CURVE('',#3637,#6659,#6688,.T.);
#6688 = SURFACE_CURVE('',#6689,(#6693,#6700),.PCURVE_S1.);
#6689 = LINE('',#6690,#6691);
#6690 = CARTESIAN_POINT('',(-162.545,49.136454726636,40.226553542367));
#6691 = VECTOR('',#6692,1.);
#6692 = DIRECTION('',(0.207853018889,-0.899491705601,-0.384332920909));
#6693 = PCURVE('',#3652,#6694);
#6694 = DEFINITIONAL_REPRESENTATION('',(#6695),#6699);
#6695 = LINE('',#6696,#6697);
#6696 = CARTESIAN_POINT('',(-1.625824258973,-2.129493645291));
#6697 = VECTOR('',#6698,1.);
#6698 = DIRECTION('',(0.432799223754,0.901490339337));
#6699 = ( GEOMETRIC_REPRESENTATION_CONTEXT(2) 
PARAMETRIC_REPRESENTATION_CONTEXT() REPRESENTATION_CONTEXT('2D SPACE',''
  ) );
#6700 = PCURVE('',#6701,#6706);
#6701 = PLANE('',#6702);
#6702 = AXIS2_PLACEMENT_3D('',#6703,#6704,#6705);
#6703 = CARTESIAN_POINT('',(-162.2019831314,46.176355780784,
    39.255479937789));
#6704 = DIRECTION('',(-0.643072453267,0.170407719642,-0.746605001949));
#6705 = DIRECTION('',(-0.757687208333,-0.,0.652617877726));
#6706 = DEFINITIONAL_REPRESENTATION('',(#6707),#6711);
#6707 = LINE('',#6708,#6709);
#6708 = CARTESIAN_POINT('',(0.893639488467,3.004037075586));
#6709 = VECTOR('',#6710,1.);
#6710 = DIRECTION('',(-0.40831010881,-0.912843280659));
#6711 = ( GEOMETRIC_REPRESENTATION_CONTEXT(2) 
PARAMETRIC_REPRESENTATION_CONTEXT() REPRESENTATION_CONTEXT('2D SPACE',''
  ) );
#6712 = ADVANCED_FACE('',(#6713),#3706,.T.);
#6713 = FACE_BOUND('',#6714,.F.);
#6714 = EDGE_LOOP('',(#6715,#6743,#6744));
#6715 = ORIENTED_EDGE('',*,*,#6716,.T.);
#6716 = EDGE_CURVE('',#6717,#3691,#6719,.T.);
#6717 = VERTEX_POINT('',#6718);
#6718 = CARTESIAN_POINT('',(-162.545,44.,37.));
#6719 = SURFACE_CURVE('',#6720,(#6724,#6731),.PCURVE_S1.);
#6720 = LINE('',#6721,#6722);
#6721 = CARTESIAN_POINT('',(-162.545,44.,37.));
#6722 = VECTOR('',#6723,1.);
#6723 = DIRECTION('',(-0.,1.,-0.));
#6724 = PCURVE('',#3706,#6725);
#6725 = DEFINITIONAL_REPRESENTATION('',(#6726),#6730);
#6726 = LINE('',#6727,#6728);
#6727 = CARTESIAN_POINT('',(0.591807873586,3.141309613198));
#6728 = VECTOR('',#6729,1.);
#6729 = DIRECTION('',(-0.,-1.));
#6730 = ( GEOMETRIC_REPRESENTATION_CONTEXT(2) 
PARAMETRIC_REPRESENTATION_CONTEXT() REPRESENTATION_CONTEXT('2D SPACE',''
  ) );
#6731 = PCURVE('',#6732,#6737);
#6732 = PLANE('',#6733);
#6733 = AXIS2_PLACEMENT_3D('',#6734,#6735,#6736);
#6734 = CARTESIAN_POINT('',(-162.2019831314,46.398032709438,
    36.711957220149));
#6735 = DIRECTION('',(-0.643072453267,-0.,-0.765805340703));
#6736 = DIRECTION('',(-0.765805340703,-0.,0.643072453267));
#6737 = DEFINITIONAL_REPRESENTATION('',(#6738),#6742);
#6738 = LINE('',#6739,#6740);
#6739 = CARTESIAN_POINT('',(0.44791652696,-2.398032709438));
#6740 = VECTOR('',#6741,1.);
#6741 = DIRECTION('',(-0.,1.));
#6742 = ( GEOMETRIC_REPRESENTATION_CONTEXT(2) 
PARAMETRIC_REPRESENTATION_CONTEXT() REPRESENTATION_CONTEXT('2D SPACE',''
  ) );
#6743 = ORIENTED_EDGE('',*,*,#3690,.T.);
#6744 = ORIENTED_EDGE('',*,*,#6745,.T.);
#6745 = EDGE_CURVE('',#970,#6717,#6746,.T.);
#6746 = SURFACE_CURVE('',#6747,(#6751,#6758),.PCURVE_S1.);
#6747 = LINE('',#6748,#6749);
#6748 = CARTESIAN_POINT('',(-161.345,49.408827043452,38.623484903498));
#6749 = VECTOR('',#6750,1.);
#6750 = DIRECTION('',(-0.207853018889,-0.936867524692,-0.281205198594));
#6751 = PCURVE('',#3706,#6752);
#6752 = DEFINITIONAL_REPRESENTATION('',(#6753),#6757);
#6753 = LINE('',#6754,#6755);
#6754 = CARTESIAN_POINT('',(-1.427029225312,-2.267517430254));
#6755 = VECTOR('',#6756,1.);
#6756 = DIRECTION('',(0.349684488043,0.936867524692));
#6757 = ( GEOMETRIC_REPRESENTATION_CONTEXT(2) 
PARAMETRIC_REPRESENTATION_CONTEXT() REPRESENTATION_CONTEXT('2D SPACE',''
  ) );
#6758 = PCURVE('',#6674,#6759);
#6759 = DEFINITIONAL_REPRESENTATION('',(#6760),#6764);
#6760 = LINE('',#6761,#6762);
#6761 = CARTESIAN_POINT('',(0.670916499309,3.061486785501));
#6762 = VECTOR('',#6763,1.);
#6763 = DIRECTION('',(-0.340262498866,-0.940330490767));
#6764 = ( GEOMETRIC_REPRESENTATION_CONTEXT(2) 
PARAMETRIC_REPRESENTATION_CONTEXT() REPRESENTATION_CONTEXT('2D SPACE',''
  ) );
#6765 = ADVANCED_FACE('',(#6766),#3758,.T.);
#6766 = FACE_BOUND('',#6767,.F.);
#6767 = EDGE_LOOP('',(#6768,#6791,#6792));
#6768 = ORIENTED_EDGE('',*,*,#6769,.F.);
#6769 = EDGE_CURVE('',#3637,#6770,#6772,.T.);
#6770 = VERTEX_POINT('',#6771);
#6771 = CARTESIAN_POINT('',(-162.545,43.774351209636,39.002688405607));
#6772 = SURFACE_CURVE('',#6773,(#6777,#6784),.PCURVE_S1.);
#6773 = LINE('',#6774,#6775);
#6774 = CARTESIAN_POINT('',(-162.545,49.136454726636,40.226553542367));
#6775 = VECTOR('',#6776,1.);
#6776 = DIRECTION('',(-0.,-0.974927912182,-0.222520933956));
#6777 = PCURVE('',#3758,#6778);
#6778 = DEFINITIONAL_REPRESENTATION('',(#6779),#6783);
#6779 = LINE('',#6780,#6781);
#6780 = CARTESIAN_POINT('',(0.156268785242,-2.426775013632));
#6781 = VECTOR('',#6782,1.);
#6782 = DIRECTION('',(0.180530405641,0.983569404078));
#6783 = ( GEOMETRIC_REPRESENTATION_CONTEXT(2) 
PARAMETRIC_REPRESENTATION_CONTEXT() REPRESENTATION_CONTEXT('2D SPACE',''
  ) );
#6784 = PCURVE('',#6701,#6785);
#6785 = DEFINITIONAL_REPRESENTATION('',(#6786),#6790);
#6786 = LINE('',#6787,#6788);
#6787 = CARTESIAN_POINT('',(0.893639488467,3.004037075586));
#6788 = VECTOR('',#6789,1.);
#6789 = DIRECTION('',(-0.145221139668,-0.98939922205));
#6790 = ( GEOMETRIC_REPRESENTATION_CONTEXT(2) 
PARAMETRIC_REPRESENTATION_CONTEXT() REPRESENTATION_CONTEXT('2D SPACE',''
  ) );
#6791 = ORIENTED_EDGE('',*,*,#3744,.T.);
#6792 = ORIENTED_EDGE('',*,*,#6793,.T.);
#6793 = EDGE_CURVE('',#2484,#6770,#6794,.T.);
#6794 = SURFACE_CURVE('',#6795,(#6799,#6806),.PCURVE_S1.);
#6795 = LINE('',#6796,#6797);
#6796 = CARTESIAN_POINT('',(-161.345,48.686308289471,41.78904639835));
#6797 = VECTOR('',#6798,1.);
#6798 = DIRECTION('',(-0.207853018889,-0.850804256414,-0.482627433748));
#6799 = PCURVE('',#3758,#6800);
#6800 = DEFINITIONAL_REPRESENTATION('',(#6801),#6805);
#6801 = LINE('',#6802,#6803);
#6802 = CARTESIAN_POINT('',(-1.812938126224,-1.972638602706));
#6803 = VECTOR('',#6804,1.);
#6804 = DIRECTION('',(0.513072037784,0.858345550489));
#6805 = ( GEOMETRIC_REPRESENTATION_CONTEXT(2) 
PARAMETRIC_REPRESENTATION_CONTEXT() REPRESENTATION_CONTEXT('2D SPACE',''
  ) );
#6806 = PCURVE('',#6807,#6812);
#6807 = PLANE('',#6808);
#6808 = AXIS2_PLACEMENT_3D('',#6809,#6810,#6811);
#6809 = CARTESIAN_POINT('',(-161.6880168685,45.85354757188,
    40.49265277309));
#6810 = DIRECTION('',(-0.643072453267,-0.252929469568,0.722830895351));
#6811 = DIRECTION('',(0.747123836079,0.,0.66468486786));
#6812 = DEFINITIONAL_REPRESENTATION('',(#6813),#6817);
#6813 = LINE('',#6814,#6815);
#6814 = CARTESIAN_POINT('',(1.117969304161,2.927964296537));
#6815 = VECTOR('',#6816,1.);
#6816 = DIRECTION('',(-0.476087096839,-0.879398132943));
#6817 = ( GEOMETRIC_REPRESENTATION_CONTEXT(2) 
PARAMETRIC_REPRESENTATION_CONTEXT() REPRESENTATION_CONTEXT('2D SPACE',''
  ) );
#6818 = ADVANCED_FACE('',(#6819),#3787,.T.);
#6819 = FACE_BOUND('',#6820,.F.);
#6820 = EDGE_LOOP('',(#6821,#6849,#6850));
#6821 = ORIENTED_EDGE('',*,*,#6822,.F.);
#6822 = EDGE_CURVE('',#1028,#6823,#6825,.T.);
#6823 = VERTEX_POINT('',#6824);
#6824 = CARTESIAN_POINT('',(-161.345,43.943409889039,35.99231971507));
#6825 = SURFACE_CURVE('',#6826,(#6830,#6837),.PCURVE_S1.);
#6826 = LINE('',#6827,#6828);
#6827 = CARTESIAN_POINT('',(-161.345,49.408827043452,35.376515096502));
#6828 = VECTOR('',#6829,1.);
#6829 = DIRECTION('',(-0.,-0.993712209893,0.111964476103));
#6830 = PCURVE('',#3787,#6831);
#6831 = DEFINITIONAL_REPRESENTATION('',(#6832),#6836);
#6832 = LINE('',#6833,#6834);
#6833 = CARTESIAN_POINT('',(0.802237742345,-2.295663630584));
#6834 = VECTOR('',#6835,1.);
#6835 = DIRECTION('',(-9.023834966008E-02,0.995920197732));
#6836 = ( GEOMETRIC_REPRESENTATION_CONTEXT(2) 
PARAMETRIC_REPRESENTATION_CONTEXT() REPRESENTATION_CONTEXT('2D SPACE',''
  ) );
#6837 = PCURVE('',#6838,#6843);
#6838 = PLANE('',#6839);
#6839 = AXIS2_PLACEMENT_3D('',#6840,#6841,#6842);
#6840 = CARTESIAN_POINT('',(-161.6880168685,46.29411371319,
    35.43759361177));
#6841 = DIRECTION('',(-0.643072453267,8.574299376893E-02,0.760990117458)
  );
#6842 = DIRECTION('',(0.763802983622,6.938893903907E-18,0.645449457518)
  );
#6843 = DEFINITIONAL_REPRESENTATION('',(#6844),#6848);
#6844 = LINE('',#6845,#6846);
#6845 = CARTESIAN_POINT('',(0.222574213074,3.126226320425));
#6846 = VECTOR('',#6847,1.);
#6847 = DIRECTION('',(7.226741036221E-02,-0.997385292352));
#6848 = ( GEOMETRIC_REPRESENTATION_CONTEXT(2) 
PARAMETRIC_REPRESENTATION_CONTEXT() REPRESENTATION_CONTEXT('2D SPACE',''
  ) );
#6849 = ORIENTED_EDGE('',*,*,#3773,.T.);
#6850 = ORIENTED_EDGE('',*,*,#6851,.T.);
#6851 = EDGE_CURVE('',#3691,#6823,#6852,.T.);
#6852 = SURFACE_CURVE('',#6853,(#6857,#6864),.PCURVE_S1.);
#6853 = LINE('',#6854,#6855);
#6854 = CARTESIAN_POINT('',(-162.545,49.5,37.));
#6855 = VECTOR('',#6856,1.);
#6856 = DIRECTION('',(0.207853018889,-0.962461691077,-0.174541157748));
#6857 = PCURVE('',#3787,#6858);
#6858 = DEFINITIONAL_REPRESENTATION('',(#6859),#6863);
#6859 = LINE('',#6860,#6861);
#6860 = CARTESIAN_POINT('',(-1.21659019751,-2.387039169708));
#6861 = VECTOR('',#6862,1.);
#6862 = DIRECTION('',(0.263716465197,0.964600241543));
#6863 = ( GEOMETRIC_REPRESENTATION_CONTEXT(2) 
PARAMETRIC_REPRESENTATION_CONTEXT() REPRESENTATION_CONTEXT('2D SPACE',''
  ) );
#6864 = PCURVE('',#6732,#6865);
#6865 = DEFINITIONAL_REPRESENTATION('',(#6866),#6870);
#6866 = LINE('',#6867,#6868);
#6867 = CARTESIAN_POINT('',(0.44791652696,3.101967290562));
#6868 = VECTOR('',#6869,1.);
#6869 = DIRECTION('',(-0.271417562456,-0.962461691077));
#6870 = ( GEOMETRIC_REPRESENTATION_CONTEXT(2) 
PARAMETRIC_REPRESENTATION_CONTEXT() REPRESENTATION_CONTEXT('2D SPACE',''
  ) );
#6871 = ADVANCED_FACE('',(#6872),#3820,.T.);
#6872 = FACE_BOUND('',#6873,.F.);
#6873 = EDGE_LOOP('',(#6874,#6897,#6898));
#6874 = ORIENTED_EDGE('',*,*,#6875,.F.);
#6875 = EDGE_CURVE('',#2484,#6876,#6878,.T.);
#6876 = VERTEX_POINT('',#6877);
#6877 = CARTESIAN_POINT('',(-161.345,43.494949972775,39.972511557597));
#6878 = SURFACE_CURVE('',#6879,(#6883,#6890),.PCURVE_S1.);
#6879 = LINE('',#6880,#6881);
#6880 = CARTESIAN_POINT('',(-161.345,48.686308289471,41.78904639835));
#6881 = VECTOR('',#6882,1.);
#6882 = DIRECTION('',(-0.,-0.943883330308,-0.330279061955));
#6883 = PCURVE('',#3820,#6884);
#6884 = DEFINITIONAL_REPRESENTATION('',(#6885),#6889);
#6885 = LINE('',#6886,#6887);
#6886 = CARTESIAN_POINT('',(-6.921746515185E-02,-2.430815880018));
#6887 = VECTOR('',#6888,1.);
#6888 = DIRECTION('',(0.270871065698,0.962615637608));
#6889 = ( GEOMETRIC_REPRESENTATION_CONTEXT(2) 
PARAMETRIC_REPRESENTATION_CONTEXT() REPRESENTATION_CONTEXT('2D SPACE',''
  ) );
#6890 = PCURVE('',#6807,#6891);
#6891 = DEFINITIONAL_REPRESENTATION('',(#6892),#6896);
#6892 = LINE('',#6893,#6894);
#6893 = CARTESIAN_POINT('',(1.117969304161,2.927964296537));
#6894 = VECTOR('',#6895,1.);
#6895 = DIRECTION('',(-0.219531494653,-0.975605413503));
#6896 = ( GEOMETRIC_REPRESENTATION_CONTEXT(2) 
PARAMETRIC_REPRESENTATION_CONTEXT() REPRESENTATION_CONTEXT('2D SPACE',''
  ) );
#6897 = ORIENTED_EDGE('',*,*,#3804,.T.);
#6898 = ORIENTED_EDGE('',*,*,#6899,.T.);
#6899 = EDGE_CURVE('',#3805,#6876,#6900,.T.);
#6900 = SURFACE_CURVE('',#6901,(#6905,#6912),.PCURVE_S1.);
#6901 = LINE('',#6902,#6903);
#6902 = CARTESIAN_POINT('',(-162.545,48.064048584585,43.291314217205));
#6903 = VECTOR('',#6904,1.);
#6904 = DIRECTION('',(0.207853018889,-0.791417450055,-0.57485262658));
#6905 = PCURVE('',#3820,#6906);
#6906 = DEFINITIONAL_REPRESENTATION('',(#6907),#6911);
#6907 = LINE('',#6908,#6909);
#6908 = CARTESIAN_POINT('',(-1.987885510431,-1.796206809869));
#6909 = VECTOR('',#6910,1.);
#6910 = DIRECTION('',(0.59038206125,0.807123919701));
#6911 = ( GEOMETRIC_REPRESENTATION_CONTEXT(2) 
PARAMETRIC_REPRESENTATION_CONTEXT() REPRESENTATION_CONTEXT('2D SPACE',''
  ) );
#6912 = PCURVE('',#6913,#6918);
#6913 = PLANE('',#6914);
#6914 = AXIS2_PLACEMENT_3D('',#6915,#6916,#6917);
#6915 = CARTESIAN_POINT('',(-162.2019831314,45.394249704885,
    41.685903473285));
#6916 = DIRECTION('',(-0.643072453267,0.33227048466,-0.689966770847));
#6917 = DIRECTION('',(-0.73152923209,-2.775557561563E-17,0.681810078099)
  );
#6918 = DEFINITIONAL_REPRESENTATION('',(#6919),#6923);
#6919 = LINE('',#6920,#6921);
#6920 = CARTESIAN_POINT('',(1.345512091126,2.830623164512));
#6921 = VECTOR('',#6922,1.);
#6922 = DIRECTION('',(-0.54399087352,-0.839091133029));
#6923 = ( GEOMETRIC_REPRESENTATION_CONTEXT(2) 
PARAMETRIC_REPRESENTATION_CONTEXT() REPRESENTATION_CONTEXT('2D SPACE',''
  ) );
#6924 = ADVANCED_FACE('',(#6925),#3895,.T.);
#6925 = FACE_BOUND('',#6926,.F.);
#6926 = EDGE_LOOP('',(#6927,#6955,#6956));
#6927 = ORIENTED_EDGE('',*,*,#6928,.F.);
#6928 = EDGE_CURVE('',#3858,#6929,#6931,.T.);
#6929 = VERTEX_POINT('',#6930);
#6930 = CARTESIAN_POINT('',(-162.545,43.774351209636,34.997311594393));
#6931 = SURFACE_CURVE('',#6932,(#6936,#6943),.PCURVE_S1.);
#6932 = LINE('',#6933,#6934);
#6933 = CARTESIAN_POINT('',(-162.545,49.136454726636,33.773446457633));
#6934 = VECTOR('',#6935,1.);
#6935 = DIRECTION('',(-0.,-0.974927912182,0.222520933956));
#6936 = PCURVE('',#3895,#6937);
#6937 = DEFINITIONAL_REPRESENTATION('',(#6938),#6942);
#6938 = LINE('',#6939,#6940);
#6939 = CARTESIAN_POINT('',(1.007899449863,-2.213096382673));
#6940 = VECTOR('',#6941,1.);
#6941 = DIRECTION('',(-0.180530405641,0.983569404078));
#6942 = ( GEOMETRIC_REPRESENTATION_CONTEXT(2) 
PARAMETRIC_REPRESENTATION_CONTEXT() REPRESENTATION_CONTEXT('2D SPACE',''
  ) );
#6943 = PCURVE('',#6944,#6949);
#6944 = PLANE('',#6945);
#6945 = AXIS2_PLACEMENT_3D('',#6946,#6947,#6948);
#6946 = CARTESIAN_POINT('',(-162.2019831314,46.048164684001,
    34.182878170252));
#6947 = DIRECTION('',(-0.643072453267,-0.170407719642,-0.746605001949));
#6948 = DIRECTION('',(-0.757687208333,1.387778780781E-17,0.652617877726)
  );
#6949 = DEFINITIONAL_REPRESENTATION('',(#6950),#6954);
#6950 = LINE('',#6951,#6952);
#6951 = CARTESIAN_POINT('',(-7.302961831254E-03,3.134130972629));
#6952 = VECTOR('',#6953,1.);
#6953 = DIRECTION('',(0.145221139668,-0.98939922205));
#6954 = ( GEOMETRIC_REPRESENTATION_CONTEXT(2) 
PARAMETRIC_REPRESENTATION_CONTEXT() REPRESENTATION_CONTEXT('2D SPACE',''
  ) );
#6955 = ORIENTED_EDGE('',*,*,#3881,.T.);
#6956 = ORIENTED_EDGE('',*,*,#6957,.T.);
#6957 = EDGE_CURVE('',#1028,#6929,#6958,.T.);
#6958 = SURFACE_CURVE('',#6959,(#6963,#6970),.PCURVE_S1.);
#6959 = LINE('',#6960,#6961);
#6960 = CARTESIAN_POINT('',(-161.345,49.408827043452,35.376515096502));
#6961 = VECTOR('',#6962,1.);
#6962 = DIRECTION('',(-0.207853018889,-0.975952343263,
    -6.568216057219E-02));
#6963 = PCURVE('',#3895,#6964);
#6964 = DEFINITIONAL_REPRESENTATION('',(#6965),#6969);
#6965 = LINE('',#6966,#6967);
#6966 = CARTESIAN_POINT('',(-0.994226443261,-2.487882932519));
#6967 = VECTOR('',#6968,1.);
#6968 = DIRECTION('',(0.174805889255,0.984602915434));
#6969 = ( GEOMETRIC_REPRESENTATION_CONTEXT(2) 
PARAMETRIC_REPRESENTATION_CONTEXT() REPRESENTATION_CONTEXT('2D SPACE',''
  ) );
#6970 = PCURVE('',#6838,#6971);
#6971 = DEFINITIONAL_REPRESENTATION('',(#6972),#6976);
#6972 = LINE('',#6973,#6974);
#6973 = CARTESIAN_POINT('',(0.222574213074,3.126226320425));
#6974 = VECTOR('',#6975,1.);
#6975 = DIRECTION('',(-0.201153270892,-0.979559779498));
#6976 = ( GEOMETRIC_REPRESENTATION_CONTEXT(2) 
PARAMETRIC_REPRESENTATION_CONTEXT() REPRESENTATION_CONTEXT('2D SPACE',''
  ) );
#6977 = ADVANCED_FACE('',(#6978),#3926,.T.);
#6978 = FACE_BOUND('',#6979,.F.);
#6979 = EDGE_LOOP('',(#6980,#7003,#7004));
#6980 = ORIENTED_EDGE('',*,*,#6981,.F.);
#6981 = EDGE_CURVE('',#3805,#6982,#6984,.T.);
#6982 = VERTEX_POINT('',#6983);
#6983 = CARTESIAN_POINT('',(-162.545,43.108719811122,40.904953652058));
#6984 = SURFACE_CURVE('',#6985,(#6989,#6996),.PCURVE_S1.);
#6985 = LINE('',#6986,#6987);
#6986 = CARTESIAN_POINT('',(-162.545,48.064048584585,43.291314217205));
#6987 = VECTOR('',#6988,1.);
#6988 = DIRECTION('',(-0.,-0.900968867902,-0.433883739118));
#6989 = PCURVE('',#3926,#6990);
#6990 = DEFINITIONAL_REPRESENTATION('',(#6991),#6995);
#6991 = LINE('',#6992,#6993);
#6992 = CARTESIAN_POINT('',(-0.299929562456,-2.413234169656));
#6993 = VECTOR('',#6994,1.);
#6994 = DIRECTION('',(0.361132205367,0.932514627363));
#6995 = ( GEOMETRIC_REPRESENTATION_CONTEXT(2) 
PARAMETRIC_REPRESENTATION_CONTEXT() REPRESENTATION_CONTEXT('2D SPACE',''
  ) );
#6996 = PCURVE('',#6913,#6997);
#6997 = DEFINITIONAL_REPRESENTATION('',(#6998),#7002);
#6998 = LINE('',#6999,#7000);
#6999 = CARTESIAN_POINT('',(1.345512091126,2.830623164512));
#7000 = VECTOR('',#7001,1.);
#7001 = DIRECTION('',(-0.295826306054,-0.955241747751));
#7002 = ( GEOMETRIC_REPRESENTATION_CONTEXT(2) 
PARAMETRIC_REPRESENTATION_CONTEXT() REPRESENTATION_CONTEXT('2D SPACE',''
  ) );
#7003 = ORIENTED_EDGE('',*,*,#3912,.T.);
#7004 = ORIENTED_EDGE('',*,*,#7005,.T.);
#7005 = EDGE_CURVE('',#2428,#6982,#7006,.T.);
#7006 = SURFACE_CURVE('',#7007,(#7011,#7018),.PCURVE_S1.);
#7007 = LINE('',#7008,#7009);
#7008 = CARTESIAN_POINT('',(-161.345,47.27750088881,44.714465109472));
#7009 = VECTOR('',#7010,1.);
#7010 = DIRECTION('',(-0.207853018889,-0.722078110071,-0.659848714097));
#7011 = PCURVE('',#3926,#7012);
#7012 = DEFINITIONAL_REPRESENTATION('',(#7013),#7017);
#7013 = LINE('',#7014,#7015);
#7014 = CARTESIAN_POINT('',(-2.149599196574,-1.599146960254));
#7015 = VECTOR('',#7016,1.);
#7016 = DIRECTION('',(0.66441893539,0.747360340328));
#7017 = ( GEOMETRIC_REPRESENTATION_CONTEXT(2) 
PARAMETRIC_REPRESENTATION_CONTEXT() REPRESENTATION_CONTEXT('2D SPACE',''
  ) );
#7018 = PCURVE('',#7019,#7024);
#7019 = PLANE('',#7020);
#7020 = AXIS2_PLACEMENT_3D('',#7021,#7022,#7023);
#7021 = CARTESIAN_POINT('',(-161.6880168685,44.804238116966,
    42.820226218479));
#7022 = DIRECTION('',(-0.643072453267,-0.407433005621,0.648425913871));
#7023 = DIRECTION('',(0.710031748261,0.,0.704169664542));
#7024 = DEFINITIONAL_REPRESENTATION('',(#7025),#7029);
#7025 = LINE('',#7026,#7027);
#7026 = CARTESIAN_POINT('',(1.577418431283,2.708243227535));
#7027 = VECTOR('',#7028,1.);
#7028 = DIRECTION('',(-0.612227690037,-0.790681513349));
#7029 = ( GEOMETRIC_REPRESENTATION_CONTEXT(2) 
PARAMETRIC_REPRESENTATION_CONTEXT() REPRESENTATION_CONTEXT('2D SPACE',''
  ) );
#7030 = ADVANCED_FACE('',(#7031),#3955,.T.);
#7031 = FACE_BOUND('',#7032,.F.);
#7032 = EDGE_LOOP('',(#7033,#7061,#7062));
#7033 = ORIENTED_EDGE('',*,*,#7034,.F.);
#7034 = EDGE_CURVE('',#1084,#7035,#7037,.T.);
#7035 = VERTEX_POINT('',#7036);
#7036 = CARTESIAN_POINT('',(-161.345,43.494949972775,34.027488442403));
#7037 = SURFACE_CURVE('',#7038,(#7042,#7049),.PCURVE_S1.);
#7038 = LINE('',#7039,#7040);
#7039 = CARTESIAN_POINT('',(-161.345,48.686308289471,32.21095360165));
#7040 = VECTOR('',#7041,1.);
#7041 = DIRECTION('',(-0.,-0.943883330308,0.330279061955));
#7042 = PCURVE('',#3955,#7043);
#7043 = DEFINITIONAL_REPRESENTATION('',(#7044),#7048);
#7044 = LINE('',#7045,#7046);
#7045 = CARTESIAN_POINT('',(1.208584492299,-2.110208621204));
#7046 = VECTOR('',#7047,1.);
#7047 = DIRECTION('',(-0.270871065698,0.962615637608));
#7048 = ( GEOMETRIC_REPRESENTATION_CONTEXT(2) 
PARAMETRIC_REPRESENTATION_CONTEXT() REPRESENTATION_CONTEXT('2D SPACE',''
  ) );
#7049 = PCURVE('',#7050,#7055);
#7050 = PLANE('',#7051);
#7051 = AXIS2_PLACEMENT_3D('',#7052,#7053,#7054);
#7052 = CARTESIAN_POINT('',(-161.6880168685,45.663278573616,
    32.963589670275));
#7053 = DIRECTION('',(-0.643072453267,0.252929469568,0.722830895351));
#7054 = DIRECTION('',(0.747123836079,0.,0.66468486786));
#7055 = DEFINITIONAL_REPRESENTATION('',(#7056),#7060);
#7056 = LINE('',#7057,#7058);
#7057 = CARTESIAN_POINT('',(-0.243989727161,3.124627865824));
#7058 = VECTOR('',#7059,1.);
#7059 = DIRECTION('',(0.219531494653,-0.975605413503));
#7060 = ( GEOMETRIC_REPRESENTATION_CONTEXT(2) 
PARAMETRIC_REPRESENTATION_CONTEXT() REPRESENTATION_CONTEXT('2D SPACE',''
  ) );
#7061 = ORIENTED_EDGE('',*,*,#3941,.T.);
#7062 = ORIENTED_EDGE('',*,*,#7063,.T.);
#7063 = EDGE_CURVE('',#3858,#7035,#7064,.T.);
#7064 = SURFACE_CURVE('',#7065,(#7069,#7076),.PCURVE_S1.);
#7065 = LINE('',#7066,#7067);
#7066 = CARTESIAN_POINT('',(-162.545,49.136454726636,33.773446457633));
#7067 = VECTOR('',#7068,1.);
#7068 = DIRECTION('',(0.207853018889,-0.977169828473,4.400282788252E-02)
  );
#7069 = PCURVE('',#3955,#7070);
#7070 = DEFINITIONAL_REPRESENTATION('',(#7071),#7075);
#7071 = LINE('',#7072,#7073);
#7072 = CARTESIAN_POINT('',(-0.759475784786,-2.569288663954));
#7073 = VECTOR('',#7074,1.);
#7074 = DIRECTION('',(8.284145158733E-02,0.99656273957));
#7075 = ( GEOMETRIC_REPRESENTATION_CONTEXT(2) 
PARAMETRIC_REPRESENTATION_CONTEXT() REPRESENTATION_CONTEXT('2D SPACE',''
  ) );
#7076 = PCURVE('',#6944,#7077);
#7077 = DEFINITIONAL_REPRESENTATION('',(#7078),#7082);
#7078 = LINE('',#7079,#7080);
#7079 = CARTESIAN_POINT('',(-7.302961831254E-03,3.134130972629));
#7080 = VECTOR('',#7081,1.);
#7081 = DIRECTION('',(-0.128770541479,-0.99167441615));
#7082 = ( GEOMETRIC_REPRESENTATION_CONTEXT(2) 
PARAMETRIC_REPRESENTATION_CONTEXT() REPRESENTATION_CONTEXT('2D SPACE',''
  ) );
#7083 = ADVANCED_FACE('',(#7084),#3988,.T.);
#7084 = FACE_BOUND('',#7085,.F.);
#7085 = EDGE_LOOP('',(#7086,#7109,#7110));
#7086 = ORIENTED_EDGE('',*,*,#7087,.F.);
#7087 = EDGE_CURVE('',#2428,#7088,#7090,.T.);
#7088 = VERTEX_POINT('',#7089);
#7089 = CARTESIAN_POINT('',(-161.345,42.620517793055,41.788288688638));
#7090 = SURFACE_CURVE('',#7091,(#7095,#7102),.PCURVE_S1.);
#7091 = LINE('',#7092,#7093);
#7092 = CARTESIAN_POINT('',(-161.345,47.27750088881,44.714465109472));
#7093 = VECTOR('',#7094,1.);
#7094 = DIRECTION('',(-0.,-0.846724199228,-0.532032076515));
#7095 = PCURVE('',#3988,#7096);
#7096 = DEFINITIONAL_REPRESENTATION('',(#7097),#7101);
#7097 = LINE('',#7098,#7099);
#7098 = CARTESIAN_POINT('',(-0.535536233861,-2.372099880328));
#7099 = VECTOR('',#7100,1.);
#7100 = DIRECTION('',(0.450988550365,0.892529734765));
#7101 = ( GEOMETRIC_REPRESENTATION_CONTEXT(2) 
PARAMETRIC_REPRESENTATION_CONTEXT() REPRESENTATION_CONTEXT('2D SPACE',''
  ) );
#7102 = PCURVE('',#7019,#7103);
#7103 = DEFINITIONAL_REPRESENTATION('',(#7104),#7108);
#7104 = LINE('',#7105,#7106);
#7105 = CARTESIAN_POINT('',(1.577418431283,2.708243227535));
#7106 = VECTOR('',#7107,1.);
#7107 = DIRECTION('',(-0.374640848846,-0.927170013739));
#7108 = ( GEOMETRIC_REPRESENTATION_CONTEXT(2) 
PARAMETRIC_REPRESENTATION_CONTEXT() REPRESENTATION_CONTEXT('2D SPACE',''
  ) );
#7109 = ORIENTED_EDGE('',*,*,#3972,.T.);
#7110 = ORIENTED_EDGE('',*,*,#7111,.T.);
#7111 = EDGE_CURVE('',#3973,#7088,#7112,.T.);
#7112 = SURFACE_CURVE('',#7113,(#7117,#7124),.PCURVE_S1.);
#7113 = LINE('',#7114,#7115);
#7114 = CARTESIAN_POINT('',(-162.545,46.336556495786,46.040602126952));
#7115 = VECTOR('',#7116,1.);
#7116 = DIRECTION('',(0.207853018889,-0.643658218893,-0.73654682118));
#7117 = PCURVE('',#3988,#7118);
#7118 = DEFINITIONAL_REPRESENTATION('',(#7119),#7123);
#7119 = LINE('',#7120,#7121);
#7120 = CARTESIAN_POINT('',(-2.296290414767,-1.380252888948));
#7121 = VECTOR('',#7122,1.);
#7122 = DIRECTION('',(0.734620330209,0.678478422976));
#7123 = ( GEOMETRIC_REPRESENTATION_CONTEXT(2) 
PARAMETRIC_REPRESENTATION_CONTEXT() REPRESENTATION_CONTEXT('2D SPACE',''
  ) );
#7124 = PCURVE('',#7125,#7130);
#7125 = PLANE('',#7126);
#7126 = AXIS2_PLACEMENT_3D('',#7127,#7128,#7129);
#7127 = CARTESIAN_POINT('',(-162.2019831314,44.090932546175,
    43.881356242002));
#7128 = DIRECTION('',(-0.643072453267,0.477471820137,-0.598730724804));
#7129 = DIRECTION('',(0.681423463584,0.,-0.731889379126));
#7130 = DEFINITIONAL_REPRESENTATION('',(#7131),#7135);
#7131 = LINE('',#7132,#7133);
#7132 = CARTESIAN_POINT('',(-1.814068872742,-2.555774718513));
#7133 = VECTOR('',#7134,1.);
#7134 = DIRECTION('',(0.680706719698,0.732556046837));
#7135 = ( GEOMETRIC_REPRESENTATION_CONTEXT(2) 
PARAMETRIC_REPRESENTATION_CONTEXT() REPRESENTATION_CONTEXT('2D SPACE',''
  ) );
#7136 = ADVANCED_FACE('',(#7137),#4063,.T.);
#7137 = FACE_BOUND('',#7138,.F.);
#7138 = EDGE_LOOP('',(#7139,#7167,#7168));
#7139 = ORIENTED_EDGE('',*,*,#7140,.F.);
#7140 = EDGE_CURVE('',#4026,#7141,#7143,.T.);
#7141 = VERTEX_POINT('',#7142);
#7142 = CARTESIAN_POINT('',(-162.545,43.108719811122,33.095046347942));
#7143 = SURFACE_CURVE('',#7144,(#7148,#7155),.PCURVE_S1.);
#7144 = LINE('',#7145,#7146);
#7145 = CARTESIAN_POINT('',(-162.545,48.064048584585,30.708685782795));
#7146 = VECTOR('',#7147,1.);
#7147 = DIRECTION('',(-0.,-0.900968867902,0.433883739118));
#7148 = PCURVE('',#4063,#7149);
#7149 = DEFINITIONAL_REPRESENTATION('',(#7150),#7154);
#7150 = LINE('',#7151,#7152);
#7151 = CARTESIAN_POINT('',(1.403668559872,-1.985792404573));
#7152 = VECTOR('',#7153,1.);
#7153 = DIRECTION('',(-0.361132205367,0.932514627363));
#7154 = ( GEOMETRIC_REPRESENTATION_CONTEXT(2) 
PARAMETRIC_REPRESENTATION_CONTEXT() REPRESENTATION_CONTEXT('2D SPACE',''
  ) );
#7155 = PCURVE('',#7156,#7161);
#7156 = PLANE('',#7157);
#7157 = AXIS2_PLACEMENT_3D('',#7158,#7159,#7160);
#7158 = CARTESIAN_POINT('',(-162.2019831314,45.144295548189,
    31.795061372175));
#7159 = DIRECTION('',(-0.643072453267,-0.33227048466,-0.689966770847));
#7160 = DIRECTION('',(-0.73152923209,-0.,0.681810078099));
#7161 = DEFINITIONAL_REPRESENTATION('',(#7162),#7166);
#7162 = LINE('',#7163,#7164);
#7163 = CARTESIAN_POINT('',(-0.489774959006,3.095634147694));
#7164 = VECTOR('',#7165,1.);
#7165 = DIRECTION('',(0.295826306054,-0.955241747751));
#7166 = ( GEOMETRIC_REPRESENTATION_CONTEXT(2) 
PARAMETRIC_REPRESENTATION_CONTEXT() REPRESENTATION_CONTEXT('2D SPACE',''
  ) );
#7167 = ORIENTED_EDGE('',*,*,#4049,.T.);
#7168 = ORIENTED_EDGE('',*,*,#7169,.T.);
#7169 = EDGE_CURVE('',#1084,#7141,#7170,.T.);
#7170 = SURFACE_CURVE('',#7171,(#7175,#7182),.PCURVE_S1.);
#7171 = LINE('',#7172,#7173);
#7172 = CARTESIAN_POINT('',(-161.345,48.686308289471,32.21095360165));
#7173 = VECTOR('',#7174,1.);
#7174 = DIRECTION('',(-0.207853018889,-0.966098836122,0.153134455246));
#7175 = PCURVE('',#4063,#7176);
#7176 = DEFINITIONAL_REPRESENTATION('',(#7177),#7181);
#7177 = LINE('',#7178,#7179);
#7178 = CARTESIAN_POINT('',(-0.511852055983,-2.629839382773));
#7179 = VECTOR('',#7180,1.);
#7180 = DIRECTION('',(-1.224713526681E-02,0.999925001026));
#7181 = ( GEOMETRIC_REPRESENTATION_CONTEXT(2) 
PARAMETRIC_REPRESENTATION_CONTEXT() REPRESENTATION_CONTEXT('2D SPACE',''
  ) );
#7182 = PCURVE('',#7050,#7183);
#7183 = DEFINITIONAL_REPRESENTATION('',(#7184),#7188);
#7184 = LINE('',#7185,#7186);
#7185 = CARTESIAN_POINT('',(-0.243989727161,3.124627865824));
#7186 = VECTOR('',#7187,1.);
#7187 = DIRECTION('',(-5.350578966323E-02,-0.998567539264));
#7188 = ( GEOMETRIC_REPRESENTATION_CONTEXT(2) 
PARAMETRIC_REPRESENTATION_CONTEXT() REPRESENTATION_CONTEXT('2D SPACE',''
  ) );
#7189 = ADVANCED_FACE('',(#7190),#4094,.T.);
#7190 = FACE_BOUND('',#7191,.F.);
#7191 = EDGE_LOOP('',(#7192,#7215,#7216));
#7192 = ORIENTED_EDGE('',*,*,#7193,.F.);
#7193 = EDGE_CURVE('',#3973,#7194,#7196,.T.);
#7194 = VERTEX_POINT('',#7195);
#7195 = CARTESIAN_POINT('',(-162.545,42.036483342212,42.611408216729));
#7196 = SURFACE_CURVE('',#7197,(#7201,#7208),.PCURVE_S1.);
#7197 = LINE('',#7198,#7199);
#7198 = CARTESIAN_POINT('',(-162.545,46.336556495786,46.040602126952));
#7199 = VECTOR('',#7200,1.);
#7200 = DIRECTION('',(-0.,-0.781831482468,-0.623489801859));
#7201 = PCURVE('',#4094,#7202);
#7202 = DEFINITIONAL_REPRESENTATION('',(#7203),#7207);
#7203 = LINE('',#7204,#7205);
#7204 = CARTESIAN_POINT('',(-0.775127416232,-2.304958652262));
#7205 = VECTOR('',#7206,1.);
#7206 = DIRECTION('',(0.539831498154,0.84177310102));
#7207 = ( GEOMETRIC_REPRESENTATION_CONTEXT(2) 
PARAMETRIC_REPRESENTATION_CONTEXT() REPRESENTATION_CONTEXT('2D SPACE',''
  ) );
#7208 = PCURVE('',#7125,#7209);
#7209 = DEFINITIONAL_REPRESENTATION('',(#7210),#7214);
#7210 = LINE('',#7211,#7212);
#7211 = CARTESIAN_POINT('',(-1.814068872742,-2.555774718513));
#7212 = VECTOR('',#7213,1.);
#7213 = DIRECTION('',(0.456325563974,0.889812890255));
#7214 = ( GEOMETRIC_REPRESENTATION_CONTEXT(2) 
PARAMETRIC_REPRESENTATION_CONTEXT() REPRESENTATION_CONTEXT('2D SPACE',''
  ) );
#7215 = ORIENTED_EDGE('',*,*,#4080,.T.);
#7216 = ORIENTED_EDGE('',*,*,#7217,.T.);
#7217 = EDGE_CURVE('',#2372,#7194,#7218,.T.);
#7218 = SURFACE_CURVE('',#7219,(#7223,#7230),.PCURVE_S1.);
#7219 = LINE('',#7220,#7221);
#7220 = CARTESIAN_POINT('',(-161.345,45.253048327205,47.253048327205));
#7221 = VECTOR('',#7222,1.);
#7222 = DIRECTION('',(-0.207853018889,-0.557143952153,-0.803982424633));
#7223 = PCURVE('',#4094,#7224);
#7224 = DEFINITIONAL_REPRESENTATION('',(#7225),#7229);
#7225 = LINE('',#7226,#7227);
#7226 = CARTESIAN_POINT('',(-2.425312147701,-1.138379854273));
#7227 = VECTOR('',#7228,1.);
#7228 = DIRECTION('',(0.800105595304,0.599859180444));
#7229 = ( GEOMETRIC_REPRESENTATION_CONTEXT(2) 
PARAMETRIC_REPRESENTATION_CONTEXT() REPRESENTATION_CONTEXT('2D SPACE',''
  ) );
#7230 = PCURVE('',#7231,#7236);
#7231 = PLANE('',#7232);
#7232 = AXIS2_PLACEMENT_3D('',#7233,#7234,#7235);
#7233 = CARTESIAN_POINT('',(-161.6880168685,43.263303223934,
    44.855949218125));
#7234 = DIRECTION('',(-0.643072453267,-0.54150614948,0.54150614948));
#7235 = DIRECTION('',(-0.644115877368,-2.775557561563E-17,
    -0.764927928972));
#7236 = DEFINITIONAL_REPRESENTATION('',(#7237),#7241);
#7237 = LINE('',#7238,#7239);
#7238 = CARTESIAN_POINT('',(-2.054550668279,-2.366780902052));
#7239 = VECTOR('',#7240,1.);
#7240 = DIRECTION('',(0.74887004063,0.662716879404));
#7241 = ( GEOMETRIC_REPRESENTATION_CONTEXT(2) 
PARAMETRIC_REPRESENTATION_CONTEXT() REPRESENTATION_CONTEXT('2D SPACE',''
  ) );
#7242 = ADVANCED_FACE('',(#7243),#4123,.T.);
#7243 = FACE_BOUND('',#7244,.F.);
#7244 = EDGE_LOOP('',(#7245,#7273,#7274));
#7245 = ORIENTED_EDGE('',*,*,#7246,.F.);
#7246 = EDGE_CURVE('',#1140,#7247,#7249,.T.);
#7247 = VERTEX_POINT('',#7248);
#7248 = CARTESIAN_POINT('',(-161.345,42.620517793055,32.211711311362));
#7249 = SURFACE_CURVE('',#7250,(#7254,#7261),.PCURVE_S1.);
#7250 = LINE('',#7251,#7252);
#7251 = CARTESIAN_POINT('',(-161.345,47.27750088881,29.285534890528));
#7252 = VECTOR('',#7253,1.);
#7253 = DIRECTION('',(-0.,-0.846724199228,0.532032076515));
#7254 = PCURVE('',#4123,#7255);
#7255 = DEFINITIONAL_REPRESENTATION('',(#7256),#7260);
#7256 = LINE('',#7257,#7258);
#7257 = CARTESIAN_POINT('',(1.591948482748,-1.838302730322));
#7258 = VECTOR('',#7259,1.);
#7259 = DIRECTION('',(-0.450988550365,0.892529734765));
#7260 = ( GEOMETRIC_REPRESENTATION_CONTEXT(2) 
PARAMETRIC_REPRESENTATION_CONTEXT() REPRESENTATION_CONTEXT('2D SPACE',''
  ) );
#7261 = PCURVE('',#7262,#7267);
#7262 = PLANE('',#7263);
#7263 = AXIS2_PLACEMENT_3D('',#7264,#7265,#7266);
#7264 = CARTESIAN_POINT('',(-161.6880168685,44.497742120387,
    30.691988197295));
#7265 = DIRECTION('',(-0.643072453267,0.407433005621,0.648425913871));
#7266 = DIRECTION('',(0.710031748261,-2.775557561563E-17,0.704169664542)
  );
#7267 = DEFINITIONAL_REPRESENTATION('',(#7268),#7272);
#7268 = LINE('',#7269,#7270);
#7269 = CARTESIAN_POINT('',(-0.746828886372,3.04385888328));
#7270 = VECTOR('',#7271,1.);
#7271 = DIRECTION('',(0.374640848846,-0.927170013739));
#7272 = ( GEOMETRIC_REPRESENTATION_CONTEXT(2) 
PARAMETRIC_REPRESENTATION_CONTEXT() REPRESENTATION_CONTEXT('2D SPACE',''
  ) );
#7273 = ORIENTED_EDGE('',*,*,#4109,.T.);
#7274 = ORIENTED_EDGE('',*,*,#7275,.T.);
#7275 = EDGE_CURVE('',#4026,#7247,#7276,.T.);
#7276 = SURFACE_CURVE('',#7277,(#7281,#7288),.PCURVE_S1.);
#7277 = LINE('',#7278,#7279);
#7278 = CARTESIAN_POINT('',(-162.545,48.064048584585,30.708685782795));
#7279 = VECTOR('',#7280,1.);
#7280 = DIRECTION('',(0.207853018889,-0.942878590363,0.260340327983));
#7281 = PCURVE('',#4123,#7282);
#7282 = DEFINITIONAL_REPRESENTATION('',(#7283),#7287);
#7283 = LINE('',#7284,#7285);
#7284 = CARTESIAN_POINT('',(-0.251041617171,-2.667400572252));
#7285 = VECTOR('',#7286,1.);
#7286 = DIRECTION('',(-0.110412723481,0.993885823671));
#7287 = ( GEOMETRIC_REPRESENTATION_CONTEXT(2) 
PARAMETRIC_REPRESENTATION_CONTEXT() REPRESENTATION_CONTEXT('2D SPACE',''
  ) );
#7288 = PCURVE('',#7156,#7289);
#7289 = DEFINITIONAL_REPRESENTATION('',(#7290),#7294);
#7290 = LINE('',#7291,#7292);
#7291 = CARTESIAN_POINT('',(-0.489774959006,3.095634147694));
#7292 = VECTOR('',#7293,1.);
#7293 = DIRECTION('',(2.545210005901E-02,-0.999676042827));
#7294 = ( GEOMETRIC_REPRESENTATION_CONTEXT(2) 
PARAMETRIC_REPRESENTATION_CONTEXT() REPRESENTATION_CONTEXT('2D SPACE',''
  ) );
#7295 = ADVANCED_FACE('',(#7296),#4156,.T.);
#7296 = FACE_BOUND('',#7297,.F.);
#7297 = EDGE_LOOP('',(#7298,#7321,#7322));
#7298 = ORIENTED_EDGE('',*,*,#7299,.F.);
#7299 = EDGE_CURVE('',#2372,#7300,#7302,.T.);
#7300 = VERTEX_POINT('',#7301);
#7301 = CARTESIAN_POINT('',(-161.345,41.363961030679,43.363961030679));
#7302 = SURFACE_CURVE('',#7303,(#7307,#7314),.PCURVE_S1.);
#7303 = LINE('',#7304,#7305);
#7304 = CARTESIAN_POINT('',(-161.345,45.253048327205,47.253048327205));
#7305 = VECTOR('',#7306,1.);
#7306 = DIRECTION('',(-0.,-0.707106781187,-0.707106781187));
#7307 = PCURVE('',#4156,#7308);
#7308 = DEFINITIONAL_REPRESENTATION('',(#7309),#7313);
#7309 = LINE('',#7310,#7311);
#7310 = CARTESIAN_POINT('',(-1.939314358163,1.467213931318));
#7311 = VECTOR('',#7312,1.);
#7312 = DIRECTION('',(0.626673721429,-0.779281750634));
#7313 = ( GEOMETRIC_REPRESENTATION_CONTEXT(2) 
PARAMETRIC_REPRESENTATION_CONTEXT() REPRESENTATION_CONTEXT('2D SPACE',''
  ) );
#7314 = PCURVE('',#7231,#7315);
#7315 = DEFINITIONAL_REPRESENTATION('',(#7316),#7320);
#7316 = LINE('',#7317,#7318);
#7317 = CARTESIAN_POINT('',(-2.054550668279,-2.366780902052));
#7318 = VECTOR('',#7319,1.);
#7319 = DIRECTION('',(0.540885725695,0.84109608948));
#7320 = ( GEOMETRIC_REPRESENTATION_CONTEXT(2) 
PARAMETRIC_REPRESENTATION_CONTEXT() REPRESENTATION_CONTEXT('2D SPACE',''
  ) );
#7321 = ORIENTED_EDGE('',*,*,#4140,.T.);
#7322 = ORIENTED_EDGE('',*,*,#7323,.T.);
#7323 = EDGE_CURVE('',#4141,#7300,#7324,.T.);
#7324 = SURFACE_CURVE('',#7325,(#7329,#7336),.PCURVE_S1.);
#7325 = LINE('',#7326,#7327);
#7326 = CARTESIAN_POINT('',(-162.545,44.040602126952,48.336556495786));
#7327 = VECTOR('',#7328,1.);
#7328 = DIRECTION('',(0.207853018889,-0.463623276952,-0.861307482614));
#7329 = PCURVE('',#4156,#7330);
#7330 = DEFINITIONAL_REPRESENTATION('',(#7331),#7335);
#7331 = LINE('',#7332,#7333);
#7332 = CARTESIAN_POINT('',(-0.308935753516,2.661316667854));
#7333 = VECTOR('',#7334,1.);
#7334 = DIRECTION('',(0.314607518173,-0.949221844201));
#7335 = ( GEOMETRIC_REPRESENTATION_CONTEXT(2) 
PARAMETRIC_REPRESENTATION_CONTEXT() REPRESENTATION_CONTEXT('2D SPACE',''
  ) );
#7336 = PCURVE('',#7337,#7342);
#7337 = PLANE('',#7338);
#7338 = AXIS2_PLACEMENT_3D('',#7339,#7340,#7341);
#7339 = CARTESIAN_POINT('',(-162.2019831314,42.331758069172,
    45.731749074703));
#7340 = DIRECTION('',(-0.643072453267,0.598730724804,-0.477471820137));
#7341 = DIRECTION('',(-0.681423463584,-0.731889379126,0.));
#7342 = DEFINITIONAL_REPRESENTATION('',(#7343),#7347);
#7343 = LINE('',#7344,#7345);
#7344 = CARTESIAN_POINT('',(-1.016945073847,2.96456624207));
#7345 = VECTOR('',#7346,1.);
#7346 = DIRECTION('',(0.197685028269,-0.980265591357));
#7347 = ( GEOMETRIC_REPRESENTATION_CONTEXT(2) 
PARAMETRIC_REPRESENTATION_CONTEXT() REPRESENTATION_CONTEXT('2D SPACE',''
  ) );
#7348 = ADVANCED_FACE('',(#7349),#4231,.T.);
#7349 = FACE_BOUND('',#7350,.F.);
#7350 = EDGE_LOOP('',(#7351,#7379,#7380));
#7351 = ORIENTED_EDGE('',*,*,#7352,.F.);
#7352 = EDGE_CURVE('',#4194,#7353,#7355,.T.);
#7353 = VERTEX_POINT('',#7354);
#7354 = CARTESIAN_POINT('',(-162.545,42.036483342212,31.388591783271));
#7355 = SURFACE_CURVE('',#7356,(#7360,#7367),.PCURVE_S1.);
#7356 = LINE('',#7357,#7358);
#7357 = CARTESIAN_POINT('',(-162.545,46.336556495786,27.959397873048));
#7358 = VECTOR('',#7359,1.);
#7359 = DIRECTION('',(-0.,-0.781831482468,0.623489801859));
#7360 = PCURVE('',#4231,#7361);
#7361 = DEFINITIONAL_REPRESENTATION('',(#7362),#7366);
#7362 = LINE('',#7363,#7364);
#7363 = CARTESIAN_POINT('',(1.771463314145,-1.666005590228));
#7364 = VECTOR('',#7365,1.);
#7365 = DIRECTION('',(-0.539831498154,0.84177310102));
#7366 = ( GEOMETRIC_REPRESENTATION_CONTEXT(2) 
PARAMETRIC_REPRESENTATION_CONTEXT() REPRESENTATION_CONTEXT('2D SPACE',''
  ) );
#7367 = PCURVE('',#7368,#7373);
#7368 = PLANE('',#7369);
#7369 = AXIS2_PLACEMENT_3D('',#7370,#7371,#7372);
#7370 = CARTESIAN_POINT('',(-162.2019831314,43.731749074703,
    29.668241930828));
#7371 = DIRECTION('',(-0.643072453267,-0.477471820137,-0.598730724804));
#7372 = DIRECTION('',(0.681423463584,0.,-0.731889379126));
#7373 = DEFINITIONAL_REPRESENTATION('',(#7374),#7378);
#7374 = LINE('',#7375,#7376);
#7375 = CARTESIAN_POINT('',(1.016945073847,-2.96456624207));
#7376 = VECTOR('',#7377,1.);
#7377 = DIRECTION('',(-0.456325563974,0.889812890255));
#7378 = ( GEOMETRIC_REPRESENTATION_CONTEXT(2) 
PARAMETRIC_REPRESENTATION_CONTEXT() REPRESENTATION_CONTEXT('2D SPACE',''
  ) );
#7379 = ORIENTED_EDGE('',*,*,#4217,.T.);
#7380 = ORIENTED_EDGE('',*,*,#7381,.T.);
#7381 = EDGE_CURVE('',#1140,#7353,#7382,.T.);
#7382 = SURFACE_CURVE('',#7383,(#7387,#7394),.PCURVE_S1.);
#7383 = LINE('',#7384,#7385);
#7384 = CARTESIAN_POINT('',(-161.345,47.27750088881,29.285534890528));
#7385 = VECTOR('',#7386,1.);
#7386 = DIRECTION('',(-0.207853018889,-0.907801099259,0.364272270044));
#7387 = PCURVE('',#4231,#7388);
#7388 = DEFINITIONAL_REPRESENTATION('',(#7389),#7393);
#7389 = LINE('',#7390,#7391);
#7390 = CARTESIAN_POINT('',(2.284251522709E-02,-2.679090503491));
#7391 = VECTOR('',#7392,1.);
#7392 = DIRECTION('',(-0.211395603548,0.977400582566));
#7393 = ( GEOMETRIC_REPRESENTATION_CONTEXT(2) 
PARAMETRIC_REPRESENTATION_CONTEXT() REPRESENTATION_CONTEXT('2D SPACE',''
  ) );
#7394 = PCURVE('',#7262,#7395);
#7395 = DEFINITIONAL_REPRESENTATION('',(#7396),#7400);
#7396 = LINE('',#7397,#7398);
#7397 = CARTESIAN_POINT('',(-0.746828886372,3.04385888328));
#7398 = VECTOR('',#7399,1.);
#7399 = DIRECTION('',(0.108927239816,-0.994049725329));
#7400 = ( GEOMETRIC_REPRESENTATION_CONTEXT(2) 
PARAMETRIC_REPRESENTATION_CONTEXT() REPRESENTATION_CONTEXT('2D SPACE',''
  ) );
#7401 = ADVANCED_FACE('',(#7402),#4262,.T.);
#7402 = FACE_BOUND('',#7403,.F.);
#7403 = EDGE_LOOP('',(#7404,#7427,#7428));
#7404 = ORIENTED_EDGE('',*,*,#7405,.F.);
#7405 = EDGE_CURVE('',#4141,#7406,#7408,.T.);
#7406 = VERTEX_POINT('',#7407);
#7407 = CARTESIAN_POINT('',(-162.545,40.611408216729,44.036483342212));
#7408 = SURFACE_CURVE('',#7409,(#7413,#7420),.PCURVE_S1.);
#7409 = LINE('',#7410,#7411);
#7410 = CARTESIAN_POINT('',(-162.545,44.040602126952,48.336556495786));
#7411 = VECTOR('',#7412,1.);
#7412 = DIRECTION('',(-0.,-0.623489801859,-0.781831482468));
#7413 = PCURVE('',#4262,#7414);
#7414 = DEFINITIONAL_REPRESENTATION('',(#7415),#7419);
#7415 = LINE('',#7416,#7417);
#7416 = CARTESIAN_POINT('',(-1.771463314145,1.666005590228));
#7417 = VECTOR('',#7418,1.);
#7418 = DIRECTION('',(0.539831498154,-0.84177310102));
#7419 = ( GEOMETRIC_REPRESENTATION_CONTEXT(2) 
PARAMETRIC_REPRESENTATION_CONTEXT() REPRESENTATION_CONTEXT('2D SPACE',''
  ) );
#7420 = PCURVE('',#7337,#7421);
#7421 = DEFINITIONAL_REPRESENTATION('',(#7422),#7426);
#7422 = LINE('',#7423,#7424);
#7423 = CARTESIAN_POINT('',(-1.016945073847,2.96456624207));
#7424 = VECTOR('',#7425,1.);
#7425 = DIRECTION('',(0.456325563974,-0.889812890255));
#7426 = ( GEOMETRIC_REPRESENTATION_CONTEXT(2) 
PARAMETRIC_REPRESENTATION_CONTEXT() REPRESENTATION_CONTEXT('2D SPACE',''
  ) );
#7427 = ORIENTED_EDGE('',*,*,#4248,.T.);
#7428 = ORIENTED_EDGE('',*,*,#7429,.T.);
#7429 = EDGE_CURVE('',#2316,#7406,#7430,.T.);
#7430 = SURFACE_CURVE('',#7431,(#7435,#7442),.PCURVE_S1.);
#7431 = LINE('',#7432,#7433);
#7432 = CARTESIAN_POINT('',(-161.345,42.714465109472,49.27750088881));
#7433 = VECTOR('',#7434,1.);
#7434 = DIRECTION('',(-0.207853018889,-0.364272270044,-0.907801099259));
#7435 = PCURVE('',#4262,#7436);
#7436 = DEFINITIONAL_REPRESENTATION('',(#7437),#7441);
#7437 = LINE('',#7438,#7439);
#7438 = CARTESIAN_POINT('',(-2.284251522709E-02,2.679090503491));
#7439 = VECTOR('',#7440,1.);
#7440 = DIRECTION('',(0.211395603548,-0.977400582566));
#7441 = ( GEOMETRIC_REPRESENTATION_CONTEXT(2) 
PARAMETRIC_REPRESENTATION_CONTEXT() REPRESENTATION_CONTEXT('2D SPACE',''
  ) );
#7442 = PCURVE('',#7443,#7448);
#7443 = PLANE('',#7444);
#7444 = AXIS2_PLACEMENT_3D('',#7445,#7446,#7447);
#7445 = CARTESIAN_POINT('',(-161.6880168685,41.308011802705,
    46.497742120387));
#7446 = DIRECTION('',(-0.643072453267,-0.648425913871,0.407433005621));
#7447 = DIRECTION('',(-0.710031748261,0.704169664542,2.775557561563E-17)
  );
#7448 = DEFINITIONAL_REPRESENTATION('',(#7449),#7453);
#7449 = LINE('',#7450,#7451);
#7450 = CARTESIAN_POINT('',(0.746828886372,-3.04385888328));
#7451 = VECTOR('',#7452,1.);
#7452 = DIRECTION('',(-0.108927239816,0.994049725329));
#7453 = ( GEOMETRIC_REPRESENTATION_CONTEXT(2) 
PARAMETRIC_REPRESENTATION_CONTEXT() REPRESENTATION_CONTEXT('2D SPACE',''
  ) );
#7454 = ADVANCED_FACE('',(#7455),#4291,.T.);
#7455 = FACE_BOUND('',#7456,.F.);
#7456 = EDGE_LOOP('',(#7457,#7485,#7486));
#7457 = ORIENTED_EDGE('',*,*,#7458,.F.);
#7458 = EDGE_CURVE('',#1196,#7459,#7461,.T.);
#7459 = VERTEX_POINT('',#7460);
#7460 = CARTESIAN_POINT('',(-161.345,41.363961030679,30.636038969321));
#7461 = SURFACE_CURVE('',#7462,(#7466,#7473),.PCURVE_S1.);
#7462 = LINE('',#7463,#7464);
#7463 = CARTESIAN_POINT('',(-161.345,45.253048327205,26.746951672795));
#7464 = VECTOR('',#7465,1.);
#7465 = DIRECTION('',(-0.,-0.707106781187,0.707106781187));
#7466 = PCURVE('',#4291,#7467);
#7467 = DEFINITIONAL_REPRESENTATION('',(#7468),#7472);
#7468 = LINE('',#7469,#7470);
#7469 = CARTESIAN_POINT('',(1.939314358163,-1.467213931318));
#7470 = VECTOR('',#7471,1.);
#7471 = DIRECTION('',(-0.626673721429,0.779281750634));
#7472 = ( GEOMETRIC_REPRESENTATION_CONTEXT(2) 
PARAMETRIC_REPRESENTATION_CONTEXT() REPRESENTATION_CONTEXT('2D SPACE',''
  ) );
#7473 = PCURVE('',#7474,#7479);
#7474 = PLANE('',#7475);
#7475 = AXIS2_PLACEMENT_3D('',#7476,#7477,#7478);
#7476 = CARTESIAN_POINT('',(-161.6880168685,42.855949218125,
    28.736696776066));
#7477 = DIRECTION('',(-0.643072453267,0.54150614948,0.54150614948));
#7478 = DIRECTION('',(-0.644115877368,-0.764927928972,2.775557561563E-17
    ));
#7479 = DEFINITIONAL_REPRESENTATION('',(#7480),#7484);
#7480 = LINE('',#7481,#7482);
#7481 = CARTESIAN_POINT('',(-2.054550668279,-2.366780902052));
#7482 = VECTOR('',#7483,1.);
#7483 = DIRECTION('',(0.540885725695,0.84109608948));
#7484 = ( GEOMETRIC_REPRESENTATION_CONTEXT(2) 
PARAMETRIC_REPRESENTATION_CONTEXT() REPRESENTATION_CONTEXT('2D SPACE',''
  ) );
#7485 = ORIENTED_EDGE('',*,*,#4277,.T.);
#7486 = ORIENTED_EDGE('',*,*,#7487,.T.);
#7487 = EDGE_CURVE('',#4194,#7459,#7488,.T.);
#7488 = SURFACE_CURVE('',#7489,(#7493,#7500),.PCURVE_S1.);
#7489 = LINE('',#7490,#7491);
#7490 = CARTESIAN_POINT('',(-162.545,46.336556495786,27.959397873048));
#7491 = VECTOR('',#7492,1.);
#7492 = DIRECTION('',(0.207853018889,-0.861307482614,0.463623276952));
#7493 = PCURVE('',#4291,#7494);
#7494 = DEFINITIONAL_REPRESENTATION('',(#7495),#7499);
#7495 = LINE('',#7496,#7497);
#7496 = CARTESIAN_POINT('',(0.308935753516,-2.661316667854));
#7497 = VECTOR('',#7498,1.);
#7498 = DIRECTION('',(-0.314607518173,0.949221844201));
#7499 = ( GEOMETRIC_REPRESENTATION_CONTEXT(2) 
PARAMETRIC_REPRESENTATION_CONTEXT() REPRESENTATION_CONTEXT('2D SPACE',''
  ) );
#7500 = PCURVE('',#7368,#7501);
#7501 = DEFINITIONAL_REPRESENTATION('',(#7502),#7506);
#7502 = LINE('',#7503,#7504);
#7503 = CARTESIAN_POINT('',(1.016945073847,-2.96456624207));
#7504 = VECTOR('',#7505,1.);
#7505 = DIRECTION('',(-0.197685028269,0.980265591357));
#7506 = ( GEOMETRIC_REPRESENTATION_CONTEXT(2) 
PARAMETRIC_REPRESENTATION_CONTEXT() REPRESENTATION_CONTEXT('2D SPACE',''
  ) );
#7507 = ADVANCED_FACE('',(#7508),#4324,.T.);
#7508 = FACE_BOUND('',#7509,.F.);
#7509 = EDGE_LOOP('',(#7510,#7533,#7534));
#7510 = ORIENTED_EDGE('',*,*,#7511,.F.);
#7511 = EDGE_CURVE('',#2316,#7512,#7514,.T.);
#7512 = VERTEX_POINT('',#7513);
#7513 = CARTESIAN_POINT('',(-161.345,39.788288688638,44.620517793055));
#7514 = SURFACE_CURVE('',#7515,(#7519,#7526),.PCURVE_S1.);
#7515 = LINE('',#7516,#7517);
#7516 = CARTESIAN_POINT('',(-161.345,42.714465109472,49.27750088881));
#7517 = VECTOR('',#7518,1.);
#7518 = DIRECTION('',(-0.,-0.532032076515,-0.846724199228));
#7519 = PCURVE('',#4324,#7520);
#7520 = DEFINITIONAL_REPRESENTATION('',(#7521),#7525);
#7521 = LINE('',#7522,#7523);
#7522 = CARTESIAN_POINT('',(-1.591948482748,1.838302730322));
#7523 = VECTOR('',#7524,1.);
#7524 = DIRECTION('',(0.450988550365,-0.892529734765));
#7525 = ( GEOMETRIC_REPRESENTATION_CONTEXT(2) 
PARAMETRIC_REPRESENTATION_CONTEXT() REPRESENTATION_CONTEXT('2D SPACE',''
  ) );
#7526 = PCURVE('',#7443,#7527);
#7527 = DEFINITIONAL_REPRESENTATION('',(#7528),#7532);
#7528 = LINE('',#7529,#7530);
#7529 = CARTESIAN_POINT('',(0.746828886372,-3.04385888328));
#7530 = VECTOR('',#7531,1.);
#7531 = DIRECTION('',(-0.374640848846,0.927170013739));
#7532 = ( GEOMETRIC_REPRESENTATION_CONTEXT(2) 
PARAMETRIC_REPRESENTATION_CONTEXT() REPRESENTATION_CONTEXT('2D SPACE',''
  ) );
#7533 = ORIENTED_EDGE('',*,*,#4308,.T.);
#7534 = ORIENTED_EDGE('',*,*,#7535,.T.);
#7535 = EDGE_CURVE('',#4309,#7512,#7536,.T.);
#7536 = SURFACE_CURVE('',#7537,(#7541,#7548),.PCURVE_S1.);
#7537 = LINE('',#7538,#7539);
#7538 = CARTESIAN_POINT('',(-162.545,41.291314217205,50.064048584585));
#7539 = VECTOR('',#7540,1.);
#7540 = DIRECTION('',(0.207853018889,-0.260340327983,-0.942878590363));
#7541 = PCURVE('',#4324,#7542);
#7542 = DEFINITIONAL_REPRESENTATION('',(#7543),#7547);
#7543 = LINE('',#7544,#7545);
#7544 = CARTESIAN_POINT('',(0.251041617171,2.667400572252));
#7545 = VECTOR('',#7546,1.);
#7546 = DIRECTION('',(0.110412723481,-0.993885823671));
#7547 = ( GEOMETRIC_REPRESENTATION_CONTEXT(2) 
PARAMETRIC_REPRESENTATION_CONTEXT() REPRESENTATION_CONTEXT('2D SPACE',''
  ) );
#7548 = PCURVE('',#7549,#7554);
#7549 = PLANE('',#7550);
#7550 = AXIS2_PLACEMENT_3D('',#7551,#7552,#7553);
#7551 = CARTESIAN_POINT('',(-162.2019831314,40.204938627825,
    47.144295548189));
#7552 = DIRECTION('',(-0.643072453267,0.689966770847,-0.33227048466));
#7553 = DIRECTION('',(0.73152923209,0.681810078099,-2.775557561563E-17)
  );
#7554 = DEFINITIONAL_REPRESENTATION('',(#7555),#7559);
#7555 = LINE('',#7556,#7557);
#7556 = CARTESIAN_POINT('',(0.489774959006,-3.095634147694));
#7557 = VECTOR('',#7558,1.);
#7558 = DIRECTION('',(-2.545210005901E-02,0.999676042827));
#7559 = ( GEOMETRIC_REPRESENTATION_CONTEXT(2) 
PARAMETRIC_REPRESENTATION_CONTEXT() REPRESENTATION_CONTEXT('2D SPACE',''
  ) );
#7560 = ADVANCED_FACE('',(#7561),#4399,.T.);
#7561 = FACE_BOUND('',#7562,.F.);
#7562 = EDGE_LOOP('',(#7563,#7591,#7592));
#7563 = ORIENTED_EDGE('',*,*,#7564,.F.);
#7564 = EDGE_CURVE('',#4362,#7565,#7567,.T.);
#7565 = VERTEX_POINT('',#7566);
#7566 = CARTESIAN_POINT('',(-162.545,40.611408216729,29.963516657788));
#7567 = SURFACE_CURVE('',#7568,(#7572,#7579),.PCURVE_S1.);
#7568 = LINE('',#7569,#7570);
#7569 = CARTESIAN_POINT('',(-162.545,44.040602126952,25.663443504214));
#7570 = VECTOR('',#7571,1.);
#7571 = DIRECTION('',(-0.,-0.623489801859,0.781831482468));
#7572 = PCURVE('',#4399,#7573);
#7573 = DEFINITIONAL_REPRESENTATION('',(#7574),#7578);
#7574 = LINE('',#7575,#7576);
#7575 = CARTESIAN_POINT('',(-0.775127416232,-2.304958652262));
#7576 = VECTOR('',#7577,1.);
#7577 = DIRECTION('',(0.539831498154,0.84177310102));
#7578 = ( GEOMETRIC_REPRESENTATION_CONTEXT(2) 
PARAMETRIC_REPRESENTATION_CONTEXT() REPRESENTATION_CONTEXT('2D SPACE',''
  ) );
#7579 = PCURVE('',#7580,#7585);
#7580 = PLANE('',#7581);
#7581 = AXIS2_PLACEMENT_3D('',#7582,#7583,#7584);
#7582 = CARTESIAN_POINT('',(-162.2019831314,41.881356242002,
    27.909067453825));
#7583 = DIRECTION('',(-0.643072453267,-0.598730724804,-0.477471820137));
#7584 = DIRECTION('',(0.681423463584,-0.731889379126,-2.775557561563E-17
    ));
#7585 = DEFINITIONAL_REPRESENTATION('',(#7586),#7590);
#7586 = LINE('',#7587,#7588);
#7587 = CARTESIAN_POINT('',(-1.814068872742,-2.555774718513));
#7588 = VECTOR('',#7589,1.);
#7589 = DIRECTION('',(0.456325563974,0.889812890255));
#7590 = ( GEOMETRIC_REPRESENTATION_CONTEXT(2) 
PARAMETRIC_REPRESENTATION_CONTEXT() REPRESENTATION_CONTEXT('2D SPACE',''
  ) );
#7591 = ORIENTED_EDGE('',*,*,#4385,.T.);
#7592 = ORIENTED_EDGE('',*,*,#7593,.T.);
#7593 = EDGE_CURVE('',#1196,#7565,#7594,.T.);
#7594 = SURFACE_CURVE('',#7595,(#7599,#7606),.PCURVE_S1.);
#7595 = LINE('',#7596,#7597);
#7596 = CARTESIAN_POINT('',(-161.345,45.253048327205,26.746951672795));
#7597 = VECTOR('',#7598,1.);
#7598 = DIRECTION('',(-0.207853018889,-0.803982424633,0.557143952153));
#7599 = PCURVE('',#4399,#7600);
#7600 = DEFINITIONAL_REPRESENTATION('',(#7601),#7605);
#7601 = LINE('',#7602,#7603);
#7602 = CARTESIAN_POINT('',(-2.425312147701,-1.138379854273));
#7603 = VECTOR('',#7604,1.);
#7604 = DIRECTION('',(0.800105595304,0.599859180444));
#7605 = ( GEOMETRIC_REPRESENTATION_CONTEXT(2) 
PARAMETRIC_REPRESENTATION_CONTEXT() REPRESENTATION_CONTEXT('2D SPACE',''
  ) );
#7606 = PCURVE('',#7474,#7607);
#7607 = DEFINITIONAL_REPRESENTATION('',(#7608),#7612);
#7608 = LINE('',#7609,#7610);
#7609 = CARTESIAN_POINT('',(-2.054550668279,-2.366780902052));
#7610 = VECTOR('',#7611,1.);
#7611 = DIRECTION('',(0.74887004063,0.662716879404));
#7612 = ( GEOMETRIC_REPRESENTATION_CONTEXT(2) 
PARAMETRIC_REPRESENTATION_CONTEXT() REPRESENTATION_CONTEXT('2D SPACE',''
  ) );
#7613 = ADVANCED_FACE('',(#7614),#4430,.T.);
#7614 = FACE_BOUND('',#7615,.F.);
#7615 = EDGE_LOOP('',(#7616,#7639,#7640));
#7616 = ORIENTED_EDGE('',*,*,#7617,.F.);
#7617 = EDGE_CURVE('',#4309,#7618,#7620,.T.);
#7618 = VERTEX_POINT('',#7619);
#7619 = CARTESIAN_POINT('',(-162.545,38.904953652058,45.108719811122));
#7620 = SURFACE_CURVE('',#7621,(#7625,#7632),.PCURVE_S1.);
#7621 = LINE('',#7622,#7623);
#7622 = CARTESIAN_POINT('',(-162.545,41.291314217205,50.064048584585));
#7623 = VECTOR('',#7624,1.);
#7624 = DIRECTION('',(-0.,-0.433883739118,-0.900968867902));
#7625 = PCURVE('',#4430,#7626);
#7626 = DEFINITIONAL_REPRESENTATION('',(#7627),#7631);
#7627 = LINE('',#7628,#7629);
#7628 = CARTESIAN_POINT('',(-1.403668559872,1.985792404573));
#7629 = VECTOR('',#7630,1.);
#7630 = DIRECTION('',(0.361132205367,-0.932514627363));
#7631 = ( GEOMETRIC_REPRESENTATION_CONTEXT(2) 
PARAMETRIC_REPRESENTATION_CONTEXT() REPRESENTATION_CONTEXT('2D SPACE',''
  ) );
#7632 = PCURVE('',#7549,#7633);
#7633 = DEFINITIONAL_REPRESENTATION('',(#7634),#7638);
#7634 = LINE('',#7635,#7636);
#7635 = CARTESIAN_POINT('',(0.489774959006,-3.095634147694));
#7636 = VECTOR('',#7637,1.);
#7637 = DIRECTION('',(-0.295826306054,0.955241747751));
#7638 = ( GEOMETRIC_REPRESENTATION_CONTEXT(2) 
PARAMETRIC_REPRESENTATION_CONTEXT() REPRESENTATION_CONTEXT('2D SPACE',''
  ) );
#7639 = ORIENTED_EDGE('',*,*,#4416,.T.);
#7640 = ORIENTED_EDGE('',*,*,#7641,.T.);
#7641 = EDGE_CURVE('',#2260,#7618,#7642,.T.);
#7642 = SURFACE_CURVE('',#7643,(#7647,#7654),.PCURVE_S1.);
#7643 = LINE('',#7644,#7645);
#7644 = CARTESIAN_POINT('',(-161.345,39.78904639835,50.686308289471));
#7645 = VECTOR('',#7646,1.);
#7646 = DIRECTION('',(-0.207853018889,-0.153134455246,-0.966098836122));
#7647 = PCURVE('',#4430,#7648);
#7648 = DEFINITIONAL_REPRESENTATION('',(#7649),#7653);
#7649 = LINE('',#7650,#7651);
#7650 = CARTESIAN_POINT('',(0.511852055983,2.629839382773));
#7651 = VECTOR('',#7652,1.);
#7652 = DIRECTION('',(1.224713526681E-02,-0.999925001026));
#7653 = ( GEOMETRIC_REPRESENTATION_CONTEXT(2) 
PARAMETRIC_REPRESENTATION_CONTEXT() REPRESENTATION_CONTEXT('2D SPACE',''
  ) );
#7654 = PCURVE('',#7655,#7660);
#7655 = PLANE('',#7656);
#7656 = AXIS2_PLACEMENT_3D('',#7657,#7658,#7659);
#7657 = CARTESIAN_POINT('',(-161.6880168685,39.036410329725,
    47.663278573616));
#7658 = DIRECTION('',(-0.643072453267,-0.722830895351,0.252929469568));
#7659 = DIRECTION('',(-0.747123836079,0.66468486786,-0.));
#7660 = DEFINITIONAL_REPRESENTATION('',(#7661),#7665);
#7661 = LINE('',#7662,#7663);
#7662 = CARTESIAN_POINT('',(0.243989727161,-3.124627865824));
#7663 = VECTOR('',#7664,1.);
#7664 = DIRECTION('',(5.350578966323E-02,0.998567539264));
#7665 = ( GEOMETRIC_REPRESENTATION_CONTEXT(2) 
PARAMETRIC_REPRESENTATION_CONTEXT() REPRESENTATION_CONTEXT('2D SPACE',''
  ) );
#7666 = ADVANCED_FACE('',(#7667),#4459,.T.);
#7667 = FACE_BOUND('',#7668,.F.);
#7668 = EDGE_LOOP('',(#7669,#7697,#7698));
#7669 = ORIENTED_EDGE('',*,*,#7670,.F.);
#7670 = EDGE_CURVE('',#1252,#7671,#7673,.T.);
#7671 = VERTEX_POINT('',#7672);
#7672 = CARTESIAN_POINT('',(-161.345,39.788288688638,29.379482206945));
#7673 = SURFACE_CURVE('',#7674,(#7678,#7685),.PCURVE_S1.);
#7674 = LINE('',#7675,#7676);
#7675 = CARTESIAN_POINT('',(-161.345,42.714465109472,24.72249911119));
#7676 = VECTOR('',#7677,1.);
#7677 = DIRECTION('',(-0.,-0.532032076515,0.846724199228));
#7678 = PCURVE('',#4459,#7679);
#7679 = DEFINITIONAL_REPRESENTATION('',(#7680),#7684);
#7680 = LINE('',#7681,#7682);
#7681 = CARTESIAN_POINT('',(-0.535536233861,-2.372099880328));
#7682 = VECTOR('',#7683,1.);
#7683 = DIRECTION('',(0.450988550365,0.892529734765));
#7684 = ( GEOMETRIC_REPRESENTATION_CONTEXT(2) 
PARAMETRIC_REPRESENTATION_CONTEXT() REPRESENTATION_CONTEXT('2D SPACE',''
  ) );
#7685 = PCURVE('',#7686,#7691);
#7686 = PLANE('',#7687);
#7687 = AXIS2_PLACEMENT_3D('',#7688,#7689,#7690);
#7688 = CARTESIAN_POINT('',(-161.6880168685,40.820226218479,
    27.195761883034));
#7689 = DIRECTION('',(-0.643072453267,0.648425913871,0.407433005621));
#7690 = DIRECTION('',(0.710031748261,0.704169664542,-2.775557561563E-17)
  );
#7691 = DEFINITIONAL_REPRESENTATION('',(#7692),#7696);
#7692 = LINE('',#7693,#7694);
#7693 = CARTESIAN_POINT('',(1.577418431283,2.708243227535));
#7694 = VECTOR('',#7695,1.);
#7695 = DIRECTION('',(-0.374640848846,-0.927170013739));
#7696 = ( GEOMETRIC_REPRESENTATION_CONTEXT(2) 
PARAMETRIC_REPRESENTATION_CONTEXT() REPRESENTATION_CONTEXT('2D SPACE',''
  ) );
#7697 = ORIENTED_EDGE('',*,*,#4445,.T.);
#7698 = ORIENTED_EDGE('',*,*,#7699,.T.);
#7699 = EDGE_CURVE('',#4362,#7671,#7700,.T.);
#7700 = SURFACE_CURVE('',#7701,(#7705,#7712),.PCURVE_S1.);
#7701 = LINE('',#7702,#7703);
#7702 = CARTESIAN_POINT('',(-162.545,44.040602126952,25.663443504214));
#7703 = VECTOR('',#7704,1.);
#7704 = DIRECTION('',(0.207853018889,-0.73654682118,0.643658218893));
#7705 = PCURVE('',#4459,#7706);
#7706 = DEFINITIONAL_REPRESENTATION('',(#7707),#7711);
#7707 = LINE('',#7708,#7709);
#7708 = CARTESIAN_POINT('',(-2.296290414767,-1.380252888948));
#7709 = VECTOR('',#7710,1.);
#7710 = DIRECTION('',(0.734620330209,0.678478422976));
#7711 = ( GEOMETRIC_REPRESENTATION_CONTEXT(2) 
PARAMETRIC_REPRESENTATION_CONTEXT() REPRESENTATION_CONTEXT('2D SPACE',''
  ) );
#7712 = PCURVE('',#7580,#7713);
#7713 = DEFINITIONAL_REPRESENTATION('',(#7714),#7718);
#7714 = LINE('',#7715,#7716);
#7715 = CARTESIAN_POINT('',(-1.814068872742,-2.555774718513));
#7716 = VECTOR('',#7717,1.);
#7717 = DIRECTION('',(0.680706719698,0.732556046837));
#7718 = ( GEOMETRIC_REPRESENTATION_CONTEXT(2) 
PARAMETRIC_REPRESENTATION_CONTEXT() REPRESENTATION_CONTEXT('2D SPACE',''
  ) );
#7719 = ADVANCED_FACE('',(#7720),#4492,.T.);
#7720 = FACE_BOUND('',#7721,.F.);
#7721 = EDGE_LOOP('',(#7722,#7745,#7746));
#7722 = ORIENTED_EDGE('',*,*,#7723,.F.);
#7723 = EDGE_CURVE('',#2260,#7724,#7726,.T.);
#7724 = VERTEX_POINT('',#7725);
#7725 = CARTESIAN_POINT('',(-161.345,37.972511557597,45.494949972775));
#7726 = SURFACE_CURVE('',#7727,(#7731,#7738),.PCURVE_S1.);
#7727 = LINE('',#7728,#7729);
#7728 = CARTESIAN_POINT('',(-161.345,39.78904639835,50.686308289471));
#7729 = VECTOR('',#7730,1.);
#7730 = DIRECTION('',(-0.,-0.330279061955,-0.943883330308));
#7731 = PCURVE('',#4492,#7732);
#7732 = DEFINITIONAL_REPRESENTATION('',(#7733),#7737);
#7733 = LINE('',#7734,#7735);
#7734 = CARTESIAN_POINT('',(-1.208584492299,2.110208621204));
#7735 = VECTOR('',#7736,1.);
#7736 = DIRECTION('',(0.270871065698,-0.962615637608));
#7737 = ( GEOMETRIC_REPRESENTATION_CONTEXT(2) 
PARAMETRIC_REPRESENTATION_CONTEXT() REPRESENTATION_CONTEXT('2D SPACE',''
  ) );
#7738 = PCURVE('',#7655,#7739);
#7739 = DEFINITIONAL_REPRESENTATION('',(#7740),#7744);
#7740 = LINE('',#7741,#7742);
#7741 = CARTESIAN_POINT('',(0.243989727161,-3.124627865824));
#7742 = VECTOR('',#7743,1.);
#7743 = DIRECTION('',(-0.219531494653,0.975605413503));
#7744 = ( GEOMETRIC_REPRESENTATION_CONTEXT(2) 
PARAMETRIC_REPRESENTATION_CONTEXT() REPRESENTATION_CONTEXT('2D SPACE',''
  ) );
#7745 = ORIENTED_EDGE('',*,*,#4476,.T.);
#7746 = ORIENTED_EDGE('',*,*,#7747,.T.);
#7747 = EDGE_CURVE('',#4477,#7724,#7748,.T.);
#7748 = SURFACE_CURVE('',#7749,(#7753,#7760),.PCURVE_S1.);
#7749 = LINE('',#7750,#7751);
#7750 = CARTESIAN_POINT('',(-162.545,38.226553542367,51.136454726636));
#7751 = VECTOR('',#7752,1.);
#7752 = DIRECTION('',(0.207853018889,-4.400282788252E-02,-0.977169828473
    ));
#7753 = PCURVE('',#4492,#7754);
#7754 = DEFINITIONAL_REPRESENTATION('',(#7755),#7759);
#7755 = LINE('',#7756,#7757);
#7756 = CARTESIAN_POINT('',(0.759475784786,2.569288663954));
#7757 = VECTOR('',#7758,1.);
#7758 = DIRECTION('',(-8.284145158733E-02,-0.99656273957));
#7759 = ( GEOMETRIC_REPRESENTATION_CONTEXT(2) 
PARAMETRIC_REPRESENTATION_CONTEXT() REPRESENTATION_CONTEXT('2D SPACE',''
  ) );
#7760 = PCURVE('',#7761,#7766);
#7761 = PLANE('',#7762);
#7762 = AXIS2_PLACEMENT_3D('',#7763,#7764,#7765);
#7763 = CARTESIAN_POINT('',(-162.2019831314,37.817121829748,
    48.048164684001));
#7764 = DIRECTION('',(-0.643072453267,0.746605001949,-0.170407719642));
#7765 = DIRECTION('',(0.757687208333,0.652617877726,0.));
#7766 = DEFINITIONAL_REPRESENTATION('',(#7767),#7771);
#7767 = LINE('',#7768,#7769);
#7768 = CARTESIAN_POINT('',(7.302961831255E-03,-3.134130972629));
#7769 = VECTOR('',#7770,1.);
#7770 = DIRECTION('',(0.128770541479,0.99167441615));
#7771 = ( GEOMETRIC_REPRESENTATION_CONTEXT(2) 
PARAMETRIC_REPRESENTATION_CONTEXT() REPRESENTATION_CONTEXT('2D SPACE',''
  ) );
#7772 = ADVANCED_FACE('',(#7773),#4567,.T.);
#7773 = FACE_BOUND('',#7774,.F.);
#7774 = EDGE_LOOP('',(#7775,#7803,#7804));
#7775 = ORIENTED_EDGE('',*,*,#7776,.F.);
#7776 = EDGE_CURVE('',#4530,#7777,#7779,.T.);
#7777 = VERTEX_POINT('',#7778);
#7778 = CARTESIAN_POINT('',(-162.545,38.904953652058,28.891280188878));
#7779 = SURFACE_CURVE('',#7780,(#7784,#7791),.PCURVE_S1.);
#7780 = LINE('',#7781,#7782);
#7781 = CARTESIAN_POINT('',(-162.545,41.291314217205,23.935951415415));
#7782 = VECTOR('',#7783,1.);
#7783 = DIRECTION('',(-0.,-0.433883739118,0.900968867902));
#7784 = PCURVE('',#4567,#7785);
#7785 = DEFINITIONAL_REPRESENTATION('',(#7786),#7790);
#7786 = LINE('',#7787,#7788);
#7787 = CARTESIAN_POINT('',(-0.299929562456,-2.413234169656));
#7788 = VECTOR('',#7789,1.);
#7789 = DIRECTION('',(0.361132205367,0.932514627363));
#7790 = ( GEOMETRIC_REPRESENTATION_CONTEXT(2) 
PARAMETRIC_REPRESENTATION_CONTEXT() REPRESENTATION_CONTEXT('2D SPACE',''
  ) );
#7791 = PCURVE('',#7792,#7797);
#7792 = PLANE('',#7793);
#7793 = AXIS2_PLACEMENT_3D('',#7794,#7795,#7796);
#7794 = CARTESIAN_POINT('',(-162.2019831314,39.685903473285,
    26.605750295115));
#7795 = DIRECTION('',(-0.643072453267,-0.689966770847,-0.33227048466));
#7796 = DIRECTION('',(-0.73152923209,0.681810078099,-0.));
#7797 = DEFINITIONAL_REPRESENTATION('',(#7798),#7802);
#7798 = LINE('',#7799,#7800);
#7799 = CARTESIAN_POINT('',(1.345512091126,2.830623164512));
#7800 = VECTOR('',#7801,1.);
#7801 = DIRECTION('',(-0.295826306054,-0.955241747751));
#7802 = ( GEOMETRIC_REPRESENTATION_CONTEXT(2) 
PARAMETRIC_REPRESENTATION_CONTEXT() REPRESENTATION_CONTEXT('2D SPACE',''
  ) );
#7803 = ORIENTED_EDGE('',*,*,#4553,.T.);
#7804 = ORIENTED_EDGE('',*,*,#7805,.T.);
#7805 = EDGE_CURVE('',#1252,#7777,#7806,.T.);
#7806 = SURFACE_CURVE('',#7807,(#7811,#7818),.PCURVE_S1.);
#7807 = LINE('',#7808,#7809);
#7808 = CARTESIAN_POINT('',(-161.345,42.714465109472,24.72249911119));
#7809 = VECTOR('',#7810,1.);
#7810 = DIRECTION('',(-0.207853018889,-0.659848714097,0.722078110071));
#7811 = PCURVE('',#4567,#7812);
#7812 = DEFINITIONAL_REPRESENTATION('',(#7813),#7817);
#7813 = LINE('',#7814,#7815);
#7814 = CARTESIAN_POINT('',(-2.149599196574,-1.599146960254));
#7815 = VECTOR('',#7816,1.);
#7816 = DIRECTION('',(0.66441893539,0.747360340328));
#7817 = ( GEOMETRIC_REPRESENTATION_CONTEXT(2) 
PARAMETRIC_REPRESENTATION_CONTEXT() REPRESENTATION_CONTEXT('2D SPACE',''
  ) );
#7818 = PCURVE('',#7686,#7819);
#7819 = DEFINITIONAL_REPRESENTATION('',(#7820),#7824);
#7820 = LINE('',#7821,#7822);
#7821 = CARTESIAN_POINT('',(1.577418431283,2.708243227535));
#7822 = VECTOR('',#7823,1.);
#7823 = DIRECTION('',(-0.612227690037,-0.790681513349));
#7824 = ( GEOMETRIC_REPRESENTATION_CONTEXT(2) 
PARAMETRIC_REPRESENTATION_CONTEXT() REPRESENTATION_CONTEXT('2D SPACE',''
  ) );
#7825 = ADVANCED_FACE('',(#7826),#4598,.T.);
#7826 = FACE_BOUND('',#7827,.F.);
#7827 = EDGE_LOOP('',(#7828,#7851,#7852));
#7828 = ORIENTED_EDGE('',*,*,#7829,.F.);
#7829 = EDGE_CURVE('',#4477,#7830,#7832,.T.);
#7830 = VERTEX_POINT('',#7831);
#7831 = CARTESIAN_POINT('',(-162.545,37.002688405607,45.774351209636));
#7832 = SURFACE_CURVE('',#7833,(#7837,#7844),.PCURVE_S1.);
#7833 = LINE('',#7834,#7835);
#7834 = CARTESIAN_POINT('',(-162.545,38.226553542367,51.136454726636));
#7835 = VECTOR('',#7836,1.);
#7836 = DIRECTION('',(-0.,-0.222520933956,-0.974927912182));
#7837 = PCURVE('',#4598,#7838);
#7838 = DEFINITIONAL_REPRESENTATION('',(#7839),#7843);
#7839 = LINE('',#7840,#7841);
#7840 = CARTESIAN_POINT('',(-1.007899449863,2.213096382673));
#7841 = VECTOR('',#7842,1.);
#7842 = DIRECTION('',(0.180530405641,-0.983569404078));
#7843 = ( GEOMETRIC_REPRESENTATION_CONTEXT(2) 
PARAMETRIC_REPRESENTATION_CONTEXT() REPRESENTATION_CONTEXT('2D SPACE',''
  ) );
#7844 = PCURVE('',#7761,#7845);
#7845 = DEFINITIONAL_REPRESENTATION('',(#7846),#7850);
#7846 = LINE('',#7847,#7848);
#7847 = CARTESIAN_POINT('',(7.302961831255E-03,-3.134130972629));
#7848 = VECTOR('',#7849,1.);
#7849 = DIRECTION('',(-0.145221139668,0.98939922205));
#7850 = ( GEOMETRIC_REPRESENTATION_CONTEXT(2) 
PARAMETRIC_REPRESENTATION_CONTEXT() REPRESENTATION_CONTEXT('2D SPACE',''
  ) );
#7851 = ORIENTED_EDGE('',*,*,#4584,.T.);
#7852 = ORIENTED_EDGE('',*,*,#7853,.T.);
#7853 = EDGE_CURVE('',#2204,#7830,#7854,.T.);
#7854 = SURFACE_CURVE('',#7855,(#7859,#7866),.PCURVE_S1.);
#7855 = LINE('',#7856,#7857);
#7856 = CARTESIAN_POINT('',(-161.345,36.623484903498,51.408827043452));
#7857 = VECTOR('',#7858,1.);
#7858 = DIRECTION('',(-0.207853018889,6.568216057219E-02,-0.975952343263
    ));
#7859 = PCURVE('',#4598,#7860);
#7860 = DEFINITIONAL_REPRESENTATION('',(#7861),#7865);
#7861 = LINE('',#7862,#7863);
#7862 = CARTESIAN_POINT('',(0.994226443261,2.487882932519));
#7863 = VECTOR('',#7864,1.);
#7864 = DIRECTION('',(-0.174805889255,-0.984602915434));
#7865 = ( GEOMETRIC_REPRESENTATION_CONTEXT(2) 
PARAMETRIC_REPRESENTATION_CONTEXT() REPRESENTATION_CONTEXT('2D SPACE',''
  ) );
#7866 = PCURVE('',#7867,#7872);
#7867 = PLANE('',#7868);
#7868 = AXIS2_PLACEMENT_3D('',#7869,#7870,#7871);
#7869 = CARTESIAN_POINT('',(-161.6880168685,36.56240638823,
    48.29411371319));
#7870 = DIRECTION('',(-0.643072453267,-0.760990117458,8.574299376893E-02
    ));
#7871 = DIRECTION('',(-0.763802983622,0.645449457518,-0.));
#7872 = DEFINITIONAL_REPRESENTATION('',(#7873),#7877);
#7873 = LINE('',#7874,#7875);
#7874 = CARTESIAN_POINT('',(-0.222574213074,-3.126226320425));
#7875 = VECTOR('',#7876,1.);
#7876 = DIRECTION('',(0.201153270892,0.979559779498));
#7877 = ( GEOMETRIC_REPRESENTATION_CONTEXT(2) 
PARAMETRIC_REPRESENTATION_CONTEXT() REPRESENTATION_CONTEXT('2D SPACE',''
  ) );
#7878 = ADVANCED_FACE('',(#7879),#4627,.T.);
#7879 = FACE_BOUND('',#7880,.F.);
#7880 = EDGE_LOOP('',(#7881,#7909,#7910));
#7881 = ORIENTED_EDGE('',*,*,#7882,.F.);
#7882 = EDGE_CURVE('',#1308,#7883,#7885,.T.);
#7883 = VERTEX_POINT('',#7884);
#7884 = CARTESIAN_POINT('',(-161.345,37.972511557597,28.505050027225));
#7885 = SURFACE_CURVE('',#7886,(#7890,#7897),.PCURVE_S1.);
#7886 = LINE('',#7887,#7888);
#7887 = CARTESIAN_POINT('',(-161.345,39.78904639835,23.313691710529));
#7888 = VECTOR('',#7889,1.);
#7889 = DIRECTION('',(-0.,-0.330279061955,0.943883330308));
#7890 = PCURVE('',#4627,#7891);
#7891 = DEFINITIONAL_REPRESENTATION('',(#7892),#7896);
#7892 = LINE('',#7893,#7894);
#7893 = CARTESIAN_POINT('',(-6.921746515184E-02,-2.430815880018));
#7894 = VECTOR('',#7895,1.);
#7895 = DIRECTION('',(0.270871065698,0.962615637608));
#7896 = ( GEOMETRIC_REPRESENTATION_CONTEXT(2) 
PARAMETRIC_REPRESENTATION_CONTEXT() REPRESENTATION_CONTEXT('2D SPACE',''
  ) );
#7897 = PCURVE('',#7898,#7903);
#7898 = PLANE('',#7899);
#7899 = AXIS2_PLACEMENT_3D('',#7900,#7901,#7902);
#7900 = CARTESIAN_POINT('',(-161.6880168685,38.49265277309,
    26.14645242812));
#7901 = DIRECTION('',(-0.643072453267,0.722830895351,0.252929469568));
#7902 = DIRECTION('',(0.747123836079,0.66468486786,1.387778780781E-17));
#7903 = DEFINITIONAL_REPRESENTATION('',(#7904),#7908);
#7904 = LINE('',#7905,#7906);
#7905 = CARTESIAN_POINT('',(1.117969304161,2.927964296537));
#7906 = VECTOR('',#7907,1.);
#7907 = DIRECTION('',(-0.219531494653,-0.975605413503));
#7908 = ( GEOMETRIC_REPRESENTATION_CONTEXT(2) 
PARAMETRIC_REPRESENTATION_CONTEXT() REPRESENTATION_CONTEXT('2D SPACE',''
  ) );
#7909 = ORIENTED_EDGE('',*,*,#4613,.T.);
#7910 = ORIENTED_EDGE('',*,*,#7911,.T.);
#7911 = EDGE_CURVE('',#4530,#7883,#7912,.T.);
#7912 = SURFACE_CURVE('',#7913,(#7917,#7924),.PCURVE_S1.);
#7913 = LINE('',#7914,#7915);
#7914 = CARTESIAN_POINT('',(-162.545,41.291314217205,23.935951415415));
#7915 = VECTOR('',#7916,1.);
#7916 = DIRECTION('',(0.207853018889,-0.57485262658,0.791417450055));
#7917 = PCURVE('',#4627,#7918);
#7918 = DEFINITIONAL_REPRESENTATION('',(#7919),#7923);
#7919 = LINE('',#7920,#7921);
#7920 = CARTESIAN_POINT('',(-1.987885510431,-1.796206809869));
#7921 = VECTOR('',#7922,1.);
#7922 = DIRECTION('',(0.59038206125,0.807123919701));
#7923 = ( GEOMETRIC_REPRESENTATION_CONTEXT(2) 
PARAMETRIC_REPRESENTATION_CONTEXT() REPRESENTATION_CONTEXT('2D SPACE',''
  ) );
#7924 = PCURVE('',#7792,#7925);
#7925 = DEFINITIONAL_REPRESENTATION('',(#7926),#7930);
#7926 = LINE('',#7927,#7928);
#7927 = CARTESIAN_POINT('',(1.345512091126,2.830623164512));
#7928 = VECTOR('',#7929,1.);
#7929 = DIRECTION('',(-0.54399087352,-0.839091133029));
#7930 = ( GEOMETRIC_REPRESENTATION_CONTEXT(2) 
PARAMETRIC_REPRESENTATION_CONTEXT() REPRESENTATION_CONTEXT('2D SPACE',''
  ) );
#7931 = ADVANCED_FACE('',(#7932),#4660,.T.);
#7932 = FACE_BOUND('',#7933,.F.);
#7933 = EDGE_LOOP('',(#7934,#7957,#7958));
#7934 = ORIENTED_EDGE('',*,*,#7935,.F.);
#7935 = EDGE_CURVE('',#2204,#7936,#7938,.T.);
#7936 = VERTEX_POINT('',#7937);
#7937 = CARTESIAN_POINT('',(-161.345,36.00768028493,45.943409889039));
#7938 = SURFACE_CURVE('',#7939,(#7943,#7950),.PCURVE_S1.);
#7939 = LINE('',#7940,#7941);
#7940 = CARTESIAN_POINT('',(-161.345,36.623484903498,51.408827043452));
#7941 = VECTOR('',#7942,1.);
#7942 = DIRECTION('',(-0.,-0.111964476103,-0.993712209893));
#7943 = PCURVE('',#4660,#7944);
#7944 = DEFINITIONAL_REPRESENTATION('',(#7945),#7949);
#7945 = LINE('',#7946,#7947);
#7946 = CARTESIAN_POINT('',(-0.802237742345,2.295663630584));
#7947 = VECTOR('',#7948,1.);
#7948 = DIRECTION('',(9.023834966008E-02,-0.995920197732));
#7949 = ( GEOMETRIC_REPRESENTATION_CONTEXT(2) 
PARAMETRIC_REPRESENTATION_CONTEXT() REPRESENTATION_CONTEXT('2D SPACE',''
  ) );
#7950 = PCURVE('',#7867,#7951);
#7951 = DEFINITIONAL_REPRESENTATION('',(#7952),#7956);
#7952 = LINE('',#7953,#7954);
#7953 = CARTESIAN_POINT('',(-0.222574213074,-3.126226320425));
#7954 = VECTOR('',#7955,1.);
#7955 = DIRECTION('',(-7.226741036221E-02,0.997385292352));
#7956 = ( GEOMETRIC_REPRESENTATION_CONTEXT(2) 
PARAMETRIC_REPRESENTATION_CONTEXT() REPRESENTATION_CONTEXT('2D SPACE',''
  ) );
#7957 = ORIENTED_EDGE('',*,*,#4644,.T.);
#7958 = ORIENTED_EDGE('',*,*,#7959,.T.);
#7959 = EDGE_CURVE('',#4645,#7936,#7960,.T.);
#7960 = SURFACE_CURVE('',#7961,(#7965,#7972),.PCURVE_S1.);
#7961 = LINE('',#7962,#7963);
#7962 = CARTESIAN_POINT('',(-162.545,35.,51.5));
#7963 = VECTOR('',#7964,1.);
#7964 = DIRECTION('',(0.207853018889,0.174541157748,-0.962461691077));
#7965 = PCURVE('',#4660,#7966);
#7966 = DEFINITIONAL_REPRESENTATION('',(#7967),#7971);
#7967 = LINE('',#7968,#7969);
#7968 = CARTESIAN_POINT('',(1.21659019751,2.387039169708));
#7969 = VECTOR('',#7970,1.);
#7970 = DIRECTION('',(-0.263716465197,-0.964600241543));
#7971 = ( GEOMETRIC_REPRESENTATION_CONTEXT(2) 
PARAMETRIC_REPRESENTATION_CONTEXT() REPRESENTATION_CONTEXT('2D SPACE',''
  ) );
#7972 = PCURVE('',#7973,#7978);
#7973 = PLANE('',#7974);
#7974 = AXIS2_PLACEMENT_3D('',#7975,#7976,#7977);
#7975 = CARTESIAN_POINT('',(-162.2019831314,35.288042779851,
    48.398032709438));
#7976 = DIRECTION('',(-0.643072453267,0.765805340703,-0.));
#7977 = DIRECTION('',(0.765805340703,0.643072453267,0.));
#7978 = DEFINITIONAL_REPRESENTATION('',(#7979),#7983);
#7979 = LINE('',#7980,#7981);
#7980 = CARTESIAN_POINT('',(-0.44791652696,-3.101967290562));
#7981 = VECTOR('',#7982,1.);
#7982 = DIRECTION('',(0.271417562456,0.962461691077));
#7983 = ( GEOMETRIC_REPRESENTATION_CONTEXT(2) 
PARAMETRIC_REPRESENTATION_CONTEXT() REPRESENTATION_CONTEXT('2D SPACE',''
  ) );
#7984 = ADVANCED_FACE('',(#7985),#4735,.T.);
#7985 = FACE_BOUND('',#7986,.F.);
#7986 = EDGE_LOOP('',(#7987,#8015,#8016));
#7987 = ORIENTED_EDGE('',*,*,#7988,.F.);
#7988 = EDGE_CURVE('',#4698,#7989,#7991,.T.);
#7989 = VERTEX_POINT('',#7990);
#7990 = CARTESIAN_POINT('',(-162.545,37.002688405607,28.225648790364));
#7991 = SURFACE_CURVE('',#7992,(#7996,#8003),.PCURVE_S1.);
#7992 = LINE('',#7993,#7994);
#7993 = CARTESIAN_POINT('',(-162.545,38.226553542367,22.863545273364));
#7994 = VECTOR('',#7995,1.);
#7995 = DIRECTION('',(-0.,-0.222520933956,0.974927912182));
#7996 = PCURVE('',#4735,#7997);
#7997 = DEFINITIONAL_REPRESENTATION('',(#7998),#8002);
#7998 = LINE('',#7999,#8000);
#7999 = CARTESIAN_POINT('',(0.156268785242,-2.426775013632));
#8000 = VECTOR('',#8001,1.);
#8001 = DIRECTION('',(0.180530405641,0.983569404078));
#8002 = ( GEOMETRIC_REPRESENTATION_CONTEXT(2) 
PARAMETRIC_REPRESENTATION_CONTEXT() REPRESENTATION_CONTEXT('2D SPACE',''
  ) );
#8003 = PCURVE('',#8004,#8009);
#8004 = PLANE('',#8005);
#8005 = AXIS2_PLACEMENT_3D('',#8006,#8007,#8008);
#8006 = CARTESIAN_POINT('',(-162.2019831314,37.255479937789,
    25.823644219216));
#8007 = DIRECTION('',(-0.643072453267,-0.746605001949,-0.170407719642));
#8008 = DIRECTION('',(-0.757687208333,0.652617877726,-0.));
#8009 = DEFINITIONAL_REPRESENTATION('',(#8010),#8014);
#8010 = LINE('',#8011,#8012);
#8011 = CARTESIAN_POINT('',(0.893639488467,3.004037075586));
#8012 = VECTOR('',#8013,1.);
#8013 = DIRECTION('',(-0.145221139668,-0.98939922205));
#8014 = ( GEOMETRIC_REPRESENTATION_CONTEXT(2) 
PARAMETRIC_REPRESENTATION_CONTEXT() REPRESENTATION_CONTEXT('2D SPACE',''
  ) );
#8015 = ORIENTED_EDGE('',*,*,#4721,.T.);
#8016 = ORIENTED_EDGE('',*,*,#8017,.T.);
#8017 = EDGE_CURVE('',#1308,#7989,#8018,.T.);
#8018 = SURFACE_CURVE('',#8019,(#8023,#8030),.PCURVE_S1.);
#8019 = LINE('',#8020,#8021);
#8020 = CARTESIAN_POINT('',(-161.345,39.78904639835,23.313691710529));
#8021 = VECTOR('',#8022,1.);
#8022 = DIRECTION('',(-0.207853018889,-0.482627433748,0.850804256414));
#8023 = PCURVE('',#4735,#8024);
#8024 = DEFINITIONAL_REPRESENTATION('',(#8025),#8029);
#8025 = LINE('',#8026,#8027);
#8026 = CARTESIAN_POINT('',(-1.812938126224,-1.972638602706));
#8027 = VECTOR('',#8028,1.);
#8028 = DIRECTION('',(0.513072037784,0.858345550489));
#8029 = ( GEOMETRIC_REPRESENTATION_CONTEXT(2) 
PARAMETRIC_REPRESENTATION_CONTEXT() REPRESENTATION_CONTEXT('2D SPACE',''
  ) );
#8030 = PCURVE('',#7898,#8031);
#8031 = DEFINITIONAL_REPRESENTATION('',(#8032),#8036);
#8032 = LINE('',#8033,#8034);
#8033 = CARTESIAN_POINT('',(1.117969304161,2.927964296537));
#8034 = VECTOR('',#8035,1.);
#8035 = DIRECTION('',(-0.476087096839,-0.879398132943));
#8036 = ( GEOMETRIC_REPRESENTATION_CONTEXT(2) 
PARAMETRIC_REPRESENTATION_CONTEXT() REPRESENTATION_CONTEXT('2D SPACE',''
  ) );
#8037 = ADVANCED_FACE('',(#8038),#4766,.T.);
#8038 = FACE_BOUND('',#8039,.F.);
#8039 = EDGE_LOOP('',(#8040,#8063,#8064));
#8040 = ORIENTED_EDGE('',*,*,#8041,.F.);
#8041 = EDGE_CURVE('',#4645,#8042,#8044,.T.);
#8042 = VERTEX_POINT('',#8043);
#8043 = CARTESIAN_POINT('',(-162.545,35.,46.));
#8044 = SURFACE_CURVE('',#8045,(#8049,#8056),.PCURVE_S1.);
#8045 = LINE('',#8046,#8047);
#8046 = CARTESIAN_POINT('',(-162.545,35.,51.5));
#8047 = VECTOR('',#8048,1.);
#8048 = DIRECTION('',(-0.,-6.123233995737E-17,-1.));
#8049 = PCURVE('',#4766,#8050);
#8050 = DEFINITIONAL_REPRESENTATION('',(#8051),#8055);
#8051 = LINE('',#8052,#8053);
#8052 = CARTESIAN_POINT('',(-0.591807873586,2.358690386802));
#8053 = VECTOR('',#8054,1.);
#8054 = DIRECTION('',(4.924110993449E-17,-1.));
#8055 = ( GEOMETRIC_REPRESENTATION_CONTEXT(2) 
PARAMETRIC_REPRESENTATION_CONTEXT() REPRESENTATION_CONTEXT('2D SPACE',''
  ) );
#8056 = PCURVE('',#7973,#8057);
#8057 = DEFINITIONAL_REPRESENTATION('',(#8058),#8062);
#8058 = LINE('',#8059,#8060);
#8059 = CARTESIAN_POINT('',(-0.44791652696,-3.101967290562));
#8060 = VECTOR('',#8061,1.);
#8061 = DIRECTION('',(-3.937683107566E-17,1.));
#8062 = ( GEOMETRIC_REPRESENTATION_CONTEXT(2) 
PARAMETRIC_REPRESENTATION_CONTEXT() REPRESENTATION_CONTEXT('2D SPACE',''
  ) );
#8063 = ORIENTED_EDGE('',*,*,#4752,.T.);
#8064 = ORIENTED_EDGE('',*,*,#8065,.T.);
#8065 = EDGE_CURVE('',#2148,#8042,#8066,.T.);
#8066 = SURFACE_CURVE('',#8067,(#8071,#8078),.PCURVE_S1.);
#8067 = LINE('',#8068,#8069);
#8068 = CARTESIAN_POINT('',(-161.345,33.376515096502,51.408827043452));
#8069 = VECTOR('',#8070,1.);
#8070 = DIRECTION('',(-0.207853018889,0.281205198594,-0.936867524692));
#8071 = PCURVE('',#4766,#8072);
#8072 = DEFINITIONAL_REPRESENTATION('',(#8073),#8077);
#8073 = LINE('',#8074,#8075);
#8074 = CARTESIAN_POINT('',(1.427029225312,2.267517430254));
#8075 = VECTOR('',#8076,1.);
#8076 = DIRECTION('',(-0.349684488043,-0.936867524692));
#8077 = ( GEOMETRIC_REPRESENTATION_CONTEXT(2) 
PARAMETRIC_REPRESENTATION_CONTEXT() REPRESENTATION_CONTEXT('2D SPACE',''
  ) );
#8078 = PCURVE('',#8079,#8084);
#8079 = PLANE('',#8080);
#8080 = AXIS2_PLACEMENT_3D('',#8081,#8082,#8083);
#8081 = CARTESIAN_POINT('',(-161.6880168685,34.010056866389,
    48.358614831072));
#8082 = DIRECTION('',(-0.643072453267,-0.760990117458,
    -8.574299376893E-02));
#8083 = DIRECTION('',(-0.763802983622,0.645449457518,6.938893903907E-18)
  );
#8084 = DEFINITIONAL_REPRESENTATION('',(#8085),#8089);
#8085 = LINE('',#8086,#8087);
#8086 = CARTESIAN_POINT('',(-0.670916499309,-3.061486785501));
#8087 = VECTOR('',#8088,1.);
#8088 = DIRECTION('',(0.340262498866,0.940330490767));
#8089 = ( GEOMETRIC_REPRESENTATION_CONTEXT(2) 
PARAMETRIC_REPRESENTATION_CONTEXT() REPRESENTATION_CONTEXT('2D SPACE',''
  ) );
#8090 = ADVANCED_FACE('',(#8091),#4795,.T.);
#8091 = FACE_BOUND('',#8092,.F.);
#8092 = EDGE_LOOP('',(#8093,#8121,#8122));
#8093 = ORIENTED_EDGE('',*,*,#8094,.F.);
#8094 = EDGE_CURVE('',#1364,#8095,#8097,.T.);
#8095 = VERTEX_POINT('',#8096);
#8096 = CARTESIAN_POINT('',(-161.345,36.00768028493,28.056590110961));
#8097 = SURFACE_CURVE('',#8098,(#8102,#8109),.PCURVE_S1.);
#8098 = LINE('',#8099,#8100);
#8099 = CARTESIAN_POINT('',(-161.345,36.623484903498,22.591172956548));
#8100 = VECTOR('',#8101,1.);
#8101 = DIRECTION('',(-0.,-0.111964476103,0.993712209893));
#8102 = PCURVE('',#4795,#8103);
#8103 = DEFINITIONAL_REPRESENTATION('',(#8104),#8108);
#8104 = LINE('',#8105,#8106);
#8105 = CARTESIAN_POINT('',(0.376549086617,-2.402471162241));
#8106 = VECTOR('',#8107,1.);
#8107 = DIRECTION('',(9.023834966008E-02,0.995920197732));
#8108 = ( GEOMETRIC_REPRESENTATION_CONTEXT(2) 
PARAMETRIC_REPRESENTATION_CONTEXT() REPRESENTATION_CONTEXT('2D SPACE',''
  ) );
#8109 = PCURVE('',#8110,#8115);
#8110 = PLANE('',#8111);
#8111 = AXIS2_PLACEMENT_3D('',#8112,#8113,#8114);
#8112 = CARTESIAN_POINT('',(-161.6880168685,35.989943133611,
    25.641385168928));
#8113 = DIRECTION('',(-0.643072453267,0.760990117458,8.574299376893E-02)
  );
#8114 = DIRECTION('',(0.763802983622,0.645449457518,0.));
#8115 = DEFINITIONAL_REPRESENTATION('',(#8116),#8120);
#8116 = LINE('',#8117,#8118);
#8117 = CARTESIAN_POINT('',(0.670916499309,3.061486785501));
#8118 = VECTOR('',#8119,1.);
#8119 = DIRECTION('',(-7.226741036221E-02,-0.997385292352));
#8120 = ( GEOMETRIC_REPRESENTATION_CONTEXT(2) 
PARAMETRIC_REPRESENTATION_CONTEXT() REPRESENTATION_CONTEXT('2D SPACE',''
  ) );
#8121 = ORIENTED_EDGE('',*,*,#4781,.T.);
#8122 = ORIENTED_EDGE('',*,*,#8123,.T.);
#8123 = EDGE_CURVE('',#4698,#8095,#8124,.T.);
#8124 = SURFACE_CURVE('',#8125,(#8129,#8136),.PCURVE_S1.);
#8125 = LINE('',#8126,#8127);
#8126 = CARTESIAN_POINT('',(-162.545,38.226553542367,22.863545273364));
#8127 = VECTOR('',#8128,1.);
#8128 = DIRECTION('',(0.207853018889,-0.384332920909,0.899491705601));
#8129 = PCURVE('',#4795,#8130);
#8130 = DEFINITIONAL_REPRESENTATION('',(#8131),#8135);
#8131 = LINE('',#8132,#8133);
#8132 = CARTESIAN_POINT('',(-1.625824258973,-2.129493645291));
#8133 = VECTOR('',#8134,1.);
#8134 = DIRECTION('',(0.432799223754,0.901490339337));
#8135 = ( GEOMETRIC_REPRESENTATION_CONTEXT(2) 
PARAMETRIC_REPRESENTATION_CONTEXT() REPRESENTATION_CONTEXT('2D SPACE',''
  ) );
#8136 = PCURVE('',#8004,#8137);
#8137 = DEFINITIONAL_REPRESENTATION('',(#8138),#8142);
#8138 = LINE('',#8139,#8140);
#8139 = CARTESIAN_POINT('',(0.893639488467,3.004037075586));
#8140 = VECTOR('',#8141,1.);
#8141 = DIRECTION('',(-0.408310108809,-0.912843280659));
#8142 = ( GEOMETRIC_REPRESENTATION_CONTEXT(2) 
PARAMETRIC_REPRESENTATION_CONTEXT() REPRESENTATION_CONTEXT('2D SPACE',''
  ) );
#8143 = ADVANCED_FACE('',(#8144),#4828,.T.);
#8144 = FACE_BOUND('',#8145,.F.);
#8145 = EDGE_LOOP('',(#8146,#8169,#8170));
#8146 = ORIENTED_EDGE('',*,*,#8147,.F.);
#8147 = EDGE_CURVE('',#2148,#8148,#8150,.T.);
#8148 = VERTEX_POINT('',#8149);
#8149 = CARTESIAN_POINT('',(-161.345,33.99231971507,45.943409889039));
#8150 = SURFACE_CURVE('',#8151,(#8155,#8162),.PCURVE_S1.);
#8151 = LINE('',#8152,#8153);
#8152 = CARTESIAN_POINT('',(-161.345,33.376515096502,51.408827043452));
#8153 = VECTOR('',#8154,1.);
#8154 = DIRECTION('',(-0.,0.111964476103,-0.993712209893));
#8155 = PCURVE('',#4828,#8156);
#8156 = DEFINITIONAL_REPRESENTATION('',(#8157),#8161);
#8157 = LINE('',#8158,#8159);
#8158 = CARTESIAN_POINT('',(-0.376549086617,2.402471162241));
#8159 = VECTOR('',#8160,1.);
#8160 = DIRECTION('',(-9.023834966008E-02,-0.995920197732));
#8161 = ( GEOMETRIC_REPRESENTATION_CONTEXT(2) 
PARAMETRIC_REPRESENTATION_CONTEXT() REPRESENTATION_CONTEXT('2D SPACE',''
  ) );
#8162 = PCURVE('',#8079,#8163);
#8163 = DEFINITIONAL_REPRESENTATION('',(#8164),#8168);
#8164 = LINE('',#8165,#8166);
#8165 = CARTESIAN_POINT('',(-0.670916499309,-3.061486785501));
#8166 = VECTOR('',#8167,1.);
#8167 = DIRECTION('',(7.226741036221E-02,0.997385292352));
#8168 = ( GEOMETRIC_REPRESENTATION_CONTEXT(2) 
PARAMETRIC_REPRESENTATION_CONTEXT() REPRESENTATION_CONTEXT('2D SPACE',''
  ) );
#8169 = ORIENTED_EDGE('',*,*,#4812,.T.);
#8170 = ORIENTED_EDGE('',*,*,#8171,.T.);
#8171 = EDGE_CURVE('',#4813,#8148,#8172,.T.);
#8172 = SURFACE_CURVE('',#8173,(#8177,#8184),.PCURVE_S1.);
#8173 = LINE('',#8174,#8175);
#8174 = CARTESIAN_POINT('',(-162.545,31.773446457633,51.136454726636));
#8175 = VECTOR('',#8176,1.);
#8176 = DIRECTION('',(0.207853018889,0.384332920909,-0.899491705601));
#8177 = PCURVE('',#4828,#8178);
#8178 = DEFINITIONAL_REPRESENTATION('',(#8179),#8183);
#8179 = LINE('',#8180,#8181);
#8180 = CARTESIAN_POINT('',(1.625824258973,2.129493645291));
#8181 = VECTOR('',#8182,1.);
#8182 = DIRECTION('',(-0.432799223754,-0.901490339337));
#8183 = ( GEOMETRIC_REPRESENTATION_CONTEXT(2) 
PARAMETRIC_REPRESENTATION_CONTEXT() REPRESENTATION_CONTEXT('2D SPACE',''
  ) );
#8184 = PCURVE('',#8185,#8190);
#8185 = PLANE('',#8186);
#8186 = AXIS2_PLACEMENT_3D('',#8187,#8188,#8189);
#8187 = CARTESIAN_POINT('',(-162.2019831314,32.744520062211,
    48.176355780784));
#8188 = DIRECTION('',(-0.643072453267,0.746605001949,0.170407719642));
#8189 = DIRECTION('',(0.757687208333,0.652617877726,1.387778780781E-17)
  );
#8190 = DEFINITIONAL_REPRESENTATION('',(#8191),#8195);
#8191 = LINE('',#8192,#8193);
#8192 = CARTESIAN_POINT('',(-0.893639488467,-3.004037075586));
#8193 = VECTOR('',#8194,1.);
#8194 = DIRECTION('',(0.40831010881,0.912843280659));
#8195 = ( GEOMETRIC_REPRESENTATION_CONTEXT(2) 
PARAMETRIC_REPRESENTATION_CONTEXT() REPRESENTATION_CONTEXT('2D SPACE',''
  ) );
#8196 = ADVANCED_FACE('',(#8197),#4903,.T.);
#8197 = FACE_BOUND('',#8198,.F.);
#8198 = EDGE_LOOP('',(#8199,#8227,#8228));
#8199 = ORIENTED_EDGE('',*,*,#8200,.F.);
#8200 = EDGE_CURVE('',#4866,#8201,#8203,.T.);
#8201 = VERTEX_POINT('',#8202);
#8202 = CARTESIAN_POINT('',(-162.545,35.,28.));
#8203 = SURFACE_CURVE('',#8204,(#8208,#8215),.PCURVE_S1.);
#8204 = LINE('',#8205,#8206);
#8205 = CARTESIAN_POINT('',(-162.545,35.,22.5));
#8206 = VECTOR('',#8207,1.);
#8207 = DIRECTION('',(-0.,1.836970198721E-16,1.));
#8208 = PCURVE('',#4903,#8209);
#8209 = DEFINITIONAL_REPRESENTATION('',(#8210),#8214);
#8210 = LINE('',#8211,#8212);
#8211 = CARTESIAN_POINT('',(0.591807873586,-2.358690386802));
#8212 = VECTOR('',#8213,1.);
#8213 = DIRECTION('',(-1.477233298035E-16,1.));
#8214 = ( GEOMETRIC_REPRESENTATION_CONTEXT(2) 
PARAMETRIC_REPRESENTATION_CONTEXT() REPRESENTATION_CONTEXT('2D SPACE',''
  ) );
#8215 = PCURVE('',#8216,#8221);
#8216 = PLANE('',#8217);
#8217 = AXIS2_PLACEMENT_3D('',#8218,#8219,#8220);
#8218 = CARTESIAN_POINT('',(-162.2019831314,34.711957220149,
    25.601967290562));
#8219 = DIRECTION('',(-0.643072453267,-0.765805340703,1.170586147853E-16
    ));
#8220 = DIRECTION('',(-0.765805340703,0.643072453267,-0.));
#8221 = DEFINITIONAL_REPRESENTATION('',(#8222),#8226);
#8222 = LINE('',#8223,#8224);
#8223 = CARTESIAN_POINT('',(0.44791652696,3.101967290562));
#8224 = VECTOR('',#8225,1.);
#8225 = DIRECTION('',(1.18130493227E-16,-1.));
#8226 = ( GEOMETRIC_REPRESENTATION_CONTEXT(2) 
PARAMETRIC_REPRESENTATION_CONTEXT() REPRESENTATION_CONTEXT('2D SPACE',''
  ) );
#8227 = ORIENTED_EDGE('',*,*,#4889,.T.);
#8228 = ORIENTED_EDGE('',*,*,#8229,.T.);
#8229 = EDGE_CURVE('',#1364,#8201,#8230,.T.);
#8230 = SURFACE_CURVE('',#8231,(#8235,#8242),.PCURVE_S1.);
#8231 = LINE('',#8232,#8233);
#8232 = CARTESIAN_POINT('',(-161.345,36.623484903498,22.591172956548));
#8233 = VECTOR('',#8234,1.);
#8234 = DIRECTION('',(-0.207853018889,-0.281205198594,0.936867524692));
#8235 = PCURVE('',#4903,#8236);
#8236 = DEFINITIONAL_REPRESENTATION('',(#8237),#8241);
#8237 = LINE('',#8238,#8239);
#8238 = CARTESIAN_POINT('',(-1.427029225312,-2.267517430254));
#8239 = VECTOR('',#8240,1.);
#8240 = DIRECTION('',(0.349684488043,0.936867524692));
#8241 = ( GEOMETRIC_REPRESENTATION_CONTEXT(2) 
PARAMETRIC_REPRESENTATION_CONTEXT() REPRESENTATION_CONTEXT('2D SPACE',''
  ) );
#8242 = PCURVE('',#8110,#8243);
#8243 = DEFINITIONAL_REPRESENTATION('',(#8244),#8248);
#8244 = LINE('',#8245,#8246);
#8245 = CARTESIAN_POINT('',(0.670916499309,3.061486785501));
#8246 = VECTOR('',#8247,1.);
#8247 = DIRECTION('',(-0.340262498866,-0.940330490767));
#8248 = ( GEOMETRIC_REPRESENTATION_CONTEXT(2) 
PARAMETRIC_REPRESENTATION_CONTEXT() REPRESENTATION_CONTEXT('2D SPACE',''
  ) );
#8249 = ADVANCED_FACE('',(#8250),#4934,.T.);
#8250 = FACE_BOUND('',#8251,.F.);
#8251 = EDGE_LOOP('',(#8252,#8275,#8276));
#8252 = ORIENTED_EDGE('',*,*,#8253,.F.);
#8253 = EDGE_CURVE('',#4813,#8254,#8256,.T.);
#8254 = VERTEX_POINT('',#8255);
#8255 = CARTESIAN_POINT('',(-162.545,32.997311594393,45.774351209636));
#8256 = SURFACE_CURVE('',#8257,(#8261,#8268),.PCURVE_S1.);
#8257 = LINE('',#8258,#8259);
#8258 = CARTESIAN_POINT('',(-162.545,31.773446457633,51.136454726636));
#8259 = VECTOR('',#8260,1.);
#8260 = DIRECTION('',(-0.,0.222520933956,-0.974927912182));
#8261 = PCURVE('',#4934,#8262);
#8262 = DEFINITIONAL_REPRESENTATION('',(#8263),#8267);
#8263 = LINE('',#8264,#8265);
#8264 = CARTESIAN_POINT('',(-0.156268785242,2.426775013632));
#8265 = VECTOR('',#8266,1.);
#8266 = DIRECTION('',(-0.180530405641,-0.983569404078));
#8267 = ( GEOMETRIC_REPRESENTATION_CONTEXT(2) 
PARAMETRIC_REPRESENTATION_CONTEXT() REPRESENTATION_CONTEXT('2D SPACE',''
  ) );
#8268 = PCURVE('',#8185,#8269);
#8269 = DEFINITIONAL_REPRESENTATION('',(#8270),#8274);
#8270 = LINE('',#8271,#8272);
#8271 = CARTESIAN_POINT('',(-0.893639488467,-3.004037075586));
#8272 = VECTOR('',#8273,1.);
#8273 = DIRECTION('',(0.145221139668,0.98939922205));
#8274 = ( GEOMETRIC_REPRESENTATION_CONTEXT(2) 
PARAMETRIC_REPRESENTATION_CONTEXT() REPRESENTATION_CONTEXT('2D SPACE',''
  ) );
#8275 = ORIENTED_EDGE('',*,*,#4920,.T.);
#8276 = ORIENTED_EDGE('',*,*,#8277,.T.);
#8277 = EDGE_CURVE('',#2092,#8254,#8278,.T.);
#8278 = SURFACE_CURVE('',#8279,(#8283,#8290),.PCURVE_S1.);
#8279 = LINE('',#8280,#8281);
#8280 = CARTESIAN_POINT('',(-161.345,30.21095360165,50.686308289471));
#8281 = VECTOR('',#8282,1.);
#8282 = DIRECTION('',(-0.207853018889,0.482627433748,-0.850804256414));
#8283 = PCURVE('',#4934,#8284);
#8284 = DEFINITIONAL_REPRESENTATION('',(#8285),#8289);
#8285 = LINE('',#8286,#8287);
#8286 = CARTESIAN_POINT('',(1.812938126224,1.972638602706));
#8287 = VECTOR('',#8288,1.);
#8288 = DIRECTION('',(-0.513072037784,-0.858345550489));
#8289 = ( GEOMETRIC_REPRESENTATION_CONTEXT(2) 
PARAMETRIC_REPRESENTATION_CONTEXT() REPRESENTATION_CONTEXT('2D SPACE',''
  ) );
#8290 = PCURVE('',#8291,#8296);
#8291 = PLANE('',#8292);
#8292 = AXIS2_PLACEMENT_3D('',#8293,#8294,#8295);
#8293 = CARTESIAN_POINT('',(-161.6880168685,31.50734722691,
    47.85354757188));
#8294 = DIRECTION('',(-0.643072453267,-0.722830895351,-0.252929469568));
#8295 = DIRECTION('',(-0.747123836079,0.66468486786,2.775557561563E-17)
  );
#8296 = DEFINITIONAL_REPRESENTATION('',(#8297),#8301);
#8297 = LINE('',#8298,#8299);
#8298 = CARTESIAN_POINT('',(-1.117969304161,-2.927964296537));
#8299 = VECTOR('',#8300,1.);
#8300 = DIRECTION('',(0.476087096839,0.879398132943));
#8301 = ( GEOMETRIC_REPRESENTATION_CONTEXT(2) 
PARAMETRIC_REPRESENTATION_CONTEXT() REPRESENTATION_CONTEXT('2D SPACE',''
  ) );
#8302 = ADVANCED_FACE('',(#8303),#4963,.T.);
#8303 = FACE_BOUND('',#8304,.F.);
#8304 = EDGE_LOOP('',(#8305,#8333,#8334));
#8305 = ORIENTED_EDGE('',*,*,#8306,.F.);
#8306 = EDGE_CURVE('',#1420,#8307,#8309,.T.);
#8307 = VERTEX_POINT('',#8308);
#8308 = CARTESIAN_POINT('',(-161.345,33.99231971507,28.056590110961));
#8309 = SURFACE_CURVE('',#8310,(#8314,#8321),.PCURVE_S1.);
#8310 = LINE('',#8311,#8312);
#8311 = CARTESIAN_POINT('',(-161.345,33.376515096502,22.591172956548));
#8312 = VECTOR('',#8313,1.);
#8313 = DIRECTION('',(-0.,0.111964476103,0.993712209893));
#8314 = PCURVE('',#4963,#8315);
#8315 = DEFINITIONAL_REPRESENTATION('',(#8316),#8320);
#8316 = LINE('',#8317,#8318);
#8317 = CARTESIAN_POINT('',(0.802237742345,-2.295663630584));
#8318 = VECTOR('',#8319,1.);
#8319 = DIRECTION('',(-9.023834966008E-02,0.995920197732));
#8320 = ( GEOMETRIC_REPRESENTATION_CONTEXT(2) 
PARAMETRIC_REPRESENTATION_CONTEXT() REPRESENTATION_CONTEXT('2D SPACE',''
  ) );
#8321 = PCURVE('',#8322,#8327);
#8322 = PLANE('',#8323);
#8323 = AXIS2_PLACEMENT_3D('',#8324,#8325,#8326);
#8324 = CARTESIAN_POINT('',(-161.6880168685,33.43759361177,
    25.70588628681));
#8325 = DIRECTION('',(-0.643072453267,0.760990117458,-8.574299376893E-02
    ));
#8326 = DIRECTION('',(0.763802983622,0.645449457518,0.));
#8327 = DEFINITIONAL_REPRESENTATION('',(#8328),#8332);
#8328 = LINE('',#8329,#8330);
#8329 = CARTESIAN_POINT('',(0.222574213074,3.126226320425));
#8330 = VECTOR('',#8331,1.);
#8331 = DIRECTION('',(7.226741036221E-02,-0.997385292352));
#8332 = ( GEOMETRIC_REPRESENTATION_CONTEXT(2) 
PARAMETRIC_REPRESENTATION_CONTEXT() REPRESENTATION_CONTEXT('2D SPACE',''
  ) );
#8333 = ORIENTED_EDGE('',*,*,#4949,.T.);
#8334 = ORIENTED_EDGE('',*,*,#8335,.T.);
#8335 = EDGE_CURVE('',#4866,#8307,#8336,.T.);
#8336 = SURFACE_CURVE('',#8337,(#8341,#8348),.PCURVE_S1.);
#8337 = LINE('',#8338,#8339);
#8338 = CARTESIAN_POINT('',(-162.545,35.,22.5));
#8339 = VECTOR('',#8340,1.);
#8340 = DIRECTION('',(0.207853018889,-0.174541157748,0.962461691077));
#8341 = PCURVE('',#4963,#8342);
#8342 = DEFINITIONAL_REPRESENTATION('',(#8343),#8347);
#8343 = LINE('',#8344,#8345);
#8344 = CARTESIAN_POINT('',(-1.21659019751,-2.387039169708));
#8345 = VECTOR('',#8346,1.);
#8346 = DIRECTION('',(0.263716465197,0.964600241543));
#8347 = ( GEOMETRIC_REPRESENTATION_CONTEXT(2) 
PARAMETRIC_REPRESENTATION_CONTEXT() REPRESENTATION_CONTEXT('2D SPACE',''
  ) );
#8348 = PCURVE('',#8216,#8349);
#8349 = DEFINITIONAL_REPRESENTATION('',(#8350),#8354);
#8350 = LINE('',#8351,#8352);
#8351 = CARTESIAN_POINT('',(0.44791652696,3.101967290562));
#8352 = VECTOR('',#8353,1.);
#8353 = DIRECTION('',(-0.271417562456,-0.962461691077));
#8354 = ( GEOMETRIC_REPRESENTATION_CONTEXT(2) 
PARAMETRIC_REPRESENTATION_CONTEXT() REPRESENTATION_CONTEXT('2D SPACE',''
  ) );
#8355 = ADVANCED_FACE('',(#8356),#4996,.T.);
#8356 = FACE_BOUND('',#8357,.F.);
#8357 = EDGE_LOOP('',(#8358,#8381,#8382));
#8358 = ORIENTED_EDGE('',*,*,#8359,.F.);
#8359 = EDGE_CURVE('',#2092,#8360,#8362,.T.);
#8360 = VERTEX_POINT('',#8361);
#8361 = CARTESIAN_POINT('',(-161.345,32.027488442403,45.494949972775));
#8362 = SURFACE_CURVE('',#8363,(#8367,#8374),.PCURVE_S1.);
#8363 = LINE('',#8364,#8365);
#8364 = CARTESIAN_POINT('',(-161.345,30.21095360165,50.686308289471));
#8365 = VECTOR('',#8366,1.);
#8366 = DIRECTION('',(-0.,0.330279061955,-0.943883330308));
#8367 = PCURVE('',#4996,#8368);
#8368 = DEFINITIONAL_REPRESENTATION('',(#8369),#8373);
#8369 = LINE('',#8370,#8371);
#8370 = CARTESIAN_POINT('',(6.921746515185E-02,2.430815880018));
#8371 = VECTOR('',#8372,1.);
#8372 = DIRECTION('',(-0.270871065698,-0.962615637608));
#8373 = ( GEOMETRIC_REPRESENTATION_CONTEXT(2) 
PARAMETRIC_REPRESENTATION_CONTEXT() REPRESENTATION_CONTEXT('2D SPACE',''
  ) );
#8374 = PCURVE('',#8291,#8375);
#8375 = DEFINITIONAL_REPRESENTATION('',(#8376),#8380);
#8376 = LINE('',#8377,#8378);
#8377 = CARTESIAN_POINT('',(-1.117969304161,-2.927964296537));
#8378 = VECTOR('',#8379,1.);
#8379 = DIRECTION('',(0.219531494653,0.975605413503));
#8380 = ( GEOMETRIC_REPRESENTATION_CONTEXT(2) 
PARAMETRIC_REPRESENTATION_CONTEXT() REPRESENTATION_CONTEXT('2D SPACE',''
  ) );
#8381 = ORIENTED_EDGE('',*,*,#4980,.T.);
#8382 = ORIENTED_EDGE('',*,*,#8383,.T.);
#8383 = EDGE_CURVE('',#4981,#8360,#8384,.T.);
#8384 = SURFACE_CURVE('',#8385,(#8389,#8396),.PCURVE_S1.);
#8385 = LINE('',#8386,#8387);
#8386 = CARTESIAN_POINT('',(-162.545,28.708685782795,50.064048584585));
#8387 = VECTOR('',#8388,1.);
#8388 = DIRECTION('',(0.207853018889,0.57485262658,-0.791417450055));
#8389 = PCURVE('',#4996,#8390);
#8390 = DEFINITIONAL_REPRESENTATION('',(#8391),#8395);
#8391 = LINE('',#8392,#8393);
#8392 = CARTESIAN_POINT('',(1.987885510431,1.796206809869));
#8393 = VECTOR('',#8394,1.);
#8394 = DIRECTION('',(-0.59038206125,-0.807123919701));
#8395 = ( GEOMETRIC_REPRESENTATION_CONTEXT(2) 
PARAMETRIC_REPRESENTATION_CONTEXT() REPRESENTATION_CONTEXT('2D SPACE',''
  ) );
#8396 = PCURVE('',#8397,#8402);
#8397 = PLANE('',#8398);
#8398 = AXIS2_PLACEMENT_3D('',#8399,#8400,#8401);
#8399 = CARTESIAN_POINT('',(-162.2019831314,30.314096526715,
    47.394249704885));
#8400 = DIRECTION('',(-0.643072453267,0.689966770847,0.33227048466));
#8401 = DIRECTION('',(0.73152923209,0.681810078099,0.));
#8402 = DEFINITIONAL_REPRESENTATION('',(#8403),#8407);
#8403 = LINE('',#8404,#8405);
#8404 = CARTESIAN_POINT('',(-1.345512091126,-2.830623164512));
#8405 = VECTOR('',#8406,1.);
#8406 = DIRECTION('',(0.54399087352,0.839091133029));
#8407 = ( GEOMETRIC_REPRESENTATION_CONTEXT(2) 
PARAMETRIC_REPRESENTATION_CONTEXT() REPRESENTATION_CONTEXT('2D SPACE',''
  ) );
#8408 = ADVANCED_FACE('',(#8409),#5071,.T.);
#8409 = FACE_BOUND('',#8410,.F.);
#8410 = EDGE_LOOP('',(#8411,#8439,#8440));
#8411 = ORIENTED_EDGE('',*,*,#8412,.F.);
#8412 = EDGE_CURVE('',#5034,#8413,#8415,.T.);
#8413 = VERTEX_POINT('',#8414);
#8414 = CARTESIAN_POINT('',(-162.545,32.997311594393,28.225648790364));
#8415 = SURFACE_CURVE('',#8416,(#8420,#8427),.PCURVE_S1.);
#8416 = LINE('',#8417,#8418);
#8417 = CARTESIAN_POINT('',(-162.545,31.773446457633,22.863545273364));
#8418 = VECTOR('',#8419,1.);
#8419 = DIRECTION('',(-0.,0.222520933956,0.974927912182));
#8420 = PCURVE('',#5071,#8421);
#8421 = DEFINITIONAL_REPRESENTATION('',(#8422),#8426);
#8422 = LINE('',#8423,#8424);
#8423 = CARTESIAN_POINT('',(1.007899449863,-2.213096382673));
#8424 = VECTOR('',#8425,1.);
#8425 = DIRECTION('',(-0.180530405641,0.983569404078));
#8426 = ( GEOMETRIC_REPRESENTATION_CONTEXT(2) 
PARAMETRIC_REPRESENTATION_CONTEXT() REPRESENTATION_CONTEXT('2D SPACE',''
  ) );
#8427 = PCURVE('',#8428,#8433);
#8428 = PLANE('',#8429);
#8429 = AXIS2_PLACEMENT_3D('',#8430,#8431,#8432);
#8430 = CARTESIAN_POINT('',(-162.2019831314,32.182878170252,
    25.951835315999));
#8431 = DIRECTION('',(-0.643072453267,-0.746605001949,0.170407719642));
#8432 = DIRECTION('',(-0.757687208333,0.652617877726,-1.387778780781E-17
    ));
#8433 = DEFINITIONAL_REPRESENTATION('',(#8434),#8438);
#8434 = LINE('',#8435,#8436);
#8435 = CARTESIAN_POINT('',(-7.302961831252E-03,3.134130972629));
#8436 = VECTOR('',#8437,1.);
#8437 = DIRECTION('',(0.145221139668,-0.98939922205));
#8438 = ( GEOMETRIC_REPRESENTATION_CONTEXT(2) 
PARAMETRIC_REPRESENTATION_CONTEXT() REPRESENTATION_CONTEXT('2D SPACE',''
  ) );
#8439 = ORIENTED_EDGE('',*,*,#5057,.T.);
#8440 = ORIENTED_EDGE('',*,*,#8441,.T.);
#8441 = EDGE_CURVE('',#1420,#8413,#8442,.T.);
#8442 = SURFACE_CURVE('',#8443,(#8447,#8454),.PCURVE_S1.);
#8443 = LINE('',#8444,#8445);
#8444 = CARTESIAN_POINT('',(-161.345,33.376515096502,22.591172956548));
#8445 = VECTOR('',#8446,1.);
#8446 = DIRECTION('',(-0.207853018889,-6.568216057219E-02,0.975952343263
    ));
#8447 = PCURVE('',#5071,#8448);
#8448 = DEFINITIONAL_REPRESENTATION('',(#8449),#8453);
#8449 = LINE('',#8450,#8451);
#8450 = CARTESIAN_POINT('',(-0.994226443261,-2.487882932519));
#8451 = VECTOR('',#8452,1.);
#8452 = DIRECTION('',(0.174805889255,0.984602915434));
#8453 = ( GEOMETRIC_REPRESENTATION_CONTEXT(2) 
PARAMETRIC_REPRESENTATION_CONTEXT() REPRESENTATION_CONTEXT('2D SPACE',''
  ) );
#8454 = PCURVE('',#8322,#8455);
#8455 = DEFINITIONAL_REPRESENTATION('',(#8456),#8460);
#8456 = LINE('',#8457,#8458);
#8457 = CARTESIAN_POINT('',(0.222574213074,3.126226320425));
#8458 = VECTOR('',#8459,1.);
#8459 = DIRECTION('',(-0.201153270892,-0.979559779498));
#8460 = ( GEOMETRIC_REPRESENTATION_CONTEXT(2) 
PARAMETRIC_REPRESENTATION_CONTEXT() REPRESENTATION_CONTEXT('2D SPACE',''
  ) );
#8461 = ADVANCED_FACE('',(#8462),#5102,.T.);
#8462 = FACE_BOUND('',#8463,.F.);
#8463 = EDGE_LOOP('',(#8464,#8487,#8488));
#8464 = ORIENTED_EDGE('',*,*,#8465,.F.);
#8465 = EDGE_CURVE('',#4981,#8466,#8468,.T.);
#8466 = VERTEX_POINT('',#8467);
#8467 = CARTESIAN_POINT('',(-162.545,31.095046347942,45.108719811122));
#8468 = SURFACE_CURVE('',#8469,(#8473,#8480),.PCURVE_S1.);
#8469 = LINE('',#8470,#8471);
#8470 = CARTESIAN_POINT('',(-162.545,28.708685782795,50.064048584585));
#8471 = VECTOR('',#8472,1.);
#8472 = DIRECTION('',(-0.,0.433883739118,-0.900968867902));
#8473 = PCURVE('',#5102,#8474);
#8474 = DEFINITIONAL_REPRESENTATION('',(#8475),#8479);
#8475 = LINE('',#8476,#8477);
#8476 = CARTESIAN_POINT('',(0.299929562456,2.413234169656));
#8477 = VECTOR('',#8478,1.);
#8478 = DIRECTION('',(-0.361132205367,-0.932514627363));
#8479 = ( GEOMETRIC_REPRESENTATION_CONTEXT(2) 
PARAMETRIC_REPRESENTATION_CONTEXT() REPRESENTATION_CONTEXT('2D SPACE',''
  ) );
#8480 = PCURVE('',#8397,#8481);
#8481 = DEFINITIONAL_REPRESENTATION('',(#8482),#8486);
#8482 = LINE('',#8483,#8484);
#8483 = CARTESIAN_POINT('',(-1.345512091126,-2.830623164512));
#8484 = VECTOR('',#8485,1.);
#8485 = DIRECTION('',(0.295826306054,0.955241747751));
#8486 = ( GEOMETRIC_REPRESENTATION_CONTEXT(2) 
PARAMETRIC_REPRESENTATION_CONTEXT() REPRESENTATION_CONTEXT('2D SPACE',''
  ) );
#8487 = ORIENTED_EDGE('',*,*,#5088,.T.);
#8488 = ORIENTED_EDGE('',*,*,#8489,.T.);
#8489 = EDGE_CURVE('',#2036,#8466,#8490,.T.);
#8490 = SURFACE_CURVE('',#8491,(#8495,#8502),.PCURVE_S1.);
#8491 = LINE('',#8492,#8493);
#8492 = CARTESIAN_POINT('',(-161.345,27.285534890528,49.27750088881));
#8493 = VECTOR('',#8494,1.);
#8494 = DIRECTION('',(-0.207853018889,0.659848714097,-0.722078110071));
#8495 = PCURVE('',#5102,#8496);
#8496 = DEFINITIONAL_REPRESENTATION('',(#8497),#8501);
#8497 = LINE('',#8498,#8499);
#8498 = CARTESIAN_POINT('',(2.149599196574,1.599146960254));
#8499 = VECTOR('',#8500,1.);
#8500 = DIRECTION('',(-0.66441893539,-0.747360340328));
#8501 = ( GEOMETRIC_REPRESENTATION_CONTEXT(2) 
PARAMETRIC_REPRESENTATION_CONTEXT() REPRESENTATION_CONTEXT('2D SPACE',''
  ) );
#8502 = PCURVE('',#8503,#8508);
#8503 = PLANE('',#8504);
#8504 = AXIS2_PLACEMENT_3D('',#8505,#8506,#8507);
#8505 = CARTESIAN_POINT('',(-161.6880168685,29.179773781521,
    46.804238116966));
#8506 = DIRECTION('',(-0.643072453267,-0.648425913871,-0.407433005621));
#8507 = DIRECTION('',(-0.710031748261,0.704169664542,2.775557561563E-17)
  );
#8508 = DEFINITIONAL_REPRESENTATION('',(#8509),#8513);
#8509 = LINE('',#8510,#8511);
#8510 = CARTESIAN_POINT('',(-1.577418431283,-2.708243227535));
#8511 = VECTOR('',#8512,1.);
#8512 = DIRECTION('',(0.612227690037,0.790681513349));
#8513 = ( GEOMETRIC_REPRESENTATION_CONTEXT(2) 
PARAMETRIC_REPRESENTATION_CONTEXT() REPRESENTATION_CONTEXT('2D SPACE',''
  ) );
#8514 = ADVANCED_FACE('',(#8515),#5131,.T.);
#8515 = FACE_BOUND('',#8516,.F.);
#8516 = EDGE_LOOP('',(#8517,#8545,#8546));
#8517 = ORIENTED_EDGE('',*,*,#8518,.F.);
#8518 = EDGE_CURVE('',#1476,#8519,#8521,.T.);
#8519 = VERTEX_POINT('',#8520);
#8520 = CARTESIAN_POINT('',(-161.345,32.027488442403,28.505050027225));
#8521 = SURFACE_CURVE('',#8522,(#8526,#8533),.PCURVE_S1.);
#8522 = LINE('',#8523,#8524);
#8523 = CARTESIAN_POINT('',(-161.345,30.21095360165,23.313691710529));
#8524 = VECTOR('',#8525,1.);
#8525 = DIRECTION('',(-0.,0.330279061955,0.943883330308));
#8526 = PCURVE('',#5131,#8527);
#8527 = DEFINITIONAL_REPRESENTATION('',(#8528),#8532);
#8528 = LINE('',#8529,#8530);
#8529 = CARTESIAN_POINT('',(1.208584492299,-2.110208621204));
#8530 = VECTOR('',#8531,1.);
#8531 = DIRECTION('',(-0.270871065698,0.962615637608));
#8532 = ( GEOMETRIC_REPRESENTATION_CONTEXT(2) 
PARAMETRIC_REPRESENTATION_CONTEXT() REPRESENTATION_CONTEXT('2D SPACE',''
  ) );
#8533 = PCURVE('',#8534,#8539);
#8534 = PLANE('',#8535);
#8535 = AXIS2_PLACEMENT_3D('',#8536,#8537,#8538);
#8536 = CARTESIAN_POINT('',(-161.6880168685,30.963589670275,
    26.336721426384));
#8537 = DIRECTION('',(-0.643072453267,0.722830895351,-0.252929469568));
#8538 = DIRECTION('',(0.747123836079,0.66468486786,0.));
#8539 = DEFINITIONAL_REPRESENTATION('',(#8540),#8544);
#8540 = LINE('',#8541,#8542);
#8541 = CARTESIAN_POINT('',(-0.243989727161,3.124627865824));
#8542 = VECTOR('',#8543,1.);
#8543 = DIRECTION('',(0.219531494653,-0.975605413503));
#8544 = ( GEOMETRIC_REPRESENTATION_CONTEXT(2) 
PARAMETRIC_REPRESENTATION_CONTEXT() REPRESENTATION_CONTEXT('2D SPACE',''
  ) );
#8545 = ORIENTED_EDGE('',*,*,#5117,.T.);
#8546 = ORIENTED_EDGE('',*,*,#8547,.T.);
#8547 = EDGE_CURVE('',#5034,#8519,#8548,.T.);
#8548 = SURFACE_CURVE('',#8549,(#8553,#8560),.PCURVE_S1.);
#8549 = LINE('',#8550,#8551);
#8550 = CARTESIAN_POINT('',(-162.545,31.773446457633,22.863545273364));
#8551 = VECTOR('',#8552,1.);
#8552 = DIRECTION('',(0.207853018889,4.400282788252E-02,0.977169828473)
  );
#8553 = PCURVE('',#5131,#8554);
#8554 = DEFINITIONAL_REPRESENTATION('',(#8555),#8559);
#8555 = LINE('',#8556,#8557);
#8556 = CARTESIAN_POINT('',(-0.759475784786,-2.569288663954));
#8557 = VECTOR('',#8558,1.);
#8558 = DIRECTION('',(8.284145158733E-02,0.99656273957));
#8559 = ( GEOMETRIC_REPRESENTATION_CONTEXT(2) 
PARAMETRIC_REPRESENTATION_CONTEXT() REPRESENTATION_CONTEXT('2D SPACE',''
  ) );
#8560 = PCURVE('',#8428,#8561);
#8561 = DEFINITIONAL_REPRESENTATION('',(#8562),#8566);
#8562 = LINE('',#8563,#8564);
#8563 = CARTESIAN_POINT('',(-7.302961831252E-03,3.134130972629));
#8564 = VECTOR('',#8565,1.);
#8565 = DIRECTION('',(-0.128770541479,-0.99167441615));
#8566 = ( GEOMETRIC_REPRESENTATION_CONTEXT(2) 
PARAMETRIC_REPRESENTATION_CONTEXT() REPRESENTATION_CONTEXT('2D SPACE',''
  ) );
#8567 = ADVANCED_FACE('',(#8568),#5164,.T.);
#8568 = FACE_BOUND('',#8569,.F.);
#8569 = EDGE_LOOP('',(#8570,#8593,#8594));
#8570 = ORIENTED_EDGE('',*,*,#8571,.F.);
#8571 = EDGE_CURVE('',#2036,#8572,#8574,.T.);
#8572 = VERTEX_POINT('',#8573);
#8573 = CARTESIAN_POINT('',(-161.345,30.211711311362,44.620517793055));
#8574 = SURFACE_CURVE('',#8575,(#8579,#8586),.PCURVE_S1.);
#8575 = LINE('',#8576,#8577);
#8576 = CARTESIAN_POINT('',(-161.345,27.285534890528,49.27750088881));
#8577 = VECTOR('',#8578,1.);
#8578 = DIRECTION('',(-0.,0.532032076515,-0.846724199228));
#8579 = PCURVE('',#5164,#8580);
#8580 = DEFINITIONAL_REPRESENTATION('',(#8581),#8585);
#8581 = LINE('',#8582,#8583);
#8582 = CARTESIAN_POINT('',(0.535536233861,2.372099880328));
#8583 = VECTOR('',#8584,1.);
#8584 = DIRECTION('',(-0.450988550365,-0.892529734765));
#8585 = ( GEOMETRIC_REPRESENTATION_CONTEXT(2) 
PARAMETRIC_REPRESENTATION_CONTEXT() REPRESENTATION_CONTEXT('2D SPACE',''
  ) );
#8586 = PCURVE('',#8503,#8587);
#8587 = DEFINITIONAL_REPRESENTATION('',(#8588),#8592);
#8588 = LINE('',#8589,#8590);
#8589 = CARTESIAN_POINT('',(-1.577418431283,-2.708243227535));
#8590 = VECTOR('',#8591,1.);
#8591 = DIRECTION('',(0.374640848846,0.927170013739));
#8592 = ( GEOMETRIC_REPRESENTATION_CONTEXT(2) 
PARAMETRIC_REPRESENTATION_CONTEXT() REPRESENTATION_CONTEXT('2D SPACE',''
  ) );
#8593 = ORIENTED_EDGE('',*,*,#5148,.T.);
#8594 = ORIENTED_EDGE('',*,*,#8595,.T.);
#8595 = EDGE_CURVE('',#5149,#8572,#8596,.T.);
#8596 = SURFACE_CURVE('',#8597,(#8601,#8608),.PCURVE_S1.);
#8597 = LINE('',#8598,#8599);
#8598 = CARTESIAN_POINT('',(-162.545,25.959397873048,48.336556495786));
#8599 = VECTOR('',#8600,1.);
#8600 = DIRECTION('',(0.207853018889,0.73654682118,-0.643658218893));
#8601 = PCURVE('',#5164,#8602);
#8602 = DEFINITIONAL_REPRESENTATION('',(#8603),#8607);
#8603 = LINE('',#8604,#8605);
#8604 = CARTESIAN_POINT('',(2.296290414767,1.380252888948));
#8605 = VECTOR('',#8606,1.);
#8606 = DIRECTION('',(-0.734620330209,-0.678478422976));
#8607 = ( GEOMETRIC_REPRESENTATION_CONTEXT(2) 
PARAMETRIC_REPRESENTATION_CONTEXT() REPRESENTATION_CONTEXT('2D SPACE',''
  ) );
#8608 = PCURVE('',#8609,#8614);
#8609 = PLANE('',#8610);
#8610 = AXIS2_PLACEMENT_3D('',#8611,#8612,#8613);
#8611 = CARTESIAN_POINT('',(-162.2019831314,28.118643757998,
    46.090932546175));
#8612 = DIRECTION('',(-0.643072453267,0.598730724804,0.477471820137));
#8613 = DIRECTION('',(-0.681423463584,-0.731889379126,2.775557561563E-17
    ));
#8614 = DEFINITIONAL_REPRESENTATION('',(#8615),#8619);
#8615 = LINE('',#8616,#8617);
#8616 = CARTESIAN_POINT('',(1.814068872742,2.555774718513));
#8617 = VECTOR('',#8618,1.);
#8618 = DIRECTION('',(-0.680706719698,-0.732556046837));
#8619 = ( GEOMETRIC_REPRESENTATION_CONTEXT(2) 
PARAMETRIC_REPRESENTATION_CONTEXT() REPRESENTATION_CONTEXT('2D SPACE',''
  ) );
#8620 = ADVANCED_FACE('',(#8621),#5239,.T.);
#8621 = FACE_BOUND('',#8622,.F.);
#8622 = EDGE_LOOP('',(#8623,#8651,#8652));
#8623 = ORIENTED_EDGE('',*,*,#8624,.F.);
#8624 = EDGE_CURVE('',#5202,#8625,#8627,.T.);
#8625 = VERTEX_POINT('',#8626);
#8626 = CARTESIAN_POINT('',(-162.545,31.095046347942,28.891280188878));
#8627 = SURFACE_CURVE('',#8628,(#8632,#8639),.PCURVE_S1.);
#8628 = LINE('',#8629,#8630);
#8629 = CARTESIAN_POINT('',(-162.545,28.708685782795,23.935951415415));
#8630 = VECTOR('',#8631,1.);
#8631 = DIRECTION('',(-0.,0.433883739118,0.900968867902));
#8632 = PCURVE('',#5239,#8633);
#8633 = DEFINITIONAL_REPRESENTATION('',(#8634),#8638);
#8634 = LINE('',#8635,#8636);
#8635 = CARTESIAN_POINT('',(1.403668559872,-1.985792404573));
#8636 = VECTOR('',#8637,1.);
#8637 = DIRECTION('',(-0.361132205367,0.932514627363));
#8638 = ( GEOMETRIC_REPRESENTATION_CONTEXT(2) 
PARAMETRIC_REPRESENTATION_CONTEXT() REPRESENTATION_CONTEXT('2D SPACE',''
  ) );
#8639 = PCURVE('',#8640,#8645);
#8640 = PLANE('',#8641);
#8641 = AXIS2_PLACEMENT_3D('',#8642,#8643,#8644);
#8642 = CARTESIAN_POINT('',(-162.2019831314,29.795061372175,
    26.855704451811));
#8643 = DIRECTION('',(-0.643072453267,-0.689966770847,0.33227048466));
#8644 = DIRECTION('',(-0.73152923209,0.681810078099,2.775557561563E-17)
  );
#8645 = DEFINITIONAL_REPRESENTATION('',(#8646),#8650);
#8646 = LINE('',#8647,#8648);
#8647 = CARTESIAN_POINT('',(-0.489774959006,3.095634147694));
#8648 = VECTOR('',#8649,1.);
#8649 = DIRECTION('',(0.295826306054,-0.955241747751));
#8650 = ( GEOMETRIC_REPRESENTATION_CONTEXT(2) 
PARAMETRIC_REPRESENTATION_CONTEXT() REPRESENTATION_CONTEXT('2D SPACE',''
  ) );
#8651 = ORIENTED_EDGE('',*,*,#5225,.T.);
#8652 = ORIENTED_EDGE('',*,*,#8653,.T.);
#8653 = EDGE_CURVE('',#1476,#8625,#8654,.T.);
#8654 = SURFACE_CURVE('',#8655,(#8659,#8666),.PCURVE_S1.);
#8655 = LINE('',#8656,#8657);
#8656 = CARTESIAN_POINT('',(-161.345,30.21095360165,23.313691710529));
#8657 = VECTOR('',#8658,1.);
#8658 = DIRECTION('',(-0.207853018889,0.153134455246,0.966098836122));
#8659 = PCURVE('',#5239,#8660);
#8660 = DEFINITIONAL_REPRESENTATION('',(#8661),#8665);
#8661 = LINE('',#8662,#8663);
#8662 = CARTESIAN_POINT('',(-0.511852055983,-2.629839382773));
#8663 = VECTOR('',#8664,1.);
#8664 = DIRECTION('',(-1.224713526681E-02,0.999925001026));
#8665 = ( GEOMETRIC_REPRESENTATION_CONTEXT(2) 
PARAMETRIC_REPRESENTATION_CONTEXT() REPRESENTATION_CONTEXT('2D SPACE',''
  ) );
#8666 = PCURVE('',#8534,#8667);
#8667 = DEFINITIONAL_REPRESENTATION('',(#8668),#8672);
#8668 = LINE('',#8669,#8670);
#8669 = CARTESIAN_POINT('',(-0.243989727161,3.124627865824));
#8670 = VECTOR('',#8671,1.);
#8671 = DIRECTION('',(-5.350578966323E-02,-0.998567539264));
#8672 = ( GEOMETRIC_REPRESENTATION_CONTEXT(2) 
PARAMETRIC_REPRESENTATION_CONTEXT() REPRESENTATION_CONTEXT('2D SPACE',''
  ) );
#8673 = ADVANCED_FACE('',(#8674),#5270,.T.);
#8674 = FACE_BOUND('',#8675,.F.);
#8675 = EDGE_LOOP('',(#8676,#8699,#8700));
#8676 = ORIENTED_EDGE('',*,*,#8677,.F.);
#8677 = EDGE_CURVE('',#5149,#8678,#8680,.T.);
#8678 = VERTEX_POINT('',#8679);
#8679 = CARTESIAN_POINT('',(-162.545,29.388591783271,44.036483342212));
#8680 = SURFACE_CURVE('',#8681,(#8685,#8692),.PCURVE_S1.);
#8681 = LINE('',#8682,#8683);
#8682 = CARTESIAN_POINT('',(-162.545,25.959397873048,48.336556495786));
#8683 = VECTOR('',#8684,1.);
#8684 = DIRECTION('',(-0.,0.623489801859,-0.781831482468));
#8685 = PCURVE('',#5270,#8686);
#8686 = DEFINITIONAL_REPRESENTATION('',(#8687),#8691);
#8687 = LINE('',#8688,#8689);
#8688 = CARTESIAN_POINT('',(0.775127416232,2.304958652262));
#8689 = VECTOR('',#8690,1.);
#8690 = DIRECTION('',(-0.539831498154,-0.84177310102));
#8691 = ( GEOMETRIC_REPRESENTATION_CONTEXT(2) 
PARAMETRIC_REPRESENTATION_CONTEXT() REPRESENTATION_CONTEXT('2D SPACE',''
  ) );
#8692 = PCURVE('',#8609,#8693);
#8693 = DEFINITIONAL_REPRESENTATION('',(#8694),#8698);
#8694 = LINE('',#8695,#8696);
#8695 = CARTESIAN_POINT('',(1.814068872742,2.555774718513));
#8696 = VECTOR('',#8697,1.);
#8697 = DIRECTION('',(-0.456325563974,-0.889812890255));
#8698 = ( GEOMETRIC_REPRESENTATION_CONTEXT(2) 
PARAMETRIC_REPRESENTATION_CONTEXT() REPRESENTATION_CONTEXT('2D SPACE',''
  ) );
#8699 = ORIENTED_EDGE('',*,*,#5256,.T.);
#8700 = ORIENTED_EDGE('',*,*,#8701,.T.);
#8701 = EDGE_CURVE('',#1980,#8678,#8702,.T.);
#8702 = SURFACE_CURVE('',#8703,(#8707,#8714),.PCURVE_S1.);
#8703 = LINE('',#8704,#8705);
#8704 = CARTESIAN_POINT('',(-161.345,24.746951672795,47.253048327205));
#8705 = VECTOR('',#8706,1.);
#8706 = DIRECTION('',(-0.207853018889,0.803982424633,-0.557143952153));
#8707 = PCURVE('',#5270,#8708);
#8708 = DEFINITIONAL_REPRESENTATION('',(#8709),#8713);
#8709 = LINE('',#8710,#8711);
#8710 = CARTESIAN_POINT('',(2.425312147701,1.138379854273));
#8711 = VECTOR('',#8712,1.);
#8712 = DIRECTION('',(-0.800105595304,-0.599859180444));
#8713 = ( GEOMETRIC_REPRESENTATION_CONTEXT(2) 
PARAMETRIC_REPRESENTATION_CONTEXT() REPRESENTATION_CONTEXT('2D SPACE',''
  ) );
#8714 = PCURVE('',#8715,#8720);
#8715 = PLANE('',#8716);
#8716 = AXIS2_PLACEMENT_3D('',#8717,#8718,#8719);
#8717 = CARTESIAN_POINT('',(-161.6880168685,27.144050781875,
    45.263303223934));
#8718 = DIRECTION('',(-0.643072453267,-0.54150614948,-0.54150614948));
#8719 = DIRECTION('',(0.644115877368,0.,-0.764927928972));
#8720 = DEFINITIONAL_REPRESENTATION('',(#8721),#8725);
#8721 = LINE('',#8722,#8723);
#8722 = CARTESIAN_POINT('',(-1.301068989799,2.851324213523));
#8723 = VECTOR('',#8724,1.);
#8724 = DIRECTION('',(0.292293539834,-0.956328649875));
#8725 = ( GEOMETRIC_REPRESENTATION_CONTEXT(2) 
PARAMETRIC_REPRESENTATION_CONTEXT() REPRESENTATION_CONTEXT('2D SPACE',''
  ) );
#8726 = ADVANCED_FACE('',(#8727),#5299,.T.);
#8727 = FACE_BOUND('',#8728,.F.);
#8728 = EDGE_LOOP('',(#8729,#8757,#8758));
#8729 = ORIENTED_EDGE('',*,*,#8730,.F.);
#8730 = EDGE_CURVE('',#1532,#8731,#8733,.T.);
#8731 = VERTEX_POINT('',#8732);
#8732 = CARTESIAN_POINT('',(-161.345,30.211711311362,29.379482206945));
#8733 = SURFACE_CURVE('',#8734,(#8738,#8745),.PCURVE_S1.);
#8734 = LINE('',#8735,#8736);
#8735 = CARTESIAN_POINT('',(-161.345,27.285534890528,24.72249911119));
#8736 = VECTOR('',#8737,1.);
#8737 = DIRECTION('',(-0.,0.532032076515,0.846724199228));
#8738 = PCURVE('',#5299,#8739);
#8739 = DEFINITIONAL_REPRESENTATION('',(#8740),#8744);
#8740 = LINE('',#8741,#8742);
#8741 = CARTESIAN_POINT('',(1.591948482748,-1.838302730322));
#8742 = VECTOR('',#8743,1.);
#8743 = DIRECTION('',(-0.450988550365,0.892529734765));
#8744 = ( GEOMETRIC_REPRESENTATION_CONTEXT(2) 
PARAMETRIC_REPRESENTATION_CONTEXT() REPRESENTATION_CONTEXT('2D SPACE',''
  ) );
#8745 = PCURVE('',#8746,#8751);
#8746 = PLANE('',#8747);
#8747 = AXIS2_PLACEMENT_3D('',#8748,#8749,#8750);
#8748 = CARTESIAN_POINT('',(-161.6880168685,28.691988197295,
    27.502257879613));
#8749 = DIRECTION('',(-0.643072453267,0.648425913871,-0.407433005621));
#8750 = DIRECTION('',(0.710031748261,0.704169664542,2.775557561563E-17)
  );
#8751 = DEFINITIONAL_REPRESENTATION('',(#8752),#8756);
#8752 = LINE('',#8753,#8754);
#8753 = CARTESIAN_POINT('',(-0.746828886372,3.04385888328));
#8754 = VECTOR('',#8755,1.);
#8755 = DIRECTION('',(0.374640848846,-0.927170013739));
#8756 = ( GEOMETRIC_REPRESENTATION_CONTEXT(2) 
PARAMETRIC_REPRESENTATION_CONTEXT() REPRESENTATION_CONTEXT('2D SPACE',''
  ) );
#8757 = ORIENTED_EDGE('',*,*,#5285,.T.);
#8758 = ORIENTED_EDGE('',*,*,#8759,.T.);
#8759 = EDGE_CURVE('',#5202,#8731,#8760,.T.);
#8760 = SURFACE_CURVE('',#8761,(#8765,#8772),.PCURVE_S1.);
#8761 = LINE('',#8762,#8763);
#8762 = CARTESIAN_POINT('',(-162.545,28.708685782795,23.935951415415));
#8763 = VECTOR('',#8764,1.);
#8764 = DIRECTION('',(0.207853018889,0.260340327983,0.942878590363));
#8765 = PCURVE('',#5299,#8766);
#8766 = DEFINITIONAL_REPRESENTATION('',(#8767),#8771);
#8767 = LINE('',#8768,#8769);
#8768 = CARTESIAN_POINT('',(-0.251041617171,-2.667400572252));
#8769 = VECTOR('',#8770,1.);
#8770 = DIRECTION('',(-0.110412723481,0.993885823671));
#8771 = ( GEOMETRIC_REPRESENTATION_CONTEXT(2) 
PARAMETRIC_REPRESENTATION_CONTEXT() REPRESENTATION_CONTEXT('2D SPACE',''
  ) );
#8772 = PCURVE('',#8640,#8773);
#8773 = DEFINITIONAL_REPRESENTATION('',(#8774),#8778);
#8774 = LINE('',#8775,#8776);
#8775 = CARTESIAN_POINT('',(-0.489774959006,3.095634147694));
#8776 = VECTOR('',#8777,1.);
#8777 = DIRECTION('',(2.545210005901E-02,-0.999676042827));
#8778 = ( GEOMETRIC_REPRESENTATION_CONTEXT(2) 
PARAMETRIC_REPRESENTATION_CONTEXT() REPRESENTATION_CONTEXT('2D SPACE',''
  ) );
#8779 = ADVANCED_FACE('',(#8780),#5332,.T.);
#8780 = FACE_BOUND('',#8781,.F.);
#8781 = EDGE_LOOP('',(#8782,#8805,#8806));
#8782 = ORIENTED_EDGE('',*,*,#8783,.F.);
#8783 = EDGE_CURVE('',#1980,#8784,#8786,.T.);
#8784 = VERTEX_POINT('',#8785);
#8785 = CARTESIAN_POINT('',(-161.345,28.636038969321,43.363961030679));
#8786 = SURFACE_CURVE('',#8787,(#8791,#8798),.PCURVE_S1.);
#8787 = LINE('',#8788,#8789);
#8788 = CARTESIAN_POINT('',(-161.345,24.746951672795,47.253048327205));
#8789 = VECTOR('',#8790,1.);
#8790 = DIRECTION('',(-0.,0.707106781187,-0.707106781187));
#8791 = PCURVE('',#5332,#8792);
#8792 = DEFINITIONAL_REPRESENTATION('',(#8793),#8797);
#8793 = LINE('',#8794,#8795);
#8794 = CARTESIAN_POINT('',(-1.939314358163,1.467213931318));
#8795 = VECTOR('',#8796,1.);
#8796 = DIRECTION('',(0.626673721429,-0.779281750634));
#8797 = ( GEOMETRIC_REPRESENTATION_CONTEXT(2) 
PARAMETRIC_REPRESENTATION_CONTEXT() REPRESENTATION_CONTEXT('2D SPACE',''
  ) );
#8798 = PCURVE('',#8715,#8799);
#8799 = DEFINITIONAL_REPRESENTATION('',(#8800),#8804);
#8800 = LINE('',#8801,#8802);
#8801 = CARTESIAN_POINT('',(-1.301068989799,2.851324213523));
#8802 = VECTOR('',#8803,1.);
#8803 = DIRECTION('',(0.540885725695,-0.84109608948));
#8804 = ( GEOMETRIC_REPRESENTATION_CONTEXT(2) 
PARAMETRIC_REPRESENTATION_CONTEXT() REPRESENTATION_CONTEXT('2D SPACE',''
  ) );
#8805 = ORIENTED_EDGE('',*,*,#5316,.T.);
#8806 = ORIENTED_EDGE('',*,*,#8807,.T.);
#8807 = EDGE_CURVE('',#5317,#8784,#8808,.T.);
#8808 = SURFACE_CURVE('',#8809,(#8813,#8820),.PCURVE_S1.);
#8809 = LINE('',#8810,#8811);
#8810 = CARTESIAN_POINT('',(-162.545,23.663443504214,46.040602126952));
#8811 = VECTOR('',#8812,1.);
#8812 = DIRECTION('',(0.207853018889,0.861307482614,-0.463623276952));
#8813 = PCURVE('',#5332,#8814);
#8814 = DEFINITIONAL_REPRESENTATION('',(#8815),#8819);
#8815 = LINE('',#8816,#8817);
#8816 = CARTESIAN_POINT('',(-0.308935753516,2.661316667854));
#8817 = VECTOR('',#8818,1.);
#8818 = DIRECTION('',(0.314607518173,-0.949221844201));
#8819 = ( GEOMETRIC_REPRESENTATION_CONTEXT(2) 
PARAMETRIC_REPRESENTATION_CONTEXT() REPRESENTATION_CONTEXT('2D SPACE',''
  ) );
#8820 = PCURVE('',#8821,#8826);
#8821 = PLANE('',#8822);
#8822 = AXIS2_PLACEMENT_3D('',#8823,#8824,#8825);
#8823 = CARTESIAN_POINT('',(-162.2019831314,26.268250925297,
    44.331758069172));
#8824 = DIRECTION('',(-0.643072453267,0.477471820137,0.598730724804));
#8825 = DIRECTION('',(-0.681423463584,0.,-0.731889379126));
#8826 = DEFINITIONAL_REPRESENTATION('',(#8827),#8831);
#8827 = LINE('',#8828,#8829);
#8828 = CARTESIAN_POINT('',(-1.016945073847,2.96456624207));
#8829 = VECTOR('',#8830,1.);
#8830 = DIRECTION('',(0.197685028269,-0.980265591357));
#8831 = ( GEOMETRIC_REPRESENTATION_CONTEXT(2) 
PARAMETRIC_REPRESENTATION_CONTEXT() REPRESENTATION_CONTEXT('2D SPACE',''
  ) );
#8832 = ADVANCED_FACE('',(#8833),#5407,.T.);
#8833 = FACE_BOUND('',#8834,.F.);
#8834 = EDGE_LOOP('',(#8835,#8863,#8864));
#8835 = ORIENTED_EDGE('',*,*,#8836,.F.);
#8836 = EDGE_CURVE('',#5370,#8837,#8839,.T.);
#8837 = VERTEX_POINT('',#8838);
#8838 = CARTESIAN_POINT('',(-162.545,29.388591783271,29.963516657788));
#8839 = SURFACE_CURVE('',#8840,(#8844,#8851),.PCURVE_S1.);
#8840 = LINE('',#8841,#8842);
#8841 = CARTESIAN_POINT('',(-162.545,25.959397873048,25.663443504214));
#8842 = VECTOR('',#8843,1.);
#8843 = DIRECTION('',(-0.,0.623489801859,0.781831482468));
#8844 = PCURVE('',#5407,#8845);
#8845 = DEFINITIONAL_REPRESENTATION('',(#8846),#8850);
#8846 = LINE('',#8847,#8848);
#8847 = CARTESIAN_POINT('',(1.771463314145,-1.666005590228));
#8848 = VECTOR('',#8849,1.);
#8849 = DIRECTION('',(-0.539831498154,0.84177310102));
#8850 = ( GEOMETRIC_REPRESENTATION_CONTEXT(2) 
PARAMETRIC_REPRESENTATION_CONTEXT() REPRESENTATION_CONTEXT('2D SPACE',''
  ) );
#8851 = PCURVE('',#8852,#8857);
#8852 = PLANE('',#8853);
#8853 = AXIS2_PLACEMENT_3D('',#8854,#8855,#8856);
#8854 = CARTESIAN_POINT('',(-162.2019831314,27.668241930828,
    28.268250925297));
#8855 = DIRECTION('',(-0.643072453267,-0.598730724804,0.477471820137));
#8856 = DIRECTION('',(0.681423463584,-0.731889379126,2.775557561563E-17)
  );
#8857 = DEFINITIONAL_REPRESENTATION('',(#8858),#8862);
#8858 = LINE('',#8859,#8860);
#8859 = CARTESIAN_POINT('',(1.016945073847,-2.96456624207));
#8860 = VECTOR('',#8861,1.);
#8861 = DIRECTION('',(-0.456325563974,0.889812890255));
#8862 = ( GEOMETRIC_REPRESENTATION_CONTEXT(2) 
PARAMETRIC_REPRESENTATION_CONTEXT() REPRESENTATION_CONTEXT('2D SPACE',''
  ) );
#8863 = ORIENTED_EDGE('',*,*,#5393,.T.);
#8864 = ORIENTED_EDGE('',*,*,#8865,.T.);
#8865 = EDGE_CURVE('',#1532,#8837,#8866,.T.);
#8866 = SURFACE_CURVE('',#8867,(#8871,#8878),.PCURVE_S1.);
#8867 = LINE('',#8868,#8869);
#8868 = CARTESIAN_POINT('',(-161.345,27.285534890528,24.72249911119));
#8869 = VECTOR('',#8870,1.);
#8870 = DIRECTION('',(-0.207853018889,0.364272270044,0.907801099259));
#8871 = PCURVE('',#5407,#8872);
#8872 = DEFINITIONAL_REPRESENTATION('',(#8873),#8877);
#8873 = LINE('',#8874,#8875);
#8874 = CARTESIAN_POINT('',(2.284251522708E-02,-2.679090503491));
#8875 = VECTOR('',#8876,1.);
#8876 = DIRECTION('',(-0.211395603548,0.977400582566));
#8877 = ( GEOMETRIC_REPRESENTATION_CONTEXT(2) 
PARAMETRIC_REPRESENTATION_CONTEXT() REPRESENTATION_CONTEXT('2D SPACE',''
  ) );
#8878 = PCURVE('',#8746,#8879);
#8879 = DEFINITIONAL_REPRESENTATION('',(#8880),#8884);
#8880 = LINE('',#8881,#8882);
#8881 = CARTESIAN_POINT('',(-0.746828886372,3.04385888328));
#8882 = VECTOR('',#8883,1.);
#8883 = DIRECTION('',(0.108927239816,-0.994049725329));
#8884 = ( GEOMETRIC_REPRESENTATION_CONTEXT(2) 
PARAMETRIC_REPRESENTATION_CONTEXT() REPRESENTATION_CONTEXT('2D SPACE',''
  ) );
#8885 = ADVANCED_FACE('',(#8886),#5438,.T.);
#8886 = FACE_BOUND('',#8887,.F.);
#8887 = EDGE_LOOP('',(#8888,#8911,#8912));
#8888 = ORIENTED_EDGE('',*,*,#8889,.F.);
#8889 = EDGE_CURVE('',#5317,#8890,#8892,.T.);
#8890 = VERTEX_POINT('',#8891);
#8891 = CARTESIAN_POINT('',(-162.545,27.963516657788,42.611408216729));
#8892 = SURFACE_CURVE('',#8893,(#8897,#8904),.PCURVE_S1.);
#8893 = LINE('',#8894,#8895);
#8894 = CARTESIAN_POINT('',(-162.545,23.663443504214,46.040602126952));
#8895 = VECTOR('',#8896,1.);
#8896 = DIRECTION('',(-0.,0.781831482468,-0.623489801859));
#8897 = PCURVE('',#5438,#8898);
#8898 = DEFINITIONAL_REPRESENTATION('',(#8899),#8903);
#8899 = LINE('',#8900,#8901);
#8900 = CARTESIAN_POINT('',(-1.771463314145,1.666005590228));
#8901 = VECTOR('',#8902,1.);
#8902 = DIRECTION('',(0.539831498154,-0.84177310102));
#8903 = ( GEOMETRIC_REPRESENTATION_CONTEXT(2) 
PARAMETRIC_REPRESENTATION_CONTEXT() REPRESENTATION_CONTEXT('2D SPACE',''
  ) );
#8904 = PCURVE('',#8821,#8905);
#8905 = DEFINITIONAL_REPRESENTATION('',(#8906),#8910);
#8906 = LINE('',#8907,#8908);
#8907 = CARTESIAN_POINT('',(-1.016945073847,2.96456624207));
#8908 = VECTOR('',#8909,1.);
#8909 = DIRECTION('',(0.456325563974,-0.889812890255));
#8910 = ( GEOMETRIC_REPRESENTATION_CONTEXT(2) 
PARAMETRIC_REPRESENTATION_CONTEXT() REPRESENTATION_CONTEXT('2D SPACE',''
  ) );
#8911 = ORIENTED_EDGE('',*,*,#5424,.T.);
#8912 = ORIENTED_EDGE('',*,*,#8913,.T.);
#8913 = EDGE_CURVE('',#1924,#8890,#8914,.T.);
#8914 = SURFACE_CURVE('',#8915,(#8919,#8926),.PCURVE_S1.);
#8915 = LINE('',#8916,#8917);
#8916 = CARTESIAN_POINT('',(-161.345,22.72249911119,44.714465109472));
#8917 = VECTOR('',#8918,1.);
#8918 = DIRECTION('',(-0.207853018889,0.907801099259,-0.364272270044));
#8919 = PCURVE('',#5438,#8920);
#8920 = DEFINITIONAL_REPRESENTATION('',(#8921),#8925);
#8921 = LINE('',#8922,#8923);
#8922 = CARTESIAN_POINT('',(-2.284251522709E-02,2.679090503491));
#8923 = VECTOR('',#8924,1.);
#8924 = DIRECTION('',(0.211395603548,-0.977400582566));
#8925 = ( GEOMETRIC_REPRESENTATION_CONTEXT(2) 
PARAMETRIC_REPRESENTATION_CONTEXT() REPRESENTATION_CONTEXT('2D SPACE',''
  ) );
#8926 = PCURVE('',#8927,#8932);
#8927 = PLANE('',#8928);
#8928 = AXIS2_PLACEMENT_3D('',#8929,#8930,#8931);
#8929 = CARTESIAN_POINT('',(-161.6880168685,25.502257879613,
    43.308011802705));
#8930 = DIRECTION('',(-0.643072453267,-0.407433005621,-0.648425913871));
#8931 = DIRECTION('',(-0.710031748261,-2.775557561563E-17,0.704169664542
    ));
#8932 = DEFINITIONAL_REPRESENTATION('',(#8933),#8937);
#8933 = LINE('',#8934,#8935);
#8934 = CARTESIAN_POINT('',(0.746828886372,-3.04385888328));
#8935 = VECTOR('',#8936,1.);
#8936 = DIRECTION('',(-0.108927239816,0.994049725329));
#8937 = ( GEOMETRIC_REPRESENTATION_CONTEXT(2) 
PARAMETRIC_REPRESENTATION_CONTEXT() REPRESENTATION_CONTEXT('2D SPACE',''
  ) );
#8938 = ADVANCED_FACE('',(#8939),#5467,.T.);
#8939 = FACE_BOUND('',#8940,.F.);
#8940 = EDGE_LOOP('',(#8941,#8969,#8970));
#8941 = ORIENTED_EDGE('',*,*,#8942,.F.);
#8942 = EDGE_CURVE('',#1588,#8943,#8945,.T.);
#8943 = VERTEX_POINT('',#8944);
#8944 = CARTESIAN_POINT('',(-161.345,28.636038969321,30.636038969321));
#8945 = SURFACE_CURVE('',#8946,(#8950,#8957),.PCURVE_S1.);
#8946 = LINE('',#8947,#8948);
#8947 = CARTESIAN_POINT('',(-161.345,24.746951672795,26.746951672795));
#8948 = VECTOR('',#8949,1.);
#8949 = DIRECTION('',(-0.,0.707106781187,0.707106781187));
#8950 = PCURVE('',#5467,#8951);
#8951 = DEFINITIONAL_REPRESENTATION('',(#8952),#8956);
#8952 = LINE('',#8953,#8954);
#8953 = CARTESIAN_POINT('',(1.016944206629,2.208954816341));
#8954 = VECTOR('',#8955,1.);
#8955 = DIRECTION('',(-0.626673721429,-0.779281750634));
#8956 = ( GEOMETRIC_REPRESENTATION_CONTEXT(2) 
PARAMETRIC_REPRESENTATION_CONTEXT() REPRESENTATION_CONTEXT('2D SPACE',''
  ) );
#8957 = PCURVE('',#8958,#8963);
#8958 = PLANE('',#8959);
#8959 = AXIS2_PLACEMENT_3D('',#8960,#8961,#8962);
#8960 = CARTESIAN_POINT('',(-161.6880168685,26.736696776066,
    29.144050781875));
#8961 = DIRECTION('',(-0.643072453267,0.54150614948,-0.54150614948));
#8962 = DIRECTION('',(0.644115877368,0.,-0.764927928972));
#8963 = DEFINITIONAL_REPRESENTATION('',(#8964),#8968);
#8964 = LINE('',#8965,#8966);
#8965 = CARTESIAN_POINT('',(2.054550668279,2.366780902052));
#8966 = VECTOR('',#8967,1.);
#8967 = DIRECTION('',(-0.540885725695,-0.84109608948));
#8968 = ( GEOMETRIC_REPRESENTATION_CONTEXT(2) 
PARAMETRIC_REPRESENTATION_CONTEXT() REPRESENTATION_CONTEXT('2D SPACE',''
  ) );
#8969 = ORIENTED_EDGE('',*,*,#5453,.T.);
#8970 = ORIENTED_EDGE('',*,*,#8971,.T.);
#8971 = EDGE_CURVE('',#5370,#8943,#8972,.T.);
#8972 = SURFACE_CURVE('',#8973,(#8977,#8984),.PCURVE_S1.);
#8973 = LINE('',#8974,#8975);
#8974 = CARTESIAN_POINT('',(-162.545,25.959397873048,25.663443504214));
#8975 = VECTOR('',#8976,1.);
#8976 = DIRECTION('',(0.207853018889,0.463623276952,0.861307482614));
#8977 = PCURVE('',#5467,#8978);
#8978 = DEFINITIONAL_REPRESENTATION('',(#8979),#8983);
#8979 = LINE('',#8980,#8981);
#8980 = CARTESIAN_POINT('',(2.533051419328,0.872753237427));
#8981 = VECTOR('',#8982,1.);
#8982 = DIRECTION('',(-0.859612998196,-0.510945685306));
#8983 = ( GEOMETRIC_REPRESENTATION_CONTEXT(2) 
PARAMETRIC_REPRESENTATION_CONTEXT() REPRESENTATION_CONTEXT('2D SPACE',''
  ) );
#8984 = PCURVE('',#8852,#8985);
#8985 = DEFINITIONAL_REPRESENTATION('',(#8986),#8990);
#8986 = LINE('',#8987,#8988);
#8987 = CARTESIAN_POINT('',(1.016945073847,-2.96456624207));
#8988 = VECTOR('',#8989,1.);
#8989 = DIRECTION('',(-0.197685028269,0.980265591357));
#8990 = ( GEOMETRIC_REPRESENTATION_CONTEXT(2) 
PARAMETRIC_REPRESENTATION_CONTEXT() REPRESENTATION_CONTEXT('2D SPACE',''
  ) );
#8991 = ADVANCED_FACE('',(#8992),#5500,.T.);
#8992 = FACE_BOUND('',#8993,.F.);
#8993 = EDGE_LOOP('',(#8994,#9017,#9018));
#8994 = ORIENTED_EDGE('',*,*,#8995,.F.);
#8995 = EDGE_CURVE('',#1924,#8996,#8998,.T.);
#8996 = VERTEX_POINT('',#8997);
#8997 = CARTESIAN_POINT('',(-161.345,27.379482206945,41.788288688638));
#8998 = SURFACE_CURVE('',#8999,(#9003,#9010),.PCURVE_S1.);
#8999 = LINE('',#9000,#9001);
#9000 = CARTESIAN_POINT('',(-161.345,22.72249911119,44.714465109472));
#9001 = VECTOR('',#9002,1.);
#9002 = DIRECTION('',(-0.,0.846724199228,-0.532032076515));
#9003 = PCURVE('',#5500,#9004);
#9004 = DEFINITIONAL_REPRESENTATION('',(#9005),#9009);
#9005 = LINE('',#9006,#9007);
#9006 = CARTESIAN_POINT('',(-1.591948482748,1.838302730322));
#9007 = VECTOR('',#9008,1.);
#9008 = DIRECTION('',(0.450988550365,-0.892529734765));
#9009 = ( GEOMETRIC_REPRESENTATION_CONTEXT(2) 
PARAMETRIC_REPRESENTATION_CONTEXT() REPRESENTATION_CONTEXT('2D SPACE',''
  ) );
#9010 = PCURVE('',#8927,#9011);
#9011 = DEFINITIONAL_REPRESENTATION('',(#9012),#9016);
#9012 = LINE('',#9013,#9014);
#9013 = CARTESIAN_POINT('',(0.746828886372,-3.04385888328));
#9014 = VECTOR('',#9015,1.);
#9015 = DIRECTION('',(-0.374640848846,0.927170013739));
#9016 = ( GEOMETRIC_REPRESENTATION_CONTEXT(2) 
PARAMETRIC_REPRESENTATION_CONTEXT() REPRESENTATION_CONTEXT('2D SPACE',''
  ) );
#9017 = ORIENTED_EDGE('',*,*,#5484,.T.);
#9018 = ORIENTED_EDGE('',*,*,#9019,.T.);
#9019 = EDGE_CURVE('',#5485,#8996,#9020,.T.);
#9020 = SURFACE_CURVE('',#9021,(#9025,#9032),.PCURVE_S1.);
#9021 = LINE('',#9022,#9023);
#9022 = CARTESIAN_POINT('',(-162.545,21.935951415415,43.291314217205));
#9023 = VECTOR('',#9024,1.);
#9024 = DIRECTION('',(0.207853018889,0.942878590363,-0.260340327983));
#9025 = PCURVE('',#5500,#9026);
#9026 = DEFINITIONAL_REPRESENTATION('',(#9027),#9031);
#9027 = LINE('',#9028,#9029);
#9028 = CARTESIAN_POINT('',(0.251041617171,2.667400572252));
#9029 = VECTOR('',#9030,1.);
#9030 = DIRECTION('',(0.110412723481,-0.993885823671));
#9031 = ( GEOMETRIC_REPRESENTATION_CONTEXT(2) 
PARAMETRIC_REPRESENTATION_CONTEXT() REPRESENTATION_CONTEXT('2D SPACE',''
  ) );
#9032 = PCURVE('',#9033,#9038);
#9033 = PLANE('',#9034);
#9034 = AXIS2_PLACEMENT_3D('',#9035,#9036,#9037);
#9035 = CARTESIAN_POINT('',(-162.2019831314,24.855704451811,
    42.204938627825));
#9036 = DIRECTION('',(-0.643072453267,0.33227048466,0.689966770847));
#9037 = DIRECTION('',(0.73152923209,-2.775557561563E-17,0.681810078099)
  );
#9038 = DEFINITIONAL_REPRESENTATION('',(#9039),#9043);
#9039 = LINE('',#9040,#9041);
#9040 = CARTESIAN_POINT('',(0.489774959006,-3.095634147694));
#9041 = VECTOR('',#9042,1.);
#9042 = DIRECTION('',(-2.545210005901E-02,0.999676042827));
#9043 = ( GEOMETRIC_REPRESENTATION_CONTEXT(2) 
PARAMETRIC_REPRESENTATION_CONTEXT() REPRESENTATION_CONTEXT('2D SPACE',''
  ) );
#9044 = ADVANCED_FACE('',(#9045),#5575,.T.);
#9045 = FACE_BOUND('',#9046,.F.);
#9046 = EDGE_LOOP('',(#9047,#9075,#9076));
#9047 = ORIENTED_EDGE('',*,*,#9048,.F.);
#9048 = EDGE_CURVE('',#5538,#9049,#9051,.T.);
#9049 = VERTEX_POINT('',#9050);
#9050 = CARTESIAN_POINT('',(-162.545,27.963516657788,31.388591783271));
#9051 = SURFACE_CURVE('',#9052,(#9056,#9063),.PCURVE_S1.);
#9052 = LINE('',#9053,#9054);
#9053 = CARTESIAN_POINT('',(-162.545,23.663443504214,27.959397873048));
#9054 = VECTOR('',#9055,1.);
#9055 = DIRECTION('',(-0.,0.781831482468,0.623489801859));
#9056 = PCURVE('',#5575,#9057);
#9057 = DEFINITIONAL_REPRESENTATION('',(#9058),#9062);
#9058 = LINE('',#9059,#9060);
#9059 = CARTESIAN_POINT('',(0.775127416232,2.304958652262));
#9060 = VECTOR('',#9061,1.);
#9061 = DIRECTION('',(-0.539831498154,-0.84177310102));
#9062 = ( GEOMETRIC_REPRESENTATION_CONTEXT(2) 
PARAMETRIC_REPRESENTATION_CONTEXT() REPRESENTATION_CONTEXT('2D SPACE',''
  ) );
#9063 = PCURVE('',#9064,#9069);
#9064 = PLANE('',#9065);
#9065 = AXIS2_PLACEMENT_3D('',#9066,#9067,#9068);
#9066 = CARTESIAN_POINT('',(-162.2019831314,25.909067453825,
    30.118643757998));
#9067 = DIRECTION('',(-0.643072453267,-0.477471820137,0.598730724804));
#9068 = DIRECTION('',(-0.681423463584,2.775557561563E-17,-0.731889379126
    ));
#9069 = DEFINITIONAL_REPRESENTATION('',(#9070),#9074);
#9070 = LINE('',#9071,#9072);
#9071 = CARTESIAN_POINT('',(1.814068872742,2.555774718513));
#9072 = VECTOR('',#9073,1.);
#9073 = DIRECTION('',(-0.456325563974,-0.889812890255));
#9074 = ( GEOMETRIC_REPRESENTATION_CONTEXT(2) 
PARAMETRIC_REPRESENTATION_CONTEXT() REPRESENTATION_CONTEXT('2D SPACE',''
  ) );
#9075 = ORIENTED_EDGE('',*,*,#5561,.T.);
#9076 = ORIENTED_EDGE('',*,*,#9077,.T.);
#9077 = EDGE_CURVE('',#1588,#9049,#9078,.T.);
#9078 = SURFACE_CURVE('',#9079,(#9083,#9090),.PCURVE_S1.);
#9079 = LINE('',#9080,#9081);
#9080 = CARTESIAN_POINT('',(-161.345,24.746951672795,26.746951672795));
#9081 = VECTOR('',#9082,1.);
#9082 = DIRECTION('',(-0.207853018889,0.557143952153,0.803982424633));
#9083 = PCURVE('',#5575,#9084);
#9084 = DEFINITIONAL_REPRESENTATION('',(#9085),#9089);
#9085 = LINE('',#9086,#9087);
#9086 = CARTESIAN_POINT('',(2.425312147701,1.138379854273));
#9087 = VECTOR('',#9088,1.);
#9088 = DIRECTION('',(-0.800105595304,-0.599859180444));
#9089 = ( GEOMETRIC_REPRESENTATION_CONTEXT(2) 
PARAMETRIC_REPRESENTATION_CONTEXT() REPRESENTATION_CONTEXT('2D SPACE',''
  ) );
#9090 = PCURVE('',#8958,#9091);
#9091 = DEFINITIONAL_REPRESENTATION('',(#9092),#9096);
#9092 = LINE('',#9093,#9094);
#9093 = CARTESIAN_POINT('',(2.054550668279,2.366780902052));
#9094 = VECTOR('',#9095,1.);
#9095 = DIRECTION('',(-0.74887004063,-0.662716879404));
#9096 = ( GEOMETRIC_REPRESENTATION_CONTEXT(2) 
PARAMETRIC_REPRESENTATION_CONTEXT() REPRESENTATION_CONTEXT('2D SPACE',''
  ) );
#9097 = ADVANCED_FACE('',(#9098),#5606,.T.);
#9098 = FACE_BOUND('',#9099,.F.);
#9099 = EDGE_LOOP('',(#9100,#9123,#9124));
#9100 = ORIENTED_EDGE('',*,*,#9101,.F.);
#9101 = EDGE_CURVE('',#5485,#9102,#9104,.T.);
#9102 = VERTEX_POINT('',#9103);
#9103 = CARTESIAN_POINT('',(-162.545,26.891280188878,40.904953652058));
#9104 = SURFACE_CURVE('',#9105,(#9109,#9116),.PCURVE_S1.);
#9105 = LINE('',#9106,#9107);
#9106 = CARTESIAN_POINT('',(-162.545,21.935951415415,43.291314217205));
#9107 = VECTOR('',#9108,1.);
#9108 = DIRECTION('',(-0.,0.900968867902,-0.433883739118));
#9109 = PCURVE('',#5606,#9110);
#9110 = DEFINITIONAL_REPRESENTATION('',(#9111),#9115);
#9111 = LINE('',#9112,#9113);
#9112 = CARTESIAN_POINT('',(-1.403668559872,1.985792404573));
#9113 = VECTOR('',#9114,1.);
#9114 = DIRECTION('',(0.361132205367,-0.932514627363));
#9115 = ( GEOMETRIC_REPRESENTATION_CONTEXT(2) 
PARAMETRIC_REPRESENTATION_CONTEXT() REPRESENTATION_CONTEXT('2D SPACE',''
  ) );
#9116 = PCURVE('',#9033,#9117);
#9117 = DEFINITIONAL_REPRESENTATION('',(#9118),#9122);
#9118 = LINE('',#9119,#9120);
#9119 = CARTESIAN_POINT('',(0.489774959006,-3.095634147694));
#9120 = VECTOR('',#9121,1.);
#9121 = DIRECTION('',(-0.295826306054,0.955241747751));
#9122 = ( GEOMETRIC_REPRESENTATION_CONTEXT(2) 
PARAMETRIC_REPRESENTATION_CONTEXT() REPRESENTATION_CONTEXT('2D SPACE',''
  ) );
#9123 = ORIENTED_EDGE('',*,*,#5592,.T.);
#9124 = ORIENTED_EDGE('',*,*,#9125,.T.);
#9125 = EDGE_CURVE('',#1868,#9102,#9126,.T.);
#9126 = SURFACE_CURVE('',#9127,(#9131,#9138),.PCURVE_S1.);
#9127 = LINE('',#9128,#9129);
#9128 = CARTESIAN_POINT('',(-161.345,21.313691710529,41.78904639835));
#9129 = VECTOR('',#9130,1.);
#9130 = DIRECTION('',(-0.207853018889,0.966098836122,-0.153134455246));
#9131 = PCURVE('',#5606,#9132);
#9132 = DEFINITIONAL_REPRESENTATION('',(#9133),#9137);
#9133 = LINE('',#9134,#9135);
#9134 = CARTESIAN_POINT('',(0.511852055983,2.629839382773));
#9135 = VECTOR('',#9136,1.);
#9136 = DIRECTION('',(1.224713526681E-02,-0.999925001026));
#9137 = ( GEOMETRIC_REPRESENTATION_CONTEXT(2) 
PARAMETRIC_REPRESENTATION_CONTEXT() REPRESENTATION_CONTEXT('2D SPACE',''
  ) );
#9138 = PCURVE('',#9139,#9144);
#9139 = PLANE('',#9140);
#9140 = AXIS2_PLACEMENT_3D('',#9141,#9142,#9143);
#9141 = CARTESIAN_POINT('',(-161.6880168685,24.336721426384,
    41.036410329725));
#9142 = DIRECTION('',(-0.643072453267,-0.252929469568,-0.722830895351));
#9143 = DIRECTION('',(-0.747123836079,-1.387778780781E-17,0.66468486786)
  );
#9144 = DEFINITIONAL_REPRESENTATION('',(#9145),#9149);
#9145 = LINE('',#9146,#9147);
#9146 = CARTESIAN_POINT('',(0.243989727161,-3.124627865824));
#9147 = VECTOR('',#9148,1.);
#9148 = DIRECTION('',(5.350578966323E-02,0.998567539264));
#9149 = ( GEOMETRIC_REPRESENTATION_CONTEXT(2) 
PARAMETRIC_REPRESENTATION_CONTEXT() REPRESENTATION_CONTEXT('2D SPACE',''
  ) );
#9150 = ADVANCED_FACE('',(#9151),#5635,.T.);
#9151 = FACE_BOUND('',#9152,.F.);
#9152 = EDGE_LOOP('',(#9153,#9181,#9182));
#9153 = ORIENTED_EDGE('',*,*,#9154,.F.);
#9154 = EDGE_CURVE('',#1644,#9155,#9157,.T.);
#9155 = VERTEX_POINT('',#9156);
#9156 = CARTESIAN_POINT('',(-161.345,27.379482206945,32.211711311362));
#9157 = SURFACE_CURVE('',#9158,(#9162,#9169),.PCURVE_S1.);
#9158 = LINE('',#9159,#9160);
#9159 = CARTESIAN_POINT('',(-161.345,22.72249911119,29.285534890528));
#9160 = VECTOR('',#9161,1.);
#9161 = DIRECTION('',(-0.,0.846724199228,0.532032076515));
#9162 = PCURVE('',#5635,#9163);
#9163 = DEFINITIONAL_REPRESENTATION('',(#9164),#9168);
#9164 = LINE('',#9165,#9166);
#9165 = CARTESIAN_POINT('',(0.535536233861,2.372099880328));
#9166 = VECTOR('',#9167,1.);
#9167 = DIRECTION('',(-0.450988550365,-0.892529734765));
#9168 = ( GEOMETRIC_REPRESENTATION_CONTEXT(2) 
PARAMETRIC_REPRESENTATION_CONTEXT() REPRESENTATION_CONTEXT('2D SPACE',''
  ) );
#9169 = PCURVE('',#9170,#9175);
#9170 = PLANE('',#9171);
#9171 = AXIS2_PLACEMENT_3D('',#9172,#9173,#9174);
#9172 = CARTESIAN_POINT('',(-161.6880168685,25.195761883034,
    31.179773781521));
#9173 = DIRECTION('',(-0.643072453267,0.407433005621,-0.648425913871));
#9174 = DIRECTION('',(-0.710031748261,-0.,0.704169664542));
#9175 = DEFINITIONAL_REPRESENTATION('',(#9176),#9180);
#9176 = LINE('',#9177,#9178);
#9177 = CARTESIAN_POINT('',(-1.577418431283,-2.708243227535));
#9178 = VECTOR('',#9179,1.);
#9179 = DIRECTION('',(0.374640848846,0.927170013739));
#9180 = ( GEOMETRIC_REPRESENTATION_CONTEXT(2) 
PARAMETRIC_REPRESENTATION_CONTEXT() REPRESENTATION_CONTEXT('2D SPACE',''
  ) );
#9181 = ORIENTED_EDGE('',*,*,#5621,.T.);
#9182 = ORIENTED_EDGE('',*,*,#9183,.T.);
#9183 = EDGE_CURVE('',#5538,#9155,#9184,.T.);
#9184 = SURFACE_CURVE('',#9185,(#9189,#9196),.PCURVE_S1.);
#9185 = LINE('',#9186,#9187);
#9186 = CARTESIAN_POINT('',(-162.545,23.663443504214,27.959397873048));
#9187 = VECTOR('',#9188,1.);
#9188 = DIRECTION('',(0.207853018889,0.643658218893,0.73654682118));
#9189 = PCURVE('',#5635,#9190);
#9190 = DEFINITIONAL_REPRESENTATION('',(#9191),#9195);
#9191 = LINE('',#9192,#9193);
#9192 = CARTESIAN_POINT('',(2.296290414767,1.380252888948));
#9193 = VECTOR('',#9194,1.);
#9194 = DIRECTION('',(-0.734620330209,-0.678478422976));
#9195 = ( GEOMETRIC_REPRESENTATION_CONTEXT(2) 
PARAMETRIC_REPRESENTATION_CONTEXT() REPRESENTATION_CONTEXT('2D SPACE',''
  ) );
#9196 = PCURVE('',#9064,#9197);
#9197 = DEFINITIONAL_REPRESENTATION('',(#9198),#9202);
#9198 = LINE('',#9199,#9200);
#9199 = CARTESIAN_POINT('',(1.814068872742,2.555774718513));
#9200 = VECTOR('',#9201,1.);
#9201 = DIRECTION('',(-0.680706719698,-0.732556046837));
#9202 = ( GEOMETRIC_REPRESENTATION_CONTEXT(2) 
PARAMETRIC_REPRESENTATION_CONTEXT() REPRESENTATION_CONTEXT('2D SPACE',''
  ) );
#9203 = ADVANCED_FACE('',(#9204),#5668,.T.);
#9204 = FACE_BOUND('',#9205,.F.);
#9205 = EDGE_LOOP('',(#9206,#9229,#9230));
#9206 = ORIENTED_EDGE('',*,*,#9207,.F.);
#9207 = EDGE_CURVE('',#1868,#9208,#9210,.T.);
#9208 = VERTEX_POINT('',#9209);
#9209 = CARTESIAN_POINT('',(-161.345,26.505050027225,39.972511557597));
#9210 = SURFACE_CURVE('',#9211,(#9215,#9222),.PCURVE_S1.);
#9211 = LINE('',#9212,#9213);
#9212 = CARTESIAN_POINT('',(-161.345,21.313691710529,41.78904639835));
#9213 = VECTOR('',#9214,1.);
#9214 = DIRECTION('',(-0.,0.943883330308,-0.330279061955));
#9215 = PCURVE('',#5668,#9216);
#9216 = DEFINITIONAL_REPRESENTATION('',(#9217),#9221);
#9217 = LINE('',#9218,#9219);
#9218 = CARTESIAN_POINT('',(-1.208584492299,2.110208621204));
#9219 = VECTOR('',#9220,1.);
#9220 = DIRECTION('',(0.270871065698,-0.962615637608));
#9221 = ( GEOMETRIC_REPRESENTATION_CONTEXT(2) 
PARAMETRIC_REPRESENTATION_CONTEXT() REPRESENTATION_CONTEXT('2D SPACE',''
  ) );
#9222 = PCURVE('',#9139,#9223);
#9223 = DEFINITIONAL_REPRESENTATION('',(#9224),#9228);
#9224 = LINE('',#9225,#9226);
#9225 = CARTESIAN_POINT('',(0.243989727161,-3.124627865824));
#9226 = VECTOR('',#9227,1.);
#9227 = DIRECTION('',(-0.219531494653,0.975605413503));
#9228 = ( GEOMETRIC_REPRESENTATION_CONTEXT(2) 
PARAMETRIC_REPRESENTATION_CONTEXT() REPRESENTATION_CONTEXT('2D SPACE',''
  ) );
#9229 = ORIENTED_EDGE('',*,*,#5652,.T.);
#9230 = ORIENTED_EDGE('',*,*,#9231,.T.);
#9231 = EDGE_CURVE('',#5653,#9208,#9232,.T.);
#9232 = SURFACE_CURVE('',#9233,(#9237,#9244),.PCURVE_S1.);
#9233 = LINE('',#9234,#9235);
#9234 = CARTESIAN_POINT('',(-162.545,20.863545273364,40.226553542367));
#9235 = VECTOR('',#9236,1.);
#9236 = DIRECTION('',(0.207853018889,0.977169828473,-4.400282788252E-02)
  );
#9237 = PCURVE('',#5668,#9238);
#9238 = DEFINITIONAL_REPRESENTATION('',(#9239),#9243);
#9239 = LINE('',#9240,#9241);
#9240 = CARTESIAN_POINT('',(0.759475784786,2.569288663954));
#9241 = VECTOR('',#9242,1.);
#9242 = DIRECTION('',(-8.284145158733E-02,-0.99656273957));
#9243 = ( GEOMETRIC_REPRESENTATION_CONTEXT(2) 
PARAMETRIC_REPRESENTATION_CONTEXT() REPRESENTATION_CONTEXT('2D SPACE',''
  ) );
#9244 = PCURVE('',#9245,#9250);
#9245 = PLANE('',#9246);
#9246 = AXIS2_PLACEMENT_3D('',#9247,#9248,#9249);
#9247 = CARTESIAN_POINT('',(-162.2019831314,23.951835315999,
    39.817121829748));
#9248 = DIRECTION('',(-0.643072453267,0.170407719642,0.746605001949));
#9249 = DIRECTION('',(0.757687208333,-1.387778780781E-17,0.652617877726)
  );
#9250 = DEFINITIONAL_REPRESENTATION('',(#9251),#9255);
#9251 = LINE('',#9252,#9253);
#9252 = CARTESIAN_POINT('',(7.302961831251E-03,-3.134130972629));
#9253 = VECTOR('',#9254,1.);
#9254 = DIRECTION('',(0.128770541479,0.99167441615));
#9255 = ( GEOMETRIC_REPRESENTATION_CONTEXT(2) 
PARAMETRIC_REPRESENTATION_CONTEXT() REPRESENTATION_CONTEXT('2D SPACE',''
  ) );
#9256 = ADVANCED_FACE('',(#9257),#5743,.T.);
#9257 = FACE_BOUND('',#9258,.F.);
#9258 = EDGE_LOOP('',(#9259,#9287,#9288));
#9259 = ORIENTED_EDGE('',*,*,#9260,.F.);
#9260 = EDGE_CURVE('',#5706,#9261,#9263,.T.);
#9261 = VERTEX_POINT('',#9262);
#9262 = CARTESIAN_POINT('',(-162.545,26.891280188878,33.095046347942));
#9263 = SURFACE_CURVE('',#9264,(#9268,#9275),.PCURVE_S1.);
#9264 = LINE('',#9265,#9266);
#9265 = CARTESIAN_POINT('',(-162.545,21.935951415415,30.708685782795));
#9266 = VECTOR('',#9267,1.);
#9267 = DIRECTION('',(-0.,0.900968867902,0.433883739118));
#9268 = PCURVE('',#5743,#9269);
#9269 = DEFINITIONAL_REPRESENTATION('',(#9270),#9274);
#9270 = LINE('',#9271,#9272);
#9271 = CARTESIAN_POINT('',(0.299929562456,2.413234169656));
#9272 = VECTOR('',#9273,1.);
#9273 = DIRECTION('',(-0.361132205367,-0.932514627363));
#9274 = ( GEOMETRIC_REPRESENTATION_CONTEXT(2) 
PARAMETRIC_REPRESENTATION_CONTEXT() REPRESENTATION_CONTEXT('2D SPACE',''
  ) );
#9275 = PCURVE('',#9276,#9281);
#9276 = PLANE('',#9277);
#9277 = AXIS2_PLACEMENT_3D('',#9278,#9279,#9280);
#9278 = CARTESIAN_POINT('',(-162.2019831314,24.605750295115,
    32.314096526715));
#9279 = DIRECTION('',(-0.643072453267,-0.33227048466,0.689966770847));
#9280 = DIRECTION('',(0.73152923209,-2.775557561563E-17,0.681810078099)
  );
#9281 = DEFINITIONAL_REPRESENTATION('',(#9282),#9286);
#9282 = LINE('',#9283,#9284);
#9283 = CARTESIAN_POINT('',(-1.345512091126,-2.830623164512));
#9284 = VECTOR('',#9285,1.);
#9285 = DIRECTION('',(0.295826306054,0.955241747751));
#9286 = ( GEOMETRIC_REPRESENTATION_CONTEXT(2) 
PARAMETRIC_REPRESENTATION_CONTEXT() REPRESENTATION_CONTEXT('2D SPACE',''
  ) );
#9287 = ORIENTED_EDGE('',*,*,#5729,.T.);
#9288 = ORIENTED_EDGE('',*,*,#9289,.T.);
#9289 = EDGE_CURVE('',#1644,#9261,#9290,.T.);
#9290 = SURFACE_CURVE('',#9291,(#9295,#9302),.PCURVE_S1.);
#9291 = LINE('',#9292,#9293);
#9292 = CARTESIAN_POINT('',(-161.345,22.72249911119,29.285534890528));
#9293 = VECTOR('',#9294,1.);
#9294 = DIRECTION('',(-0.207853018889,0.722078110071,0.659848714097));
#9295 = PCURVE('',#5743,#9296);
#9296 = DEFINITIONAL_REPRESENTATION('',(#9297),#9301);
#9297 = LINE('',#9298,#9299);
#9298 = CARTESIAN_POINT('',(2.149599196574,1.599146960254));
#9299 = VECTOR('',#9300,1.);
#9300 = DIRECTION('',(-0.66441893539,-0.747360340328));
#9301 = ( GEOMETRIC_REPRESENTATION_CONTEXT(2) 
PARAMETRIC_REPRESENTATION_CONTEXT() REPRESENTATION_CONTEXT('2D SPACE',''
  ) );
#9302 = PCURVE('',#9170,#9303);
#9303 = DEFINITIONAL_REPRESENTATION('',(#9304),#9308);
#9304 = LINE('',#9305,#9306);
#9305 = CARTESIAN_POINT('',(-1.577418431283,-2.708243227535));
#9306 = VECTOR('',#9307,1.);
#9307 = DIRECTION('',(0.612227690037,0.790681513349));
#9308 = ( GEOMETRIC_REPRESENTATION_CONTEXT(2) 
PARAMETRIC_REPRESENTATION_CONTEXT() REPRESENTATION_CONTEXT('2D SPACE',''
  ) );
#9309 = ADVANCED_FACE('',(#9310),#5774,.T.);
#9310 = FACE_BOUND('',#9311,.F.);
#9311 = EDGE_LOOP('',(#9312,#9335,#9336));
#9312 = ORIENTED_EDGE('',*,*,#9313,.F.);
#9313 = EDGE_CURVE('',#5653,#9314,#9316,.T.);
#9314 = VERTEX_POINT('',#9315);
#9315 = CARTESIAN_POINT('',(-162.545,26.225648790364,39.002688405607));
#9316 = SURFACE_CURVE('',#9317,(#9321,#9328),.PCURVE_S1.);
#9317 = LINE('',#9318,#9319);
#9318 = CARTESIAN_POINT('',(-162.545,20.863545273364,40.226553542367));
#9319 = VECTOR('',#9320,1.);
#9320 = DIRECTION('',(-0.,0.974927912182,-0.222520933956));
#9321 = PCURVE('',#5774,#9322);
#9322 = DEFINITIONAL_REPRESENTATION('',(#9323),#9327);
#9323 = LINE('',#9324,#9325);
#9324 = CARTESIAN_POINT('',(-1.007899449863,2.213096382673));
#9325 = VECTOR('',#9326,1.);
#9326 = DIRECTION('',(0.180530405641,-0.983569404078));
#9327 = ( GEOMETRIC_REPRESENTATION_CONTEXT(2) 
PARAMETRIC_REPRESENTATION_CONTEXT() REPRESENTATION_CONTEXT('2D SPACE',''
  ) );
#9328 = PCURVE('',#9245,#9329);
#9329 = DEFINITIONAL_REPRESENTATION('',(#9330),#9334);
#9330 = LINE('',#9331,#9332);
#9331 = CARTESIAN_POINT('',(7.302961831251E-03,-3.134130972629));
#9332 = VECTOR('',#9333,1.);
#9333 = DIRECTION('',(-0.145221139668,0.98939922205));
#9334 = ( GEOMETRIC_REPRESENTATION_CONTEXT(2) 
PARAMETRIC_REPRESENTATION_CONTEXT() REPRESENTATION_CONTEXT('2D SPACE',''
  ) );
#9335 = ORIENTED_EDGE('',*,*,#5760,.T.);
#9336 = ORIENTED_EDGE('',*,*,#9337,.T.);
#9337 = EDGE_CURVE('',#1812,#9314,#9338,.T.);
#9338 = SURFACE_CURVE('',#9339,(#9343,#9350),.PCURVE_S1.);
#9339 = LINE('',#9340,#9341);
#9340 = CARTESIAN_POINT('',(-161.345,20.591172956548,38.623484903498));
#9341 = VECTOR('',#9342,1.);
#9342 = DIRECTION('',(-0.207853018889,0.975952343263,6.568216057219E-02)
  );
#9343 = PCURVE('',#5774,#9344);
#9344 = DEFINITIONAL_REPRESENTATION('',(#9345),#9349);
#9345 = LINE('',#9346,#9347);
#9346 = CARTESIAN_POINT('',(0.994226443261,2.487882932519));
#9347 = VECTOR('',#9348,1.);
#9348 = DIRECTION('',(-0.174805889255,-0.984602915434));
#9349 = ( GEOMETRIC_REPRESENTATION_CONTEXT(2) 
PARAMETRIC_REPRESENTATION_CONTEXT() REPRESENTATION_CONTEXT('2D SPACE',''
  ) );
#9350 = PCURVE('',#9351,#9356);
#9351 = PLANE('',#9352);
#9352 = AXIS2_PLACEMENT_3D('',#9353,#9354,#9355);
#9353 = CARTESIAN_POINT('',(-161.6880168685,23.70588628681,
    38.56240638823));
#9354 = DIRECTION('',(-0.643072453267,-8.574299376893E-02,
    -0.760990117458));
#9355 = DIRECTION('',(-0.763802983622,-0.,0.645449457518));
#9356 = DEFINITIONAL_REPRESENTATION('',(#9357),#9361);
#9357 = LINE('',#9358,#9359);
#9358 = CARTESIAN_POINT('',(-0.222574213074,-3.126226320425));
#9359 = VECTOR('',#9360,1.);
#9360 = DIRECTION('',(0.201153270892,0.979559779498));
#9361 = ( GEOMETRIC_REPRESENTATION_CONTEXT(2) 
PARAMETRIC_REPRESENTATION_CONTEXT() REPRESENTATION_CONTEXT('2D SPACE',''
  ) );
#9362 = ADVANCED_FACE('',(#9363),#5803,.T.);
#9363 = FACE_BOUND('',#9364,.F.);
#9364 = EDGE_LOOP('',(#9365,#9393,#9394));
#9365 = ORIENTED_EDGE('',*,*,#9366,.F.);
#9366 = EDGE_CURVE('',#1700,#9367,#9369,.T.);
#9367 = VERTEX_POINT('',#9368);
#9368 = CARTESIAN_POINT('',(-161.345,26.505050027225,34.027488442403));
#9369 = SURFACE_CURVE('',#9370,(#9374,#9381),.PCURVE_S1.);
#9370 = LINE('',#9371,#9372);
#9371 = CARTESIAN_POINT('',(-161.345,21.313691710529,32.21095360165));
#9372 = VECTOR('',#9373,1.);
#9373 = DIRECTION('',(-0.,0.943883330308,0.330279061955));
#9374 = PCURVE('',#5803,#9375);
#9375 = DEFINITIONAL_REPRESENTATION('',(#9376),#9380);
#9376 = LINE('',#9377,#9378);
#9377 = CARTESIAN_POINT('',(6.921746515184E-02,2.430815880018));
#9378 = VECTOR('',#9379,1.);
#9379 = DIRECTION('',(-0.270871065698,-0.962615637608));
#9380 = ( GEOMETRIC_REPRESENTATION_CONTEXT(2) 
PARAMETRIC_REPRESENTATION_CONTEXT() REPRESENTATION_CONTEXT('2D SPACE',''
  ) );
#9381 = PCURVE('',#9382,#9387);
#9382 = PLANE('',#9383);
#9383 = AXIS2_PLACEMENT_3D('',#9384,#9385,#9386);
#9384 = CARTESIAN_POINT('',(-161.6880168685,24.14645242812,
    33.50734722691));
#9385 = DIRECTION('',(-0.643072453267,0.252929469568,-0.722830895351));
#9386 = DIRECTION('',(-0.747123836079,-1.387778780781E-17,0.66468486786)
  );
#9387 = DEFINITIONAL_REPRESENTATION('',(#9388),#9392);
#9388 = LINE('',#9389,#9390);
#9389 = CARTESIAN_POINT('',(-1.117969304161,-2.927964296537));
#9390 = VECTOR('',#9391,1.);
#9391 = DIRECTION('',(0.219531494653,0.975605413503));
#9392 = ( GEOMETRIC_REPRESENTATION_CONTEXT(2) 
PARAMETRIC_REPRESENTATION_CONTEXT() REPRESENTATION_CONTEXT('2D SPACE',''
  ) );
#9393 = ORIENTED_EDGE('',*,*,#5789,.T.);
#9394 = ORIENTED_EDGE('',*,*,#9395,.T.);
#9395 = EDGE_CURVE('',#5706,#9367,#9396,.T.);
#9396 = SURFACE_CURVE('',#9397,(#9401,#9408),.PCURVE_S1.);
#9397 = LINE('',#9398,#9399);
#9398 = CARTESIAN_POINT('',(-162.545,21.935951415415,30.708685782795));
#9399 = VECTOR('',#9400,1.);
#9400 = DIRECTION('',(0.207853018889,0.791417450055,0.57485262658));
#9401 = PCURVE('',#5803,#9402);
#9402 = DEFINITIONAL_REPRESENTATION('',(#9403),#9407);
#9403 = LINE('',#9404,#9405);
#9404 = CARTESIAN_POINT('',(1.987885510431,1.796206809869));
#9405 = VECTOR('',#9406,1.);
#9406 = DIRECTION('',(-0.59038206125,-0.807123919701));
#9407 = ( GEOMETRIC_REPRESENTATION_CONTEXT(2) 
PARAMETRIC_REPRESENTATION_CONTEXT() REPRESENTATION_CONTEXT('2D SPACE',''
  ) );
#9408 = PCURVE('',#9276,#9409);
#9409 = DEFINITIONAL_REPRESENTATION('',(#9410),#9414);
#9410 = LINE('',#9411,#9412);
#9411 = CARTESIAN_POINT('',(-1.345512091126,-2.830623164512));
#9412 = VECTOR('',#9413,1.);
#9413 = DIRECTION('',(0.54399087352,0.839091133029));
#9414 = ( GEOMETRIC_REPRESENTATION_CONTEXT(2) 
PARAMETRIC_REPRESENTATION_CONTEXT() REPRESENTATION_CONTEXT('2D SPACE',''
  ) );
#9415 = ADVANCED_FACE('',(#9416),#5836,.T.);
#9416 = FACE_BOUND('',#9417,.F.);
#9417 = EDGE_LOOP('',(#9418,#9441,#9442));
#9418 = ORIENTED_EDGE('',*,*,#9419,.F.);
#9419 = EDGE_CURVE('',#1812,#9420,#9422,.T.);
#9420 = VERTEX_POINT('',#9421);
#9421 = CARTESIAN_POINT('',(-161.345,26.056590110961,38.00768028493));
#9422 = SURFACE_CURVE('',#9423,(#9427,#9434),.PCURVE_S1.);
#9423 = LINE('',#9424,#9425);
#9424 = CARTESIAN_POINT('',(-161.345,20.591172956548,38.623484903498));
#9425 = VECTOR('',#9426,1.);
#9426 = DIRECTION('',(-0.,0.993712209893,-0.111964476103));
#9427 = PCURVE('',#5836,#9428);
#9428 = DEFINITIONAL_REPRESENTATION('',(#9429),#9433);
#9429 = LINE('',#9430,#9431);
#9430 = CARTESIAN_POINT('',(-0.802237742345,2.295663630584));
#9431 = VECTOR('',#9432,1.);
#9432 = DIRECTION('',(9.023834966008E-02,-0.995920197732));
#9433 = ( GEOMETRIC_REPRESENTATION_CONTEXT(2) 
PARAMETRIC_REPRESENTATION_CONTEXT() REPRESENTATION_CONTEXT('2D SPACE',''
  ) );
#9434 = PCURVE('',#9351,#9435);
#9435 = DEFINITIONAL_REPRESENTATION('',(#9436),#9440);
#9436 = LINE('',#9437,#9438);
#9437 = CARTESIAN_POINT('',(-0.222574213074,-3.126226320425));
#9438 = VECTOR('',#9439,1.);
#9439 = DIRECTION('',(-7.226741036221E-02,0.997385292352));
#9440 = ( GEOMETRIC_REPRESENTATION_CONTEXT(2) 
PARAMETRIC_REPRESENTATION_CONTEXT() REPRESENTATION_CONTEXT('2D SPACE',''
  ) );
#9441 = ORIENTED_EDGE('',*,*,#5820,.T.);
#9442 = ORIENTED_EDGE('',*,*,#9443,.T.);
#9443 = EDGE_CURVE('',#5821,#9420,#9444,.T.);
#9444 = SURFACE_CURVE('',#9445,(#9449,#9456),.PCURVE_S1.);
#9445 = LINE('',#9446,#9447);
#9446 = CARTESIAN_POINT('',(-162.545,20.5,37.));
#9447 = VECTOR('',#9448,1.);
#9448 = DIRECTION('',(0.207853018889,0.962461691077,0.174541157748));
#9449 = PCURVE('',#5836,#9450);
#9450 = DEFINITIONAL_REPRESENTATION('',(#9451),#9455);
#9451 = LINE('',#9452,#9453);
#9452 = CARTESIAN_POINT('',(1.21659019751,2.387039169708));
#9453 = VECTOR('',#9454,1.);
#9454 = DIRECTION('',(-0.263716465197,-0.964600241543));
#9455 = ( GEOMETRIC_REPRESENTATION_CONTEXT(2) 
PARAMETRIC_REPRESENTATION_CONTEXT() REPRESENTATION_CONTEXT('2D SPACE',''
  ) );
#9456 = PCURVE('',#9457,#9462);
#9457 = PLANE('',#9458);
#9458 = AXIS2_PLACEMENT_3D('',#9459,#9460,#9461);
#9459 = CARTESIAN_POINT('',(-162.2019831314,23.601967290562,
    37.288042779851));
#9460 = DIRECTION('',(-0.643072453267,-0.,0.765805340703));
#9461 = DIRECTION('',(0.765805340703,0.,0.643072453267));
#9462 = DEFINITIONAL_REPRESENTATION('',(#9463),#9467);
#9463 = LINE('',#9464,#9465);
#9464 = CARTESIAN_POINT('',(-0.44791652696,-3.101967290562));
#9465 = VECTOR('',#9466,1.);
#9466 = DIRECTION('',(0.271417562456,0.962461691077));
#9467 = ( GEOMETRIC_REPRESENTATION_CONTEXT(2) 
PARAMETRIC_REPRESENTATION_CONTEXT() REPRESENTATION_CONTEXT('2D SPACE',''
  ) );
#9468 = ADVANCED_FACE('',(#9469),#5911,.T.);
#9469 = FACE_BOUND('',#9470,.F.);
#9470 = EDGE_LOOP('',(#9471,#9499,#9500));
#9471 = ORIENTED_EDGE('',*,*,#9472,.F.);
#9472 = EDGE_CURVE('',#5874,#9473,#9475,.T.);
#9473 = VERTEX_POINT('',#9474);
#9474 = CARTESIAN_POINT('',(-162.545,26.225648790364,34.997311594393));
#9475 = SURFACE_CURVE('',#9476,(#9480,#9487),.PCURVE_S1.);
#9476 = LINE('',#9477,#9478);
#9477 = CARTESIAN_POINT('',(-162.545,20.863545273364,33.773446457633));
#9478 = VECTOR('',#9479,1.);
#9479 = DIRECTION('',(-0.,0.974927912182,0.222520933956));
#9480 = PCURVE('',#5911,#9481);
#9481 = DEFINITIONAL_REPRESENTATION('',(#9482),#9486);
#9482 = LINE('',#9483,#9484);
#9483 = CARTESIAN_POINT('',(-0.156268785242,2.426775013632));
#9484 = VECTOR('',#9485,1.);
#9485 = DIRECTION('',(-0.180530405641,-0.983569404078));
#9486 = ( GEOMETRIC_REPRESENTATION_CONTEXT(2) 
PARAMETRIC_REPRESENTATION_CONTEXT() REPRESENTATION_CONTEXT('2D SPACE',''
  ) );
#9487 = PCURVE('',#9488,#9493);
#9488 = PLANE('',#9489);
#9489 = AXIS2_PLACEMENT_3D('',#9490,#9491,#9492);
#9490 = CARTESIAN_POINT('',(-162.2019831314,23.823644219216,
    34.744520062211));
#9491 = DIRECTION('',(-0.643072453267,-0.170407719642,0.746605001949));
#9492 = DIRECTION('',(0.757687208333,-1.387778780781E-17,0.652617877726)
  );
#9493 = DEFINITIONAL_REPRESENTATION('',(#9494),#9498);
#9494 = LINE('',#9495,#9496);
#9495 = CARTESIAN_POINT('',(-0.893639488467,-3.004037075586));
#9496 = VECTOR('',#9497,1.);
#9497 = DIRECTION('',(0.145221139668,0.98939922205));
#9498 = ( GEOMETRIC_REPRESENTATION_CONTEXT(2) 
PARAMETRIC_REPRESENTATION_CONTEXT() REPRESENTATION_CONTEXT('2D SPACE',''
  ) );
#9499 = ORIENTED_EDGE('',*,*,#5897,.T.);
#9500 = ORIENTED_EDGE('',*,*,#9501,.T.);
#9501 = EDGE_CURVE('',#1700,#9473,#9502,.T.);
#9502 = SURFACE_CURVE('',#9503,(#9507,#9514),.PCURVE_S1.);
#9503 = LINE('',#9504,#9505);
#9504 = CARTESIAN_POINT('',(-161.345,21.313691710529,32.21095360165));
#9505 = VECTOR('',#9506,1.);
#9506 = DIRECTION('',(-0.207853018889,0.850804256414,0.482627433748));
#9507 = PCURVE('',#5911,#9508);
#9508 = DEFINITIONAL_REPRESENTATION('',(#9509),#9513);
#9509 = LINE('',#9510,#9511);
#9510 = CARTESIAN_POINT('',(1.812938126224,1.972638602706));
#9511 = VECTOR('',#9512,1.);
#9512 = DIRECTION('',(-0.513072037784,-0.858345550489));
#9513 = ( GEOMETRIC_REPRESENTATION_CONTEXT(2) 
PARAMETRIC_REPRESENTATION_CONTEXT() REPRESENTATION_CONTEXT('2D SPACE',''
  ) );
#9514 = PCURVE('',#9382,#9515);
#9515 = DEFINITIONAL_REPRESENTATION('',(#9516),#9520);
#9516 = LINE('',#9517,#9518);
#9517 = CARTESIAN_POINT('',(-1.117969304161,-2.927964296537));
#9518 = VECTOR('',#9519,1.);
#9519 = DIRECTION('',(0.476087096839,0.879398132943));
#9520 = ( GEOMETRIC_REPRESENTATION_CONTEXT(2) 
PARAMETRIC_REPRESENTATION_CONTEXT() REPRESENTATION_CONTEXT('2D SPACE',''
  ) );
#9521 = ADVANCED_FACE('',(#9522),#5942,.T.);
#9522 = FACE_BOUND('',#9523,.F.);
#9523 = EDGE_LOOP('',(#9524,#9547,#9548));
#9524 = ORIENTED_EDGE('',*,*,#9525,.F.);
#9525 = EDGE_CURVE('',#5821,#9526,#9528,.T.);
#9526 = VERTEX_POINT('',#9527);
#9527 = CARTESIAN_POINT('',(-162.545,26.,37.));
#9528 = SURFACE_CURVE('',#9529,(#9533,#9540),.PCURVE_S1.);
#9529 = LINE('',#9530,#9531);
#9530 = CARTESIAN_POINT('',(-162.545,20.5,37.));
#9531 = VECTOR('',#9532,1.);
#9532 = DIRECTION('',(-0.,1.,-1.224646799147E-16));
#9533 = PCURVE('',#5942,#9534);
#9534 = DEFINITIONAL_REPRESENTATION('',(#9535),#9539);
#9535 = LINE('',#9536,#9537);
#9536 = CARTESIAN_POINT('',(-0.591807873586,2.358690386802));
#9537 = VECTOR('',#9538,1.);
#9538 = DIRECTION('',(9.848221986897E-17,-1.));
#9539 = ( GEOMETRIC_REPRESENTATION_CONTEXT(2) 
PARAMETRIC_REPRESENTATION_CONTEXT() REPRESENTATION_CONTEXT('2D SPACE',''
  ) );
#9540 = PCURVE('',#9457,#9541);
#9541 = DEFINITIONAL_REPRESENTATION('',(#9542),#9546);
#9542 = LINE('',#9543,#9544);
#9543 = CARTESIAN_POINT('',(-0.44791652696,-3.101967290562));
#9544 = VECTOR('',#9545,1.);
#9545 = DIRECTION('',(-7.875366215132E-17,1.));
#9546 = ( GEOMETRIC_REPRESENTATION_CONTEXT(2) 
PARAMETRIC_REPRESENTATION_CONTEXT() REPRESENTATION_CONTEXT('2D SPACE',''
  ) );
#9547 = ORIENTED_EDGE('',*,*,#5928,.T.);
#9548 = ORIENTED_EDGE('',*,*,#9549,.T.);
#9549 = EDGE_CURVE('',#1756,#9526,#9550,.T.);
#9550 = SURFACE_CURVE('',#9551,(#9555,#9562),.PCURVE_S1.);
#9551 = LINE('',#9552,#9553);
#9552 = CARTESIAN_POINT('',(-161.345,20.591172956548,35.376515096502));
#9553 = VECTOR('',#9554,1.);
#9554 = DIRECTION('',(-0.207853018889,0.936867524692,0.281205198594));
#9555 = PCURVE('',#5942,#9556);
#9556 = DEFINITIONAL_REPRESENTATION('',(#9557),#9561);
#9557 = LINE('',#9558,#9559);
#9558 = CARTESIAN_POINT('',(1.427029225312,2.267517430254));
#9559 = VECTOR('',#9560,1.);
#9560 = DIRECTION('',(-0.349684488043,-0.936867524692));
#9561 = ( GEOMETRIC_REPRESENTATION_CONTEXT(2) 
PARAMETRIC_REPRESENTATION_CONTEXT() REPRESENTATION_CONTEXT('2D SPACE',''
  ) );
#9562 = PCURVE('',#9563,#9568);
#9563 = PLANE('',#9564);
#9564 = AXIS2_PLACEMENT_3D('',#9565,#9566,#9567);
#9565 = CARTESIAN_POINT('',(-161.6880168685,23.641385168928,
    36.010056866389));
#9566 = DIRECTION('',(-0.643072453267,8.574299376893E-02,-0.760990117458
    ));
#9567 = DIRECTION('',(-0.763802983622,-0.,0.645449457518));
#9568 = DEFINITIONAL_REPRESENTATION('',(#9569),#9573);
#9569 = LINE('',#9570,#9571);
#9570 = CARTESIAN_POINT('',(-0.670916499309,-3.061486785501));
#9571 = VECTOR('',#9572,1.);
#9572 = DIRECTION('',(0.340262498866,0.940330490767));
#9573 = ( GEOMETRIC_REPRESENTATION_CONTEXT(2) 
PARAMETRIC_REPRESENTATION_CONTEXT() REPRESENTATION_CONTEXT('2D SPACE',''
  ) );
#9574 = ADVANCED_FACE('',(#9575),#5971,.T.);
#9575 = FACE_BOUND('',#9576,.F.);
#9576 = EDGE_LOOP('',(#9577,#9600,#9601));
#9577 = ORIENTED_EDGE('',*,*,#9578,.F.);
#9578 = EDGE_CURVE('',#1756,#9579,#9581,.T.);
#9579 = VERTEX_POINT('',#9580);
#9580 = CARTESIAN_POINT('',(-161.345,26.056590110961,35.99231971507));
#9581 = SURFACE_CURVE('',#9582,(#9586,#9593),.PCURVE_S1.);
#9582 = LINE('',#9583,#9584);
#9583 = CARTESIAN_POINT('',(-161.345,20.591172956548,35.376515096502));
#9584 = VECTOR('',#9585,1.);
#9585 = DIRECTION('',(-0.,0.993712209893,0.111964476103));
#9586 = PCURVE('',#5971,#9587);
#9587 = DEFINITIONAL_REPRESENTATION('',(#9588),#9592);
#9588 = LINE('',#9589,#9590);
#9589 = CARTESIAN_POINT('',(-0.376549086617,2.402471162241));
#9590 = VECTOR('',#9591,1.);
#9591 = DIRECTION('',(-9.023834966008E-02,-0.995920197732));
#9592 = ( GEOMETRIC_REPRESENTATION_CONTEXT(2) 
PARAMETRIC_REPRESENTATION_CONTEXT() REPRESENTATION_CONTEXT('2D SPACE',''
  ) );
#9593 = PCURVE('',#9563,#9594);
#9594 = DEFINITIONAL_REPRESENTATION('',(#9595),#9599);
#9595 = LINE('',#9596,#9597);
#9596 = CARTESIAN_POINT('',(-0.670916499309,-3.061486785501));
#9597 = VECTOR('',#9598,1.);
#9598 = DIRECTION('',(7.226741036221E-02,0.997385292352));
#9599 = ( GEOMETRIC_REPRESENTATION_CONTEXT(2) 
PARAMETRIC_REPRESENTATION_CONTEXT() REPRESENTATION_CONTEXT('2D SPACE',''
  ) );
#9600 = ORIENTED_EDGE('',*,*,#5957,.T.);
#9601 = ORIENTED_EDGE('',*,*,#9602,.T.);
#9602 = EDGE_CURVE('',#5874,#9579,#9603,.T.);
#9603 = SURFACE_CURVE('',#9604,(#9608,#9615),.PCURVE_S1.);
#9604 = LINE('',#9605,#9606);
#9605 = CARTESIAN_POINT('',(-162.545,20.863545273364,33.773446457633));
#9606 = VECTOR('',#9607,1.);
#9607 = DIRECTION('',(0.207853018889,0.899491705601,0.384332920909));
#9608 = PCURVE('',#5971,#9609);
#9609 = DEFINITIONAL_REPRESENTATION('',(#9610),#9614);
#9610 = LINE('',#9611,#9612);
#9611 = CARTESIAN_POINT('',(1.625824258973,2.129493645291));
#9612 = VECTOR('',#9613,1.);
#9613 = DIRECTION('',(-0.432799223754,-0.901490339337));
#9614 = ( GEOMETRIC_REPRESENTATION_CONTEXT(2) 
PARAMETRIC_REPRESENTATION_CONTEXT() REPRESENTATION_CONTEXT('2D SPACE',''
  ) );
#9615 = PCURVE('',#9488,#9616);
#9616 = DEFINITIONAL_REPRESENTATION('',(#9617),#9621);
#9617 = LINE('',#9618,#9619);
#9618 = CARTESIAN_POINT('',(-0.893639488467,-3.004037075586));
#9619 = VECTOR('',#9620,1.);
#9620 = DIRECTION('',(0.40831010881,0.912843280659));
#9621 = ( GEOMETRIC_REPRESENTATION_CONTEXT(2) 
PARAMETRIC_REPRESENTATION_CONTEXT() REPRESENTATION_CONTEXT('2D SPACE',''
  ) );
#9622 = ADVANCED_FACE('',(#9623,#9631),#6345,.F.);
#9623 = FACE_BOUND('',#9624,.T.);
#9624 = EDGE_LOOP('',(#9625,#9626,#9627,#9628,#9629,#9630));
#9625 = ORIENTED_EDGE('',*,*,#6454,.T.);
#9626 = ORIENTED_EDGE('',*,*,#6329,.T.);
#9627 = ORIENTED_EDGE('',*,*,#6383,.T.);
#9628 = ORIENTED_EDGE('',*,*,#6481,.T.);
#9629 = ORIENTED_EDGE('',*,*,#6579,.T.);
#9630 = ORIENTED_EDGE('',*,*,#6552,.T.);
#9631 = FACE_BOUND('',#9632,.T.);
#9632 = EDGE_LOOP('',(#9633));
#9633 = ORIENTED_EDGE('',*,*,#9634,.F.);
#9634 = EDGE_CURVE('',#9635,#9635,#9637,.T.);
#9635 = VERTEX_POINT('',#9636);
#9636 = CARTESIAN_POINT('',(-149.95,35.,40.3));
#9637 = SURFACE_CURVE('',#9638,(#9643,#9654),.PCURVE_S1.);
#9638 = CIRCLE('',#9639,3.3);
#9639 = AXIS2_PLACEMENT_3D('',#9640,#9641,#9642);
#9640 = CARTESIAN_POINT('',(-149.95,35.,37.));
#9641 = DIRECTION('',(1.,-0.,0.));
#9642 = DIRECTION('',(-0.,-0.,1.));
#9643 = PCURVE('',#6345,#9644);
#9644 = DEFINITIONAL_REPRESENTATION('',(#9645),#9653);
#9645 = ( BOUNDED_CURVE() B_SPLINE_CURVE(2,(#9646,#9647,#9648,#9649,
#9650,#9651,#9652),.UNSPECIFIED.,.T.,.F.) B_SPLINE_CURVE_WITH_KNOTS((1,2
    ,2,2,2,1),(-2.094395102393,0.,2.094395102393,4.188790204786,
6.28318530718,8.377580409573),.UNSPECIFIED.) CURVE() 
GEOMETRIC_REPRESENTATION_ITEM() RATIONAL_B_SPLINE_CURVE((1.,0.5,1.,0.5,
1.,0.5,1.)) REPRESENTATION_ITEM('') );
#9646 = CARTESIAN_POINT('',(-3.3,0.));
#9647 = CARTESIAN_POINT('',(-3.3,5.715767664977));
#9648 = CARTESIAN_POINT('',(1.65,2.857883832489));
#9649 = CARTESIAN_POINT('',(6.6,8.082668874373E-16));
#9650 = CARTESIAN_POINT('',(1.65,-2.857883832489));
#9651 = CARTESIAN_POINT('',(-3.3,-5.715767664977));
#9652 = CARTESIAN_POINT('',(-3.3,0.));
#9653 = ( GEOMETRIC_REPRESENTATION_CONTEXT(2) 
PARAMETRIC_REPRESENTATION_CONTEXT() REPRESENTATION_CONTEXT('2D SPACE',''
  ) );
#9654 = PCURVE('',#9655,#9660);
#9655 = CYLINDRICAL_SURFACE('',#9656,3.3);
#9656 = AXIS2_PLACEMENT_3D('',#9657,#9658,#9659);
#9657 = CARTESIAN_POINT('',(-144.5,35.,37.));
#9658 = DIRECTION('',(-1.,-0.,-0.));
#9659 = DIRECTION('',(-0.,-0.,1.));
#9660 = DEFINITIONAL_REPRESENTATION('',(#9661),#9665);
#9661 = LINE('',#9662,#9663);
#9662 = CARTESIAN_POINT('',(-0.,5.45));
#9663 = VECTOR('',#9664,1.);
#9664 = DIRECTION('',(-1.,0.));
#9665 = ( GEOMETRIC_REPRESENTATION_CONTEXT(2) 
PARAMETRIC_REPRESENTATION_CONTEXT() REPRESENTATION_CONTEXT('2D SPACE',''
  ) );
#9666 = ADVANCED_FACE('',(#9667),#6674,.T.);
#9667 = FACE_BOUND('',#9668,.F.);
#9668 = EDGE_LOOP('',(#9669,#9670,#9671));
#9669 = ORIENTED_EDGE('',*,*,#6745,.F.);
#9670 = ORIENTED_EDGE('',*,*,#6658,.T.);
#9671 = ORIENTED_EDGE('',*,*,#9672,.T.);
#9672 = EDGE_CURVE('',#6659,#6717,#9673,.T.);
#9673 = SURFACE_CURVE('',#9674,(#9678,#9685),.PCURVE_S1.);
#9674 = LINE('',#9675,#9676);
#9675 = CARTESIAN_POINT('',(-161.345,43.943409889039,38.00768028493));
#9676 = VECTOR('',#9677,1.);
#9677 = DIRECTION('',(-0.765306434144,3.609064668938E-02,-0.642653504681
    ));
#9678 = PCURVE('',#6674,#9679);
#9679 = DEFINITIONAL_REPRESENTATION('',(#9680),#9684);
#9680 = LINE('',#9681,#9682);
#9681 = CARTESIAN_POINT('',(0.273445742316,-2.424132322434));
#9682 = VECTOR('',#9683,1.);
#9683 = DIRECTION('',(-0.999343693753,3.622404941902E-02));
#9684 = ( GEOMETRIC_REPRESENTATION_CONTEXT(2) 
PARAMETRIC_REPRESENTATION_CONTEXT() REPRESENTATION_CONTEXT('2D SPACE',''
  ) );
#9685 = PCURVE('',#9686,#9691);
#9686 = PLANE('',#9687);
#9687 = AXIS2_PLACEMENT_3D('',#9688,#9689,#9690);
#9688 = CARTESIAN_POINT('',(-161.9005525474,43.970851086309,
    37.519044496558));
#9689 = DIRECTION('',(-3.837124438397E-15,-0.998426815018,
    -5.607044723719E-02));
#9690 = DIRECTION('',(0.,-5.607044723719E-02,0.998426815018));
#9691 = DEFINITIONAL_REPRESENTATION('',(#9692),#9696);
#9692 = LINE('',#9693,#9694);
#9693 = CARTESIAN_POINT('',(0.489405714091,-0.55555254745));
#9694 = VECTOR('',#9695,1.);
#9695 = DIRECTION('',(-0.64366611054,0.765306434144));
#9696 = ( GEOMETRIC_REPRESENTATION_CONTEXT(2) 
PARAMETRIC_REPRESENTATION_CONTEXT() REPRESENTATION_CONTEXT('2D SPACE',''
  ) );
#9697 = ADVANCED_FACE('',(#9698),#6701,.T.);
#9698 = FACE_BOUND('',#9699,.F.);
#9699 = EDGE_LOOP('',(#9700,#9701,#9702));
#9700 = ORIENTED_EDGE('',*,*,#6687,.F.);
#9701 = ORIENTED_EDGE('',*,*,#6769,.T.);
#9702 = ORIENTED_EDGE('',*,*,#9703,.T.);
#9703 = EDGE_CURVE('',#6770,#6659,#9704,.T.);
#9704 = SURFACE_CURVE('',#9705,(#9709,#9716),.PCURVE_S1.);
#9705 = LINE('',#9706,#9707);
#9706 = CARTESIAN_POINT('',(-162.545,43.774351209636,39.002688405607));
#9707 = VECTOR('',#9708,1.);
#9708 = DIRECTION('',(0.765306434144,0.107818079246,-0.634571763983));
#9709 = PCURVE('',#6701,#9710);
#9710 = DEFINITIONAL_REPRESENTATION('',(#9711),#9715);
#9711 = LINE('',#9712,#9713);
#9712 = CARTESIAN_POINT('',(9.49232202915E-02,-2.43765864569));
#9713 = VECTOR('',#9714,1.);
#9714 = DIRECTION('',(-0.993995773482,0.1094184733));
#9715 = ( GEOMETRIC_REPRESENTATION_CONTEXT(2) 
PARAMETRIC_REPRESENTATION_CONTEXT() REPRESENTATION_CONTEXT('2D SPACE',''
  ) );
#9716 = PCURVE('',#9717,#9722);
#9717 = PLANE('',#9718);
#9718 = AXIS2_PLACEMENT_3D('',#9719,#9720,#9721);
#9719 = CARTESIAN_POINT('',(-161.7584473313,43.830574981461,
    38.671778985646));
#9720 = DIRECTION('',(0.,-0.985871018518,-0.167506223305));
#9721 = DIRECTION('',(0.,-0.167506223305,0.985871018518));
#9722 = DEFINITIONAL_REPRESENTATION('',(#9723),#9727);
#9723 = LINE('',#9724,#9725);
#9724 = CARTESIAN_POINT('',(0.335651838573,0.786552668676));
#9725 = VECTOR('',#9726,1.);
#9726 = DIRECTION('',(-0.64366611054,-0.765306434144));
#9727 = ( GEOMETRIC_REPRESENTATION_CONTEXT(2) 
PARAMETRIC_REPRESENTATION_CONTEXT() REPRESENTATION_CONTEXT('2D SPACE',''
  ) );
#9728 = ADVANCED_FACE('',(#9729),#6732,.T.);
#9729 = FACE_BOUND('',#9730,.F.);
#9730 = EDGE_LOOP('',(#9731,#9732,#9733));
#9731 = ORIENTED_EDGE('',*,*,#6851,.F.);
#9732 = ORIENTED_EDGE('',*,*,#6716,.F.);
#9733 = ORIENTED_EDGE('',*,*,#9734,.T.);
#9734 = EDGE_CURVE('',#6717,#6823,#9735,.T.);
#9735 = SURFACE_CURVE('',#9736,(#9740,#9747),.PCURVE_S1.);
#9736 = LINE('',#9737,#9738);
#9737 = CARTESIAN_POINT('',(-162.545,44.,37.));
#9738 = VECTOR('',#9739,1.);
#9739 = DIRECTION('',(0.765306434144,-3.609064668938E-02,-0.642653504681
    ));
#9740 = PCURVE('',#6732,#9741);
#9741 = DEFINITIONAL_REPRESENTATION('',(#9742),#9746);
#9742 = LINE('',#9743,#9744);
#9743 = CARTESIAN_POINT('',(0.44791652696,-2.398032709438));
#9744 = VECTOR('',#9745,1.);
#9745 = DIRECTION('',(-0.999348520398,-3.609064668938E-02));
#9746 = ( GEOMETRIC_REPRESENTATION_CONTEXT(2) 
PARAMETRIC_REPRESENTATION_CONTEXT() REPRESENTATION_CONTEXT('2D SPACE',''
  ) );
#9747 = PCURVE('',#9748,#9753);
#9748 = PLANE('',#9749);
#9749 = AXIS2_PLACEMENT_3D('',#9750,#9751,#9752);
#9750 = CARTESIAN_POINT('',(-161.7584473313,43.981179851295,
    36.664876203859));
#9751 = DIRECTION('',(-0.,-0.998426815018,5.607044723719E-02));
#9752 = DIRECTION('',(0.,5.607044723719E-02,0.998426815018));
#9753 = DEFINITIONAL_REPRESENTATION('',(#9754),#9758);
#9754 = LINE('',#9755,#9756);
#9755 = CARTESIAN_POINT('',(0.335651838573,0.786552668676));
#9756 = VECTOR('',#9757,1.);
#9757 = DIRECTION('',(-0.64366611054,-0.765306434144));
#9758 = ( GEOMETRIC_REPRESENTATION_CONTEXT(2) 
PARAMETRIC_REPRESENTATION_CONTEXT() REPRESENTATION_CONTEXT('2D SPACE',''
  ) );
#9759 = ADVANCED_FACE('',(#9760),#6807,.T.);
#9760 = FACE_BOUND('',#9761,.F.);
#9761 = EDGE_LOOP('',(#9762,#9763,#9764));
#9762 = ORIENTED_EDGE('',*,*,#6793,.F.);
#9763 = ORIENTED_EDGE('',*,*,#6875,.T.);
#9764 = ORIENTED_EDGE('',*,*,#9765,.T.);
#9765 = EDGE_CURVE('',#6876,#6770,#9766,.T.);
#9766 = SURFACE_CURVE('',#9767,(#9771,#9778),.PCURVE_S1.);
#9767 = LINE('',#9768,#9769);
#9768 = CARTESIAN_POINT('',(-161.345,43.494949972775,39.972511557597));
#9769 = VECTOR('',#9770,1.);
#9770 = DIRECTION('',(-0.765306434144,0.178189636898,-0.618509915167));
#9771 = PCURVE('',#6807,#9772);
#9772 = DEFINITIONAL_REPRESENTATION('',(#9773),#9777);
#9773 = LINE('',#9774,#9775);
#9774 = CARTESIAN_POINT('',(-8.94539164294E-02,-2.437865477727));
#9775 = VECTOR('',#9776,1.);
#9776 = DIRECTION('',(-0.982892860087,0.184178244075));
#9777 = ( GEOMETRIC_REPRESENTATION_CONTEXT(2) 
PARAMETRIC_REPRESENTATION_CONTEXT() REPRESENTATION_CONTEXT('2D SPACE',''
  ) );
#9778 = PCURVE('',#9779,#9784);
#9779 = PLANE('',#9780);
#9780 = AXIS2_PLACEMENT_3D('',#9781,#9782,#9783);
#9781 = CARTESIAN_POINT('',(-161.9005525474,43.63043485393,
    39.502233129468));
#9782 = DIRECTION('',(-2.085729542562E-14,-0.960917321945,
    -0.276835511425));
#9783 = DIRECTION('',(0.,-0.276835511425,0.960917321945));
#9784 = DEFINITIONAL_REPRESENTATION('',(#9785),#9789);
#9785 = LINE('',#9786,#9787);
#9786 = CARTESIAN_POINT('',(0.489405714091,-0.55555254745));
#9787 = VECTOR('',#9788,1.);
#9788 = DIRECTION('',(-0.64366611054,0.765306434144));
#9789 = ( GEOMETRIC_REPRESENTATION_CONTEXT(2) 
PARAMETRIC_REPRESENTATION_CONTEXT() REPRESENTATION_CONTEXT('2D SPACE',''
  ) );
#9790 = ADVANCED_FACE('',(#9791),#6838,.T.);
#9791 = FACE_BOUND('',#9792,.F.);
#9792 = EDGE_LOOP('',(#9793,#9794,#9795));
#9793 = ORIENTED_EDGE('',*,*,#6957,.F.);
#9794 = ORIENTED_EDGE('',*,*,#6822,.T.);
#9795 = ORIENTED_EDGE('',*,*,#9796,.T.);
#9796 = EDGE_CURVE('',#6823,#6929,#9797,.T.);
#9797 = SURFACE_CURVE('',#9798,(#9802,#9809),.PCURVE_S1.);
#9798 = LINE('',#9799,#9800);
#9799 = CARTESIAN_POINT('',(-161.345,43.943409889039,35.99231971507));
#9800 = VECTOR('',#9801,1.);
#9801 = DIRECTION('',(-0.765306434144,-0.107818079246,-0.634571763983));
#9802 = PCURVE('',#6838,#9803);
#9803 = DEFINITIONAL_REPRESENTATION('',(#9804),#9808);
#9804 = LINE('',#9805,#9806);
#9805 = CARTESIAN_POINT('',(0.620044970066,-2.35939278751));
#9806 = VECTOR('',#9807,1.);
#9807 = DIRECTION('',(-0.994127338604,-0.108216609818));
#9808 = ( GEOMETRIC_REPRESENTATION_CONTEXT(2) 
PARAMETRIC_REPRESENTATION_CONTEXT() REPRESENTATION_CONTEXT('2D SPACE',''
  ) );
#9809 = PCURVE('',#9810,#9815);
#9810 = PLANE('',#9811);
#9811 = AXIS2_PLACEMENT_3D('',#9812,#9813,#9814);
#9812 = CARTESIAN_POINT('',(-161.9005525474,43.861431386208,
    35.509828805251));
#9813 = DIRECTION('',(-4.765758722025E-15,-0.985871018518,0.167506223305
    ));
#9814 = DIRECTION('',(0.,0.167506223305,0.985871018518));
#9815 = DEFINITIONAL_REPRESENTATION('',(#9816),#9820);
#9816 = LINE('',#9817,#9818);
#9817 = CARTESIAN_POINT('',(0.489405714091,-0.55555254745));
#9818 = VECTOR('',#9819,1.);
#9819 = DIRECTION('',(-0.64366611054,0.765306434144));
#9820 = ( GEOMETRIC_REPRESENTATION_CONTEXT(2) 
PARAMETRIC_REPRESENTATION_CONTEXT() REPRESENTATION_CONTEXT('2D SPACE',''
  ) );
#9821 = ADVANCED_FACE('',(#9822),#6913,.T.);
#9822 = FACE_BOUND('',#9823,.F.);
#9823 = EDGE_LOOP('',(#9824,#9825,#9826));
#9824 = ORIENTED_EDGE('',*,*,#6899,.F.);
#9825 = ORIENTED_EDGE('',*,*,#6981,.T.);
#9826 = ORIENTED_EDGE('',*,*,#9827,.T.);
#9827 = EDGE_CURVE('',#6982,#6876,#9828,.T.);
#9828 = SURFACE_CURVE('',#9829,(#9833,#9840),.PCURVE_S1.);
#9829 = LINE('',#9830,#9831);
#9830 = CARTESIAN_POINT('',(-162.545,43.108719811122,40.904953652058));
#9831 = VECTOR('',#9832,1.);
#9832 = DIRECTION('',(0.765306434144,0.246320356478,-0.594669945299));
#9833 = PCURVE('',#6913,#9834);
#9834 = DEFINITIONAL_REPRESENTATION('',(#9835),#9839);
#9835 = LINE('',#9836,#9837);
#9836 = CARTESIAN_POINT('',(-0.281532592169,-2.423206448119));
#9837 = VECTOR('',#9838,1.);
#9838 = DIRECTION('',(-0.965295989931,0.261158288828));
#9839 = ( GEOMETRIC_REPRESENTATION_CONTEXT(2) 
PARAMETRIC_REPRESENTATION_CONTEXT() REPRESENTATION_CONTEXT('2D SPACE',''
  ) );
#9840 = PCURVE('',#9841,#9846);
#9841 = PLANE('',#9842);
#9842 = AXIS2_PLACEMENT_3D('',#9843,#9844,#9845);
#9843 = CARTESIAN_POINT('',(-161.7584473313,43.237168208786,
    40.594851788351));
#9844 = DIRECTION('',(0.,-0.923879532511,-0.382683432365));
#9845 = DIRECTION('',(0.,-0.382683432365,0.923879532511));
#9846 = DEFINITIONAL_REPRESENTATION('',(#9847),#9851);
#9847 = LINE('',#9848,#9849);
#9848 = CARTESIAN_POINT('',(0.335651838573,0.786552668676));
#9849 = VECTOR('',#9850,1.);
#9850 = DIRECTION('',(-0.64366611054,-0.765306434144));
#9851 = ( GEOMETRIC_REPRESENTATION_CONTEXT(2) 
PARAMETRIC_REPRESENTATION_CONTEXT() REPRESENTATION_CONTEXT('2D SPACE',''
  ) );
#9852 = ADVANCED_FACE('',(#9853),#6944,.T.);
#9853 = FACE_BOUND('',#9854,.F.);
#9854 = EDGE_LOOP('',(#9855,#9856,#9857));
#9855 = ORIENTED_EDGE('',*,*,#7063,.F.);
#9856 = ORIENTED_EDGE('',*,*,#6928,.T.);
#9857 = ORIENTED_EDGE('',*,*,#9858,.T.);
#9858 = EDGE_CURVE('',#6929,#7035,#9859,.T.);
#9859 = SURFACE_CURVE('',#9860,(#9864,#9871),.PCURVE_S1.);
#9860 = LINE('',#9861,#9862);
#9861 = CARTESIAN_POINT('',(-162.545,43.774351209636,34.997311594393));
#9862 = VECTOR('',#9863,1.);
#9863 = DIRECTION('',(0.765306434144,-0.178189636898,-0.618509915167));
#9864 = PCURVE('',#6944,#9865);
#9865 = DEFINITIONAL_REPRESENTATION('',(#9866),#9870);
#9866 = LINE('',#9867,#9868);
#9867 = CARTESIAN_POINT('',(0.791413306344,-2.307564748647));
#9868 = VECTOR('',#9869,1.);
#9869 = DIRECTION('',(-0.983513523795,-0.180834588816));
#9870 = ( GEOMETRIC_REPRESENTATION_CONTEXT(2) 
PARAMETRIC_REPRESENTATION_CONTEXT() REPRESENTATION_CONTEXT('2D SPACE',''
  ) );
#9871 = PCURVE('',#9872,#9877);
#9872 = PLANE('',#9873);
#9873 = AXIS2_PLACEMENT_3D('',#9874,#9875,#9876);
#9874 = CARTESIAN_POINT('',(-161.7584473313,43.681430861244,
    34.674777928566));
#9875 = DIRECTION('',(-0.,-0.960917321945,0.276835511425));
#9876 = DIRECTION('',(0.,0.276835511425,0.960917321945));
#9877 = DEFINITIONAL_REPRESENTATION('',(#9878),#9882);
#9878 = LINE('',#9879,#9880);
#9879 = CARTESIAN_POINT('',(0.335651838573,0.786552668676));
#9880 = VECTOR('',#9881,1.);
#9881 = DIRECTION('',(-0.64366611054,-0.765306434144));
#9882 = ( GEOMETRIC_REPRESENTATION_CONTEXT(2) 
PARAMETRIC_REPRESENTATION_CONTEXT() REPRESENTATION_CONTEXT('2D SPACE',''
  ) );
#9883 = ADVANCED_FACE('',(#9884),#7019,.T.);
#9884 = FACE_BOUND('',#9885,.F.);
#9885 = EDGE_LOOP('',(#9886,#9887,#9888));
#9886 = ORIENTED_EDGE('',*,*,#7005,.F.);
#9887 = ORIENTED_EDGE('',*,*,#7087,.T.);
#9888 = ORIENTED_EDGE('',*,*,#9889,.T.);
#9889 = EDGE_CURVE('',#7088,#6982,#9890,.T.);
#9890 = SURFACE_CURVE('',#9891,(#9895,#9902),.PCURVE_S1.);
#9891 = LINE('',#9892,#9893);
#9892 = CARTESIAN_POINT('',(-161.345,42.620517793055,41.788288688638));
#9893 = VECTOR('',#9894,1.);
#9894 = DIRECTION('',(-0.765306434144,0.311353454658,-0.563351655833));
#9895 = PCURVE('',#7019,#9896);
#9896 = DEFINITIONAL_REPRESENTATION('',(#9897),#9901);
#9897 = LINE('',#9898,#9899);
#9898 = CARTESIAN_POINT('',(-0.483106237368,-2.391191848028));
#9899 = VECTOR('',#9900,1.);
#9900 = DIRECTION('',(-0.940087011898,0.340934612588));
#9901 = ( GEOMETRIC_REPRESENTATION_CONTEXT(2) 
PARAMETRIC_REPRESENTATION_CONTEXT() REPRESENTATION_CONTEXT('2D SPACE',''
  ) );
#9902 = PCURVE('',#9903,#9908);
#9903 = PLANE('',#9904);
#9904 = AXIS2_PLACEMENT_3D('',#9905,#9906,#9907);
#9905 = CARTESIAN_POINT('',(-161.9005525474,42.857252580418,
    41.35994934485));
#9906 = DIRECTION('',(-2.392727095959E-15,-0.875223421909,
    -0.483718887105));
#9907 = DIRECTION('',(1.972152263053E-31,-0.483718887105,0.875223421909)
  );
#9908 = DEFINITIONAL_REPRESENTATION('',(#9909),#9913);
#9909 = LINE('',#9910,#9911);
#9910 = CARTESIAN_POINT('',(0.489405714091,-0.55555254745));
#9911 = VECTOR('',#9912,1.);
#9912 = DIRECTION('',(-0.64366611054,0.765306434144));
#9913 = ( GEOMETRIC_REPRESENTATION_CONTEXT(2) 
PARAMETRIC_REPRESENTATION_CONTEXT() REPRESENTATION_CONTEXT('2D SPACE',''
  ) );
#9914 = ADVANCED_FACE('',(#9915),#7050,.T.);
#9915 = FACE_BOUND('',#9916,.F.);
#9916 = EDGE_LOOP('',(#9917,#9918,#9919));
#9917 = ORIENTED_EDGE('',*,*,#7169,.F.);
#9918 = ORIENTED_EDGE('',*,*,#7034,.T.);
#9919 = ORIENTED_EDGE('',*,*,#9920,.T.);
#9920 = EDGE_CURVE('',#7035,#7141,#9921,.T.);
#9921 = SURFACE_CURVE('',#9922,(#9926,#9933),.PCURVE_S1.);
#9922 = LINE('',#9923,#9924);
#9923 = CARTESIAN_POINT('',(-161.345,43.494949972775,34.027488442403));
#9924 = VECTOR('',#9925,1.);
#9925 = DIRECTION('',(-0.765306434144,-0.246320356478,-0.594669945299));
#9926 = PCURVE('',#7050,#9927);
#9927 = DEFINITIONAL_REPRESENTATION('',(#9928),#9932);
#9928 = LINE('',#9929,#9930);
#9929 = CARTESIAN_POINT('',(0.963433493429,-2.241201908441));
#9930 = VECTOR('',#9931,1.);
#9931 = DIRECTION('',(-0.967046792865,-0.254598704649));
#9932 = ( GEOMETRIC_REPRESENTATION_CONTEXT(2) 
PARAMETRIC_REPRESENTATION_CONTEXT() REPRESENTATION_CONTEXT('2D SPACE',''
  ) );
#9933 = PCURVE('',#9934,#9939);
#9934 = PLANE('',#9935);
#9935 = AXIS2_PLACEMENT_3D('',#9936,#9937,#9938);
#9936 = CARTESIAN_POINT('',(-161.9005525474,43.307662514288,
    33.575336520061));
#9937 = DIRECTION('',(8.155918274279E-15,-0.923879532511,0.382683432365)
  );
#9938 = DIRECTION('',(0.,0.382683432365,0.923879532511));
#9939 = DEFINITIONAL_REPRESENTATION('',(#9940),#9944);
#9940 = LINE('',#9941,#9942);
#9941 = CARTESIAN_POINT('',(0.489405714091,-0.55555254745));
#9942 = VECTOR('',#9943,1.);
#9943 = DIRECTION('',(-0.64366611054,0.765306434144));
#9944 = ( GEOMETRIC_REPRESENTATION_CONTEXT(2) 
PARAMETRIC_REPRESENTATION_CONTEXT() REPRESENTATION_CONTEXT('2D SPACE',''
  ) );
#9945 = ADVANCED_FACE('',(#9946),#7125,.T.);
#9946 = FACE_BOUND('',#9947,.F.);
#9947 = EDGE_LOOP('',(#9948,#9949,#9950));
#9948 = ORIENTED_EDGE('',*,*,#7111,.F.);
#9949 = ORIENTED_EDGE('',*,*,#7193,.T.);
#9950 = ORIENTED_EDGE('',*,*,#9951,.T.);
#9951 = EDGE_CURVE('',#7194,#7088,#9952,.T.);
#9952 = SURFACE_CURVE('',#9953,(#9957,#9964),.PCURVE_S1.);
#9953 = LINE('',#9954,#9955);
#9954 = CARTESIAN_POINT('',(-162.545,42.036483342212,42.611408216729));
#9955 = VECTOR('',#9956,1.);
#9956 = DIRECTION('',(0.765306434144,0.372471102493,-0.524948892431));
#9957 = PCURVE('',#7125,#9958);
#9958 = DEFINITIONAL_REPRESENTATION('',(#9959),#9963);
#9959 = LINE('',#9960,#9961);
#9960 = CARTESIAN_POINT('',(0.695721729115,2.338196177889));
#9961 = VECTOR('',#9962,1.);
#9962 = DIRECTION('',(0.905702280012,-0.423914354535));
#9963 = ( GEOMETRIC_REPRESENTATION_CONTEXT(2) 
PARAMETRIC_REPRESENTATION_CONTEXT() REPRESENTATION_CONTEXT('2D SPACE',''
  ) );
#9964 = PCURVE('',#9965,#9970);
#9965 = PLANE('',#9966);
#9966 = AXIS2_PLACEMENT_3D('',#9967,#9968,#9969);
#9967 = CARTESIAN_POINT('',(-161.7584473313,42.230715426704,
    42.337663711594));
#9968 = DIRECTION('',(0.,-0.815560868959,-0.57867129618));
#9969 = DIRECTION('',(0.,-0.57867129618,0.815560868959));
#9970 = DEFINITIONAL_REPRESENTATION('',(#9971),#9975);
#9971 = LINE('',#9972,#9973);
#9972 = CARTESIAN_POINT('',(0.335651838573,0.786552668676));
#9973 = VECTOR('',#9974,1.);
#9974 = DIRECTION('',(-0.64366611054,-0.765306434144));
#9975 = ( GEOMETRIC_REPRESENTATION_CONTEXT(2) 
PARAMETRIC_REPRESENTATION_CONTEXT() REPRESENTATION_CONTEXT('2D SPACE',''
  ) );
#9976 = ADVANCED_FACE('',(#9977),#7156,.T.);
#9977 = FACE_BOUND('',#9978,.F.);
#9978 = EDGE_LOOP('',(#9979,#9980,#9981));
#9979 = ORIENTED_EDGE('',*,*,#7275,.F.);
#9980 = ORIENTED_EDGE('',*,*,#7140,.T.);
#9981 = ORIENTED_EDGE('',*,*,#9982,.T.);
#9982 = EDGE_CURVE('',#7141,#7247,#9983,.T.);
#9983 = SURFACE_CURVE('',#9984,(#9988,#9995),.PCURVE_S1.);
#9984 = LINE('',#9985,#9986);
#9985 = CARTESIAN_POINT('',(-162.545,43.108719811122,33.095046347942));
#9986 = VECTOR('',#9987,1.);
#9987 = DIRECTION('',(0.765306434144,-0.311353454658,-0.563351655833));
#9988 = PCURVE('',#7156,#9989);
#9989 = DEFINITIONAL_REPRESENTATION('',(#9990),#9994);
#9990 = LINE('',#9991,#9992);
#9991 = CARTESIAN_POINT('',(1.137269724289,-2.158195464937));
#9992 = VECTOR('',#9993,1.);
#9993 = DIRECTION('',(-0.943942864544,-0.330108873671));
#9994 = ( GEOMETRIC_REPRESENTATION_CONTEXT(2) 
PARAMETRIC_REPRESENTATION_CONTEXT() REPRESENTATION_CONTEXT('2D SPACE',''
  ) );
#9995 = PCURVE('',#9996,#10001);
#9996 = PLANE('',#9997);
#9997 = AXIS2_PLACEMENT_3D('',#9998,#9999,#10000);
#9998 = CARTESIAN_POINT('',(-161.7584473313,42.946358677313,
    32.801275997216));
#9999 = DIRECTION('',(1.312375002378E-16,-0.875223421909,0.483718887105)
  );
#10000 = DIRECTION('',(0.,0.483718887105,0.875223421909));
#10001 = DEFINITIONAL_REPRESENTATION('',(#10002),#10006);
#10002 = LINE('',#10003,#10004);
#10003 = CARTESIAN_POINT('',(0.335651838573,0.786552668676));
#10004 = VECTOR('',#10005,1.);
#10005 = DIRECTION('',(-0.64366611054,-0.765306434144));
#10006 = ( GEOMETRIC_REPRESENTATION_CONTEXT(2) 
PARAMETRIC_REPRESENTATION_CONTEXT() REPRESENTATION_CONTEXT('2D SPACE',''
  ) );
#10007 = ADVANCED_FACE('',(#10008),#7231,.T.);
#10008 = FACE_BOUND('',#10009,.F.);
#10009 = EDGE_LOOP('',(#10010,#10011,#10012));
#10010 = ORIENTED_EDGE('',*,*,#7217,.F.);
#10011 = ORIENTED_EDGE('',*,*,#7299,.T.);
#10012 = ORIENTED_EDGE('',*,*,#10013,.T.);
#10013 = EDGE_CURVE('',#7300,#7194,#10014,.T.);
#10014 = SURFACE_CURVE('',#10015,(#10019,#10026),.PCURVE_S1.);
#10015 = LINE('',#10016,#10017);
#10016 = CARTESIAN_POINT('',(-161.345,41.363961030679,43.363961030679));
#10017 = VECTOR('',#10018,1.);
#10018 = DIRECTION('',(-0.765306434144,0.428904710102,-0.479944592125));
#10019 = PCURVE('',#7231,#10020);
#10020 = DEFINITIONAL_REPRESENTATION('',(#10021),#10025);
#10021 = LINE('',#10022,#10023);
#10022 = CARTESIAN_POINT('',(0.920320823046,2.25924759009));
#10023 = VECTOR('',#10024,1.);
#10024 = DIRECTION('',(0.86006904816,-0.510177647881));
#10025 = ( GEOMETRIC_REPRESENTATION_CONTEXT(2) 
PARAMETRIC_REPRESENTATION_CONTEXT() REPRESENTATION_CONTEXT('2D SPACE',''
  ) );
#10026 = PCURVE('',#10027,#10032);
#10027 = PLANE('',#10028);
#10028 = AXIS2_PLACEMENT_3D('',#10029,#10030,#10031);
#10029 = CARTESIAN_POINT('',(-161.9005525474,41.690074853494,
    42.999039494518));
#10030 = DIRECTION('',(-2.699496346812E-15,-0.745642164883,
    -0.666346577952));
#10031 = DIRECTION('',(0.,-0.666346577952,0.745642164883));
#10032 = DEFINITIONAL_REPRESENTATION('',(#10033),#10037);
#10033 = LINE('',#10034,#10035);
#10034 = CARTESIAN_POINT('',(0.489405714091,-0.55555254745));
#10035 = VECTOR('',#10036,1.);
#10036 = DIRECTION('',(-0.64366611054,0.765306434144));
#10037 = ( GEOMETRIC_REPRESENTATION_CONTEXT(2) 
PARAMETRIC_REPRESENTATION_CONTEXT() REPRESENTATION_CONTEXT('2D SPACE',''
  ) );
#10038 = ADVANCED_FACE('',(#10039),#7262,.T.);
#10039 = FACE_BOUND('',#10040,.F.);
#10040 = EDGE_LOOP('',(#10041,#10042,#10043));
#10041 = ORIENTED_EDGE('',*,*,#7381,.F.);
#10042 = ORIENTED_EDGE('',*,*,#7246,.T.);
#10043 = ORIENTED_EDGE('',*,*,#10044,.T.);
#10044 = EDGE_CURVE('',#7247,#7353,#10045,.T.);
#10045 = SURFACE_CURVE('',#10046,(#10050,#10057),.PCURVE_S1.);
#10046 = LINE('',#10047,#10048);
#10047 = CARTESIAN_POINT('',(-161.345,42.620517793055,32.211711311362));
#10048 = VECTOR('',#10049,1.);
#10049 = DIRECTION('',(-0.765306434144,-0.372471102493,-0.524948892431)
  );
#10050 = PCURVE('',#7262,#10051);
#10051 = DEFINITIONAL_REPRESENTATION('',(#10052),#10056);
#10052 = LINE('',#10053,#10054);
#10053 = CARTESIAN_POINT('',(1.313695782279,-2.055576192283));
#10054 = VECTOR('',#10055,1.);
#10055 = DIRECTION('',(-0.913044950876,-0.407858943361));
#10056 = ( GEOMETRIC_REPRESENTATION_CONTEXT(2) 
PARAMETRIC_REPRESENTATION_CONTEXT() REPRESENTATION_CONTEXT('2D SPACE',''
  ) );
#10057 = PCURVE('',#10058,#10063);
#10058 = PLANE('',#10059);
#10059 = AXIS2_PLACEMENT_3D('',#10060,#10061,#10062);
#10060 = CARTESIAN_POINT('',(-161.9005525474,42.337312754124,
    31.812571161904));
#10061 = DIRECTION('',(-3.366671310149E-14,-0.815560868959,0.57867129618
    ));
#10062 = DIRECTION('',(3.155443620884E-30,0.57867129618,0.815560868959)
  );
#10063 = DEFINITIONAL_REPRESENTATION('',(#10064),#10068);
#10064 = LINE('',#10065,#10066);
#10065 = CARTESIAN_POINT('',(0.489405714091,-0.55555254745));
#10066 = VECTOR('',#10067,1.);
#10067 = DIRECTION('',(-0.64366611054,0.765306434144));
#10068 = ( GEOMETRIC_REPRESENTATION_CONTEXT(2) 
PARAMETRIC_REPRESENTATION_CONTEXT() REPRESENTATION_CONTEXT('2D SPACE',''
  ) );
#10069 = ADVANCED_FACE('',(#10070),#7337,.T.);
#10070 = FACE_BOUND('',#10071,.F.);
#10071 = EDGE_LOOP('',(#10072,#10073,#10074));
#10072 = ORIENTED_EDGE('',*,*,#7323,.F.);
#10073 = ORIENTED_EDGE('',*,*,#7405,.T.);
#10074 = ORIENTED_EDGE('',*,*,#10075,.T.);
#10075 = EDGE_CURVE('',#7406,#7300,#10076,.T.);
#10076 = SURFACE_CURVE('',#10077,(#10081,#10088),.PCURVE_S1.);
#10077 = LINE('',#10078,#10079);
#10078 = CARTESIAN_POINT('',(-162.545,40.611408216729,44.036483342212));
#10079 = VECTOR('',#10080,1.);
#10080 = DIRECTION('',(0.765306434144,0.479944592125,-0.428904710102));
#10081 = PCURVE('',#7337,#10082);
#10082 = DEFINITIONAL_REPRESENTATION('',(#10083),#10087);
#10083 = LINE('',#10084,#10085);
#10084 = CARTESIAN_POINT('',(1.492845528009,-1.929404654333));
#10085 = VECTOR('',#10086,1.);
#10086 = DIRECTION('',(-0.872764110603,-0.488142199819));
#10087 = ( GEOMETRIC_REPRESENTATION_CONTEXT(2) 
PARAMETRIC_REPRESENTATION_CONTEXT() REPRESENTATION_CONTEXT('2D SPACE',''
  ) );
#10088 = PCURVE('',#10089,#10094);
#10089 = PLANE('',#10090);
#10090 = AXIS2_PLACEMENT_3D('',#10091,#10092,#10093);
#10091 = CARTESIAN_POINT('',(-161.7584473313,40.861684380289,
    43.812822888196));
#10092 = DIRECTION('',(-1.897586461219E-16,-0.666346577952,
    -0.745642164883));
#10093 = DIRECTION('',(-1.232595164408E-32,0.745642164883,
    -0.666346577952));
#10094 = DEFINITIONAL_REPRESENTATION('',(#10095),#10099);
#10095 = LINE('',#10096,#10097);
#10096 = CARTESIAN_POINT('',(-0.335651838573,-0.786552668676));
#10097 = VECTOR('',#10098,1.);
#10098 = DIRECTION('',(0.64366611054,0.765306434144));
#10099 = ( GEOMETRIC_REPRESENTATION_CONTEXT(2) 
PARAMETRIC_REPRESENTATION_CONTEXT() REPRESENTATION_CONTEXT('2D SPACE',''
  ) );
#10100 = ADVANCED_FACE('',(#10101),#7368,.T.);
#10101 = FACE_BOUND('',#10102,.F.);
#10102 = EDGE_LOOP('',(#10103,#10104,#10105));
#10103 = ORIENTED_EDGE('',*,*,#7487,.F.);
#10104 = ORIENTED_EDGE('',*,*,#7352,.T.);
#10105 = ORIENTED_EDGE('',*,*,#10106,.T.);
#10106 = EDGE_CURVE('',#7353,#7459,#10107,.T.);
#10107 = SURFACE_CURVE('',#10108,(#10112,#10119),.PCURVE_S1.);
#10108 = LINE('',#10109,#10110);
#10109 = CARTESIAN_POINT('',(-162.545,42.036483342212,31.388591783271));
#10110 = VECTOR('',#10111,1.);
#10111 = DIRECTION('',(0.765306434144,-0.428904710102,-0.479944592125));
#10112 = PCURVE('',#7368,#10113);
#10113 = DEFINITIONAL_REPRESENTATION('',(#10114),#10118);
#10114 = LINE('',#10115,#10116);
#10115 = CARTESIAN_POINT('',(-1.492845528009,1.929404654333));
#10116 = VECTOR('',#10117,1.);
#10117 = DIRECTION('',(0.872764110603,0.488142199819));
#10118 = ( GEOMETRIC_REPRESENTATION_CONTEXT(2) 
PARAMETRIC_REPRESENTATION_CONTEXT() REPRESENTATION_CONTEXT('2D SPACE',''
  ) );
#10119 = PCURVE('',#10120,#10125);
#10120 = PLANE('',#10121);
#10121 = AXIS2_PLACEMENT_3D('',#10122,#10123,#10124);
#10122 = CARTESIAN_POINT('',(-161.7584473313,41.812822888196,
    31.138315619711));
#10123 = DIRECTION('',(-0.,-0.745642164883,0.666346577952));
#10124 = DIRECTION('',(0.,0.666346577952,0.745642164883));
#10125 = DEFINITIONAL_REPRESENTATION('',(#10126),#10130);
#10126 = LINE('',#10127,#10128);
#10127 = CARTESIAN_POINT('',(0.335651838573,0.786552668676));
#10128 = VECTOR('',#10129,1.);
#10129 = DIRECTION('',(-0.64366611054,-0.765306434144));
#10130 = ( GEOMETRIC_REPRESENTATION_CONTEXT(2) 
PARAMETRIC_REPRESENTATION_CONTEXT() REPRESENTATION_CONTEXT('2D SPACE',''
  ) );
#10131 = ADVANCED_FACE('',(#10132),#7443,.T.);
#10132 = FACE_BOUND('',#10133,.F.);
#10133 = EDGE_LOOP('',(#10134,#10135,#10136));
#10134 = ORIENTED_EDGE('',*,*,#7429,.F.);
#10135 = ORIENTED_EDGE('',*,*,#7511,.T.);
#10136 = ORIENTED_EDGE('',*,*,#10137,.T.);
#10137 = EDGE_CURVE('',#7512,#7406,#10138,.T.);
#10138 = SURFACE_CURVE('',#10139,(#10143,#10150),.PCURVE_S1.);
#10139 = LINE('',#10140,#10141);
#10140 = CARTESIAN_POINT('',(-161.345,39.788288688638,44.620517793055));
#10141 = VECTOR('',#10142,1.);
#10142 = DIRECTION('',(-0.765306434144,0.524948892431,-0.372471102493));
#10143 = PCURVE('',#7443,#10144);
#10144 = DEFINITIONAL_REPRESENTATION('',(#10145),#10149);
#10145 = LINE('',#10146,#10147);
#10146 = CARTESIAN_POINT('',(-1.313695782279,2.055576192283));
#10147 = VECTOR('',#10148,1.);
#10148 = DIRECTION('',(0.913044950876,0.407858943361));
#10149 = ( GEOMETRIC_REPRESENTATION_CONTEXT(2) 
PARAMETRIC_REPRESENTATION_CONTEXT() REPRESENTATION_CONTEXT('2D SPACE',''
  ) );
#10150 = PCURVE('',#10151,#10156);
#10151 = PLANE('',#10152);
#10152 = AXIS2_PLACEMENT_3D('',#10153,#10154,#10155);
#10153 = CARTESIAN_POINT('',(-161.9005525474,40.187428838096,
    44.337312754124));
#10154 = DIRECTION('',(-5.94030251744E-15,-0.57867129618,-0.815560868959
    ));
#10155 = DIRECTION('',(0.,0.815560868959,-0.57867129618));
#10156 = DEFINITIONAL_REPRESENTATION('',(#10157),#10161);
#10157 = LINE('',#10158,#10159);
#10158 = CARTESIAN_POINT('',(-0.489405714091,0.55555254745));
#10159 = VECTOR('',#10160,1.);
#10160 = DIRECTION('',(0.64366611054,-0.765306434144));
#10161 = ( GEOMETRIC_REPRESENTATION_CONTEXT(2) 
PARAMETRIC_REPRESENTATION_CONTEXT() REPRESENTATION_CONTEXT('2D SPACE',''
  ) );
#10162 = ADVANCED_FACE('',(#10163),#7474,.T.);
#10163 = FACE_BOUND('',#10164,.F.);
#10164 = EDGE_LOOP('',(#10165,#10166,#10167));
#10165 = ORIENTED_EDGE('',*,*,#7593,.F.);
#10166 = ORIENTED_EDGE('',*,*,#7458,.T.);
#10167 = ORIENTED_EDGE('',*,*,#10168,.T.);
#10168 = EDGE_CURVE('',#7459,#7565,#10169,.T.);
#10169 = SURFACE_CURVE('',#10170,(#10174,#10181),.PCURVE_S1.);
#10170 = LINE('',#10171,#10172);
#10171 = CARTESIAN_POINT('',(-161.345,41.363961030679,30.636038969321));
#10172 = VECTOR('',#10173,1.);
#10173 = DIRECTION('',(-0.765306434144,-0.479944592125,-0.428904710102)
  );
#10174 = PCURVE('',#7474,#10175);
#10175 = DEFINITIONAL_REPRESENTATION('',(#10176),#10180);
#10176 = LINE('',#10177,#10178);
#10177 = CARTESIAN_POINT('',(0.920320823046,2.25924759009));
#10178 = VECTOR('',#10179,1.);
#10179 = DIRECTION('',(0.86006904816,-0.510177647881));
#10180 = ( GEOMETRIC_REPRESENTATION_CONTEXT(2) 
PARAMETRIC_REPRESENTATION_CONTEXT() REPRESENTATION_CONTEXT('2D SPACE',''
  ) );
#10181 = PCURVE('',#10182,#10187);
#10182 = PLANE('',#10183);
#10183 = AXIS2_PLACEMENT_3D('',#10184,#10185,#10186);
#10184 = CARTESIAN_POINT('',(-161.9005525474,40.999039494518,
    30.309925146506));
#10185 = DIRECTION('',(-1.37228580602E-14,-0.666346577952,0.745642164883
    ));
#10186 = DIRECTION('',(-7.88860905221E-31,-0.745642164883,
    -0.666346577952));
#10187 = DEFINITIONAL_REPRESENTATION('',(#10188),#10192);
#10188 = LINE('',#10189,#10190);
#10189 = CARTESIAN_POINT('',(-0.489405714091,0.55555254745));
#10190 = VECTOR('',#10191,1.);
#10191 = DIRECTION('',(0.64366611054,-0.765306434144));
#10192 = ( GEOMETRIC_REPRESENTATION_CONTEXT(2) 
PARAMETRIC_REPRESENTATION_CONTEXT() REPRESENTATION_CONTEXT('2D SPACE',''
  ) );
#10193 = ADVANCED_FACE('',(#10194),#7549,.T.);
#10194 = FACE_BOUND('',#10195,.F.);
#10195 = EDGE_LOOP('',(#10196,#10197,#10198));
#10196 = ORIENTED_EDGE('',*,*,#7535,.F.);
#10197 = ORIENTED_EDGE('',*,*,#7617,.T.);
#10198 = ORIENTED_EDGE('',*,*,#10199,.T.);
#10199 = EDGE_CURVE('',#7618,#7512,#10200,.T.);
#10200 = SURFACE_CURVE('',#10201,(#10205,#10212),.PCURVE_S1.);
#10201 = LINE('',#10202,#10203);
#10202 = CARTESIAN_POINT('',(-162.545,38.904953652058,45.108719811122));
#10203 = VECTOR('',#10204,1.);
#10204 = DIRECTION('',(0.765306434144,0.563351655833,-0.311353454658));
#10205 = PCURVE('',#7549,#10206);
#10206 = DEFINITIONAL_REPRESENTATION('',(#10207),#10211);
#10207 = LINE('',#10208,#10209);
#10208 = CARTESIAN_POINT('',(-1.137269724289,2.158195464937));
#10209 = VECTOR('',#10210,1.);
#10210 = DIRECTION('',(0.943942864544,0.330108873671));
#10211 = ( GEOMETRIC_REPRESENTATION_CONTEXT(2) 
PARAMETRIC_REPRESENTATION_CONTEXT() REPRESENTATION_CONTEXT('2D SPACE',''
  ) );
#10212 = PCURVE('',#10213,#10218);
#10213 = PLANE('',#10214);
#10214 = AXIS2_PLACEMENT_3D('',#10215,#10216,#10217);
#10215 = CARTESIAN_POINT('',(-161.7584473313,39.198724002784,
    44.946358677313));
#10216 = DIRECTION('',(0.,-0.483718887105,-0.875223421909));
#10217 = DIRECTION('',(0.,0.875223421909,-0.483718887105));
#10218 = DEFINITIONAL_REPRESENTATION('',(#10219),#10223);
#10219 = LINE('',#10220,#10221);
#10220 = CARTESIAN_POINT('',(-0.335651838573,-0.786552668676));
#10221 = VECTOR('',#10222,1.);
#10222 = DIRECTION('',(0.64366611054,0.765306434144));
#10223 = ( GEOMETRIC_REPRESENTATION_CONTEXT(2) 
PARAMETRIC_REPRESENTATION_CONTEXT() REPRESENTATION_CONTEXT('2D SPACE',''
  ) );
#10224 = ADVANCED_FACE('',(#10225),#7580,.T.);
#10225 = FACE_BOUND('',#10226,.F.);
#10226 = EDGE_LOOP('',(#10227,#10228,#10229));
#10227 = ORIENTED_EDGE('',*,*,#7699,.F.);
#10228 = ORIENTED_EDGE('',*,*,#7564,.T.);
#10229 = ORIENTED_EDGE('',*,*,#10230,.T.);
#10230 = EDGE_CURVE('',#7565,#7671,#10231,.T.);
#10231 = SURFACE_CURVE('',#10232,(#10236,#10243),.PCURVE_S1.);
#10232 = LINE('',#10233,#10234);
#10233 = CARTESIAN_POINT('',(-162.545,40.611408216729,29.963516657788));
#10234 = VECTOR('',#10235,1.);
#10235 = DIRECTION('',(0.765306434144,-0.524948892431,-0.372471102493));
#10236 = PCURVE('',#7580,#10237);
#10237 = DEFINITIONAL_REPRESENTATION('',(#10238),#10242);
#10238 = LINE('',#10239,#10240);
#10239 = CARTESIAN_POINT('',(0.695721729115,2.338196177889));
#10240 = VECTOR('',#10241,1.);
#10241 = DIRECTION('',(0.905702280012,-0.423914354535));
#10242 = ( GEOMETRIC_REPRESENTATION_CONTEXT(2) 
PARAMETRIC_REPRESENTATION_CONTEXT() REPRESENTATION_CONTEXT('2D SPACE',''
  ) );
#10243 = PCURVE('',#10244,#10249);
#10244 = PLANE('',#10245);
#10245 = AXIS2_PLACEMENT_3D('',#10246,#10247,#10248);
#10246 = CARTESIAN_POINT('',(-161.7584473313,40.337663711594,
    29.769284573296));
#10247 = DIRECTION('',(1.160066505686E-16,-0.57867129618,0.815560868959)
  );
#10248 = DIRECTION('',(6.162975822039E-33,-0.815560868959,-0.57867129618
    ));
#10249 = DEFINITIONAL_REPRESENTATION('',(#10250),#10254);
#10250 = LINE('',#10251,#10252);
#10251 = CARTESIAN_POINT('',(-0.335651838573,-0.786552668676));
#10252 = VECTOR('',#10253,1.);
#10253 = DIRECTION('',(0.64366611054,0.765306434144));
#10254 = ( GEOMETRIC_REPRESENTATION_CONTEXT(2) 
PARAMETRIC_REPRESENTATION_CONTEXT() REPRESENTATION_CONTEXT('2D SPACE',''
  ) );
#10255 = ADVANCED_FACE('',(#10256),#7655,.T.);
#10256 = FACE_BOUND('',#10257,.F.);
#10257 = EDGE_LOOP('',(#10258,#10259,#10260));
#10258 = ORIENTED_EDGE('',*,*,#7641,.F.);
#10259 = ORIENTED_EDGE('',*,*,#7723,.T.);
#10260 = ORIENTED_EDGE('',*,*,#10261,.T.);
#10261 = EDGE_CURVE('',#7724,#7618,#10262,.T.);
#10262 = SURFACE_CURVE('',#10263,(#10267,#10274),.PCURVE_S1.);
#10263 = LINE('',#10264,#10265);
#10264 = CARTESIAN_POINT('',(-161.345,37.972511557597,45.494949972775));
#10265 = VECTOR('',#10266,1.);
#10266 = DIRECTION('',(-0.765306434144,0.594669945299,-0.246320356478));
#10267 = PCURVE('',#7655,#10268);
#10268 = DEFINITIONAL_REPRESENTATION('',(#10269),#10273);
#10269 = LINE('',#10270,#10271);
#10270 = CARTESIAN_POINT('',(-0.963433493429,2.241201908441));
#10271 = VECTOR('',#10272,1.);
#10272 = DIRECTION('',(0.967046792865,0.254598704649));
#10273 = ( GEOMETRIC_REPRESENTATION_CONTEXT(2) 
PARAMETRIC_REPRESENTATION_CONTEXT() REPRESENTATION_CONTEXT('2D SPACE',''
  ) );
#10274 = PCURVE('',#10275,#10280);
#10275 = PLANE('',#10276);
#10276 = AXIS2_PLACEMENT_3D('',#10277,#10278,#10279);
#10277 = CARTESIAN_POINT('',(-161.9005525474,38.424663479939,
    45.307662514288));
#10278 = DIRECTION('',(2.13419432562E-14,-0.382683432365,-0.923879532511
    ));
#10279 = DIRECTION('',(0.,0.923879532511,-0.382683432365));
#10280 = DEFINITIONAL_REPRESENTATION('',(#10281),#10285);
#10281 = LINE('',#10282,#10283);
#10282 = CARTESIAN_POINT('',(-0.489405714091,0.55555254745));
#10283 = VECTOR('',#10284,1.);
#10284 = DIRECTION('',(0.64366611054,-0.765306434144));
#10285 = ( GEOMETRIC_REPRESENTATION_CONTEXT(2) 
PARAMETRIC_REPRESENTATION_CONTEXT() REPRESENTATION_CONTEXT('2D SPACE',''
  ) );
#10286 = ADVANCED_FACE('',(#10287),#7686,.T.);
#10287 = FACE_BOUND('',#10288,.F.);
#10288 = EDGE_LOOP('',(#10289,#10290,#10291));
#10289 = ORIENTED_EDGE('',*,*,#7805,.F.);
#10290 = ORIENTED_EDGE('',*,*,#7670,.T.);
#10291 = ORIENTED_EDGE('',*,*,#10292,.T.);
#10292 = EDGE_CURVE('',#7671,#7777,#10293,.T.);
#10293 = SURFACE_CURVE('',#10294,(#10298,#10305),.PCURVE_S1.);
#10294 = LINE('',#10295,#10296);
#10295 = CARTESIAN_POINT('',(-161.345,39.788288688638,29.379482206945));
#10296 = VECTOR('',#10297,1.);
#10297 = DIRECTION('',(-0.765306434144,-0.563351655833,-0.311353454658)
  );
#10298 = PCURVE('',#7686,#10299);
#10299 = DEFINITIONAL_REPRESENTATION('',(#10300),#10304);
#10300 = LINE('',#10301,#10302);
#10301 = CARTESIAN_POINT('',(-0.483106237368,-2.391191848028));
#10302 = VECTOR('',#10303,1.);
#10303 = DIRECTION('',(-0.940087011898,0.340934612588));
#10304 = ( GEOMETRIC_REPRESENTATION_CONTEXT(2) 
PARAMETRIC_REPRESENTATION_CONTEXT() REPRESENTATION_CONTEXT('2D SPACE',''
  ) );
#10305 = PCURVE('',#10306,#10311);
#10306 = PLANE('',#10307);
#10307 = AXIS2_PLACEMENT_3D('',#10308,#10309,#10310);
#10308 = CARTESIAN_POINT('',(-161.9005525474,39.35994934485,
    29.142747419582));
#10309 = DIRECTION('',(2.095930333098E-14,-0.483718887105,0.875223421909
    ));
#10310 = DIRECTION('',(0.,-0.875223421909,-0.483718887105));
#10311 = DEFINITIONAL_REPRESENTATION('',(#10312),#10316);
#10312 = LINE('',#10313,#10314);
#10313 = CARTESIAN_POINT('',(-0.489405714091,0.55555254745));
#10314 = VECTOR('',#10315,1.);
#10315 = DIRECTION('',(0.64366611054,-0.765306434144));
#10316 = ( GEOMETRIC_REPRESENTATION_CONTEXT(2) 
PARAMETRIC_REPRESENTATION_CONTEXT() REPRESENTATION_CONTEXT('2D SPACE',''
  ) );
#10317 = ADVANCED_FACE('',(#10318),#7761,.T.);
#10318 = FACE_BOUND('',#10319,.F.);
#10319 = EDGE_LOOP('',(#10320,#10321,#10322));
#10320 = ORIENTED_EDGE('',*,*,#7747,.F.);
#10321 = ORIENTED_EDGE('',*,*,#7829,.T.);
#10322 = ORIENTED_EDGE('',*,*,#10323,.T.);
#10323 = EDGE_CURVE('',#7830,#7724,#10324,.T.);
#10324 = SURFACE_CURVE('',#10325,(#10329,#10336),.PCURVE_S1.);
#10325 = LINE('',#10326,#10327);
#10326 = CARTESIAN_POINT('',(-162.545,37.002688405607,45.774351209636));
#10327 = VECTOR('',#10328,1.);
#10328 = DIRECTION('',(0.765306434144,0.618509915167,-0.178189636898));
#10329 = PCURVE('',#7761,#10330);
#10330 = DEFINITIONAL_REPRESENTATION('',(#10331),#10335);
#10331 = LINE('',#10332,#10333);
#10332 = CARTESIAN_POINT('',(-0.791413306344,2.307564748647));
#10333 = VECTOR('',#10334,1.);
#10334 = DIRECTION('',(0.983513523795,0.180834588816));
#10335 = ( GEOMETRIC_REPRESENTATION_CONTEXT(2) 
PARAMETRIC_REPRESENTATION_CONTEXT() REPRESENTATION_CONTEXT('2D SPACE',''
  ) );
#10336 = PCURVE('',#10337,#10342);
#10337 = PLANE('',#10338);
#10338 = AXIS2_PLACEMENT_3D('',#10339,#10340,#10341);
#10339 = CARTESIAN_POINT('',(-161.7584473313,37.325222071434,
    45.681430861244));
#10340 = DIRECTION('',(0.,-0.276835511425,-0.960917321945));
#10341 = DIRECTION('',(0.,0.960917321945,-0.276835511425));
#10342 = DEFINITIONAL_REPRESENTATION('',(#10343),#10347);
#10343 = LINE('',#10344,#10345);
#10344 = CARTESIAN_POINT('',(-0.335651838573,-0.786552668676));
#10345 = VECTOR('',#10346,1.);
#10346 = DIRECTION('',(0.64366611054,0.765306434144));
#10347 = ( GEOMETRIC_REPRESENTATION_CONTEXT(2) 
PARAMETRIC_REPRESENTATION_CONTEXT() REPRESENTATION_CONTEXT('2D SPACE',''
  ) );
#10348 = ADVANCED_FACE('',(#10349),#7792,.T.);
#10349 = FACE_BOUND('',#10350,.F.);
#10350 = EDGE_LOOP('',(#10351,#10352,#10353));
#10351 = ORIENTED_EDGE('',*,*,#7911,.F.);
#10352 = ORIENTED_EDGE('',*,*,#7776,.T.);
#10353 = ORIENTED_EDGE('',*,*,#10354,.T.);
#10354 = EDGE_CURVE('',#7777,#7883,#10355,.T.);
#10355 = SURFACE_CURVE('',#10356,(#10360,#10367),.PCURVE_S1.);
#10356 = LINE('',#10357,#10358);
#10357 = CARTESIAN_POINT('',(-162.545,38.904953652058,28.891280188878));
#10358 = VECTOR('',#10359,1.);
#10359 = DIRECTION('',(0.765306434144,-0.594669945299,-0.246320356478));
#10360 = PCURVE('',#7792,#10361);
#10361 = DEFINITIONAL_REPRESENTATION('',(#10362),#10366);
#10362 = LINE('',#10363,#10364);
#10363 = CARTESIAN_POINT('',(-0.281532592169,-2.423206448119));
#10364 = VECTOR('',#10365,1.);
#10365 = DIRECTION('',(-0.965295989931,0.261158288828));
#10366 = ( GEOMETRIC_REPRESENTATION_CONTEXT(2) 
PARAMETRIC_REPRESENTATION_CONTEXT() REPRESENTATION_CONTEXT('2D SPACE',''
  ) );
#10367 = PCURVE('',#10368,#10373);
#10368 = PLANE('',#10369);
#10369 = AXIS2_PLACEMENT_3D('',#10370,#10371,#10372);
#10370 = CARTESIAN_POINT('',(-161.7584473313,38.594851788351,
    28.762831791214));
#10371 = DIRECTION('',(-0.,-0.382683432365,0.923879532511));
#10372 = DIRECTION('',(0.,-0.923879532511,-0.382683432365));
#10373 = DEFINITIONAL_REPRESENTATION('',(#10374),#10378);
#10374 = LINE('',#10375,#10376);
#10375 = CARTESIAN_POINT('',(-0.335651838573,-0.786552668676));
#10376 = VECTOR('',#10377,1.);
#10377 = DIRECTION('',(0.64366611054,0.765306434144));
#10378 = ( GEOMETRIC_REPRESENTATION_CONTEXT(2) 
PARAMETRIC_REPRESENTATION_CONTEXT() REPRESENTATION_CONTEXT('2D SPACE',''
  ) );
#10379 = ADVANCED_FACE('',(#10380),#7867,.T.);
#10380 = FACE_BOUND('',#10381,.F.);
#10381 = EDGE_LOOP('',(#10382,#10383,#10384));
#10382 = ORIENTED_EDGE('',*,*,#7853,.F.);
#10383 = ORIENTED_EDGE('',*,*,#7935,.T.);
#10384 = ORIENTED_EDGE('',*,*,#10385,.T.);
#10385 = EDGE_CURVE('',#7936,#7830,#10386,.T.);
#10386 = SURFACE_CURVE('',#10387,(#10391,#10398),.PCURVE_S1.);
#10387 = LINE('',#10388,#10389);
#10388 = CARTESIAN_POINT('',(-161.345,36.00768028493,45.943409889039));
#10389 = VECTOR('',#10390,1.);
#10390 = DIRECTION('',(-0.765306434144,0.634571763983,-0.107818079246));
#10391 = PCURVE('',#7867,#10392);
#10392 = DEFINITIONAL_REPRESENTATION('',(#10393),#10397);
#10393 = LINE('',#10394,#10395);
#10394 = CARTESIAN_POINT('',(-0.620044970066,2.35939278751));
#10395 = VECTOR('',#10396,1.);
#10396 = DIRECTION('',(0.994127338604,0.108216609818));
#10397 = ( GEOMETRIC_REPRESENTATION_CONTEXT(2) 
PARAMETRIC_REPRESENTATION_CONTEXT() REPRESENTATION_CONTEXT('2D SPACE',''
  ) );
#10398 = PCURVE('',#10399,#10404);
#10399 = PLANE('',#10400);
#10400 = AXIS2_PLACEMENT_3D('',#10401,#10402,#10403);
#10401 = CARTESIAN_POINT('',(-161.9005525474,36.490171194749,
    45.861431386208));
#10402 = DIRECTION('',(-3.568430610591E-15,-0.167506223305,
    -0.985871018518));
#10403 = DIRECTION('',(0.,0.985871018518,-0.167506223305));
#10404 = DEFINITIONAL_REPRESENTATION('',(#10405),#10409);
#10405 = LINE('',#10406,#10407);
#10406 = CARTESIAN_POINT('',(-0.489405714091,0.55555254745));
#10407 = VECTOR('',#10408,1.);
#10408 = DIRECTION('',(0.64366611054,-0.765306434144));
#10409 = ( GEOMETRIC_REPRESENTATION_CONTEXT(2) 
PARAMETRIC_REPRESENTATION_CONTEXT() REPRESENTATION_CONTEXT('2D SPACE',''
  ) );
#10410 = ADVANCED_FACE('',(#10411),#7898,.T.);
#10411 = FACE_BOUND('',#10412,.F.);
#10412 = EDGE_LOOP('',(#10413,#10414,#10415));
#10413 = ORIENTED_EDGE('',*,*,#8017,.F.);
#10414 = ORIENTED_EDGE('',*,*,#7882,.T.);
#10415 = ORIENTED_EDGE('',*,*,#10416,.T.);
#10416 = EDGE_CURVE('',#7883,#7989,#10417,.T.);
#10417 = SURFACE_CURVE('',#10418,(#10422,#10429),.PCURVE_S1.);
#10418 = LINE('',#10419,#10420);
#10419 = CARTESIAN_POINT('',(-161.345,37.972511557597,28.505050027225));
#10420 = VECTOR('',#10421,1.);
#10421 = DIRECTION('',(-0.765306434144,-0.618509915167,-0.178189636898)
  );
#10422 = PCURVE('',#7898,#10423);
#10423 = DEFINITIONAL_REPRESENTATION('',(#10424),#10428);
#10424 = LINE('',#10425,#10426);
#10425 = CARTESIAN_POINT('',(-8.94539164294E-02,-2.437865477727));
#10426 = VECTOR('',#10427,1.);
#10427 = DIRECTION('',(-0.982892860087,0.184178244075));
#10428 = ( GEOMETRIC_REPRESENTATION_CONTEXT(2) 
PARAMETRIC_REPRESENTATION_CONTEXT() REPRESENTATION_CONTEXT('2D SPACE',''
  ) );
#10429 = PCURVE('',#10430,#10435);
#10430 = PLANE('',#10431);
#10431 = AXIS2_PLACEMENT_3D('',#10432,#10433,#10434);
#10432 = CARTESIAN_POINT('',(-161.9005525474,37.502233129468,
    28.36956514607));
#10433 = DIRECTION('',(-6.223520547538E-15,-0.276835511425,
    0.960917321945));
#10434 = DIRECTION('',(0.,-0.960917321945,-0.276835511425));
#10435 = DEFINITIONAL_REPRESENTATION('',(#10436),#10440);
#10436 = LINE('',#10437,#10438);
#10437 = CARTESIAN_POINT('',(-0.489405714091,0.55555254745));
#10438 = VECTOR('',#10439,1.);
#10439 = DIRECTION('',(0.64366611054,-0.765306434144));
#10440 = ( GEOMETRIC_REPRESENTATION_CONTEXT(2) 
PARAMETRIC_REPRESENTATION_CONTEXT() REPRESENTATION_CONTEXT('2D SPACE',''
  ) );
#10441 = ADVANCED_FACE('',(#10442),#7973,.T.);
#10442 = FACE_BOUND('',#10443,.F.);
#10443 = EDGE_LOOP('',(#10444,#10445,#10446));
#10444 = ORIENTED_EDGE('',*,*,#7959,.F.);
#10445 = ORIENTED_EDGE('',*,*,#8041,.T.);
#10446 = ORIENTED_EDGE('',*,*,#10447,.T.);
#10447 = EDGE_CURVE('',#8042,#7936,#10448,.T.);
#10448 = SURFACE_CURVE('',#10449,(#10453,#10460),.PCURVE_S1.);
#10449 = LINE('',#10450,#10451);
#10450 = CARTESIAN_POINT('',(-162.545,35.,46.));
#10451 = VECTOR('',#10452,1.);
#10452 = DIRECTION('',(0.765306434144,0.642653504681,-3.609064668938E-02
    ));
#10453 = PCURVE('',#7973,#10454);
#10454 = DEFINITIONAL_REPRESENTATION('',(#10455),#10459);
#10455 = LINE('',#10456,#10457);
#10456 = CARTESIAN_POINT('',(-0.44791652696,2.398032709438));
#10457 = VECTOR('',#10458,1.);
#10458 = DIRECTION('',(0.999348520398,3.609064668938E-02));
#10459 = ( GEOMETRIC_REPRESENTATION_CONTEXT(2) 
PARAMETRIC_REPRESENTATION_CONTEXT() REPRESENTATION_CONTEXT('2D SPACE',''
  ) );
#10460 = PCURVE('',#10461,#10466);
#10461 = PLANE('',#10462);
#10462 = AXIS2_PLACEMENT_3D('',#10463,#10464,#10465);
#10463 = CARTESIAN_POINT('',(-161.7584473313,35.335123796141,
    45.981179851295));
#10464 = DIRECTION('',(0.,-5.607044723719E-02,-0.998426815018));
#10465 = DIRECTION('',(0.,0.998426815018,-5.607044723719E-02));
#10466 = DEFINITIONAL_REPRESENTATION('',(#10467),#10471);
#10467 = LINE('',#10468,#10469);
#10468 = CARTESIAN_POINT('',(-0.335651838573,-0.786552668676));
#10469 = VECTOR('',#10470,1.);
#10470 = DIRECTION('',(0.64366611054,0.765306434144));
#10471 = ( GEOMETRIC_REPRESENTATION_CONTEXT(2) 
PARAMETRIC_REPRESENTATION_CONTEXT() REPRESENTATION_CONTEXT('2D SPACE',''
  ) );
#10472 = ADVANCED_FACE('',(#10473),#8004,.T.);
#10473 = FACE_BOUND('',#10474,.F.);
#10474 = EDGE_LOOP('',(#10475,#10476,#10477));
#10475 = ORIENTED_EDGE('',*,*,#8123,.F.);
#10476 = ORIENTED_EDGE('',*,*,#7988,.T.);
#10477 = ORIENTED_EDGE('',*,*,#10478,.T.);
#10478 = EDGE_CURVE('',#7989,#8095,#10479,.T.);
#10479 = SURFACE_CURVE('',#10480,(#10484,#10491),.PCURVE_S1.);
#10480 = LINE('',#10481,#10482);
#10481 = CARTESIAN_POINT('',(-162.545,37.002688405607,28.225648790364));
#10482 = VECTOR('',#10483,1.);
#10483 = DIRECTION('',(0.765306434144,-0.634571763983,-0.107818079246));
#10484 = PCURVE('',#8004,#10485);
#10485 = DEFINITIONAL_REPRESENTATION('',(#10486),#10490);
#10486 = LINE('',#10487,#10488);
#10487 = CARTESIAN_POINT('',(9.492322029151E-02,-2.43765864569));
#10488 = VECTOR('',#10489,1.);
#10489 = DIRECTION('',(-0.993995773482,0.1094184733));
#10490 = ( GEOMETRIC_REPRESENTATION_CONTEXT(2) 
PARAMETRIC_REPRESENTATION_CONTEXT() REPRESENTATION_CONTEXT('2D SPACE',''
  ) );
#10491 = PCURVE('',#10492,#10497);
#10492 = PLANE('',#10493);
#10493 = AXIS2_PLACEMENT_3D('',#10494,#10495,#10496);
#10494 = CARTESIAN_POINT('',(-161.7584473313,36.671778985646,
    28.169425018539));
#10495 = DIRECTION('',(-0.,-0.167506223305,0.985871018518));
#10496 = DIRECTION('',(0.,-0.985871018518,-0.167506223305));
#10497 = DEFINITIONAL_REPRESENTATION('',(#10498),#10502);
#10498 = LINE('',#10499,#10500);
#10499 = CARTESIAN_POINT('',(-0.335651838573,-0.786552668676));
#10500 = VECTOR('',#10501,1.);
#10501 = DIRECTION('',(0.64366611054,0.765306434144));
#10502 = ( GEOMETRIC_REPRESENTATION_CONTEXT(2) 
PARAMETRIC_REPRESENTATION_CONTEXT() REPRESENTATION_CONTEXT('2D SPACE',''
  ) );
#10503 = ADVANCED_FACE('',(#10504),#8079,.T.);
#10504 = FACE_BOUND('',#10505,.F.);
#10505 = EDGE_LOOP('',(#10506,#10507,#10508));
#10506 = ORIENTED_EDGE('',*,*,#8065,.F.);
#10507 = ORIENTED_EDGE('',*,*,#8147,.T.);
#10508 = ORIENTED_EDGE('',*,*,#10509,.T.);
#10509 = EDGE_CURVE('',#8148,#8042,#10510,.T.);
#10510 = SURFACE_CURVE('',#10511,(#10515,#10522),.PCURVE_S1.);
#10511 = LINE('',#10512,#10513);
#10512 = CARTESIAN_POINT('',(-161.345,33.99231971507,45.943409889039));
#10513 = VECTOR('',#10514,1.);
#10514 = DIRECTION('',(-0.765306434144,0.642653504681,3.609064668938E-02
    ));
#10515 = PCURVE('',#8079,#10516);
#10516 = DEFINITIONAL_REPRESENTATION('',(#10517),#10521);
#10517 = LINE('',#10518,#10519);
#10518 = CARTESIAN_POINT('',(-0.273445742316,2.424132322434));
#10519 = VECTOR('',#10520,1.);
#10520 = DIRECTION('',(0.999343693753,-3.622404941902E-02));
#10521 = ( GEOMETRIC_REPRESENTATION_CONTEXT(2) 
PARAMETRIC_REPRESENTATION_CONTEXT() REPRESENTATION_CONTEXT('2D SPACE',''
  ) );
#10522 = PCURVE('',#10523,#10528);
#10523 = PLANE('',#10524);
#10524 = AXIS2_PLACEMENT_3D('',#10525,#10526,#10527);
#10525 = CARTESIAN_POINT('',(-161.9005525474,34.480955503442,
    45.970851086309));
#10526 = DIRECTION('',(1.766933161168E-15,5.607044723719E-02,
    -0.998426815018));
#10527 = DIRECTION('',(-1.232595164408E-32,0.998426815018,
    5.607044723719E-02));
#10528 = DEFINITIONAL_REPRESENTATION('',(#10529),#10533);
#10529 = LINE('',#10530,#10531);
#10530 = CARTESIAN_POINT('',(-0.489405714091,0.55555254745));
#10531 = VECTOR('',#10532,1.);
#10532 = DIRECTION('',(0.64366611054,-0.765306434144));
#10533 = ( GEOMETRIC_REPRESENTATION_CONTEXT(2) 
PARAMETRIC_REPRESENTATION_CONTEXT() REPRESENTATION_CONTEXT('2D SPACE',''
  ) );
#10534 = ADVANCED_FACE('',(#10535),#8110,.T.);
#10535 = FACE_BOUND('',#10536,.F.);
#10536 = EDGE_LOOP('',(#10537,#10538,#10539));
#10537 = ORIENTED_EDGE('',*,*,#8229,.F.);
#10538 = ORIENTED_EDGE('',*,*,#8094,.T.);
#10539 = ORIENTED_EDGE('',*,*,#10540,.T.);
#10540 = EDGE_CURVE('',#8095,#8201,#10541,.T.);
#10541 = SURFACE_CURVE('',#10542,(#10546,#10553),.PCURVE_S1.);
#10542 = LINE('',#10543,#10544);
#10543 = CARTESIAN_POINT('',(-161.345,36.00768028493,28.056590110961));
#10544 = VECTOR('',#10545,1.);
#10545 = DIRECTION('',(-0.765306434144,-0.642653504681,
    -3.609064668938E-02));
#10546 = PCURVE('',#8110,#10547);
#10547 = DEFINITIONAL_REPRESENTATION('',(#10548),#10552);
#10548 = LINE('',#10549,#10550);
#10549 = CARTESIAN_POINT('',(0.273445742316,-2.424132322434));
#10550 = VECTOR('',#10551,1.);
#10551 = DIRECTION('',(-0.999343693753,3.622404941902E-02));
#10552 = ( GEOMETRIC_REPRESENTATION_CONTEXT(2) 
PARAMETRIC_REPRESENTATION_CONTEXT() REPRESENTATION_CONTEXT('2D SPACE',''
  ) );
#10553 = PCURVE('',#10554,#10559);
#10554 = PLANE('',#10555);
#10555 = AXIS2_PLACEMENT_3D('',#10556,#10557,#10558);
#10556 = CARTESIAN_POINT('',(-161.9005525474,35.519044496558,
    28.029148913691));
#10557 = DIRECTION('',(2.696744949468E-15,-5.60704472372E-02,
    0.998426815018));
#10558 = DIRECTION('',(-2.465190328816E-32,-0.998426815018,
    -5.60704472372E-02));
#10559 = DEFINITIONAL_REPRESENTATION('',(#10560),#10564);
#10560 = LINE('',#10561,#10562);
#10561 = CARTESIAN_POINT('',(-0.489405714091,0.55555254745));
#10562 = VECTOR('',#10563,1.);
#10563 = DIRECTION('',(0.64366611054,-0.765306434144));
#10564 = ( GEOMETRIC_REPRESENTATION_CONTEXT(2) 
PARAMETRIC_REPRESENTATION_CONTEXT() REPRESENTATION_CONTEXT('2D SPACE',''
  ) );
#10565 = ADVANCED_FACE('',(#10566),#8185,.T.);
#10566 = FACE_BOUND('',#10567,.F.);
#10567 = EDGE_LOOP('',(#10568,#10569,#10570));
#10568 = ORIENTED_EDGE('',*,*,#8171,.F.);
#10569 = ORIENTED_EDGE('',*,*,#8253,.T.);
#10570 = ORIENTED_EDGE('',*,*,#10571,.T.);
#10571 = EDGE_CURVE('',#8254,#8148,#10572,.T.);
#10572 = SURFACE_CURVE('',#10573,(#10577,#10584),.PCURVE_S1.);
#10573 = LINE('',#10574,#10575);
#10574 = CARTESIAN_POINT('',(-162.545,32.997311594393,45.774351209636));
#10575 = VECTOR('',#10576,1.);
#10576 = DIRECTION('',(0.765306434144,0.634571763983,0.107818079246));
#10577 = PCURVE('',#8185,#10578);
#10578 = DEFINITIONAL_REPRESENTATION('',(#10579),#10583);
#10579 = LINE('',#10580,#10581);
#10580 = CARTESIAN_POINT('',(-9.492322029151E-02,2.43765864569));
#10581 = VECTOR('',#10582,1.);
#10582 = DIRECTION('',(0.993995773482,-0.1094184733));
#10583 = ( GEOMETRIC_REPRESENTATION_CONTEXT(2) 
PARAMETRIC_REPRESENTATION_CONTEXT() REPRESENTATION_CONTEXT('2D SPACE',''
  ) );
#10584 = PCURVE('',#10585,#10590);
#10585 = PLANE('',#10586);
#10586 = AXIS2_PLACEMENT_3D('',#10587,#10588,#10589);
#10587 = CARTESIAN_POINT('',(-161.7584473313,33.328221014354,
    45.830574981461));
#10588 = DIRECTION('',(-0.,0.167506223305,-0.985871018518));
#10589 = DIRECTION('',(0.,0.985871018518,0.167506223305));
#10590 = DEFINITIONAL_REPRESENTATION('',(#10591),#10595);
#10591 = LINE('',#10592,#10593);
#10592 = CARTESIAN_POINT('',(-0.335651838573,-0.786552668676));
#10593 = VECTOR('',#10594,1.);
#10594 = DIRECTION('',(0.64366611054,0.765306434144));
#10595 = ( GEOMETRIC_REPRESENTATION_CONTEXT(2) 
PARAMETRIC_REPRESENTATION_CONTEXT() REPRESENTATION_CONTEXT('2D SPACE',''
  ) );
#10596 = ADVANCED_FACE('',(#10597),#8216,.T.);
#10597 = FACE_BOUND('',#10598,.F.);
#10598 = EDGE_LOOP('',(#10599,#10600,#10601));
#10599 = ORIENTED_EDGE('',*,*,#8335,.F.);
#10600 = ORIENTED_EDGE('',*,*,#8200,.T.);
#10601 = ORIENTED_EDGE('',*,*,#10602,.T.);
#10602 = EDGE_CURVE('',#8201,#8307,#10603,.T.);
#10603 = SURFACE_CURVE('',#10604,(#10608,#10615),.PCURVE_S1.);
#10604 = LINE('',#10605,#10606);
#10605 = CARTESIAN_POINT('',(-162.545,35.,28.));
#10606 = VECTOR('',#10607,1.);
#10607 = DIRECTION('',(0.765306434144,-0.642653504681,3.609064668938E-02
    ));
#10608 = PCURVE('',#8216,#10609);
#10609 = DEFINITIONAL_REPRESENTATION('',(#10610),#10614);
#10610 = LINE('',#10611,#10612);
#10611 = CARTESIAN_POINT('',(0.44791652696,-2.398032709438));
#10612 = VECTOR('',#10613,1.);
#10613 = DIRECTION('',(-0.999348520398,-3.609064668938E-02));
#10614 = ( GEOMETRIC_REPRESENTATION_CONTEXT(2) 
PARAMETRIC_REPRESENTATION_CONTEXT() REPRESENTATION_CONTEXT('2D SPACE',''
  ) );
#10615 = PCURVE('',#10616,#10621);
#10616 = PLANE('',#10617);
#10617 = AXIS2_PLACEMENT_3D('',#10618,#10619,#10620);
#10618 = CARTESIAN_POINT('',(-161.7584473313,34.664876203859,
    28.018820148705));
#10619 = DIRECTION('',(-0.,5.607044723719E-02,0.998426815018));
#10620 = DIRECTION('',(0.,-0.998426815018,5.607044723719E-02));
#10621 = DEFINITIONAL_REPRESENTATION('',(#10622),#10626);
#10622 = LINE('',#10623,#10624);
#10623 = CARTESIAN_POINT('',(-0.335651838573,-0.786552668676));
#10624 = VECTOR('',#10625,1.);
#10625 = DIRECTION('',(0.64366611054,0.765306434144));
#10626 = ( GEOMETRIC_REPRESENTATION_CONTEXT(2) 
PARAMETRIC_REPRESENTATION_CONTEXT() REPRESENTATION_CONTEXT('2D SPACE',''
  ) );
#10627 = ADVANCED_FACE('',(#10628),#8291,.T.);
#10628 = FACE_BOUND('',#10629,.F.);
#10629 = EDGE_LOOP('',(#10630,#10631,#10632));
#10630 = ORIENTED_EDGE('',*,*,#8277,.F.);
#10631 = ORIENTED_EDGE('',*,*,#8359,.T.);
#10632 = ORIENTED_EDGE('',*,*,#10633,.T.);
#10633 = EDGE_CURVE('',#8360,#8254,#10634,.T.);
#10634 = SURFACE_CURVE('',#10635,(#10639,#10646),.PCURVE_S1.);
#10635 = LINE('',#10636,#10637);
#10636 = CARTESIAN_POINT('',(-161.345,32.027488442403,45.494949972775));
#10637 = VECTOR('',#10638,1.);
#10638 = DIRECTION('',(-0.765306434144,0.618509915167,0.178189636898));
#10639 = PCURVE('',#8291,#10640);
#10640 = DEFINITIONAL_REPRESENTATION('',(#10641),#10645);
#10641 = LINE('',#10642,#10643);
#10642 = CARTESIAN_POINT('',(8.94539164294E-02,2.437865477727));
#10643 = VECTOR('',#10644,1.);
#10644 = DIRECTION('',(0.982892860087,-0.184178244075));
#10645 = ( GEOMETRIC_REPRESENTATION_CONTEXT(2) 
PARAMETRIC_REPRESENTATION_CONTEXT() REPRESENTATION_CONTEXT('2D SPACE',''
  ) );
#10646 = PCURVE('',#10647,#10652);
#10647 = PLANE('',#10648);
#10648 = AXIS2_PLACEMENT_3D('',#10649,#10650,#10651);
#10649 = CARTESIAN_POINT('',(-161.9005525474,32.497766870532,
    45.63043485393));
#10650 = DIRECTION('',(5.90566503696E-15,0.276835511425,-0.960917321945)
  );
#10651 = DIRECTION('',(0.,0.960917321945,0.276835511425));
#10652 = DEFINITIONAL_REPRESENTATION('',(#10653),#10657);
#10653 = LINE('',#10654,#10655);
#10654 = CARTESIAN_POINT('',(-0.489405714091,0.55555254745));
#10655 = VECTOR('',#10656,1.);
#10656 = DIRECTION('',(0.64366611054,-0.765306434144));
#10657 = ( GEOMETRIC_REPRESENTATION_CONTEXT(2) 
PARAMETRIC_REPRESENTATION_CONTEXT() REPRESENTATION_CONTEXT('2D SPACE',''
  ) );
#10658 = ADVANCED_FACE('',(#10659),#8322,.T.);
#10659 = FACE_BOUND('',#10660,.F.);
#10660 = EDGE_LOOP('',(#10661,#10662,#10663));
#10661 = ORIENTED_EDGE('',*,*,#8441,.F.);
#10662 = ORIENTED_EDGE('',*,*,#8306,.T.);
#10663 = ORIENTED_EDGE('',*,*,#10664,.T.);
#10664 = EDGE_CURVE('',#8307,#8413,#10665,.T.);
#10665 = SURFACE_CURVE('',#10666,(#10670,#10677),.PCURVE_S1.);
#10666 = LINE('',#10667,#10668);
#10667 = CARTESIAN_POINT('',(-161.345,33.99231971507,28.056590110961));
#10668 = VECTOR('',#10669,1.);
#10669 = DIRECTION('',(-0.765306434144,-0.634571763983,0.107818079246));
#10670 = PCURVE('',#8322,#10671);
#10671 = DEFINITIONAL_REPRESENTATION('',(#10672),#10676);
#10672 = LINE('',#10673,#10674);
#10673 = CARTESIAN_POINT('',(0.620044970066,-2.35939278751));
#10674 = VECTOR('',#10675,1.);
#10675 = DIRECTION('',(-0.994127338604,-0.108216609818));
#10676 = ( GEOMETRIC_REPRESENTATION_CONTEXT(2) 
PARAMETRIC_REPRESENTATION_CONTEXT() REPRESENTATION_CONTEXT('2D SPACE',''
  ) );
#10677 = PCURVE('',#10678,#10683);
#10678 = PLANE('',#10679);
#10679 = AXIS2_PLACEMENT_3D('',#10680,#10681,#10682);
#10680 = CARTESIAN_POINT('',(-161.9005525474,33.509828805251,
    28.138568613792));
#10681 = DIRECTION('',(4.006165300798E-16,0.167506223305,0.985871018518)
  );
#10682 = DIRECTION('',(0.,-0.985871018518,0.167506223305));
#10683 = DEFINITIONAL_REPRESENTATION('',(#10684),#10688);
#10684 = LINE('',#10685,#10686);
#10685 = CARTESIAN_POINT('',(-0.489405714091,0.55555254745));
#10686 = VECTOR('',#10687,1.);
#10687 = DIRECTION('',(0.64366611054,-0.765306434144));
#10688 = ( GEOMETRIC_REPRESENTATION_CONTEXT(2) 
PARAMETRIC_REPRESENTATION_CONTEXT() REPRESENTATION_CONTEXT('2D SPACE',''
  ) );
#10689 = ADVANCED_FACE('',(#10690),#8397,.T.);
#10690 = FACE_BOUND('',#10691,.F.);
#10691 = EDGE_LOOP('',(#10692,#10693,#10694));
#10692 = ORIENTED_EDGE('',*,*,#8383,.F.);
#10693 = ORIENTED_EDGE('',*,*,#8465,.T.);
#10694 = ORIENTED_EDGE('',*,*,#10695,.T.);
#10695 = EDGE_CURVE('',#8466,#8360,#10696,.T.);
#10696 = SURFACE_CURVE('',#10697,(#10701,#10708),.PCURVE_S1.);
#10697 = LINE('',#10698,#10699);
#10698 = CARTESIAN_POINT('',(-162.545,31.095046347942,45.108719811122));
#10699 = VECTOR('',#10700,1.);
#10700 = DIRECTION('',(0.765306434144,0.594669945299,0.246320356478));
#10701 = PCURVE('',#8397,#10702);
#10702 = DEFINITIONAL_REPRESENTATION('',(#10703),#10707);
#10703 = LINE('',#10704,#10705);
#10704 = CARTESIAN_POINT('',(0.281532592169,2.423206448119));
#10705 = VECTOR('',#10706,1.);
#10706 = DIRECTION('',(0.965295989931,-0.261158288828));
#10707 = ( GEOMETRIC_REPRESENTATION_CONTEXT(2) 
PARAMETRIC_REPRESENTATION_CONTEXT() REPRESENTATION_CONTEXT('2D SPACE',''
  ) );
#10708 = PCURVE('',#10709,#10714);
#10709 = PLANE('',#10710);
#10710 = AXIS2_PLACEMENT_3D('',#10711,#10712,#10713);
#10711 = CARTESIAN_POINT('',(-161.7584473313,31.405148211649,
    45.237168208786));
#10712 = DIRECTION('',(-0.,0.382683432365,-0.923879532511));
#10713 = DIRECTION('',(0.,0.923879532511,0.382683432365));
#10714 = DEFINITIONAL_REPRESENTATION('',(#10715),#10719);
#10715 = LINE('',#10716,#10717);
#10716 = CARTESIAN_POINT('',(-0.335651838573,-0.786552668676));
#10717 = VECTOR('',#10718,1.);
#10718 = DIRECTION('',(0.64366611054,0.765306434144));
#10719 = ( GEOMETRIC_REPRESENTATION_CONTEXT(2) 
PARAMETRIC_REPRESENTATION_CONTEXT() REPRESENTATION_CONTEXT('2D SPACE',''
  ) );
#10720 = ADVANCED_FACE('',(#10721),#8428,.T.);
#10721 = FACE_BOUND('',#10722,.F.);
#10722 = EDGE_LOOP('',(#10723,#10724,#10725));
#10723 = ORIENTED_EDGE('',*,*,#8547,.F.);
#10724 = ORIENTED_EDGE('',*,*,#8412,.T.);
#10725 = ORIENTED_EDGE('',*,*,#10726,.T.);
#10726 = EDGE_CURVE('',#8413,#8519,#10727,.T.);
#10727 = SURFACE_CURVE('',#10728,(#10732,#10739),.PCURVE_S1.);
#10728 = LINE('',#10729,#10730);
#10729 = CARTESIAN_POINT('',(-162.545,32.997311594393,28.225648790364));
#10730 = VECTOR('',#10731,1.);
#10731 = DIRECTION('',(0.765306434144,-0.618509915167,0.178189636898));
#10732 = PCURVE('',#8428,#10733);
#10733 = DEFINITIONAL_REPRESENTATION('',(#10734),#10738);
#10734 = LINE('',#10735,#10736);
#10735 = CARTESIAN_POINT('',(0.791413306344,-2.307564748647));
#10736 = VECTOR('',#10737,1.);
#10737 = DIRECTION('',(-0.983513523795,-0.180834588816));
#10738 = ( GEOMETRIC_REPRESENTATION_CONTEXT(2) 
PARAMETRIC_REPRESENTATION_CONTEXT() REPRESENTATION_CONTEXT('2D SPACE',''
  ) );
#10739 = PCURVE('',#10740,#10745);
#10740 = PLANE('',#10741);
#10741 = AXIS2_PLACEMENT_3D('',#10742,#10743,#10744);
#10742 = CARTESIAN_POINT('',(-161.7584473313,32.674777928566,
    28.318569138756));
#10743 = DIRECTION('',(-0.,0.276835511425,0.960917321945));
#10744 = DIRECTION('',(0.,-0.960917321945,0.276835511425));
#10745 = DEFINITIONAL_REPRESENTATION('',(#10746),#10750);
#10746 = LINE('',#10747,#10748);
#10747 = CARTESIAN_POINT('',(-0.335651838573,-0.786552668676));
#10748 = VECTOR('',#10749,1.);
#10749 = DIRECTION('',(0.64366611054,0.765306434144));
#10750 = ( GEOMETRIC_REPRESENTATION_CONTEXT(2) 
PARAMETRIC_REPRESENTATION_CONTEXT() REPRESENTATION_CONTEXT('2D SPACE',''
  ) );
#10751 = ADVANCED_FACE('',(#10752),#8503,.T.);
#10752 = FACE_BOUND('',#10753,.F.);
#10753 = EDGE_LOOP('',(#10754,#10755,#10756));
#10754 = ORIENTED_EDGE('',*,*,#8489,.F.);
#10755 = ORIENTED_EDGE('',*,*,#8571,.T.);
#10756 = ORIENTED_EDGE('',*,*,#10757,.T.);
#10757 = EDGE_CURVE('',#8572,#8466,#10758,.T.);
#10758 = SURFACE_CURVE('',#10759,(#10763,#10770),.PCURVE_S1.);
#10759 = LINE('',#10760,#10761);
#10760 = CARTESIAN_POINT('',(-161.345,30.211711311362,44.620517793055));
#10761 = VECTOR('',#10762,1.);
#10762 = DIRECTION('',(-0.765306434144,0.563351655833,0.311353454658));
#10763 = PCURVE('',#8503,#10764);
#10764 = DEFINITIONAL_REPRESENTATION('',(#10765),#10769);
#10765 = LINE('',#10766,#10767);
#10766 = CARTESIAN_POINT('',(0.483106237368,2.391191848028));
#10767 = VECTOR('',#10768,1.);
#10768 = DIRECTION('',(0.940087011898,-0.340934612588));
#10769 = ( GEOMETRIC_REPRESENTATION_CONTEXT(2) 
PARAMETRIC_REPRESENTATION_CONTEXT() REPRESENTATION_CONTEXT('2D SPACE',''
  ) );
#10770 = PCURVE('',#10771,#10776);
#10771 = PLANE('',#10772);
#10772 = AXIS2_PLACEMENT_3D('',#10773,#10774,#10775);
#10773 = CARTESIAN_POINT('',(-161.9005525474,30.64005065515,
    44.857252580418));
#10774 = DIRECTION('',(-3.826426021309E-15,0.483718887105,
    -0.875223421909));
#10775 = DIRECTION('',(0.,0.875223421909,0.483718887105));
#10776 = DEFINITIONAL_REPRESENTATION('',(#10777),#10781);
#10777 = LINE('',#10778,#10779);
#10778 = CARTESIAN_POINT('',(-0.489405714091,0.55555254745));
#10779 = VECTOR('',#10780,1.);
#10780 = DIRECTION('',(0.64366611054,-0.765306434144));
#10781 = ( GEOMETRIC_REPRESENTATION_CONTEXT(2) 
PARAMETRIC_REPRESENTATION_CONTEXT() REPRESENTATION_CONTEXT('2D SPACE',''
  ) );
#10782 = ADVANCED_FACE('',(#10783),#8534,.T.);
#10783 = FACE_BOUND('',#10784,.F.);
#10784 = EDGE_LOOP('',(#10785,#10786,#10787));
#10785 = ORIENTED_EDGE('',*,*,#8653,.F.);
#10786 = ORIENTED_EDGE('',*,*,#8518,.T.);
#10787 = ORIENTED_EDGE('',*,*,#10788,.T.);
#10788 = EDGE_CURVE('',#8519,#8625,#10789,.T.);
#10789 = SURFACE_CURVE('',#10790,(#10794,#10801),.PCURVE_S1.);
#10790 = LINE('',#10791,#10792);
#10791 = CARTESIAN_POINT('',(-161.345,32.027488442403,28.505050027225));
#10792 = VECTOR('',#10793,1.);
#10793 = DIRECTION('',(-0.765306434144,-0.594669945299,0.246320356478));
#10794 = PCURVE('',#8534,#10795);
#10795 = DEFINITIONAL_REPRESENTATION('',(#10796),#10800);
#10796 = LINE('',#10797,#10798);
#10797 = CARTESIAN_POINT('',(0.963433493429,-2.241201908441));
#10798 = VECTOR('',#10799,1.);
#10799 = DIRECTION('',(-0.967046792865,-0.254598704649));
#10800 = ( GEOMETRIC_REPRESENTATION_CONTEXT(2) 
PARAMETRIC_REPRESENTATION_CONTEXT() REPRESENTATION_CONTEXT('2D SPACE',''
  ) );
#10801 = PCURVE('',#10802,#10807);
#10802 = PLANE('',#10803);
#10803 = AXIS2_PLACEMENT_3D('',#10804,#10805,#10806);
#10804 = CARTESIAN_POINT('',(-161.9005525474,31.575336520061,
    28.692337485712));
#10805 = DIRECTION('',(1.098911523572E-14,0.382683432365,0.923879532511)
  );
#10806 = DIRECTION('',(0.,-0.923879532511,0.382683432365));
#10807 = DEFINITIONAL_REPRESENTATION('',(#10808),#10812);
#10808 = LINE('',#10809,#10810);
#10809 = CARTESIAN_POINT('',(-0.489405714091,0.55555254745));
#10810 = VECTOR('',#10811,1.);
#10811 = DIRECTION('',(0.64366611054,-0.765306434144));
#10812 = ( GEOMETRIC_REPRESENTATION_CONTEXT(2) 
PARAMETRIC_REPRESENTATION_CONTEXT() REPRESENTATION_CONTEXT('2D SPACE',''
  ) );
#10813 = ADVANCED_FACE('',(#10814),#8609,.T.);
#10814 = FACE_BOUND('',#10815,.F.);
#10815 = EDGE_LOOP('',(#10816,#10817,#10818));
#10816 = ORIENTED_EDGE('',*,*,#8595,.F.);
#10817 = ORIENTED_EDGE('',*,*,#8677,.T.);
#10818 = ORIENTED_EDGE('',*,*,#10819,.T.);
#10819 = EDGE_CURVE('',#8678,#8572,#10820,.T.);
#10820 = SURFACE_CURVE('',#10821,(#10825,#10832),.PCURVE_S1.);
#10821 = LINE('',#10822,#10823);
#10822 = CARTESIAN_POINT('',(-162.545,29.388591783271,44.036483342212));
#10823 = VECTOR('',#10824,1.);
#10824 = DIRECTION('',(0.765306434144,0.524948892431,0.372471102493));
#10825 = PCURVE('',#8609,#10826);
#10826 = DEFINITIONAL_REPRESENTATION('',(#10827),#10831);
#10827 = LINE('',#10828,#10829);
#10828 = CARTESIAN_POINT('',(-0.695721729115,-2.338196177889));
#10829 = VECTOR('',#10830,1.);
#10830 = DIRECTION('',(-0.905702280012,0.423914354535));
#10831 = ( GEOMETRIC_REPRESENTATION_CONTEXT(2) 
PARAMETRIC_REPRESENTATION_CONTEXT() REPRESENTATION_CONTEXT('2D SPACE',''
  ) );
#10832 = PCURVE('',#10833,#10838);
#10833 = PLANE('',#10834);
#10834 = AXIS2_PLACEMENT_3D('',#10835,#10836,#10837);
#10835 = CARTESIAN_POINT('',(-161.7584473313,29.662336288406,
    44.230715426704));
#10836 = DIRECTION('',(1.160066505686E-16,0.57867129618,-0.815560868959)
  );
#10837 = DIRECTION('',(6.162975822039E-33,0.815560868959,0.57867129618)
  );
#10838 = DEFINITIONAL_REPRESENTATION('',(#10839),#10843);
#10839 = LINE('',#10840,#10841);
#10840 = CARTESIAN_POINT('',(-0.335651838573,-0.786552668676));
#10841 = VECTOR('',#10842,1.);
#10842 = DIRECTION('',(0.64366611054,0.765306434144));
#10843 = ( GEOMETRIC_REPRESENTATION_CONTEXT(2) 
PARAMETRIC_REPRESENTATION_CONTEXT() REPRESENTATION_CONTEXT('2D SPACE',''
  ) );
#10844 = ADVANCED_FACE('',(#10845),#8640,.T.);
#10845 = FACE_BOUND('',#10846,.F.);
#10846 = EDGE_LOOP('',(#10847,#10848,#10849));
#10847 = ORIENTED_EDGE('',*,*,#8759,.F.);
#10848 = ORIENTED_EDGE('',*,*,#8624,.T.);
#10849 = ORIENTED_EDGE('',*,*,#10850,.T.);
#10850 = EDGE_CURVE('',#8625,#8731,#10851,.T.);
#10851 = SURFACE_CURVE('',#10852,(#10856,#10863),.PCURVE_S1.);
#10852 = LINE('',#10853,#10854);
#10853 = CARTESIAN_POINT('',(-162.545,31.095046347942,28.891280188878));
#10854 = VECTOR('',#10855,1.);
#10855 = DIRECTION('',(0.765306434144,-0.563351655833,0.311353454658));
#10856 = PCURVE('',#8640,#10857);
#10857 = DEFINITIONAL_REPRESENTATION('',(#10858),#10862);
#10858 = LINE('',#10859,#10860);
#10859 = CARTESIAN_POINT('',(1.137269724289,-2.158195464937));
#10860 = VECTOR('',#10861,1.);
#10861 = DIRECTION('',(-0.943942864544,-0.330108873671));
#10862 = ( GEOMETRIC_REPRESENTATION_CONTEXT(2) 
PARAMETRIC_REPRESENTATION_CONTEXT() REPRESENTATION_CONTEXT('2D SPACE',''
  ) );
#10863 = PCURVE('',#10864,#10869);
#10864 = PLANE('',#10865);
#10865 = AXIS2_PLACEMENT_3D('',#10866,#10867,#10868);
#10866 = CARTESIAN_POINT('',(-161.7584473313,30.801275997216,
    29.053641322687));
#10867 = DIRECTION('',(-0.,0.483718887105,0.875223421909));
#10868 = DIRECTION('',(0.,-0.875223421909,0.483718887105));
#10869 = DEFINITIONAL_REPRESENTATION('',(#10870),#10874);
#10870 = LINE('',#10871,#10872);
#10871 = CARTESIAN_POINT('',(-0.335651838573,-0.786552668676));
#10872 = VECTOR('',#10873,1.);
#10873 = DIRECTION('',(0.64366611054,0.765306434144));
#10874 = ( GEOMETRIC_REPRESENTATION_CONTEXT(2) 
PARAMETRIC_REPRESENTATION_CONTEXT() REPRESENTATION_CONTEXT('2D SPACE',''
  ) );
#10875 = ADVANCED_FACE('',(#10876),#8715,.T.);
#10876 = FACE_BOUND('',#10877,.F.);
#10877 = EDGE_LOOP('',(#10878,#10879,#10880));
#10878 = ORIENTED_EDGE('',*,*,#8701,.F.);
#10879 = ORIENTED_EDGE('',*,*,#8783,.T.);
#10880 = ORIENTED_EDGE('',*,*,#10881,.T.);
#10881 = EDGE_CURVE('',#8784,#8678,#10882,.T.);
#10882 = SURFACE_CURVE('',#10883,(#10887,#10894),.PCURVE_S1.);
#10883 = LINE('',#10884,#10885);
#10884 = CARTESIAN_POINT('',(-161.345,28.636038969321,43.363961030679));
#10885 = VECTOR('',#10886,1.);
#10886 = DIRECTION('',(-0.765306434144,0.479944592125,0.428904710102));
#10887 = PCURVE('',#8715,#10888);
#10888 = DEFINITIONAL_REPRESENTATION('',(#10889),#10893);
#10889 = LINE('',#10890,#10891);
#10890 = CARTESIAN_POINT('',(1.673802501525,-1.774704278618));
#10891 = VECTOR('',#10892,1.);
#10892 = DIRECTION('',(-0.821027216909,-0.570889051475));
#10893 = ( GEOMETRIC_REPRESENTATION_CONTEXT(2) 
PARAMETRIC_REPRESENTATION_CONTEXT() REPRESENTATION_CONTEXT('2D SPACE',''
  ) );
#10894 = PCURVE('',#10895,#10900);
#10895 = PLANE('',#10896);
#10896 = AXIS2_PLACEMENT_3D('',#10897,#10898,#10899);
#10897 = CARTESIAN_POINT('',(-161.9005525474,29.000960505482,
    43.690074853494));
#10898 = DIRECTION('',(1.014693810736E-14,0.666346577952,-0.745642164883
    ));
#10899 = DIRECTION('',(0.,0.745642164883,0.666346577952));
#10900 = DEFINITIONAL_REPRESENTATION('',(#10901),#10905);
#10901 = LINE('',#10902,#10903);
#10902 = CARTESIAN_POINT('',(-0.489405714091,0.55555254745));
#10903 = VECTOR('',#10904,1.);
#10904 = DIRECTION('',(0.64366611054,-0.765306434144));
#10905 = ( GEOMETRIC_REPRESENTATION_CONTEXT(2) 
PARAMETRIC_REPRESENTATION_CONTEXT() REPRESENTATION_CONTEXT('2D SPACE',''
  ) );
#10906 = ADVANCED_FACE('',(#10907),#8746,.T.);
#10907 = FACE_BOUND('',#10908,.F.);
#10908 = EDGE_LOOP('',(#10909,#10910,#10911));
#10909 = ORIENTED_EDGE('',*,*,#8865,.F.);
#10910 = ORIENTED_EDGE('',*,*,#8730,.T.);
#10911 = ORIENTED_EDGE('',*,*,#10912,.T.);
#10912 = EDGE_CURVE('',#8731,#8837,#10913,.T.);
#10913 = SURFACE_CURVE('',#10914,(#10918,#10925),.PCURVE_S1.);
#10914 = LINE('',#10915,#10916);
#10915 = CARTESIAN_POINT('',(-161.345,30.211711311362,29.379482206945));
#10916 = VECTOR('',#10917,1.);
#10917 = DIRECTION('',(-0.765306434144,-0.524948892431,0.372471102493));
#10918 = PCURVE('',#8746,#10919);
#10919 = DEFINITIONAL_REPRESENTATION('',(#10920),#10924);
#10920 = LINE('',#10921,#10922);
#10921 = CARTESIAN_POINT('',(1.313695782279,-2.055576192283));
#10922 = VECTOR('',#10923,1.);
#10923 = DIRECTION('',(-0.913044950876,-0.407858943361));
#10924 = ( GEOMETRIC_REPRESENTATION_CONTEXT(2) 
PARAMETRIC_REPRESENTATION_CONTEXT() REPRESENTATION_CONTEXT('2D SPACE',''
  ) );
#10925 = PCURVE('',#10926,#10931);
#10926 = PLANE('',#10927);
#10927 = AXIS2_PLACEMENT_3D('',#10928,#10929,#10930);
#10928 = CARTESIAN_POINT('',(-161.9005525474,29.812571161904,
    29.662687245876));
#10929 = DIRECTION('',(-1.28791966E-14,0.57867129618,0.815560868959));
#10930 = DIRECTION('',(7.88860905221E-31,-0.815560868959,0.57867129618)
  );
#10931 = DEFINITIONAL_REPRESENTATION('',(#10932),#10936);
#10932 = LINE('',#10933,#10934);
#10933 = CARTESIAN_POINT('',(-0.489405714091,0.55555254745));
#10934 = VECTOR('',#10935,1.);
#10935 = DIRECTION('',(0.64366611054,-0.765306434144));
#10936 = ( GEOMETRIC_REPRESENTATION_CONTEXT(2) 
PARAMETRIC_REPRESENTATION_CONTEXT() REPRESENTATION_CONTEXT('2D SPACE',''
  ) );
#10937 = ADVANCED_FACE('',(#10938),#8821,.T.);
#10938 = FACE_BOUND('',#10939,.F.);
#10939 = EDGE_LOOP('',(#10940,#10941,#10942));
#10940 = ORIENTED_EDGE('',*,*,#8807,.F.);
#10941 = ORIENTED_EDGE('',*,*,#8889,.T.);
#10942 = ORIENTED_EDGE('',*,*,#10943,.T.);
#10943 = EDGE_CURVE('',#8890,#8784,#10944,.T.);
#10944 = SURFACE_CURVE('',#10945,(#10949,#10956),.PCURVE_S1.);
#10945 = LINE('',#10946,#10947);
#10946 = CARTESIAN_POINT('',(-162.545,27.963516657788,42.611408216729));
#10947 = VECTOR('',#10948,1.);
#10948 = DIRECTION('',(0.765306434144,0.428904710102,0.479944592125));
#10949 = PCURVE('',#8821,#10950);
#10950 = DEFINITIONAL_REPRESENTATION('',(#10951),#10955);
#10951 = LINE('',#10952,#10953);
#10952 = CARTESIAN_POINT('',(1.492845528009,-1.929404654333));
#10953 = VECTOR('',#10954,1.);
#10954 = DIRECTION('',(-0.872764110603,-0.488142199819));
#10955 = ( GEOMETRIC_REPRESENTATION_CONTEXT(2) 
PARAMETRIC_REPRESENTATION_CONTEXT() REPRESENTATION_CONTEXT('2D SPACE',''
  ) );
#10956 = PCURVE('',#10957,#10962);
#10957 = PLANE('',#10958);
#10958 = AXIS2_PLACEMENT_3D('',#10959,#10960,#10961);
#10959 = CARTESIAN_POINT('',(-161.7584473313,28.187177111804,
    42.861684380289));
#10960 = DIRECTION('',(-1.138547131086E-16,0.745642164883,
    -0.666346577952));
#10961 = DIRECTION('',(0.,-0.666346577952,-0.745642164883));
#10962 = DEFINITIONAL_REPRESENTATION('',(#10963),#10967);
#10963 = LINE('',#10964,#10965);
#10964 = CARTESIAN_POINT('',(0.335651838573,0.786552668676));
#10965 = VECTOR('',#10966,1.);
#10966 = DIRECTION('',(-0.64366611054,-0.765306434144));
#10967 = ( GEOMETRIC_REPRESENTATION_CONTEXT(2) 
PARAMETRIC_REPRESENTATION_CONTEXT() REPRESENTATION_CONTEXT('2D SPACE',''
  ) );
#10968 = ADVANCED_FACE('',(#10969),#8852,.T.);
#10969 = FACE_BOUND('',#10970,.F.);
#10970 = EDGE_LOOP('',(#10971,#10972,#10973));
#10971 = ORIENTED_EDGE('',*,*,#8971,.F.);
#10972 = ORIENTED_EDGE('',*,*,#8836,.T.);
#10973 = ORIENTED_EDGE('',*,*,#10974,.T.);
#10974 = EDGE_CURVE('',#8837,#8943,#10975,.T.);
#10975 = SURFACE_CURVE('',#10976,(#10980,#10987),.PCURVE_S1.);
#10976 = LINE('',#10977,#10978);
#10977 = CARTESIAN_POINT('',(-162.545,29.388591783271,29.963516657788));
#10978 = VECTOR('',#10979,1.);
#10979 = DIRECTION('',(0.765306434144,-0.479944592125,0.428904710102));
#10980 = PCURVE('',#8852,#10981);
#10981 = DEFINITIONAL_REPRESENTATION('',(#10982),#10986);
#10982 = LINE('',#10983,#10984);
#10983 = CARTESIAN_POINT('',(-1.492845528009,1.929404654333));
#10984 = VECTOR('',#10985,1.);
#10985 = DIRECTION('',(0.872764110603,0.488142199819));
#10986 = ( GEOMETRIC_REPRESENTATION_CONTEXT(2) 
PARAMETRIC_REPRESENTATION_CONTEXT() REPRESENTATION_CONTEXT('2D SPACE',''
  ) );
#10987 = PCURVE('',#10988,#10993);
#10988 = PLANE('',#10989);
#10989 = AXIS2_PLACEMENT_3D('',#10990,#10991,#10992);
#10990 = CARTESIAN_POINT('',(-161.7584473313,29.138315619711,
    30.187177111804));
#10991 = DIRECTION('',(-0.,0.666346577952,0.745642164883));
#10992 = DIRECTION('',(0.,-0.745642164883,0.666346577952));
#10993 = DEFINITIONAL_REPRESENTATION('',(#10994),#10998);
#10994 = LINE('',#10995,#10996);
#10995 = CARTESIAN_POINT('',(-0.335651838573,-0.786552668676));
#10996 = VECTOR('',#10997,1.);
#10997 = DIRECTION('',(0.64366611054,0.765306434144));
#10998 = ( GEOMETRIC_REPRESENTATION_CONTEXT(2) 
PARAMETRIC_REPRESENTATION_CONTEXT() REPRESENTATION_CONTEXT('2D SPACE',''
  ) );
#10999 = ADVANCED_FACE('',(#11000),#8927,.T.);
#11000 = FACE_BOUND('',#11001,.F.);
#11001 = EDGE_LOOP('',(#11002,#11003,#11004));
#11002 = ORIENTED_EDGE('',*,*,#8913,.F.);
#11003 = ORIENTED_EDGE('',*,*,#8995,.T.);
#11004 = ORIENTED_EDGE('',*,*,#11005,.T.);
#11005 = EDGE_CURVE('',#8996,#8890,#11006,.T.);
#11006 = SURFACE_CURVE('',#11007,(#11011,#11018),.PCURVE_S1.);
#11007 = LINE('',#11008,#11009);
#11008 = CARTESIAN_POINT('',(-161.345,27.379482206945,41.788288688638));
#11009 = VECTOR('',#11010,1.);
#11010 = DIRECTION('',(-0.765306434144,0.372471102493,0.524948892431));
#11011 = PCURVE('',#8927,#11012);
#11012 = DEFINITIONAL_REPRESENTATION('',(#11013),#11017);
#11013 = LINE('',#11014,#11015);
#11014 = CARTESIAN_POINT('',(-1.313695782279,2.055576192283));
#11015 = VECTOR('',#11016,1.);
#11016 = DIRECTION('',(0.913044950876,0.407858943361));
#11017 = ( GEOMETRIC_REPRESENTATION_CONTEXT(2) 
PARAMETRIC_REPRESENTATION_CONTEXT() REPRESENTATION_CONTEXT('2D SPACE',''
  ) );
#11018 = PCURVE('',#11019,#11024);
#11019 = PLANE('',#11020);
#11020 = AXIS2_PLACEMENT_3D('',#11021,#11022,#11023);
#11021 = CARTESIAN_POINT('',(-161.9005525474,27.662687245876,
    42.187428838096));
#11022 = DIRECTION('',(2.206650111946E-14,0.815560868959,-0.57867129618)
  );
#11023 = DIRECTION('',(0.,-0.57867129618,-0.815560868959));
#11024 = DEFINITIONAL_REPRESENTATION('',(#11025),#11029);
#11025 = LINE('',#11026,#11027);
#11026 = CARTESIAN_POINT('',(0.489405714091,-0.55555254745));
#11027 = VECTOR('',#11028,1.);
#11028 = DIRECTION('',(-0.64366611054,0.765306434144));
#11029 = ( GEOMETRIC_REPRESENTATION_CONTEXT(2) 
PARAMETRIC_REPRESENTATION_CONTEXT() REPRESENTATION_CONTEXT('2D SPACE',''
  ) );
#11030 = ADVANCED_FACE('',(#11031),#8958,.T.);
#11031 = FACE_BOUND('',#11032,.F.);
#11032 = EDGE_LOOP('',(#11033,#11034,#11035));
#11033 = ORIENTED_EDGE('',*,*,#9077,.F.);
#11034 = ORIENTED_EDGE('',*,*,#8942,.T.);
#11035 = ORIENTED_EDGE('',*,*,#11036,.T.);
#11036 = EDGE_CURVE('',#8943,#9049,#11037,.T.);
#11037 = SURFACE_CURVE('',#11038,(#11042,#11049),.PCURVE_S1.);
#11038 = LINE('',#11039,#11040);
#11039 = CARTESIAN_POINT('',(-161.345,28.636038969321,30.636038969321));
#11040 = VECTOR('',#11041,1.);
#11041 = DIRECTION('',(-0.765306434144,-0.428904710102,0.479944592125));
#11042 = PCURVE('',#8958,#11043);
#11043 = DEFINITIONAL_REPRESENTATION('',(#11044),#11048);
#11044 = LINE('',#11045,#11046);
#11045 = CARTESIAN_POINT('',(-0.920320823046,-2.25924759009));
#11046 = VECTOR('',#11047,1.);
#11047 = DIRECTION('',(-0.86006904816,0.510177647881));
#11048 = ( GEOMETRIC_REPRESENTATION_CONTEXT(2) 
PARAMETRIC_REPRESENTATION_CONTEXT() REPRESENTATION_CONTEXT('2D SPACE',''
  ) );
#11049 = PCURVE('',#11050,#11055);
#11050 = PLANE('',#11051);
#11051 = AXIS2_PLACEMENT_3D('',#11052,#11053,#11054);
#11052 = CARTESIAN_POINT('',(-161.9005525474,28.309925146506,
    31.000960505482));
#11053 = DIRECTION('',(-1.091514700033E-14,0.745642164883,0.666346577952
    ));
#11054 = DIRECTION('',(0.,0.666346577952,-0.745642164883));
#11055 = DEFINITIONAL_REPRESENTATION('',(#11056),#11060);
#11056 = LINE('',#11057,#11058);
#11057 = CARTESIAN_POINT('',(0.489405714091,-0.55555254745));
#11058 = VECTOR('',#11059,1.);
#11059 = DIRECTION('',(-0.64366611054,0.765306434144));
#11060 = ( GEOMETRIC_REPRESENTATION_CONTEXT(2) 
PARAMETRIC_REPRESENTATION_CONTEXT() REPRESENTATION_CONTEXT('2D SPACE',''
  ) );
#11061 = ADVANCED_FACE('',(#11062),#9033,.T.);
#11062 = FACE_BOUND('',#11063,.F.);
#11063 = EDGE_LOOP('',(#11064,#11065,#11066));
#11064 = ORIENTED_EDGE('',*,*,#9019,.F.);
#11065 = ORIENTED_EDGE('',*,*,#9101,.T.);
#11066 = ORIENTED_EDGE('',*,*,#11067,.T.);
#11067 = EDGE_CURVE('',#9102,#8996,#11068,.T.);
#11068 = SURFACE_CURVE('',#11069,(#11073,#11080),.PCURVE_S1.);
#11069 = LINE('',#11070,#11071);
#11070 = CARTESIAN_POINT('',(-162.545,26.891280188878,40.904953652058));
#11071 = VECTOR('',#11072,1.);
#11072 = DIRECTION('',(0.765306434144,0.311353454658,0.563351655833));
#11073 = PCURVE('',#9033,#11074);
#11074 = DEFINITIONAL_REPRESENTATION('',(#11075),#11079);
#11075 = LINE('',#11076,#11077);
#11076 = CARTESIAN_POINT('',(-1.137269724289,2.158195464937));
#11077 = VECTOR('',#11078,1.);
#11078 = DIRECTION('',(0.943942864544,0.330108873671));
#11079 = ( GEOMETRIC_REPRESENTATION_CONTEXT(2) 
PARAMETRIC_REPRESENTATION_CONTEXT() REPRESENTATION_CONTEXT('2D SPACE',''
  ) );
#11080 = PCURVE('',#11081,#11086);
#11081 = PLANE('',#11082);
#11082 = AXIS2_PLACEMENT_3D('',#11083,#11084,#11085);
#11083 = CARTESIAN_POINT('',(-161.7584473313,27.053641322687,
    41.198724002784));
#11084 = DIRECTION('',(-0.,0.875223421909,-0.483718887105));
#11085 = DIRECTION('',(0.,-0.483718887105,-0.875223421909));
#11086 = DEFINITIONAL_REPRESENTATION('',(#11087),#11091);
#11087 = LINE('',#11088,#11089);
#11088 = CARTESIAN_POINT('',(0.335651838573,0.786552668676));
#11089 = VECTOR('',#11090,1.);
#11090 = DIRECTION('',(-0.64366611054,-0.765306434144));
#11091 = ( GEOMETRIC_REPRESENTATION_CONTEXT(2) 
PARAMETRIC_REPRESENTATION_CONTEXT() REPRESENTATION_CONTEXT('2D SPACE',''
  ) );
#11092 = ADVANCED_FACE('',(#11093),#9064,.T.);
#11093 = FACE_BOUND('',#11094,.F.);
#11094 = EDGE_LOOP('',(#11095,#11096,#11097));
#11095 = ORIENTED_EDGE('',*,*,#9183,.F.);
#11096 = ORIENTED_EDGE('',*,*,#9048,.T.);
#11097 = ORIENTED_EDGE('',*,*,#11098,.T.);
#11098 = EDGE_CURVE('',#9049,#9155,#11099,.T.);
#11099 = SURFACE_CURVE('',#11100,(#11104,#11111),.PCURVE_S1.);
#11100 = LINE('',#11101,#11102);
#11101 = CARTESIAN_POINT('',(-162.545,27.963516657788,31.388591783271));
#11102 = VECTOR('',#11103,1.);
#11103 = DIRECTION('',(0.765306434144,-0.372471102493,0.524948892431));
#11104 = PCURVE('',#9064,#11105);
#11105 = DEFINITIONAL_REPRESENTATION('',(#11106),#11110);
#11106 = LINE('',#11107,#11108);
#11107 = CARTESIAN_POINT('',(-0.695721729115,-2.338196177889));
#11108 = VECTOR('',#11109,1.);
#11109 = DIRECTION('',(-0.905702280012,0.423914354535));
#11110 = ( GEOMETRIC_REPRESENTATION_CONTEXT(2) 
PARAMETRIC_REPRESENTATION_CONTEXT() REPRESENTATION_CONTEXT('2D SPACE',''
  ) );
#11111 = PCURVE('',#11112,#11117);
#11112 = PLANE('',#11113);
#11113 = AXIS2_PLACEMENT_3D('',#11114,#11115,#11116);
#11114 = CARTESIAN_POINT('',(-161.7584473313,27.769284573296,
    31.662336288406));
#11115 = DIRECTION('',(-0.,0.815560868959,0.57867129618));
#11116 = DIRECTION('',(0.,0.57867129618,-0.815560868959));
#11117 = DEFINITIONAL_REPRESENTATION('',(#11118),#11122);
#11118 = LINE('',#11119,#11120);
#11119 = CARTESIAN_POINT('',(0.335651838573,0.786552668676));
#11120 = VECTOR('',#11121,1.);
#11121 = DIRECTION('',(-0.64366611054,-0.765306434144));
#11122 = ( GEOMETRIC_REPRESENTATION_CONTEXT(2) 
PARAMETRIC_REPRESENTATION_CONTEXT() REPRESENTATION_CONTEXT('2D SPACE',''
  ) );
#11123 = ADVANCED_FACE('',(#11124),#9139,.T.);
#11124 = FACE_BOUND('',#11125,.F.);
#11125 = EDGE_LOOP('',(#11126,#11127,#11128));
#11126 = ORIENTED_EDGE('',*,*,#9125,.F.);
#11127 = ORIENTED_EDGE('',*,*,#9207,.T.);
#11128 = ORIENTED_EDGE('',*,*,#11129,.T.);
#11129 = EDGE_CURVE('',#9208,#9102,#11130,.T.);
#11130 = SURFACE_CURVE('',#11131,(#11135,#11142),.PCURVE_S1.);
#11131 = LINE('',#11132,#11133);
#11132 = CARTESIAN_POINT('',(-161.345,26.505050027225,39.972511557597));
#11133 = VECTOR('',#11134,1.);
#11134 = DIRECTION('',(-0.765306434144,0.246320356478,0.594669945299));
#11135 = PCURVE('',#9139,#11136);
#11136 = DEFINITIONAL_REPRESENTATION('',(#11137),#11141);
#11137 = LINE('',#11138,#11139);
#11138 = CARTESIAN_POINT('',(-0.963433493429,2.241201908441));
#11139 = VECTOR('',#11140,1.);
#11140 = DIRECTION('',(0.967046792865,0.254598704649));
#11141 = ( GEOMETRIC_REPRESENTATION_CONTEXT(2) 
PARAMETRIC_REPRESENTATION_CONTEXT() REPRESENTATION_CONTEXT('2D SPACE',''
  ) );
#11142 = PCURVE('',#11143,#11148);
#11143 = PLANE('',#11144);
#11144 = AXIS2_PLACEMENT_3D('',#11145,#11146,#11147);
#11145 = CARTESIAN_POINT('',(-161.9005525474,26.692337485712,
    40.424663479939));
#11146 = DIRECTION('',(3.88156544016E-15,0.923879532511,-0.382683432365)
  );
#11147 = DIRECTION('',(1.972152263053E-31,-0.382683432365,
    -0.923879532511));
#11148 = DEFINITIONAL_REPRESENTATION('',(#11149),#11153);
#11149 = LINE('',#11150,#11151);
#11150 = CARTESIAN_POINT('',(0.489405714091,-0.55555254745));
#11151 = VECTOR('',#11152,1.);
#11152 = DIRECTION('',(-0.64366611054,0.765306434144));
#11153 = ( GEOMETRIC_REPRESENTATION_CONTEXT(2) 
PARAMETRIC_REPRESENTATION_CONTEXT() REPRESENTATION_CONTEXT('2D SPACE',''
  ) );
#11154 = ADVANCED_FACE('',(#11155),#9170,.T.);
#11155 = FACE_BOUND('',#11156,.F.);
#11156 = EDGE_LOOP('',(#11157,#11158,#11159));
#11157 = ORIENTED_EDGE('',*,*,#9289,.F.);
#11158 = ORIENTED_EDGE('',*,*,#9154,.T.);
#11159 = ORIENTED_EDGE('',*,*,#11160,.T.);
#11160 = EDGE_CURVE('',#9155,#9261,#11161,.T.);
#11161 = SURFACE_CURVE('',#11162,(#11166,#11173),.PCURVE_S1.);
#11162 = LINE('',#11163,#11164);
#11163 = CARTESIAN_POINT('',(-161.345,27.379482206945,32.211711311362));
#11164 = VECTOR('',#11165,1.);
#11165 = DIRECTION('',(-0.765306434144,-0.311353454658,0.563351655833));
#11166 = PCURVE('',#9170,#11167);
#11167 = DEFINITIONAL_REPRESENTATION('',(#11168),#11172);
#11168 = LINE('',#11169,#11170);
#11169 = CARTESIAN_POINT('',(0.483106237368,2.391191848028));
#11170 = VECTOR('',#11171,1.);
#11171 = DIRECTION('',(0.940087011898,-0.340934612588));
#11172 = ( GEOMETRIC_REPRESENTATION_CONTEXT(2) 
PARAMETRIC_REPRESENTATION_CONTEXT() REPRESENTATION_CONTEXT('2D SPACE',''
  ) );
#11173 = PCURVE('',#11174,#11179);
#11174 = PLANE('',#11175);
#11175 = AXIS2_PLACEMENT_3D('',#11176,#11177,#11178);
#11176 = CARTESIAN_POINT('',(-161.9005525474,27.142747419582,
    32.64005065515));
#11177 = DIRECTION('',(-2.392727095959E-15,0.875223421909,0.483718887105
    ));
#11178 = DIRECTION('',(1.972152263053E-31,0.483718887105,-0.875223421909
    ));
#11179 = DEFINITIONAL_REPRESENTATION('',(#11180),#11184);
#11180 = LINE('',#11181,#11182);
#11181 = CARTESIAN_POINT('',(0.489405714091,-0.55555254745));
#11182 = VECTOR('',#11183,1.);
#11183 = DIRECTION('',(-0.64366611054,0.765306434144));
#11184 = ( GEOMETRIC_REPRESENTATION_CONTEXT(2) 
PARAMETRIC_REPRESENTATION_CONTEXT() REPRESENTATION_CONTEXT('2D SPACE',''
  ) );
#11185 = ADVANCED_FACE('',(#11186),#9245,.T.);
#11186 = FACE_BOUND('',#11187,.F.);
#11187 = EDGE_LOOP('',(#11188,#11189,#11190));
#11188 = ORIENTED_EDGE('',*,*,#9231,.F.);
#11189 = ORIENTED_EDGE('',*,*,#9313,.T.);
#11190 = ORIENTED_EDGE('',*,*,#11191,.T.);
#11191 = EDGE_CURVE('',#9314,#9208,#11192,.T.);
#11192 = SURFACE_CURVE('',#11193,(#11197,#11204),.PCURVE_S1.);
#11193 = LINE('',#11194,#11195);
#11194 = CARTESIAN_POINT('',(-162.545,26.225648790364,39.002688405607));
#11195 = VECTOR('',#11196,1.);
#11196 = DIRECTION('',(0.765306434144,0.178189636898,0.618509915167));
#11197 = PCURVE('',#9245,#11198);
#11198 = DEFINITIONAL_REPRESENTATION('',(#11199),#11203);
#11199 = LINE('',#11200,#11201);
#11200 = CARTESIAN_POINT('',(-0.791413306344,2.307564748647));
#11201 = VECTOR('',#11202,1.);
#11202 = DIRECTION('',(0.983513523795,0.180834588816));
#11203 = ( GEOMETRIC_REPRESENTATION_CONTEXT(2) 
PARAMETRIC_REPRESENTATION_CONTEXT() REPRESENTATION_CONTEXT('2D SPACE',''
  ) );
#11204 = PCURVE('',#11205,#11210);
#11205 = PLANE('',#11206);
#11206 = AXIS2_PLACEMENT_3D('',#11207,#11208,#11209);
#11207 = CARTESIAN_POINT('',(-161.7584473313,26.318569138756,
    39.325222071434));
#11208 = DIRECTION('',(-0.,0.960917321945,-0.276835511425));
#11209 = DIRECTION('',(0.,-0.276835511425,-0.960917321945));
#11210 = DEFINITIONAL_REPRESENTATION('',(#11211),#11215);
#11211 = LINE('',#11212,#11213);
#11212 = CARTESIAN_POINT('',(0.335651838573,0.786552668676));
#11213 = VECTOR('',#11214,1.);
#11214 = DIRECTION('',(-0.64366611054,-0.765306434144));
#11215 = ( GEOMETRIC_REPRESENTATION_CONTEXT(2) 
PARAMETRIC_REPRESENTATION_CONTEXT() REPRESENTATION_CONTEXT('2D SPACE',''
  ) );
#11216 = ADVANCED_FACE('',(#11217),#9276,.T.);
#11217 = FACE_BOUND('',#11218,.F.);
#11218 = EDGE_LOOP('',(#11219,#11220,#11221));
#11219 = ORIENTED_EDGE('',*,*,#9395,.F.);
#11220 = ORIENTED_EDGE('',*,*,#9260,.T.);
#11221 = ORIENTED_EDGE('',*,*,#11222,.T.);
#11222 = EDGE_CURVE('',#9261,#9367,#11223,.T.);
#11223 = SURFACE_CURVE('',#11224,(#11228,#11235),.PCURVE_S1.);
#11224 = LINE('',#11225,#11226);
#11225 = CARTESIAN_POINT('',(-162.545,26.891280188878,33.095046347942));
#11226 = VECTOR('',#11227,1.);
#11227 = DIRECTION('',(0.765306434144,-0.246320356478,0.594669945299));
#11228 = PCURVE('',#9276,#11229);
#11229 = DEFINITIONAL_REPRESENTATION('',(#11230),#11234);
#11230 = LINE('',#11231,#11232);
#11231 = CARTESIAN_POINT('',(0.281532592169,2.423206448119));
#11232 = VECTOR('',#11233,1.);
#11233 = DIRECTION('',(0.965295989931,-0.261158288828));
#11234 = ( GEOMETRIC_REPRESENTATION_CONTEXT(2) 
PARAMETRIC_REPRESENTATION_CONTEXT() REPRESENTATION_CONTEXT('2D SPACE',''
  ) );
#11235 = PCURVE('',#11236,#11241);
#11236 = PLANE('',#11237);
#11237 = AXIS2_PLACEMENT_3D('',#11238,#11239,#11240);
#11238 = CARTESIAN_POINT('',(-161.7584473313,26.762831791214,
    33.405148211649));
#11239 = DIRECTION('',(-0.,0.923879532511,0.382683432365));
#11240 = DIRECTION('',(0.,0.382683432365,-0.923879532511));
#11241 = DEFINITIONAL_REPRESENTATION('',(#11242),#11246);
#11242 = LINE('',#11243,#11244);
#11243 = CARTESIAN_POINT('',(0.335651838573,0.786552668676));
#11244 = VECTOR('',#11245,1.);
#11245 = DIRECTION('',(-0.64366611054,-0.765306434144));
#11246 = ( GEOMETRIC_REPRESENTATION_CONTEXT(2) 
PARAMETRIC_REPRESENTATION_CONTEXT() REPRESENTATION_CONTEXT('2D SPACE',''
  ) );
#11247 = ADVANCED_FACE('',(#11248),#9351,.T.);
#11248 = FACE_BOUND('',#11249,.F.);
#11249 = EDGE_LOOP('',(#11250,#11251,#11252));
#11250 = ORIENTED_EDGE('',*,*,#9337,.F.);
#11251 = ORIENTED_EDGE('',*,*,#9419,.T.);
#11252 = ORIENTED_EDGE('',*,*,#11253,.T.);
#11253 = EDGE_CURVE('',#9420,#9314,#11254,.T.);
#11254 = SURFACE_CURVE('',#11255,(#11259,#11266),.PCURVE_S1.);
#11255 = LINE('',#11256,#11257);
#11256 = CARTESIAN_POINT('',(-161.345,26.056590110961,38.00768028493));
#11257 = VECTOR('',#11258,1.);
#11258 = DIRECTION('',(-0.765306434144,0.107818079246,0.634571763983));
#11259 = PCURVE('',#9351,#11260);
#11260 = DEFINITIONAL_REPRESENTATION('',(#11261),#11265);
#11261 = LINE('',#11262,#11263);
#11262 = CARTESIAN_POINT('',(-0.620044970066,2.35939278751));
#11263 = VECTOR('',#11264,1.);
#11264 = DIRECTION('',(0.994127338604,0.108216609818));
#11265 = ( GEOMETRIC_REPRESENTATION_CONTEXT(2) 
PARAMETRIC_REPRESENTATION_CONTEXT() REPRESENTATION_CONTEXT('2D SPACE',''
  ) );
#11266 = PCURVE('',#11267,#11272);
#11267 = PLANE('',#11268);
#11268 = AXIS2_PLACEMENT_3D('',#11269,#11270,#11271);
#11269 = CARTESIAN_POINT('',(-161.9005525474,26.138568613792,
    38.490171194749));
#11270 = DIRECTION('',(-7.707849421288E-15,0.985871018518,
    -0.167506223305));
#11271 = DIRECTION('',(-1.972152263053E-31,-0.167506223305,
    -0.985871018518));
#11272 = DEFINITIONAL_REPRESENTATION('',(#11273),#11277);
#11273 = LINE('',#11274,#11275);
#11274 = CARTESIAN_POINT('',(0.489405714091,-0.55555254745));
#11275 = VECTOR('',#11276,1.);
#11276 = DIRECTION('',(-0.64366611054,0.765306434144));
#11277 = ( GEOMETRIC_REPRESENTATION_CONTEXT(2) 
PARAMETRIC_REPRESENTATION_CONTEXT() REPRESENTATION_CONTEXT('2D SPACE',''
  ) );
#11278 = ADVANCED_FACE('',(#11279),#9382,.T.);
#11279 = FACE_BOUND('',#11280,.F.);
#11280 = EDGE_LOOP('',(#11281,#11282,#11283));
#11281 = ORIENTED_EDGE('',*,*,#9501,.F.);
#11282 = ORIENTED_EDGE('',*,*,#9366,.T.);
#11283 = ORIENTED_EDGE('',*,*,#11284,.T.);
#11284 = EDGE_CURVE('',#9367,#9473,#11285,.T.);
#11285 = SURFACE_CURVE('',#11286,(#11290,#11297),.PCURVE_S1.);
#11286 = LINE('',#11287,#11288);
#11287 = CARTESIAN_POINT('',(-161.345,26.505050027225,34.027488442403));
#11288 = VECTOR('',#11289,1.);
#11289 = DIRECTION('',(-0.765306434144,-0.178189636898,0.618509915167));
#11290 = PCURVE('',#9382,#11291);
#11291 = DEFINITIONAL_REPRESENTATION('',(#11292),#11296);
#11292 = LINE('',#11293,#11294);
#11293 = CARTESIAN_POINT('',(8.94539164294E-02,2.437865477727));
#11294 = VECTOR('',#11295,1.);
#11295 = DIRECTION('',(0.982892860087,-0.184178244075));
#11296 = ( GEOMETRIC_REPRESENTATION_CONTEXT(2) 
PARAMETRIC_REPRESENTATION_CONTEXT() REPRESENTATION_CONTEXT('2D SPACE',''
  ) );
#11297 = PCURVE('',#11298,#11303);
#11298 = PLANE('',#11299);
#11299 = AXIS2_PLACEMENT_3D('',#11300,#11301,#11302);
#11300 = CARTESIAN_POINT('',(-161.9005525474,26.36956514607,
    34.497766870532));
#11301 = DIRECTION('',(1.133917409192E-14,0.960917321945,0.276835511425)
  );
#11302 = DIRECTION('',(0.,0.276835511425,-0.960917321945));
#11303 = DEFINITIONAL_REPRESENTATION('',(#11304),#11308);
#11304 = LINE('',#11305,#11306);
#11305 = CARTESIAN_POINT('',(0.489405714091,-0.55555254745));
#11306 = VECTOR('',#11307,1.);
#11307 = DIRECTION('',(-0.64366611054,0.765306434144));
#11308 = ( GEOMETRIC_REPRESENTATION_CONTEXT(2) 
PARAMETRIC_REPRESENTATION_CONTEXT() REPRESENTATION_CONTEXT('2D SPACE',''
  ) );
#11309 = ADVANCED_FACE('',(#11310),#9457,.T.);
#11310 = FACE_BOUND('',#11311,.F.);
#11311 = EDGE_LOOP('',(#11312,#11313,#11314));
#11312 = ORIENTED_EDGE('',*,*,#9443,.F.);
#11313 = ORIENTED_EDGE('',*,*,#9525,.T.);
#11314 = ORIENTED_EDGE('',*,*,#11315,.T.);
#11315 = EDGE_CURVE('',#9526,#9420,#11316,.T.);
#11316 = SURFACE_CURVE('',#11317,(#11321,#11328),.PCURVE_S1.);
#11317 = LINE('',#11318,#11319);
#11318 = CARTESIAN_POINT('',(-162.545,26.,37.));
#11319 = VECTOR('',#11320,1.);
#11320 = DIRECTION('',(0.765306434144,3.609064668938E-02,0.642653504681)
  );
#11321 = PCURVE('',#9457,#11322);
#11322 = DEFINITIONAL_REPRESENTATION('',(#11323),#11327);
#11323 = LINE('',#11324,#11325);
#11324 = CARTESIAN_POINT('',(-0.44791652696,2.398032709438));
#11325 = VECTOR('',#11326,1.);
#11326 = DIRECTION('',(0.999348520398,3.609064668938E-02));
#11327 = ( GEOMETRIC_REPRESENTATION_CONTEXT(2) 
PARAMETRIC_REPRESENTATION_CONTEXT() REPRESENTATION_CONTEXT('2D SPACE',''
  ) );
#11328 = PCURVE('',#11329,#11334);
#11329 = PLANE('',#11330);
#11330 = AXIS2_PLACEMENT_3D('',#11331,#11332,#11333);
#11331 = CARTESIAN_POINT('',(-161.7584473313,26.018820148705,
    37.335123796141));
#11332 = DIRECTION('',(-0.,0.998426815018,-5.607044723719E-02));
#11333 = DIRECTION('',(0.,-5.607044723719E-02,-0.998426815018));
#11334 = DEFINITIONAL_REPRESENTATION('',(#11335),#11339);
#11335 = LINE('',#11336,#11337);
#11336 = CARTESIAN_POINT('',(0.335651838573,0.786552668676));
#11337 = VECTOR('',#11338,1.);
#11338 = DIRECTION('',(-0.64366611054,-0.765306434144));
#11339 = ( GEOMETRIC_REPRESENTATION_CONTEXT(2) 
PARAMETRIC_REPRESENTATION_CONTEXT() REPRESENTATION_CONTEXT('2D SPACE',''
  ) );
#11340 = ADVANCED_FACE('',(#11341),#9488,.T.);
#11341 = FACE_BOUND('',#11342,.F.);
#11342 = EDGE_LOOP('',(#11343,#11344,#11345));
#11343 = ORIENTED_EDGE('',*,*,#9602,.F.);
#11344 = ORIENTED_EDGE('',*,*,#9472,.T.);
#11345 = ORIENTED_EDGE('',*,*,#11346,.T.);
#11346 = EDGE_CURVE('',#9473,#9579,#11347,.T.);
#11347 = SURFACE_CURVE('',#11348,(#11352,#11359),.PCURVE_S1.);
#11348 = LINE('',#11349,#11350);
#11349 = CARTESIAN_POINT('',(-162.545,26.225648790364,34.997311594393));
#11350 = VECTOR('',#11351,1.);
#11351 = DIRECTION('',(0.765306434144,-0.107818079246,0.634571763983));
#11352 = PCURVE('',#9488,#11353);
#11353 = DEFINITIONAL_REPRESENTATION('',(#11354),#11358);
#11354 = LINE('',#11355,#11356);
#11355 = CARTESIAN_POINT('',(-9.492322029151E-02,2.43765864569));
#11356 = VECTOR('',#11357,1.);
#11357 = DIRECTION('',(0.993995773482,-0.1094184733));
#11358 = ( GEOMETRIC_REPRESENTATION_CONTEXT(2) 
PARAMETRIC_REPRESENTATION_CONTEXT() REPRESENTATION_CONTEXT('2D SPACE',''
  ) );
#11359 = PCURVE('',#11360,#11365);
#11360 = PLANE('',#11361);
#11361 = AXIS2_PLACEMENT_3D('',#11362,#11363,#11364);
#11362 = CARTESIAN_POINT('',(-161.7584473313,26.169425018539,
    35.328221014354));
#11363 = DIRECTION('',(-0.,0.985871018518,0.167506223305));
#11364 = DIRECTION('',(0.,0.167506223305,-0.985871018518));
#11365 = DEFINITIONAL_REPRESENTATION('',(#11366),#11370);
#11366 = LINE('',#11367,#11368);
#11367 = CARTESIAN_POINT('',(0.335651838573,0.786552668676));
#11368 = VECTOR('',#11369,1.);
#11369 = DIRECTION('',(-0.64366611054,-0.765306434144));
#11370 = ( GEOMETRIC_REPRESENTATION_CONTEXT(2) 
PARAMETRIC_REPRESENTATION_CONTEXT() REPRESENTATION_CONTEXT('2D SPACE',''
  ) );
#11371 = ADVANCED_FACE('',(#11372),#9563,.T.);
#11372 = FACE_BOUND('',#11373,.F.);
#11373 = EDGE_LOOP('',(#11374,#11375,#11376));
#11374 = ORIENTED_EDGE('',*,*,#9549,.F.);
#11375 = ORIENTED_EDGE('',*,*,#9578,.T.);
#11376 = ORIENTED_EDGE('',*,*,#11377,.T.);
#11377 = EDGE_CURVE('',#9579,#9526,#11378,.T.);
#11378 = SURFACE_CURVE('',#11379,(#11383,#11390),.PCURVE_S1.);
#11379 = LINE('',#11380,#11381);
#11380 = CARTESIAN_POINT('',(-161.345,26.056590110961,35.99231971507));
#11381 = VECTOR('',#11382,1.);
#11382 = DIRECTION('',(-0.765306434144,-3.609064668938E-02,
    0.642653504681));
#11383 = PCURVE('',#9563,#11384);
#11384 = DEFINITIONAL_REPRESENTATION('',(#11385),#11389);
#11385 = LINE('',#11386,#11387);
#11386 = CARTESIAN_POINT('',(-0.273445742316,2.424132322434));
#11387 = VECTOR('',#11388,1.);
#11388 = DIRECTION('',(0.999343693753,-3.622404941902E-02));
#11389 = ( GEOMETRIC_REPRESENTATION_CONTEXT(2) 
PARAMETRIC_REPRESENTATION_CONTEXT() REPRESENTATION_CONTEXT('2D SPACE',''
  ) );
#11390 = PCURVE('',#11391,#11396);
#11391 = PLANE('',#11392);
#11392 = AXIS2_PLACEMENT_3D('',#11393,#11394,#11395);
#11393 = CARTESIAN_POINT('',(-161.9005525474,26.029148913691,
    36.480955503442));
#11394 = DIRECTION('',(-3.837124438397E-15,0.998426815018,
    5.607044723719E-02));
#11395 = DIRECTION('',(0.,5.607044723719E-02,-0.998426815018));
#11396 = DEFINITIONAL_REPRESENTATION('',(#11397),#11401);
#11397 = LINE('',#11398,#11399);
#11398 = CARTESIAN_POINT('',(0.489405714091,-0.55555254745));
#11399 = VECTOR('',#11400,1.);
#11400 = DIRECTION('',(-0.64366611054,0.765306434144));
#11401 = ( GEOMETRIC_REPRESENTATION_CONTEXT(2) 
PARAMETRIC_REPRESENTATION_CONTEXT() REPRESENTATION_CONTEXT('2D SPACE',''
  ) );
#11402 = ADVANCED_FACE('',(#11403),#9655,.F.);
#11403 = FACE_BOUND('',#11404,.T.);
#11404 = EDGE_LOOP('',(#11405,#11428,#11459,#11460));
#11405 = ORIENTED_EDGE('',*,*,#11406,.T.);
#11406 = EDGE_CURVE('',#9635,#11407,#11409,.T.);
#11407 = VERTEX_POINT('',#11408);
#11408 = CARTESIAN_POINT('',(-161.345,35.,40.3));
#11409 = SEAM_CURVE('',#11410,(#11414,#11421),.PCURVE_S1.);
#11410 = LINE('',#11411,#11412);
#11411 = CARTESIAN_POINT('',(-144.5,35.,40.3));
#11412 = VECTOR('',#11413,1.);
#11413 = DIRECTION('',(-1.,-0.,-0.));
#11414 = PCURVE('',#9655,#11415);
#11415 = DEFINITIONAL_REPRESENTATION('',(#11416),#11420);
#11416 = LINE('',#11417,#11418);
#11417 = CARTESIAN_POINT('',(-6.28318530718,-0.));
#11418 = VECTOR('',#11419,1.);
#11419 = DIRECTION('',(-0.,1.));
#11420 = ( GEOMETRIC_REPRESENTATION_CONTEXT(2) 
PARAMETRIC_REPRESENTATION_CONTEXT() REPRESENTATION_CONTEXT('2D SPACE',''
  ) );
#11421 = PCURVE('',#9655,#11422);
#11422 = DEFINITIONAL_REPRESENTATION('',(#11423),#11427);
#11423 = LINE('',#11424,#11425);
#11424 = CARTESIAN_POINT('',(-0.,-0.));
#11425 = VECTOR('',#11426,1.);
#11426 = DIRECTION('',(-0.,1.));
#11427 = ( GEOMETRIC_REPRESENTATION_CONTEXT(2) 
PARAMETRIC_REPRESENTATION_CONTEXT() REPRESENTATION_CONTEXT('2D SPACE',''
  ) );
#11428 = ORIENTED_EDGE('',*,*,#11429,.F.);
#11429 = EDGE_CURVE('',#11407,#11407,#11430,.T.);
#11430 = SURFACE_CURVE('',#11431,(#11436,#11443),.PCURVE_S1.);
#11431 = CIRCLE('',#11432,3.3);
#11432 = AXIS2_PLACEMENT_3D('',#11433,#11434,#11435);
#11433 = CARTESIAN_POINT('',(-161.345,35.,37.));
#11434 = DIRECTION('',(1.,-0.,0.));
#11435 = DIRECTION('',(-0.,-0.,1.));
#11436 = PCURVE('',#9655,#11437);
#11437 = DEFINITIONAL_REPRESENTATION('',(#11438),#11442);
#11438 = LINE('',#11439,#11440);
#11439 = CARTESIAN_POINT('',(-0.,16.845));
#11440 = VECTOR('',#11441,1.);
#11441 = DIRECTION('',(-1.,0.));
#11442 = ( GEOMETRIC_REPRESENTATION_CONTEXT(2) 
PARAMETRIC_REPRESENTATION_CONTEXT() REPRESENTATION_CONTEXT('2D SPACE',''
  ) );
#11443 = PCURVE('',#11444,#11449);
#11444 = PLANE('',#11445);
#11445 = AXIS2_PLACEMENT_3D('',#11446,#11447,#11448);
#11446 = CARTESIAN_POINT('',(-161.345,-44.,1.));
#11447 = DIRECTION('',(-1.,-0.,-0.));
#11448 = DIRECTION('',(0.,0.,-1.));
#11449 = DEFINITIONAL_REPRESENTATION('',(#11450),#11458);
#11450 = ( BOUNDED_CURVE() B_SPLINE_CURVE(2,(#11451,#11452,#11453,#11454
    ,#11455,#11456,#11457),.UNSPECIFIED.,.T.,.F.) 
B_SPLINE_CURVE_WITH_KNOTS((1,2,2,2,2,1),(-2.094395102393,0.,
    2.094395102393,4.188790204786,6.28318530718,8.377580409573),
.UNSPECIFIED.) CURVE() GEOMETRIC_REPRESENTATION_ITEM() 
RATIONAL_B_SPLINE_CURVE((1.,0.5,1.,0.5,1.,0.5,1.)) REPRESENTATION_ITEM(
  '') );
#11451 = CARTESIAN_POINT('',(-39.3,-79.));
#11452 = CARTESIAN_POINT('',(-39.3,-73.28423233502));
#11453 = CARTESIAN_POINT('',(-34.35,-76.14211616751));
#11454 = CARTESIAN_POINT('',(-29.4,-79.));
#11455 = CARTESIAN_POINT('',(-34.35,-81.85788383248));
#11456 = CARTESIAN_POINT('',(-39.3,-84.71576766497));
#11457 = CARTESIAN_POINT('',(-39.3,-79.));
#11458 = ( GEOMETRIC_REPRESENTATION_CONTEXT(2) 
PARAMETRIC_REPRESENTATION_CONTEXT() REPRESENTATION_CONTEXT('2D SPACE',''
  ) );
#11459 = ORIENTED_EDGE('',*,*,#11406,.F.);
#11460 = ORIENTED_EDGE('',*,*,#9634,.T.);
#11461 = ADVANCED_FACE('',(#11462),#9686,.T.);
#11462 = FACE_BOUND('',#11463,.F.);
#11463 = EDGE_LOOP('',(#11464,#11465,#11488));
#11464 = ORIENTED_EDGE('',*,*,#9672,.F.);
#11465 = ORIENTED_EDGE('',*,*,#11466,.T.);
#11466 = EDGE_CURVE('',#6659,#11467,#11469,.T.);
#11467 = VERTEX_POINT('',#11468);
#11468 = CARTESIAN_POINT('',(-161.345,44.,37.));
#11469 = SURFACE_CURVE('',#11470,(#11474,#11481),.PCURVE_S1.);
#11470 = LINE('',#11471,#11472);
#11471 = CARTESIAN_POINT('',(-161.345,43.943409889039,38.00768028493));
#11472 = VECTOR('',#11473,1.);
#11473 = DIRECTION('',(-0.,5.607044723719E-02,-0.998426815018));
#11474 = PCURVE('',#9686,#11475);
#11475 = DEFINITIONAL_REPRESENTATION('',(#11476),#11480);
#11476 = LINE('',#11477,#11478);
#11477 = CARTESIAN_POINT('',(0.489405714091,-0.55555254745));
#11478 = VECTOR('',#11479,1.);
#11479 = DIRECTION('',(-1.,2.544076419338E-29));
#11480 = ( GEOMETRIC_REPRESENTATION_CONTEXT(2) 
PARAMETRIC_REPRESENTATION_CONTEXT() REPRESENTATION_CONTEXT('2D SPACE',''
  ) );
#11481 = PCURVE('',#11444,#11482);
#11482 = DEFINITIONAL_REPRESENTATION('',(#11483),#11487);
#11483 = LINE('',#11484,#11485);
#11484 = CARTESIAN_POINT('',(-37.00768028493,-87.94340988903));
#11485 = VECTOR('',#11486,1.);
#11486 = DIRECTION('',(0.998426815018,-5.607044723719E-02));
#11487 = ( GEOMETRIC_REPRESENTATION_CONTEXT(2) 
PARAMETRIC_REPRESENTATION_CONTEXT() REPRESENTATION_CONTEXT('2D SPACE',''
  ) );
#11488 = ORIENTED_EDGE('',*,*,#11489,.T.);
#11489 = EDGE_CURVE('',#11467,#6717,#11490,.T.);
#11490 = SURFACE_CURVE('',#11491,(#11495,#11502),.PCURVE_S1.);
#11491 = LINE('',#11492,#11493);
#11492 = CARTESIAN_POINT('',(-161.245,44.,37.));
#11493 = VECTOR('',#11494,1.);
#11494 = DIRECTION('',(-1.,-0.,-0.));
#11495 = PCURVE('',#9686,#11496);
#11496 = DEFINITIONAL_REPRESENTATION('',(#11497),#11501);
#11497 = LINE('',#11498,#11499);
#11498 = CARTESIAN_POINT('',(-0.519862336179,-0.65555254745));
#11499 = VECTOR('',#11500,1.);
#11500 = DIRECTION('',(-0.,1.));
#11501 = ( GEOMETRIC_REPRESENTATION_CONTEXT(2) 
PARAMETRIC_REPRESENTATION_CONTEXT() REPRESENTATION_CONTEXT('2D SPACE',''
  ) );
#11502 = PCURVE('',#9748,#11503);
#11503 = DEFINITIONAL_REPRESENTATION('',(#11504),#11508);
#11504 = LINE('',#11505,#11506);
#11505 = CARTESIAN_POINT('',(0.335651838573,-0.513447331324));
#11506 = VECTOR('',#11507,1.);
#11507 = DIRECTION('',(-0.,1.));
#11508 = ( GEOMETRIC_REPRESENTATION_CONTEXT(2) 
PARAMETRIC_REPRESENTATION_CONTEXT() REPRESENTATION_CONTEXT('2D SPACE',''
  ) );
#11509 = ADVANCED_FACE('',(#11510),#9717,.T.);
#11510 = FACE_BOUND('',#11511,.F.);
#11511 = EDGE_LOOP('',(#11512,#11513,#11536));
#11512 = ORIENTED_EDGE('',*,*,#9703,.F.);
#11513 = ORIENTED_EDGE('',*,*,#11514,.T.);
#11514 = EDGE_CURVE('',#6770,#11515,#11517,.T.);
#11515 = VERTEX_POINT('',#11516);
#11516 = CARTESIAN_POINT('',(-161.345,43.774351209636,39.002688405607));
#11517 = SURFACE_CURVE('',#11518,(#11522,#11529),.PCURVE_S1.);
#11518 = LINE('',#11519,#11520);
#11519 = CARTESIAN_POINT('',(-162.545,43.774351209636,39.002688405607));
#11520 = VECTOR('',#11521,1.);
#11521 = DIRECTION('',(1.,-0.,-0.));
#11522 = PCURVE('',#9717,#11523);
#11523 = DEFINITIONAL_REPRESENTATION('',(#11524),#11528);
#11524 = LINE('',#11525,#11526);
#11525 = CARTESIAN_POINT('',(0.335651838573,0.786552668676));
#11526 = VECTOR('',#11527,1.);
#11527 = DIRECTION('',(-0.,-1.));
#11528 = ( GEOMETRIC_REPRESENTATION_CONTEXT(2) 
PARAMETRIC_REPRESENTATION_CONTEXT() REPRESENTATION_CONTEXT('2D SPACE',''
  ) );
#11529 = PCURVE('',#9779,#11530);
#11530 = DEFINITIONAL_REPRESENTATION('',(#11531),#11535);
#11531 = LINE('',#11532,#11533);
#11532 = CARTESIAN_POINT('',(-0.519862336179,0.64444745255));
#11533 = VECTOR('',#11534,1.);
#11534 = DIRECTION('',(-0.,-1.));
#11535 = ( GEOMETRIC_REPRESENTATION_CONTEXT(2) 
PARAMETRIC_REPRESENTATION_CONTEXT() REPRESENTATION_CONTEXT('2D SPACE',''
  ) );
#11536 = ORIENTED_EDGE('',*,*,#11537,.T.);
#11537 = EDGE_CURVE('',#11515,#6659,#11538,.T.);
#11538 = SURFACE_CURVE('',#11539,(#11543,#11550),.PCURVE_S1.);
#11539 = LINE('',#11540,#11541);
#11540 = CARTESIAN_POINT('',(-161.345,45.708935096586,27.616543166296));
#11541 = VECTOR('',#11542,1.);
#11542 = DIRECTION('',(-0.,0.167506223305,-0.985871018518));
#11543 = PCURVE('',#9717,#11544);
#11544 = DEFINITIONAL_REPRESENTATION('',(#11545),#11549);
#11545 = LINE('',#11546,#11547);
#11546 = CARTESIAN_POINT('',(-11.21367360607,-0.413447331324));
#11547 = VECTOR('',#11548,1.);
#11548 = DIRECTION('',(-1.,0.));
#11549 = ( GEOMETRIC_REPRESENTATION_CONTEXT(2) 
PARAMETRIC_REPRESENTATION_CONTEXT() REPRESENTATION_CONTEXT('2D SPACE',''
  ) );
#11550 = PCURVE('',#11444,#11551);
#11551 = DEFINITIONAL_REPRESENTATION('',(#11552),#11556);
#11552 = LINE('',#11553,#11554);
#11553 = CARTESIAN_POINT('',(-26.61654316629,-89.70893509658));
#11554 = VECTOR('',#11555,1.);
#11555 = DIRECTION('',(0.985871018518,-0.167506223305));
#11556 = ( GEOMETRIC_REPRESENTATION_CONTEXT(2) 
PARAMETRIC_REPRESENTATION_CONTEXT() REPRESENTATION_CONTEXT('2D SPACE',''
  ) );
#11557 = ADVANCED_FACE('',(#11558),#9748,.T.);
#11558 = FACE_BOUND('',#11559,.F.);
#11559 = EDGE_LOOP('',(#11560,#11561,#11562));
#11560 = ORIENTED_EDGE('',*,*,#9734,.F.);
#11561 = ORIENTED_EDGE('',*,*,#11489,.F.);
#11562 = ORIENTED_EDGE('',*,*,#11563,.T.);
#11563 = EDGE_CURVE('',#11467,#6823,#11564,.T.);
#11564 = SURFACE_CURVE('',#11565,(#11569,#11576),.PCURVE_S1.);
#11565 = LINE('',#11566,#11567);
#11566 = CARTESIAN_POINT('',(-161.345,42.844578258369,16.425809738617));
#11567 = VECTOR('',#11568,1.);
#11568 = DIRECTION('',(-0.,-5.607044723719E-02,-0.998426815018));
#11569 = PCURVE('',#9748,#11570);
#11570 = DEFINITIONAL_REPRESENTATION('',(#11571),#11575);
#11571 = LINE('',#11572,#11573);
#11572 = CARTESIAN_POINT('',(-20.27095642947,-0.413447331324));
#11573 = VECTOR('',#11574,1.);
#11574 = DIRECTION('',(-1.,0.));
#11575 = ( GEOMETRIC_REPRESENTATION_CONTEXT(2) 
PARAMETRIC_REPRESENTATION_CONTEXT() REPRESENTATION_CONTEXT('2D SPACE',''
  ) );
#11576 = PCURVE('',#11444,#11577);
#11577 = DEFINITIONAL_REPRESENTATION('',(#11578),#11582);
#11578 = LINE('',#11579,#11580);
#11579 = CARTESIAN_POINT('',(-15.42580973861,-86.84457825836));
#11580 = VECTOR('',#11581,1.);
#11581 = DIRECTION('',(0.998426815018,5.607044723719E-02));
#11582 = ( GEOMETRIC_REPRESENTATION_CONTEXT(2) 
PARAMETRIC_REPRESENTATION_CONTEXT() REPRESENTATION_CONTEXT('2D SPACE',''
  ) );
#11583 = ADVANCED_FACE('',(#11584),#9779,.T.);
#11584 = FACE_BOUND('',#11585,.F.);
#11585 = EDGE_LOOP('',(#11586,#11587,#11608));
#11586 = ORIENTED_EDGE('',*,*,#9765,.F.);
#11587 = ORIENTED_EDGE('',*,*,#11588,.T.);
#11588 = EDGE_CURVE('',#6876,#11515,#11589,.T.);
#11589 = SURFACE_CURVE('',#11590,(#11594,#11601),.PCURVE_S1.);
#11590 = LINE('',#11591,#11592);
#11591 = CARTESIAN_POINT('',(-161.345,43.494949972775,39.972511557597));
#11592 = VECTOR('',#11593,1.);
#11593 = DIRECTION('',(-0.,0.276835511425,-0.960917321945));
#11594 = PCURVE('',#9779,#11595);
#11595 = DEFINITIONAL_REPRESENTATION('',(#11596),#11600);
#11596 = LINE('',#11597,#11598);
#11597 = CARTESIAN_POINT('',(0.489405714091,-0.55555254745));
#11598 = VECTOR('',#11599,1.);
#11599 = DIRECTION('',(-1.,5.514137727495E-28));
#11600 = ( GEOMETRIC_REPRESENTATION_CONTEXT(2) 
PARAMETRIC_REPRESENTATION_CONTEXT() REPRESENTATION_CONTEXT('2D SPACE',''
  ) );
#11601 = PCURVE('',#11444,#11602);
#11602 = DEFINITIONAL_REPRESENTATION('',(#11603),#11607);
#11603 = LINE('',#11604,#11605);
#11604 = CARTESIAN_POINT('',(-38.97251155759,-87.49494997277));
#11605 = VECTOR('',#11606,1.);
#11606 = DIRECTION('',(0.960917321945,-0.276835511425));
#11607 = ( GEOMETRIC_REPRESENTATION_CONTEXT(2) 
PARAMETRIC_REPRESENTATION_CONTEXT() REPRESENTATION_CONTEXT('2D SPACE',''
  ) );
#11608 = ORIENTED_EDGE('',*,*,#11514,.F.);
#11609 = ADVANCED_FACE('',(#11610),#9810,.T.);
#11610 = FACE_BOUND('',#11611,.F.);
#11611 = EDGE_LOOP('',(#11612,#11613,#11636));
#11612 = ORIENTED_EDGE('',*,*,#9796,.F.);
#11613 = ORIENTED_EDGE('',*,*,#11614,.T.);
#11614 = EDGE_CURVE('',#6823,#11615,#11617,.T.);
#11615 = VERTEX_POINT('',#11616);
#11616 = CARTESIAN_POINT('',(-161.345,43.774351209636,34.997311594393));
#11617 = SURFACE_CURVE('',#11618,(#11622,#11629),.PCURVE_S1.);
#11618 = LINE('',#11619,#11620);
#11619 = CARTESIAN_POINT('',(-161.345,43.943409889039,35.99231971507));
#11620 = VECTOR('',#11621,1.);
#11621 = DIRECTION('',(-0.,-0.167506223305,-0.985871018518));
#11622 = PCURVE('',#9810,#11623);
#11623 = DEFINITIONAL_REPRESENTATION('',(#11624),#11628);
#11624 = LINE('',#11625,#11626);
#11625 = CARTESIAN_POINT('',(0.489405714091,-0.55555254745));
#11626 = VECTOR('',#11627,1.);
#11627 = DIRECTION('',(-1.,1.794658559378E-29));
#11628 = ( GEOMETRIC_REPRESENTATION_CONTEXT(2) 
PARAMETRIC_REPRESENTATION_CONTEXT() REPRESENTATION_CONTEXT('2D SPACE',''
  ) );
#11629 = PCURVE('',#11444,#11630);
#11630 = DEFINITIONAL_REPRESENTATION('',(#11631),#11635);
#11631 = LINE('',#11632,#11633);
#11632 = CARTESIAN_POINT('',(-34.99231971507,-87.94340988903));
#11633 = VECTOR('',#11634,1.);
#11634 = DIRECTION('',(0.985871018518,0.167506223305));
#11635 = ( GEOMETRIC_REPRESENTATION_CONTEXT(2) 
PARAMETRIC_REPRESENTATION_CONTEXT() REPRESENTATION_CONTEXT('2D SPACE',''
  ) );
#11636 = ORIENTED_EDGE('',*,*,#11637,.F.);
#11637 = EDGE_CURVE('',#6929,#11615,#11638,.T.);
#11638 = SURFACE_CURVE('',#11639,(#11643,#11650),.PCURVE_S1.);
#11639 = LINE('',#11640,#11641);
#11640 = CARTESIAN_POINT('',(-162.545,43.774351209636,34.997311594393));
#11641 = VECTOR('',#11642,1.);
#11642 = DIRECTION('',(1.,-0.,-0.));
#11643 = PCURVE('',#9810,#11644);
#11644 = DEFINITIONAL_REPRESENTATION('',(#11645),#11649);
#11645 = LINE('',#11646,#11647);
#11646 = CARTESIAN_POINT('',(-0.519862336179,0.64444745255));
#11647 = VECTOR('',#11648,1.);
#11648 = DIRECTION('',(-0.,-1.));
#11649 = ( GEOMETRIC_REPRESENTATION_CONTEXT(2) 
PARAMETRIC_REPRESENTATION_CONTEXT() REPRESENTATION_CONTEXT('2D SPACE',''
  ) );
#11650 = PCURVE('',#9872,#11651);
#11651 = DEFINITIONAL_REPRESENTATION('',(#11652),#11656);
#11652 = LINE('',#11653,#11654);
#11653 = CARTESIAN_POINT('',(0.335651838573,0.786552668676));
#11654 = VECTOR('',#11655,1.);
#11655 = DIRECTION('',(-0.,-1.));
#11656 = ( GEOMETRIC_REPRESENTATION_CONTEXT(2) 
PARAMETRIC_REPRESENTATION_CONTEXT() REPRESENTATION_CONTEXT('2D SPACE',''
  ) );
#11657 = ADVANCED_FACE('',(#11658),#9841,.T.);
#11658 = FACE_BOUND('',#11659,.F.);
#11659 = EDGE_LOOP('',(#11660,#11661,#11684));
#11660 = ORIENTED_EDGE('',*,*,#9827,.F.);
#11661 = ORIENTED_EDGE('',*,*,#11662,.T.);
#11662 = EDGE_CURVE('',#6982,#11663,#11665,.T.);
#11663 = VERTEX_POINT('',#11664);
#11664 = CARTESIAN_POINT('',(-161.345,43.108719811122,40.904953652058));
#11665 = SURFACE_CURVE('',#11666,(#11670,#11677),.PCURVE_S1.);
#11666 = LINE('',#11667,#11668);
#11667 = CARTESIAN_POINT('',(-162.545,43.108719811122,40.904953652058));
#11668 = VECTOR('',#11669,1.);
#11669 = DIRECTION('',(1.,-0.,-0.));
#11670 = PCURVE('',#9841,#11671);
#11671 = DEFINITIONAL_REPRESENTATION('',(#11672),#11676);
#11672 = LINE('',#11673,#11674);
#11673 = CARTESIAN_POINT('',(0.335651838573,0.786552668676));
#11674 = VECTOR('',#11675,1.);
#11675 = DIRECTION('',(-0.,-1.));
#11676 = ( GEOMETRIC_REPRESENTATION_CONTEXT(2) 
PARAMETRIC_REPRESENTATION_CONTEXT() REPRESENTATION_CONTEXT('2D SPACE',''
  ) );
#11677 = PCURVE('',#9903,#11678);
#11678 = DEFINITIONAL_REPRESENTATION('',(#11679),#11683);
#11679 = LINE('',#11680,#11681);
#11680 = CARTESIAN_POINT('',(-0.519862336179,0.64444745255));
#11681 = VECTOR('',#11682,1.);
#11682 = DIRECTION('',(-0.,-1.));
#11683 = ( GEOMETRIC_REPRESENTATION_CONTEXT(2) 
PARAMETRIC_REPRESENTATION_CONTEXT() REPRESENTATION_CONTEXT('2D SPACE',''
  ) );
#11684 = ORIENTED_EDGE('',*,*,#11685,.T.);
#11685 = EDGE_CURVE('',#11663,#6876,#11686,.T.);
#11686 = SURFACE_CURVE('',#11687,(#11691,#11698),.PCURVE_S1.);
#11687 = LINE('',#11688,#11689);
#11688 = CARTESIAN_POINT('',(-161.345,43.848821509481,39.118190094344));
#11689 = VECTOR('',#11690,1.);
#11690 = DIRECTION('',(-0.,0.382683432365,-0.923879532511));
#11691 = PCURVE('',#9841,#11692);
#11692 = DEFINITIONAL_REPRESENTATION('',(#11693),#11697);
#11693 = LINE('',#11694,#11695);
#11694 = CARTESIAN_POINT('',(-1.598327100063,-0.413447331324));
#11695 = VECTOR('',#11696,1.);
#11696 = DIRECTION('',(-1.,0.));
#11697 = ( GEOMETRIC_REPRESENTATION_CONTEXT(2) 
PARAMETRIC_REPRESENTATION_CONTEXT() REPRESENTATION_CONTEXT('2D SPACE',''
  ) );
#11698 = PCURVE('',#11444,#11699);
#11699 = DEFINITIONAL_REPRESENTATION('',(#11700),#11704);
#11700 = LINE('',#11701,#11702);
#11701 = CARTESIAN_POINT('',(-38.11819009434,-87.84882150948));
#11702 = VECTOR('',#11703,1.);
#11703 = DIRECTION('',(0.923879532511,-0.382683432365));
#11704 = ( GEOMETRIC_REPRESENTATION_CONTEXT(2) 
PARAMETRIC_REPRESENTATION_CONTEXT() REPRESENTATION_CONTEXT('2D SPACE',''
  ) );
#11705 = ADVANCED_FACE('',(#11706),#9872,.T.);
#11706 = FACE_BOUND('',#11707,.F.);
#11707 = EDGE_LOOP('',(#11708,#11709,#11710));
#11708 = ORIENTED_EDGE('',*,*,#9858,.F.);
#11709 = ORIENTED_EDGE('',*,*,#11637,.T.);
#11710 = ORIENTED_EDGE('',*,*,#11711,.T.);
#11711 = EDGE_CURVE('',#11615,#7035,#11712,.T.);
#11712 = SURFACE_CURVE('',#11713,(#11717,#11724),.PCURVE_S1.);
#11713 = LINE('',#11714,#11715);
#11714 = CARTESIAN_POINT('',(-161.345,35.842554972346,7.46543766925));
#11715 = VECTOR('',#11716,1.);
#11716 = DIRECTION('',(-0.,-0.276835511425,-0.960917321945));
#11717 = PCURVE('',#9872,#11718);
#11718 = DEFINITIONAL_REPRESENTATION('',(#11719),#11723);
#11719 = LINE('',#11720,#11721);
#11720 = CARTESIAN_POINT('',(-28.31600558957,-0.413447331324));
#11721 = VECTOR('',#11722,1.);
#11722 = DIRECTION('',(-1.,0.));
#11723 = ( GEOMETRIC_REPRESENTATION_CONTEXT(2) 
PARAMETRIC_REPRESENTATION_CONTEXT() REPRESENTATION_CONTEXT('2D SPACE',''
  ) );
#11724 = PCURVE('',#11444,#11725);
#11725 = DEFINITIONAL_REPRESENTATION('',(#11726),#11730);
#11726 = LINE('',#11727,#11728);
#11727 = CARTESIAN_POINT('',(-6.46543766925,-79.84255497234));
#11728 = VECTOR('',#11729,1.);
#11729 = DIRECTION('',(0.960917321945,0.276835511425));
#11730 = ( GEOMETRIC_REPRESENTATION_CONTEXT(2) 
PARAMETRIC_REPRESENTATION_CONTEXT() REPRESENTATION_CONTEXT('2D SPACE',''
  ) );
#11731 = ADVANCED_FACE('',(#11732),#9903,.T.);
#11732 = FACE_BOUND('',#11733,.F.);
#11733 = EDGE_LOOP('',(#11734,#11735,#11756));
#11734 = ORIENTED_EDGE('',*,*,#9889,.F.);
#11735 = ORIENTED_EDGE('',*,*,#11736,.T.);
#11736 = EDGE_CURVE('',#7088,#11663,#11737,.T.);
#11737 = SURFACE_CURVE('',#11738,(#11742,#11749),.PCURVE_S1.);
#11738 = LINE('',#11739,#11740);
#11739 = CARTESIAN_POINT('',(-161.345,42.620517793055,41.788288688638));
#11740 = VECTOR('',#11741,1.);
#11741 = DIRECTION('',(-0.,0.483718887105,-0.875223421909));
#11742 = PCURVE('',#9903,#11743);
#11743 = DEFINITIONAL_REPRESENTATION('',(#11744),#11748);
#11744 = LINE('',#11745,#11746);
#11745 = CARTESIAN_POINT('',(0.489405714091,-0.55555254745));
#11746 = VECTOR('',#11747,1.);
#11747 = DIRECTION('',(-1.,9.466330862652E-30));
#11748 = ( GEOMETRIC_REPRESENTATION_CONTEXT(2) 
PARAMETRIC_REPRESENTATION_CONTEXT() REPRESENTATION_CONTEXT('2D SPACE',''
  ) );
#11749 = PCURVE('',#11444,#11750);
#11750 = DEFINITIONAL_REPRESENTATION('',(#11751),#11755);
#11751 = LINE('',#11752,#11753);
#11752 = CARTESIAN_POINT('',(-40.78828868863,-86.62051779305));
#11753 = VECTOR('',#11754,1.);
#11754 = DIRECTION('',(0.875223421909,-0.483718887105));
#11755 = ( GEOMETRIC_REPRESENTATION_CONTEXT(2) 
PARAMETRIC_REPRESENTATION_CONTEXT() REPRESENTATION_CONTEXT('2D SPACE',''
  ) );
#11756 = ORIENTED_EDGE('',*,*,#11662,.F.);
#11757 = ADVANCED_FACE('',(#11758),#9934,.T.);
#11758 = FACE_BOUND('',#11759,.F.);
#11759 = EDGE_LOOP('',(#11760,#11761,#11784));
#11760 = ORIENTED_EDGE('',*,*,#9920,.F.);
#11761 = ORIENTED_EDGE('',*,*,#11762,.T.);
#11762 = EDGE_CURVE('',#7035,#11763,#11765,.T.);
#11763 = VERTEX_POINT('',#11764);
#11764 = CARTESIAN_POINT('',(-161.345,43.108719811122,33.095046347942));
#11765 = SURFACE_CURVE('',#11766,(#11770,#11777),.PCURVE_S1.);
#11766 = LINE('',#11767,#11768);
#11767 = CARTESIAN_POINT('',(-161.345,43.494949972775,34.027488442403));
#11768 = VECTOR('',#11769,1.);
#11769 = DIRECTION('',(-0.,-0.382683432365,-0.923879532511));
#11770 = PCURVE('',#9934,#11771);
#11771 = DEFINITIONAL_REPRESENTATION('',(#11772),#11776);
#11772 = LINE('',#11773,#11774);
#11773 = CARTESIAN_POINT('',(0.489405714091,-0.55555254745));
#11774 = VECTOR('',#11775,1.);
#11775 = DIRECTION('',(-1.,1.013686263209E-28));
#11776 = ( GEOMETRIC_REPRESENTATION_CONTEXT(2) 
PARAMETRIC_REPRESENTATION_CONTEXT() REPRESENTATION_CONTEXT('2D SPACE',''
  ) );
#11777 = PCURVE('',#11444,#11778);
#11778 = DEFINITIONAL_REPRESENTATION('',(#11779),#11783);
#11779 = LINE('',#11780,#11781);
#11780 = CARTESIAN_POINT('',(-33.0274884424,-87.49494997277));
#11781 = VECTOR('',#11782,1.);
#11782 = DIRECTION('',(0.923879532511,0.382683432365));
#11783 = ( GEOMETRIC_REPRESENTATION_CONTEXT(2) 
PARAMETRIC_REPRESENTATION_CONTEXT() REPRESENTATION_CONTEXT('2D SPACE',''
  ) );
#11784 = ORIENTED_EDGE('',*,*,#11785,.F.);
#11785 = EDGE_CURVE('',#7141,#11763,#11786,.T.);
#11786 = SURFACE_CURVE('',#11787,(#11791,#11798),.PCURVE_S1.);
#11787 = LINE('',#11788,#11789);
#11788 = CARTESIAN_POINT('',(-162.545,43.108719811122,33.095046347942));
#11789 = VECTOR('',#11790,1.);
#11790 = DIRECTION('',(1.,-0.,-0.));
#11791 = PCURVE('',#9934,#11792);
#11792 = DEFINITIONAL_REPRESENTATION('',(#11793),#11797);
#11793 = LINE('',#11794,#11795);
#11794 = CARTESIAN_POINT('',(-0.519862336179,0.64444745255));
#11795 = VECTOR('',#11796,1.);
#11796 = DIRECTION('',(-0.,-1.));
#11797 = ( GEOMETRIC_REPRESENTATION_CONTEXT(2) 
PARAMETRIC_REPRESENTATION_CONTEXT() REPRESENTATION_CONTEXT('2D SPACE',''
  ) );
#11798 = PCURVE('',#9996,#11799);
#11799 = DEFINITIONAL_REPRESENTATION('',(#11800),#11804);
#11800 = LINE('',#11801,#11802);
#11801 = CARTESIAN_POINT('',(0.335651838573,0.786552668676));
#11802 = VECTOR('',#11803,1.);
#11803 = DIRECTION('',(-0.,-1.));
#11804 = ( GEOMETRIC_REPRESENTATION_CONTEXT(2) 
PARAMETRIC_REPRESENTATION_CONTEXT() REPRESENTATION_CONTEXT('2D SPACE',''
  ) );
#11805 = ADVANCED_FACE('',(#11806),#9965,.T.);
#11806 = FACE_BOUND('',#11807,.F.);
#11807 = EDGE_LOOP('',(#11808,#11809,#11832));
#11808 = ORIENTED_EDGE('',*,*,#9951,.F.);
#11809 = ORIENTED_EDGE('',*,*,#11810,.T.);
#11810 = EDGE_CURVE('',#7194,#11811,#11813,.T.);
#11811 = VERTEX_POINT('',#11812);
#11812 = CARTESIAN_POINT('',(-161.345,42.036483342212,42.611408216729));
#11813 = SURFACE_CURVE('',#11814,(#11818,#11825),.PCURVE_S1.);
#11814 = LINE('',#11815,#11816);
#11815 = CARTESIAN_POINT('',(-162.545,42.036483342212,42.611408216729));
#11816 = VECTOR('',#11817,1.);
#11817 = DIRECTION('',(1.,-0.,-0.));
#11818 = PCURVE('',#9965,#11819);
#11819 = DEFINITIONAL_REPRESENTATION('',(#11820),#11824);
#11820 = LINE('',#11821,#11822);
#11821 = CARTESIAN_POINT('',(0.335651838573,0.786552668676));
#11822 = VECTOR('',#11823,1.);
#11823 = DIRECTION('',(-0.,-1.));
#11824 = ( GEOMETRIC_REPRESENTATION_CONTEXT(2) 
PARAMETRIC_REPRESENTATION_CONTEXT() REPRESENTATION_CONTEXT('2D SPACE',''
  ) );
#11825 = PCURVE('',#10027,#11826);
#11826 = DEFINITIONAL_REPRESENTATION('',(#11827),#11831);
#11827 = LINE('',#11828,#11829);
#11828 = CARTESIAN_POINT('',(-0.519862336179,0.64444745255));
#11829 = VECTOR('',#11830,1.);
#11830 = DIRECTION('',(-0.,-1.));
#11831 = ( GEOMETRIC_REPRESENTATION_CONTEXT(2) 
PARAMETRIC_REPRESENTATION_CONTEXT() REPRESENTATION_CONTEXT('2D SPACE',''
  ) );
#11832 = ORIENTED_EDGE('',*,*,#11833,.T.);
#11833 = EDGE_CURVE('',#11811,#7088,#11834,.T.);
#11834 = SURFACE_CURVE('',#11835,(#11839,#11846),.PCURVE_S1.);
#11835 = LINE('',#11836,#11837);
#11836 = CARTESIAN_POINT('',(-161.345,37.547569443559,48.937940298133));
#11837 = VECTOR('',#11838,1.);
#11838 = DIRECTION('',(-0.,0.57867129618,-0.815560868959));
#11839 = PCURVE('',#9965,#11840);
#11840 = DEFINITIONAL_REPRESENTATION('',(#11841),#11845);
#11841 = LINE('',#11842,#11843);
#11842 = CARTESIAN_POINT('',(8.092929464555,-0.413447331324));
#11843 = VECTOR('',#11844,1.);
#11844 = DIRECTION('',(-1.,0.));
#11845 = ( GEOMETRIC_REPRESENTATION_CONTEXT(2) 
PARAMETRIC_REPRESENTATION_CONTEXT() REPRESENTATION_CONTEXT('2D SPACE',''
  ) );
#11846 = PCURVE('',#11444,#11847);
#11847 = DEFINITIONAL_REPRESENTATION('',(#11848),#11852);
#11848 = LINE('',#11849,#11850);
#11849 = CARTESIAN_POINT('',(-47.93794029813,-81.54756944355));
#11850 = VECTOR('',#11851,1.);
#11851 = DIRECTION('',(0.815560868959,-0.57867129618));
#11852 = ( GEOMETRIC_REPRESENTATION_CONTEXT(2) 
PARAMETRIC_REPRESENTATION_CONTEXT() REPRESENTATION_CONTEXT('2D SPACE',''
  ) );
#11853 = ADVANCED_FACE('',(#11854),#9996,.T.);
#11854 = FACE_BOUND('',#11855,.F.);
#11855 = EDGE_LOOP('',(#11856,#11857,#11858));
#11856 = ORIENTED_EDGE('',*,*,#9982,.F.);
#11857 = ORIENTED_EDGE('',*,*,#11785,.T.);
#11858 = ORIENTED_EDGE('',*,*,#11859,.T.);
#11859 = EDGE_CURVE('',#11763,#7247,#11860,.T.);
#11860 = SURFACE_CURVE('',#11861,(#11865,#11872),.PCURVE_S1.);
#11861 = LINE('',#11862,#11863);
#11862 = CARTESIAN_POINT('',(-161.345,26.042604457824,2.216235790038));
#11863 = VECTOR('',#11864,1.);
#11864 = DIRECTION('',(-0.,-0.483718887105,-0.875223421909));
#11865 = PCURVE('',#9996,#11866);
#11866 = DEFINITIONAL_REPRESENTATION('',(#11867),#11871);
#11867 = LINE('',#11868,#11869);
#11868 = CARTESIAN_POINT('',(-34.94540872829,-0.413447331324));
#11869 = VECTOR('',#11870,1.);
#11870 = DIRECTION('',(-1.,0.));
#11871 = ( GEOMETRIC_REPRESENTATION_CONTEXT(2) 
PARAMETRIC_REPRESENTATION_CONTEXT() REPRESENTATION_CONTEXT('2D SPACE',''
  ) );
#11872 = PCURVE('',#11444,#11873);
#11873 = DEFINITIONAL_REPRESENTATION('',(#11874),#11878);
#11874 = LINE('',#11875,#11876);
#11875 = CARTESIAN_POINT('',(-1.216235790038,-70.04260445782));
#11876 = VECTOR('',#11877,1.);
#11877 = DIRECTION('',(0.875223421909,0.483718887105));
#11878 = ( GEOMETRIC_REPRESENTATION_CONTEXT(2) 
PARAMETRIC_REPRESENTATION_CONTEXT() REPRESENTATION_CONTEXT('2D SPACE',''
  ) );
#11879 = ADVANCED_FACE('',(#11880),#10027,.T.);
#11880 = FACE_BOUND('',#11881,.F.);
#11881 = EDGE_LOOP('',(#11882,#11883,#11904));
#11882 = ORIENTED_EDGE('',*,*,#10013,.F.);
#11883 = ORIENTED_EDGE('',*,*,#11884,.T.);
#11884 = EDGE_CURVE('',#7300,#11811,#11885,.T.);
#11885 = SURFACE_CURVE('',#11886,(#11890,#11897),.PCURVE_S1.);
#11886 = LINE('',#11887,#11888);
#11887 = CARTESIAN_POINT('',(-161.345,41.363961030679,43.363961030679));
#11888 = VECTOR('',#11889,1.);
#11889 = DIRECTION('',(-0.,0.666346577952,-0.745642164883));
#11890 = PCURVE('',#10027,#11891);
#11891 = DEFINITIONAL_REPRESENTATION('',(#11892),#11896);
#11892 = LINE('',#11893,#11894);
#11893 = CARTESIAN_POINT('',(0.489405714091,-0.55555254745));
#11894 = VECTOR('',#11895,1.);
#11895 = DIRECTION('',(-1.,-5.916456789158E-30));
#11896 = ( GEOMETRIC_REPRESENTATION_CONTEXT(2) 
PARAMETRIC_REPRESENTATION_CONTEXT() REPRESENTATION_CONTEXT('2D SPACE',''
  ) );
#11897 = PCURVE('',#11444,#11898);
#11898 = DEFINITIONAL_REPRESENTATION('',(#11899),#11903);
#11899 = LINE('',#11900,#11901);
#11900 = CARTESIAN_POINT('',(-42.36396103067,-85.36396103067));
#11901 = VECTOR('',#11902,1.);
#11902 = DIRECTION('',(0.745642164883,-0.666346577952));
#11903 = ( GEOMETRIC_REPRESENTATION_CONTEXT(2) 
PARAMETRIC_REPRESENTATION_CONTEXT() REPRESENTATION_CONTEXT('2D SPACE',''
  ) );
#11904 = ORIENTED_EDGE('',*,*,#11810,.F.);
#11905 = ADVANCED_FACE('',(#11906),#10058,.T.);
#11906 = FACE_BOUND('',#11907,.F.);
#11907 = EDGE_LOOP('',(#11908,#11909,#11932));
#11908 = ORIENTED_EDGE('',*,*,#10044,.F.);
#11909 = ORIENTED_EDGE('',*,*,#11910,.T.);
#11910 = EDGE_CURVE('',#7247,#11911,#11913,.T.);
#11911 = VERTEX_POINT('',#11912);
#11912 = CARTESIAN_POINT('',(-161.345,42.036483342212,31.388591783271));
#11913 = SURFACE_CURVE('',#11914,(#11918,#11925),.PCURVE_S1.);
#11914 = LINE('',#11915,#11916);
#11915 = CARTESIAN_POINT('',(-161.345,42.620517793055,32.211711311362));
#11916 = VECTOR('',#11917,1.);
#11917 = DIRECTION('',(-0.,-0.57867129618,-0.815560868959));
#11918 = PCURVE('',#10058,#11919);
#11919 = DEFINITIONAL_REPRESENTATION('',(#11920),#11924);
#11920 = LINE('',#11921,#11922);
#11921 = CARTESIAN_POINT('',(0.489405714091,-0.55555254745));
#11922 = VECTOR('',#11923,1.);
#11923 = DIRECTION('',(-1.,1.350529869738E-27));
#11924 = ( GEOMETRIC_REPRESENTATION_CONTEXT(2) 
PARAMETRIC_REPRESENTATION_CONTEXT() REPRESENTATION_CONTEXT('2D SPACE',''
  ) );
#11925 = PCURVE('',#11444,#11926);
#11926 = DEFINITIONAL_REPRESENTATION('',(#11927),#11931);
#11927 = LINE('',#11928,#11929);
#11928 = CARTESIAN_POINT('',(-31.21171131136,-86.62051779305));
#11929 = VECTOR('',#11930,1.);
#11930 = DIRECTION('',(0.815560868959,0.57867129618));
#11931 = ( GEOMETRIC_REPRESENTATION_CONTEXT(2) 
PARAMETRIC_REPRESENTATION_CONTEXT() REPRESENTATION_CONTEXT('2D SPACE',''
  ) );
#11932 = ORIENTED_EDGE('',*,*,#11933,.F.);
#11933 = EDGE_CURVE('',#7353,#11911,#11934,.T.);
#11934 = SURFACE_CURVE('',#11935,(#11939,#11946),.PCURVE_S1.);
#11935 = LINE('',#11936,#11937);
#11936 = CARTESIAN_POINT('',(-162.545,42.036483342212,31.388591783271));
#11937 = VECTOR('',#11938,1.);
#11938 = DIRECTION('',(1.,-0.,-0.));
#11939 = PCURVE('',#10058,#11940);
#11940 = DEFINITIONAL_REPRESENTATION('',(#11941),#11945);
#11941 = LINE('',#11942,#11943);
#11942 = CARTESIAN_POINT('',(-0.519862336179,0.64444745255));
#11943 = VECTOR('',#11944,1.);
#11944 = DIRECTION('',(-0.,-1.));
#11945 = ( GEOMETRIC_REPRESENTATION_CONTEXT(2) 
PARAMETRIC_REPRESENTATION_CONTEXT() REPRESENTATION_CONTEXT('2D SPACE',''
  ) );
#11946 = PCURVE('',#10120,#11947);
#11947 = DEFINITIONAL_REPRESENTATION('',(#11948),#11952);
#11948 = LINE('',#11949,#11950);
#11949 = CARTESIAN_POINT('',(0.335651838573,0.786552668676));
#11950 = VECTOR('',#11951,1.);
#11951 = DIRECTION('',(-0.,-1.));
#11952 = ( GEOMETRIC_REPRESENTATION_CONTEXT(2) 
PARAMETRIC_REPRESENTATION_CONTEXT() REPRESENTATION_CONTEXT('2D SPACE',''
  ) );
#11953 = ADVANCED_FACE('',(#11954),#10089,.T.);
#11954 = FACE_BOUND('',#11955,.F.);
#11955 = EDGE_LOOP('',(#11956,#11957,#11980));
#11956 = ORIENTED_EDGE('',*,*,#10075,.F.);
#11957 = ORIENTED_EDGE('',*,*,#11958,.T.);
#11958 = EDGE_CURVE('',#7406,#11959,#11961,.T.);
#11959 = VERTEX_POINT('',#11960);
#11960 = CARTESIAN_POINT('',(-161.345,40.611408216729,44.036483342212));
#11961 = SURFACE_CURVE('',#11962,(#11966,#11973),.PCURVE_S1.);
#11962 = LINE('',#11963,#11964);
#11963 = CARTESIAN_POINT('',(-162.545,40.611408216729,44.036483342212));
#11964 = VECTOR('',#11965,1.);
#11965 = DIRECTION('',(1.,-0.,-0.));
#11966 = PCURVE('',#10089,#11967);
#11967 = DEFINITIONAL_REPRESENTATION('',(#11968),#11972);
#11968 = LINE('',#11969,#11970);
#11969 = CARTESIAN_POINT('',(-0.335651838573,-0.786552668676));
#11970 = VECTOR('',#11971,1.);
#11971 = DIRECTION('',(-2.465190328816E-32,1.));
#11972 = ( GEOMETRIC_REPRESENTATION_CONTEXT(2) 
PARAMETRIC_REPRESENTATION_CONTEXT() REPRESENTATION_CONTEXT('2D SPACE',''
  ) );
#11973 = PCURVE('',#10151,#11974);
#11974 = DEFINITIONAL_REPRESENTATION('',(#11975),#11979);
#11975 = LINE('',#11976,#11977);
#11976 = CARTESIAN_POINT('',(0.519862336179,-0.64444745255));
#11977 = VECTOR('',#11978,1.);
#11978 = DIRECTION('',(-0.,1.));
#11979 = ( GEOMETRIC_REPRESENTATION_CONTEXT(2) 
PARAMETRIC_REPRESENTATION_CONTEXT() REPRESENTATION_CONTEXT('2D SPACE',''
  ) );
#11980 = ORIENTED_EDGE('',*,*,#11981,.T.);
#11981 = EDGE_CURVE('',#11959,#7300,#11982,.T.);
#11982 = SURFACE_CURVE('',#11983,(#11987,#11994),.PCURVE_S1.);
#11983 = LINE('',#11984,#11985);
#11984 = CARTESIAN_POINT('',(-161.345,27.906795987995,55.390018967642));
#11985 = VECTOR('',#11986,1.);
#11986 = DIRECTION('',(-0.,0.745642164883,-0.666346577952));
#11987 = PCURVE('',#10089,#11988);
#11988 = DEFINITIONAL_REPRESENTATION('',(#11989),#11993);
#11989 = LINE('',#11990,#11991);
#11990 = CARTESIAN_POINT('',(-17.37413601646,0.413447331324));
#11991 = VECTOR('',#11992,1.);
#11992 = DIRECTION('',(1.,1.232595164408E-32));
#11993 = ( GEOMETRIC_REPRESENTATION_CONTEXT(2) 
PARAMETRIC_REPRESENTATION_CONTEXT() REPRESENTATION_CONTEXT('2D SPACE',''
  ) );
#11994 = PCURVE('',#11444,#11995);
#11995 = DEFINITIONAL_REPRESENTATION('',(#11996),#12000);
#11996 = LINE('',#11997,#11998);
#11997 = CARTESIAN_POINT('',(-54.39001896764,-71.90679598799));
#11998 = VECTOR('',#11999,1.);
#11999 = DIRECTION('',(0.666346577952,-0.745642164883));
#12000 = ( GEOMETRIC_REPRESENTATION_CONTEXT(2) 
PARAMETRIC_REPRESENTATION_CONTEXT() REPRESENTATION_CONTEXT('2D SPACE',''
  ) );
#12001 = ADVANCED_FACE('',(#12002),#10120,.T.);
#12002 = FACE_BOUND('',#12003,.F.);
#12003 = EDGE_LOOP('',(#12004,#12005,#12006));
#12004 = ORIENTED_EDGE('',*,*,#10106,.F.);
#12005 = ORIENTED_EDGE('',*,*,#11933,.T.);
#12006 = ORIENTED_EDGE('',*,*,#12007,.T.);
#12007 = EDGE_CURVE('',#11911,#7459,#12008,.T.);
#12008 = SURFACE_CURVE('',#12009,(#12013,#12020),.PCURVE_S1.);
#12009 = LINE('',#12010,#12011);
#12010 = CARTESIAN_POINT('',(-161.345,15.274411051322,1.441819067682));
#12011 = VECTOR('',#12012,1.);
#12012 = DIRECTION('',(-0.,-0.666346577952,-0.745642164883));
#12013 = PCURVE('',#10120,#12014);
#12014 = DEFINITIONAL_REPRESENTATION('',(#12015),#12019);
#12015 = LINE('',#12016,#12017);
#12016 = CARTESIAN_POINT('',(-39.82673989028,-0.413447331324));
#12017 = VECTOR('',#12018,1.);
#12018 = DIRECTION('',(-1.,0.));
#12019 = ( GEOMETRIC_REPRESENTATION_CONTEXT(2) 
PARAMETRIC_REPRESENTATION_CONTEXT() REPRESENTATION_CONTEXT('2D SPACE',''
  ) );
#12020 = PCURVE('',#11444,#12021);
#12021 = DEFINITIONAL_REPRESENTATION('',(#12022),#12026);
#12022 = LINE('',#12023,#12024);
#12023 = CARTESIAN_POINT('',(-0.441819067682,-59.27441105132));
#12024 = VECTOR('',#12025,1.);
#12025 = DIRECTION('',(0.745642164883,0.666346577952));
#12026 = ( GEOMETRIC_REPRESENTATION_CONTEXT(2) 
PARAMETRIC_REPRESENTATION_CONTEXT() REPRESENTATION_CONTEXT('2D SPACE',''
  ) );
#12027 = ADVANCED_FACE('',(#12028),#10151,.T.);
#12028 = FACE_BOUND('',#12029,.F.);
#12029 = EDGE_LOOP('',(#12030,#12031,#12052));
#12030 = ORIENTED_EDGE('',*,*,#10137,.F.);
#12031 = ORIENTED_EDGE('',*,*,#12032,.T.);
#12032 = EDGE_CURVE('',#7512,#11959,#12033,.T.);
#12033 = SURFACE_CURVE('',#12034,(#12038,#12045),.PCURVE_S1.);
#12034 = LINE('',#12035,#12036);
#12035 = CARTESIAN_POINT('',(-161.345,39.788288688638,44.620517793055));
#12036 = VECTOR('',#12037,1.);
#12037 = DIRECTION('',(-0.,0.815560868959,-0.57867129618));
#12038 = PCURVE('',#10151,#12039);
#12039 = DEFINITIONAL_REPRESENTATION('',(#12040),#12044);
#12040 = LINE('',#12041,#12042);
#12041 = CARTESIAN_POINT('',(-0.489405714091,0.55555254745));
#12042 = VECTOR('',#12043,1.);
#12043 = DIRECTION('',(1.,-3.116000575623E-29));
#12044 = ( GEOMETRIC_REPRESENTATION_CONTEXT(2) 
PARAMETRIC_REPRESENTATION_CONTEXT() REPRESENTATION_CONTEXT('2D SPACE',''
  ) );
#12045 = PCURVE('',#11444,#12046);
#12046 = DEFINITIONAL_REPRESENTATION('',(#12047),#12051);
#12047 = LINE('',#12048,#12049);
#12048 = CARTESIAN_POINT('',(-43.62051779305,-83.78828868863));
#12049 = VECTOR('',#12050,1.);
#12050 = DIRECTION('',(0.57867129618,-0.815560868959));
#12051 = ( GEOMETRIC_REPRESENTATION_CONTEXT(2) 
PARAMETRIC_REPRESENTATION_CONTEXT() REPRESENTATION_CONTEXT('2D SPACE',''
  ) );
#12052 = ORIENTED_EDGE('',*,*,#11958,.F.);
#12053 = ADVANCED_FACE('',(#12054),#10182,.T.);
#12054 = FACE_BOUND('',#12055,.F.);
#12055 = EDGE_LOOP('',(#12056,#12057,#12080));
#12056 = ORIENTED_EDGE('',*,*,#10168,.F.);
#12057 = ORIENTED_EDGE('',*,*,#12058,.T.);
#12058 = EDGE_CURVE('',#7459,#12059,#12061,.T.);
#12059 = VERTEX_POINT('',#12060);
#12060 = CARTESIAN_POINT('',(-161.345,40.611408216729,29.963516657788));
#12061 = SURFACE_CURVE('',#12062,(#12066,#12073),.PCURVE_S1.);
#12062 = LINE('',#12063,#12064);
#12063 = CARTESIAN_POINT('',(-161.345,41.363961030679,30.636038969321));
#12064 = VECTOR('',#12065,1.);
#12065 = DIRECTION('',(-0.,-0.745642164883,-0.666346577952));
#12066 = PCURVE('',#10182,#12067);
#12067 = DEFINITIONAL_REPRESENTATION('',(#12068),#12072);
#12068 = LINE('',#12069,#12070);
#12069 = CARTESIAN_POINT('',(-0.489405714091,0.55555254745));
#12070 = VECTOR('',#12071,1.);
#12071 = DIRECTION('',(1.,-2.674238468699E-28));
#12072 = ( GEOMETRIC_REPRESENTATION_CONTEXT(2) 
PARAMETRIC_REPRESENTATION_CONTEXT() REPRESENTATION_CONTEXT('2D SPACE',''
  ) );
#12073 = PCURVE('',#11444,#12074);
#12074 = DEFINITIONAL_REPRESENTATION('',(#12075),#12079);
#12075 = LINE('',#12076,#12077);
#12076 = CARTESIAN_POINT('',(-29.63603896932,-85.36396103067));
#12077 = VECTOR('',#12078,1.);
#12078 = DIRECTION('',(0.666346577952,0.745642164883));
#12079 = ( GEOMETRIC_REPRESENTATION_CONTEXT(2) 
PARAMETRIC_REPRESENTATION_CONTEXT() REPRESENTATION_CONTEXT('2D SPACE',''
  ) );
#12080 = ORIENTED_EDGE('',*,*,#12081,.F.);
#12081 = EDGE_CURVE('',#7565,#12059,#12082,.T.);
#12082 = SURFACE_CURVE('',#12083,(#12087,#12094),.PCURVE_S1.);
#12083 = LINE('',#12084,#12085);
#12084 = CARTESIAN_POINT('',(-162.545,40.611408216729,29.963516657788));
#12085 = VECTOR('',#12086,1.);
#12086 = DIRECTION('',(1.,-0.,-0.));
#12087 = PCURVE('',#10182,#12088);
#12088 = DEFINITIONAL_REPRESENTATION('',(#12089),#12093);
#12089 = LINE('',#12090,#12091);
#12090 = CARTESIAN_POINT('',(0.519862336179,-0.64444745255));
#12091 = VECTOR('',#12092,1.);
#12092 = DIRECTION('',(-0.,1.));
#12093 = ( GEOMETRIC_REPRESENTATION_CONTEXT(2) 
PARAMETRIC_REPRESENTATION_CONTEXT() REPRESENTATION_CONTEXT('2D SPACE',''
  ) );
#12094 = PCURVE('',#10244,#12095);
#12095 = DEFINITIONAL_REPRESENTATION('',(#12096),#12100);
#12096 = LINE('',#12097,#12098);
#12097 = CARTESIAN_POINT('',(-0.335651838573,-0.786552668676));
#12098 = VECTOR('',#12099,1.);
#12099 = DIRECTION('',(-0.,1.));
#12100 = ( GEOMETRIC_REPRESENTATION_CONTEXT(2) 
PARAMETRIC_REPRESENTATION_CONTEXT() REPRESENTATION_CONTEXT('2D SPACE',''
  ) );
#12101 = ADVANCED_FACE('',(#12102),#10213,.T.);
#12102 = FACE_BOUND('',#12103,.F.);
#12103 = EDGE_LOOP('',(#12104,#12105,#12128));
#12104 = ORIENTED_EDGE('',*,*,#10199,.F.);
#12105 = ORIENTED_EDGE('',*,*,#12106,.T.);
#12106 = EDGE_CURVE('',#7618,#12107,#12109,.T.);
#12107 = VERTEX_POINT('',#12108);
#12108 = CARTESIAN_POINT('',(-161.345,38.904953652058,45.108719811122));
#12109 = SURFACE_CURVE('',#12110,(#12114,#12121),.PCURVE_S1.);
#12110 = LINE('',#12111,#12112);
#12111 = CARTESIAN_POINT('',(-162.545,38.904953652058,45.108719811122));
#12112 = VECTOR('',#12113,1.);
#12113 = DIRECTION('',(1.,-0.,-0.));
#12114 = PCURVE('',#10213,#12115);
#12115 = DEFINITIONAL_REPRESENTATION('',(#12116),#12120);
#12116 = LINE('',#12117,#12118);
#12117 = CARTESIAN_POINT('',(-0.335651838573,-0.786552668676));
#12118 = VECTOR('',#12119,1.);
#12119 = DIRECTION('',(-0.,1.));
#12120 = ( GEOMETRIC_REPRESENTATION_CONTEXT(2) 
PARAMETRIC_REPRESENTATION_CONTEXT() REPRESENTATION_CONTEXT('2D SPACE',''
  ) );
#12121 = PCURVE('',#10275,#12122);
#12122 = DEFINITIONAL_REPRESENTATION('',(#12123),#12127);
#12123 = LINE('',#12124,#12125);
#12124 = CARTESIAN_POINT('',(0.519862336179,-0.64444745255));
#12125 = VECTOR('',#12126,1.);
#12126 = DIRECTION('',(-0.,1.));
#12127 = ( GEOMETRIC_REPRESENTATION_CONTEXT(2) 
PARAMETRIC_REPRESENTATION_CONTEXT() REPRESENTATION_CONTEXT('2D SPACE',''
  ) );
#12128 = ORIENTED_EDGE('',*,*,#12129,.T.);
#12129 = EDGE_CURVE('',#12107,#7512,#12130,.T.);
#12130 = SURFACE_CURVE('',#12131,(#12135,#12142),.PCURVE_S1.);
#12131 = LINE('',#12132,#12133);
#12132 = CARTESIAN_POINT('',(-161.345,16.635556868443,57.416580363097));
#12133 = VECTOR('',#12134,1.);
#12134 = DIRECTION('',(-0.,0.875223421909,-0.483718887105));
#12135 = PCURVE('',#10213,#12136);
#12136 = DEFINITIONAL_REPRESENTATION('',(#12137),#12141);
#12137 = LINE('',#12138,#12139);
#12138 = CARTESIAN_POINT('',(-25.77989410422,0.413447331324));
#12139 = VECTOR('',#12140,1.);
#12140 = DIRECTION('',(1.,-0.));
#12141 = ( GEOMETRIC_REPRESENTATION_CONTEXT(2) 
PARAMETRIC_REPRESENTATION_CONTEXT() REPRESENTATION_CONTEXT('2D SPACE',''
  ) );
#12142 = PCURVE('',#11444,#12143);
#12143 = DEFINITIONAL_REPRESENTATION('',(#12144),#12148);
#12144 = LINE('',#12145,#12146);
#12145 = CARTESIAN_POINT('',(-56.41658036309,-60.63555686844));
#12146 = VECTOR('',#12147,1.);
#12147 = DIRECTION('',(0.483718887105,-0.875223421909));
#12148 = ( GEOMETRIC_REPRESENTATION_CONTEXT(2) 
PARAMETRIC_REPRESENTATION_CONTEXT() REPRESENTATION_CONTEXT('2D SPACE',''
  ) );
#12149 = ADVANCED_FACE('',(#12150),#10244,.T.);
#12150 = FACE_BOUND('',#12151,.F.);
#12151 = EDGE_LOOP('',(#12152,#12153,#12154));
#12152 = ORIENTED_EDGE('',*,*,#10230,.F.);
#12153 = ORIENTED_EDGE('',*,*,#12081,.T.);
#12154 = ORIENTED_EDGE('',*,*,#12155,.T.);
#12155 = EDGE_CURVE('',#12059,#7671,#12156,.T.);
#12156 = SURFACE_CURVE('',#12157,(#12161,#12168),.PCURVE_S1.);
#12157 = LINE('',#12158,#12159);
#12158 = CARTESIAN_POINT('',(-161.345,5.500794635749,5.051207786837));
#12159 = VECTOR('',#12160,1.);
#12160 = DIRECTION('',(-0.,-0.815560868959,-0.57867129618));
#12161 = PCURVE('',#10244,#12162);
#12162 = DEFINITIONAL_REPRESENTATION('',(#12163),#12167);
#12163 = LINE('',#12164,#12165);
#12164 = CARTESIAN_POINT('',(42.715228748408,0.413447331324));
#12165 = VECTOR('',#12166,1.);
#12166 = DIRECTION('',(1.,-6.162975822039E-33));
#12167 = ( GEOMETRIC_REPRESENTATION_CONTEXT(2) 
PARAMETRIC_REPRESENTATION_CONTEXT() REPRESENTATION_CONTEXT('2D SPACE',''
  ) );
#12168 = PCURVE('',#11444,#12169);
#12169 = DEFINITIONAL_REPRESENTATION('',(#12170),#12174);
#12170 = LINE('',#12171,#12172);
#12171 = CARTESIAN_POINT('',(-4.051207786837,-49.50079463574));
#12172 = VECTOR('',#12173,1.);
#12173 = DIRECTION('',(0.57867129618,0.815560868959));
#12174 = ( GEOMETRIC_REPRESENTATION_CONTEXT(2) 
PARAMETRIC_REPRESENTATION_CONTEXT() REPRESENTATION_CONTEXT('2D SPACE',''
  ) );
#12175 = ADVANCED_FACE('',(#12176),#10275,.T.);
#12176 = FACE_BOUND('',#12177,.F.);
#12177 = EDGE_LOOP('',(#12178,#12179,#12200));
#12178 = ORIENTED_EDGE('',*,*,#10261,.F.);
#12179 = ORIENTED_EDGE('',*,*,#12180,.T.);
#12180 = EDGE_CURVE('',#7724,#12107,#12181,.T.);
#12181 = SURFACE_CURVE('',#12182,(#12186,#12193),.PCURVE_S1.);
#12182 = LINE('',#12183,#12184);
#12183 = CARTESIAN_POINT('',(-161.345,37.972511557597,45.494949972775));
#12184 = VECTOR('',#12185,1.);
#12185 = DIRECTION('',(-0.,0.923879532511,-0.382683432365));
#12186 = PCURVE('',#10275,#12187);
#12187 = DEFINITIONAL_REPRESENTATION('',(#12188),#12192);
#12188 = LINE('',#12189,#12190);
#12189 = CARTESIAN_POINT('',(-0.489405714091,0.55555254745));
#12190 = VECTOR('',#12191,1.);
#12191 = DIRECTION('',(1.,-5.727130171905E-28));
#12192 = ( GEOMETRIC_REPRESENTATION_CONTEXT(2) 
PARAMETRIC_REPRESENTATION_CONTEXT() REPRESENTATION_CONTEXT('2D SPACE',''
  ) );
#12193 = PCURVE('',#11444,#12194);
#12194 = DEFINITIONAL_REPRESENTATION('',(#12195),#12199);
#12195 = LINE('',#12196,#12197);
#12196 = CARTESIAN_POINT('',(-44.49494997277,-81.97251155759));
#12197 = VECTOR('',#12198,1.);
#12198 = DIRECTION('',(0.382683432365,-0.923879532511));
#12199 = ( GEOMETRIC_REPRESENTATION_CONTEXT(2) 
PARAMETRIC_REPRESENTATION_CONTEXT() REPRESENTATION_CONTEXT('2D SPACE',''
  ) );
#12200 = ORIENTED_EDGE('',*,*,#12106,.F.);
#12201 = ADVANCED_FACE('',(#12202),#10306,.T.);
#12202 = FACE_BOUND('',#12203,.F.);
#12203 = EDGE_LOOP('',(#12204,#12205,#12228));
#12204 = ORIENTED_EDGE('',*,*,#10292,.F.);
#12205 = ORIENTED_EDGE('',*,*,#12206,.T.);
#12206 = EDGE_CURVE('',#7671,#12207,#12209,.T.);
#12207 = VERTEX_POINT('',#12208);
#12208 = CARTESIAN_POINT('',(-161.345,38.904953652058,28.891280188878));
#12209 = SURFACE_CURVE('',#12210,(#12214,#12221),.PCURVE_S1.);
#12210 = LINE('',#12211,#12212);
#12211 = CARTESIAN_POINT('',(-161.345,39.788288688638,29.379482206945));
#12212 = VECTOR('',#12213,1.);
#12213 = DIRECTION('',(-0.,-0.875223421909,-0.483718887105));
#12214 = PCURVE('',#10306,#12215);
#12215 = DEFINITIONAL_REPRESENTATION('',(#12216),#12220);
#12216 = LINE('',#12217,#12218);
#12217 = CARTESIAN_POINT('',(-0.489405714091,0.55555254745));
#12218 = VECTOR('',#12219,1.);
#12219 = DIRECTION('',(1.,-5.963788443471E-28));
#12220 = ( GEOMETRIC_REPRESENTATION_CONTEXT(2) 
PARAMETRIC_REPRESENTATION_CONTEXT() REPRESENTATION_CONTEXT('2D SPACE',''
  ) );
#12221 = PCURVE('',#11444,#12222);
#12222 = DEFINITIONAL_REPRESENTATION('',(#12223),#12227);
#12223 = LINE('',#12224,#12225);
#12224 = CARTESIAN_POINT('',(-28.37948220694,-83.78828868863));
#12225 = VECTOR('',#12226,1.);
#12226 = DIRECTION('',(0.483718887105,0.875223421909));
#12227 = ( GEOMETRIC_REPRESENTATION_CONTEXT(2) 
PARAMETRIC_REPRESENTATION_CONTEXT() REPRESENTATION_CONTEXT('2D SPACE',''
  ) );
#12228 = ORIENTED_EDGE('',*,*,#12229,.F.);
#12229 = EDGE_CURVE('',#7777,#12207,#12230,.T.);
#12230 = SURFACE_CURVE('',#12231,(#12235,#12242),.PCURVE_S1.);
#12231 = LINE('',#12232,#12233);
#12232 = CARTESIAN_POINT('',(-162.545,38.904953652058,28.891280188878));
#12233 = VECTOR('',#12234,1.);
#12234 = DIRECTION('',(1.,-0.,-0.));
#12235 = PCURVE('',#10306,#12236);
#12236 = DEFINITIONAL_REPRESENTATION('',(#12237),#12241);
#12237 = LINE('',#12238,#12239);
#12238 = CARTESIAN_POINT('',(0.519862336179,-0.64444745255));
#12239 = VECTOR('',#12240,1.);
#12240 = DIRECTION('',(-0.,1.));
#12241 = ( GEOMETRIC_REPRESENTATION_CONTEXT(2) 
PARAMETRIC_REPRESENTATION_CONTEXT() REPRESENTATION_CONTEXT('2D SPACE',''
  ) );
#12242 = PCURVE('',#10368,#12243);
#12243 = DEFINITIONAL_REPRESENTATION('',(#12244),#12248);
#12244 = LINE('',#12245,#12246);
#12245 = CARTESIAN_POINT('',(-0.335651838573,-0.786552668676));
#12246 = VECTOR('',#12247,1.);
#12247 = DIRECTION('',(-0.,1.));
#12248 = ( GEOMETRIC_REPRESENTATION_CONTEXT(2) 
PARAMETRIC_REPRESENTATION_CONTEXT() REPRESENTATION_CONTEXT('2D SPACE',''
  ) );
#12249 = ADVANCED_FACE('',(#12250),#10337,.T.);
#12250 = FACE_BOUND('',#12251,.F.);
#12251 = EDGE_LOOP('',(#12252,#12253,#12276));
#12252 = ORIENTED_EDGE('',*,*,#10323,.F.);
#12253 = ORIENTED_EDGE('',*,*,#12254,.T.);
#12254 = EDGE_CURVE('',#7830,#12255,#12257,.T.);
#12255 = VERTEX_POINT('',#12256);
#12256 = CARTESIAN_POINT('',(-161.345,37.002688405607,45.774351209636));
#12257 = SURFACE_CURVE('',#12258,(#12262,#12269),.PCURVE_S1.);
#12258 = LINE('',#12259,#12260);
#12259 = CARTESIAN_POINT('',(-162.545,37.002688405607,45.774351209636));
#12260 = VECTOR('',#12261,1.);
#12261 = DIRECTION('',(1.,-0.,-0.));
#12262 = PCURVE('',#10337,#12263);
#12263 = DEFINITIONAL_REPRESENTATION('',(#12264),#12268);
#12264 = LINE('',#12265,#12266);
#12265 = CARTESIAN_POINT('',(-0.335651838573,-0.786552668676));
#12266 = VECTOR('',#12267,1.);
#12267 = DIRECTION('',(-0.,1.));
#12268 = ( GEOMETRIC_REPRESENTATION_CONTEXT(2) 
PARAMETRIC_REPRESENTATION_CONTEXT() REPRESENTATION_CONTEXT('2D SPACE',''
  ) );
#12269 = PCURVE('',#10399,#12270);
#12270 = DEFINITIONAL_REPRESENTATION('',(#12271),#12275);
#12271 = LINE('',#12272,#12273);
#12272 = CARTESIAN_POINT('',(0.519862336179,-0.64444745255));
#12273 = VECTOR('',#12274,1.);
#12274 = DIRECTION('',(-0.,1.));
#12275 = ( GEOMETRIC_REPRESENTATION_CONTEXT(2) 
PARAMETRIC_REPRESENTATION_CONTEXT() REPRESENTATION_CONTEXT('2D SPACE',''
  ) );
#12276 = ORIENTED_EDGE('',*,*,#12277,.T.);
#12277 = EDGE_CURVE('',#12255,#7724,#12278,.T.);
#12278 = SURFACE_CURVE('',#12279,(#12283,#12290),.PCURVE_S1.);
#12279 = LINE('',#12280,#12281);
#12280 = CARTESIAN_POINT('',(-161.345,5.721896780397,54.786192030458));
#12281 = VECTOR('',#12282,1.);
#12282 = DIRECTION('',(-0.,0.960917321945,-0.276835511425));
#12283 = PCURVE('',#10337,#12284);
#12284 = DEFINITIONAL_REPRESENTATION('',(#12285),#12289);
#12285 = LINE('',#12286,#12287);
#12286 = CARTESIAN_POINT('',(-32.8887039179,0.413447331324));
#12287 = VECTOR('',#12288,1.);
#12288 = DIRECTION('',(1.,-0.));
#12289 = ( GEOMETRIC_REPRESENTATION_CONTEXT(2) 
PARAMETRIC_REPRESENTATION_CONTEXT() REPRESENTATION_CONTEXT('2D SPACE',''
  ) );
#12290 = PCURVE('',#11444,#12291);
#12291 = DEFINITIONAL_REPRESENTATION('',(#12292),#12296);
#12292 = LINE('',#12293,#12294);
#12293 = CARTESIAN_POINT('',(-53.78619203045,-49.72189678039));
#12294 = VECTOR('',#12295,1.);
#12295 = DIRECTION('',(0.276835511425,-0.960917321945));
#12296 = ( GEOMETRIC_REPRESENTATION_CONTEXT(2) 
PARAMETRIC_REPRESENTATION_CONTEXT() REPRESENTATION_CONTEXT('2D SPACE',''
  ) );
#12297 = ADVANCED_FACE('',(#12298),#10368,.T.);
#12298 = FACE_BOUND('',#12299,.F.);
#12299 = EDGE_LOOP('',(#12300,#12301,#12302));
#12300 = ORIENTED_EDGE('',*,*,#10354,.F.);
#12301 = ORIENTED_EDGE('',*,*,#12229,.T.);
#12302 = ORIENTED_EDGE('',*,*,#12303,.T.);
#12303 = EDGE_CURVE('',#12207,#7883,#12304,.T.);
#12304 = SURFACE_CURVE('',#12305,(#12309,#12316),.PCURVE_S1.);
#12305 = LINE('',#12306,#12307);
#12306 = CARTESIAN_POINT('',(-161.345,-1.562527762524,12.129100551877));
#12307 = VECTOR('',#12308,1.);
#12308 = DIRECTION('',(-0.,-0.923879532511,-0.382683432365));
#12309 = PCURVE('',#10368,#12310);
#12310 = DEFINITIONAL_REPRESENTATION('',(#12311),#12315);
#12311 = LINE('',#12312,#12313);
#12312 = CARTESIAN_POINT('',(43.466034410048,0.413447331324));
#12313 = VECTOR('',#12314,1.);
#12314 = DIRECTION('',(1.,-0.));
#12315 = ( GEOMETRIC_REPRESENTATION_CONTEXT(2) 
PARAMETRIC_REPRESENTATION_CONTEXT() REPRESENTATION_CONTEXT('2D SPACE',''
  ) );
#12316 = PCURVE('',#11444,#12317);
#12317 = DEFINITIONAL_REPRESENTATION('',(#12318),#12322);
#12318 = LINE('',#12319,#12320);
#12319 = CARTESIAN_POINT('',(-11.12910055187,-42.43747223747));
#12320 = VECTOR('',#12321,1.);
#12321 = DIRECTION('',(0.382683432365,0.923879532511));
#12322 = ( GEOMETRIC_REPRESENTATION_CONTEXT(2) 
PARAMETRIC_REPRESENTATION_CONTEXT() REPRESENTATION_CONTEXT('2D SPACE',''
  ) );
#12323 = ADVANCED_FACE('',(#12324),#10399,.T.);
#12324 = FACE_BOUND('',#12325,.F.);
#12325 = EDGE_LOOP('',(#12326,#12327,#12348));
#12326 = ORIENTED_EDGE('',*,*,#10385,.F.);
#12327 = ORIENTED_EDGE('',*,*,#12328,.T.);
#12328 = EDGE_CURVE('',#7936,#12255,#12329,.T.);
#12329 = SURFACE_CURVE('',#12330,(#12334,#12341),.PCURVE_S1.);
#12330 = LINE('',#12331,#12332);
#12331 = CARTESIAN_POINT('',(-161.345,36.00768028493,45.943409889039));
#12332 = VECTOR('',#12333,1.);
#12333 = DIRECTION('',(-0.,0.985871018518,-0.167506223305));
#12334 = PCURVE('',#10399,#12335);
#12335 = DEFINITIONAL_REPRESENTATION('',(#12336),#12340);
#12336 = LINE('',#12337,#12338);
#12337 = CARTESIAN_POINT('',(-0.489405714091,0.55555254745));
#12338 = VECTOR('',#12339,1.);
#12339 = DIRECTION('',(1.,-2.987810678525E-29));
#12340 = ( GEOMETRIC_REPRESENTATION_CONTEXT(2) 
PARAMETRIC_REPRESENTATION_CONTEXT() REPRESENTATION_CONTEXT('2D SPACE',''
  ) );
#12341 = PCURVE('',#11444,#12342);
#12342 = DEFINITIONAL_REPRESENTATION('',(#12343),#12347);
#12343 = LINE('',#12344,#12345);
#12344 = CARTESIAN_POINT('',(-44.94340988903,-80.00768028493));
#12345 = VECTOR('',#12346,1.);
#12346 = DIRECTION('',(0.167506223305,-0.985871018518));
#12347 = ( GEOMETRIC_REPRESENTATION_CONTEXT(2) 
PARAMETRIC_REPRESENTATION_CONTEXT() REPRESENTATION_CONTEXT('2D SPACE',''
  ) );
#12348 = ORIENTED_EDGE('',*,*,#12254,.F.);
#12349 = ADVANCED_FACE('',(#12350),#10430,.T.);
#12350 = FACE_BOUND('',#12351,.F.);
#12351 = EDGE_LOOP('',(#12352,#12353,#12376));
#12352 = ORIENTED_EDGE('',*,*,#10416,.F.);
#12353 = ORIENTED_EDGE('',*,*,#12354,.T.);
#12354 = EDGE_CURVE('',#7883,#12355,#12357,.T.);
#12355 = VERTEX_POINT('',#12356);
#12356 = CARTESIAN_POINT('',(-161.345,37.002688405607,28.225648790364));
#12357 = SURFACE_CURVE('',#12358,(#12362,#12369),.PCURVE_S1.);
#12358 = LINE('',#12359,#12360);
#12359 = CARTESIAN_POINT('',(-161.345,37.972511557597,28.505050027225));
#12360 = VECTOR('',#12361,1.);
#12361 = DIRECTION('',(-0.,-0.960917321945,-0.276835511425));
#12362 = PCURVE('',#10430,#12363);
#12363 = DEFINITIONAL_REPRESENTATION('',(#12364),#12368);
#12364 = LINE('',#12365,#12366);
#12365 = CARTESIAN_POINT('',(-0.489405714091,0.55555254745));
#12366 = VECTOR('',#12367,1.);
#12367 = DIRECTION('',(1.,-2.899063826687E-29));
#12368 = ( GEOMETRIC_REPRESENTATION_CONTEXT(2) 
PARAMETRIC_REPRESENTATION_CONTEXT() REPRESENTATION_CONTEXT('2D SPACE',''
  ) );
#12369 = PCURVE('',#11444,#12370);
#12370 = DEFINITIONAL_REPRESENTATION('',(#12371),#12375);
#12371 = LINE('',#12372,#12373);
#12372 = CARTESIAN_POINT('',(-27.50505002722,-81.97251155759));
#12373 = VECTOR('',#12374,1.);
#12374 = DIRECTION('',(0.276835511425,0.960917321945));
#12375 = ( GEOMETRIC_REPRESENTATION_CONTEXT(2) 
PARAMETRIC_REPRESENTATION_CONTEXT() REPRESENTATION_CONTEXT('2D SPACE',''
  ) );
#12376 = ORIENTED_EDGE('',*,*,#12377,.F.);
#12377 = EDGE_CURVE('',#7989,#12355,#12378,.T.);
#12378 = SURFACE_CURVE('',#12379,(#12383,#12390),.PCURVE_S1.);
#12379 = LINE('',#12380,#12381);
#12380 = CARTESIAN_POINT('',(-162.545,37.002688405607,28.225648790364));
#12381 = VECTOR('',#12382,1.);
#12382 = DIRECTION('',(1.,-0.,-0.));
#12383 = PCURVE('',#10430,#12384);
#12384 = DEFINITIONAL_REPRESENTATION('',(#12385),#12389);
#12385 = LINE('',#12386,#12387);
#12386 = CARTESIAN_POINT('',(0.519862336179,-0.64444745255));
#12387 = VECTOR('',#12388,1.);
#12388 = DIRECTION('',(-1.972152263053E-31,1.));
#12389 = ( GEOMETRIC_REPRESENTATION_CONTEXT(2) 
PARAMETRIC_REPRESENTATION_CONTEXT() REPRESENTATION_CONTEXT('2D SPACE',''
  ) );
#12390 = PCURVE('',#10492,#12391);
#12391 = DEFINITIONAL_REPRESENTATION('',(#12392),#12396);
#12392 = LINE('',#12393,#12394);
#12393 = CARTESIAN_POINT('',(-0.335651838573,-0.786552668676));
#12394 = VECTOR('',#12395,1.);
#12395 = DIRECTION('',(-0.,1.));
#12396 = ( GEOMETRIC_REPRESENTATION_CONTEXT(2) 
PARAMETRIC_REPRESENTATION_CONTEXT() REPRESENTATION_CONTEXT('2D SPACE',''
  ) );
#12397 = ADVANCED_FACE('',(#12398),#10461,.T.);
#12398 = FACE_BOUND('',#12399,.F.);
#12399 = EDGE_LOOP('',(#12400,#12401,#12424));
#12400 = ORIENTED_EDGE('',*,*,#10447,.F.);
#12401 = ORIENTED_EDGE('',*,*,#12402,.T.);
#12402 = EDGE_CURVE('',#8042,#12403,#12405,.T.);
#12403 = VERTEX_POINT('',#12404);
#12404 = CARTESIAN_POINT('',(-161.345,35.,46.));
#12405 = SURFACE_CURVE('',#12406,(#12410,#12417),.PCURVE_S1.);
#12406 = LINE('',#12407,#12408);
#12407 = CARTESIAN_POINT('',(-162.545,35.,46.));
#12408 = VECTOR('',#12409,1.);
#12409 = DIRECTION('',(1.,-0.,-0.));
#12410 = PCURVE('',#10461,#12411);
#12411 = DEFINITIONAL_REPRESENTATION('',(#12412),#12416);
#12412 = LINE('',#12413,#12414);
#12413 = CARTESIAN_POINT('',(-0.335651838573,-0.786552668676));
#12414 = VECTOR('',#12415,1.);
#12415 = DIRECTION('',(-0.,1.));
#12416 = ( GEOMETRIC_REPRESENTATION_CONTEXT(2) 
PARAMETRIC_REPRESENTATION_CONTEXT() REPRESENTATION_CONTEXT('2D SPACE',''
  ) );
#12417 = PCURVE('',#10523,#12418);
#12418 = DEFINITIONAL_REPRESENTATION('',(#12419),#12423);
#12419 = LINE('',#12420,#12421);
#12420 = CARTESIAN_POINT('',(0.519862336179,-0.64444745255));
#12421 = VECTOR('',#12422,1.);
#12422 = DIRECTION('',(-0.,1.));
#12423 = ( GEOMETRIC_REPRESENTATION_CONTEXT(2) 
PARAMETRIC_REPRESENTATION_CONTEXT() REPRESENTATION_CONTEXT('2D SPACE',''
  ) );
#12424 = ORIENTED_EDGE('',*,*,#12425,.T.);
#12425 = EDGE_CURVE('',#12403,#7936,#12426,.T.);
#12426 = SURFACE_CURVE('',#12427,(#12431,#12438),.PCURVE_S1.);
#12427 = LINE('',#12428,#12429);
#12428 = CARTESIAN_POINT('',(-161.345,-2.948653891159,48.131150689987));
#12429 = VECTOR('',#12430,1.);
#12430 = DIRECTION('',(-0.,0.998426815018,-5.607044723719E-02));
#12431 = PCURVE('',#10461,#12432);
#12432 = DEFINITIONAL_REPRESENTATION('',(#12433),#12437);
#12433 = LINE('',#12434,#12435);
#12434 = CARTESIAN_POINT('',(-38.34410004965,0.413447331324));
#12435 = VECTOR('',#12436,1.);
#12436 = DIRECTION('',(1.,-0.));
#12437 = ( GEOMETRIC_REPRESENTATION_CONTEXT(2) 
PARAMETRIC_REPRESENTATION_CONTEXT() REPRESENTATION_CONTEXT('2D SPACE',''
  ) );
#12438 = PCURVE('',#11444,#12439);
#12439 = DEFINITIONAL_REPRESENTATION('',(#12440),#12444);
#12440 = LINE('',#12441,#12442);
#12441 = CARTESIAN_POINT('',(-47.13115068998,-41.05134610884));
#12442 = VECTOR('',#12443,1.);
#12443 = DIRECTION('',(5.607044723719E-02,-0.998426815018));
#12444 = ( GEOMETRIC_REPRESENTATION_CONTEXT(2) 
PARAMETRIC_REPRESENTATION_CONTEXT() REPRESENTATION_CONTEXT('2D SPACE',''
  ) );
#12445 = ADVANCED_FACE('',(#12446),#10492,.T.);
#12446 = FACE_BOUND('',#12447,.F.);
#12447 = EDGE_LOOP('',(#12448,#12449,#12450));
#12448 = ORIENTED_EDGE('',*,*,#10478,.F.);
#12449 = ORIENTED_EDGE('',*,*,#12377,.T.);
#12450 = ORIENTED_EDGE('',*,*,#12451,.T.);
#12451 = EDGE_CURVE('',#12355,#8095,#12452,.T.);
#12452 = SURFACE_CURVE('',#12453,(#12457,#12464),.PCURVE_S1.);
#12453 = LINE('',#12454,#12455);
#12454 = CARTESIAN_POINT('',(-161.345,-4.77572566573,21.127210733761));
#12455 = VECTOR('',#12456,1.);
#12456 = DIRECTION('',(-0.,-0.985871018518,-0.167506223305));
#12457 = PCURVE('',#10492,#12458);
#12458 = DEFINITIONAL_REPRESENTATION('',(#12459),#12463);
#12459 = LINE('',#12460,#12461);
#12460 = CARTESIAN_POINT('',(42.041508344237,0.413447331324));
#12461 = VECTOR('',#12462,1.);
#12462 = DIRECTION('',(1.,-0.));
#12463 = ( GEOMETRIC_REPRESENTATION_CONTEXT(2) 
PARAMETRIC_REPRESENTATION_CONTEXT() REPRESENTATION_CONTEXT('2D SPACE',''
  ) );
#12464 = PCURVE('',#11444,#12465);
#12465 = DEFINITIONAL_REPRESENTATION('',(#12466),#12470);
#12466 = LINE('',#12467,#12468);
#12467 = CARTESIAN_POINT('',(-20.12721073376,-39.22427433427));
#12468 = VECTOR('',#12469,1.);
#12469 = DIRECTION('',(0.167506223305,0.985871018518));
#12470 = ( GEOMETRIC_REPRESENTATION_CONTEXT(2) 
PARAMETRIC_REPRESENTATION_CONTEXT() REPRESENTATION_CONTEXT('2D SPACE',''
  ) );
#12471 = ADVANCED_FACE('',(#12472),#10523,.T.);
#12472 = FACE_BOUND('',#12473,.F.);
#12473 = EDGE_LOOP('',(#12474,#12475,#12496));
#12474 = ORIENTED_EDGE('',*,*,#10509,.F.);
#12475 = ORIENTED_EDGE('',*,*,#12476,.T.);
#12476 = EDGE_CURVE('',#8148,#12403,#12477,.T.);
#12477 = SURFACE_CURVE('',#12478,(#12482,#12489),.PCURVE_S1.);
#12478 = LINE('',#12479,#12480);
#12479 = CARTESIAN_POINT('',(-161.345,33.99231971507,45.943409889039));
#12480 = VECTOR('',#12481,1.);
#12481 = DIRECTION('',(-0.,0.998426815018,5.607044723719E-02));
#12482 = PCURVE('',#10523,#12483);
#12483 = DEFINITIONAL_REPRESENTATION('',(#12484),#12488);
#12484 = LINE('',#12485,#12486);
#12485 = CARTESIAN_POINT('',(-0.489405714091,0.55555254745));
#12486 = VECTOR('',#12487,1.);
#12487 = DIRECTION('',(1.,-7.765349535769E-31));
#12488 = ( GEOMETRIC_REPRESENTATION_CONTEXT(2) 
PARAMETRIC_REPRESENTATION_CONTEXT() REPRESENTATION_CONTEXT('2D SPACE',''
  ) );
#12489 = PCURVE('',#11444,#12490);
#12490 = DEFINITIONAL_REPRESENTATION('',(#12491),#12495);
#12491 = LINE('',#12492,#12493);
#12492 = CARTESIAN_POINT('',(-44.94340988903,-77.99231971507));
#12493 = VECTOR('',#12494,1.);
#12494 = DIRECTION('',(-5.607044723719E-02,-0.998426815018));
#12495 = ( GEOMETRIC_REPRESENTATION_CONTEXT(2) 
PARAMETRIC_REPRESENTATION_CONTEXT() REPRESENTATION_CONTEXT('2D SPACE',''
  ) );
#12496 = ORIENTED_EDGE('',*,*,#12402,.F.);
#12497 = ADVANCED_FACE('',(#12498),#10554,.T.);
#12498 = FACE_BOUND('',#12499,.F.);
#12499 = EDGE_LOOP('',(#12500,#12501,#12524));
#12500 = ORIENTED_EDGE('',*,*,#10540,.F.);
#12501 = ORIENTED_EDGE('',*,*,#12502,.T.);
#12502 = EDGE_CURVE('',#8095,#12503,#12505,.T.);
#12503 = VERTEX_POINT('',#12504);
#12504 = CARTESIAN_POINT('',(-161.345,35.,28.));
#12505 = SURFACE_CURVE('',#12506,(#12510,#12517),.PCURVE_S1.);
#12506 = LINE('',#12507,#12508);
#12507 = CARTESIAN_POINT('',(-161.345,36.00768028493,28.056590110961));
#12508 = VECTOR('',#12509,1.);
#12509 = DIRECTION('',(-0.,-0.998426815018,-5.607044723719E-02));
#12510 = PCURVE('',#10554,#12511);
#12511 = DEFINITIONAL_REPRESENTATION('',(#12512),#12516);
#12512 = LINE('',#12513,#12514);
#12513 = CARTESIAN_POINT('',(-0.489405714091,0.55555254745));
#12514 = VECTOR('',#12515,1.);
#12515 = DIRECTION('',(1.,-3.919652622817E-30));
#12516 = ( GEOMETRIC_REPRESENTATION_CONTEXT(2) 
PARAMETRIC_REPRESENTATION_CONTEXT() REPRESENTATION_CONTEXT('2D SPACE',''
  ) );
#12517 = PCURVE('',#11444,#12518);
#12518 = DEFINITIONAL_REPRESENTATION('',(#12519),#12523);
#12519 = LINE('',#12520,#12521);
#12520 = CARTESIAN_POINT('',(-27.05659011096,-80.00768028493));
#12521 = VECTOR('',#12522,1.);
#12522 = DIRECTION('',(5.607044723719E-02,0.998426815018));
#12523 = ( GEOMETRIC_REPRESENTATION_CONTEXT(2) 
PARAMETRIC_REPRESENTATION_CONTEXT() REPRESENTATION_CONTEXT('2D SPACE',''
  ) );
#12524 = ORIENTED_EDGE('',*,*,#12525,.F.);
#12525 = EDGE_CURVE('',#8201,#12503,#12526,.T.);
#12526 = SURFACE_CURVE('',#12527,(#12531,#12538),.PCURVE_S1.);
#12527 = LINE('',#12528,#12529);
#12528 = CARTESIAN_POINT('',(-162.545,35.,28.));
#12529 = VECTOR('',#12530,1.);
#12530 = DIRECTION('',(1.,-0.,-0.));
#12531 = PCURVE('',#10554,#12532);
#12532 = DEFINITIONAL_REPRESENTATION('',(#12533),#12537);
#12533 = LINE('',#12534,#12535);
#12534 = CARTESIAN_POINT('',(0.519862336179,-0.64444745255));
#12535 = VECTOR('',#12536,1.);
#12536 = DIRECTION('',(-0.,1.));
#12537 = ( GEOMETRIC_REPRESENTATION_CONTEXT(2) 
PARAMETRIC_REPRESENTATION_CONTEXT() REPRESENTATION_CONTEXT('2D SPACE',''
  ) );
#12538 = PCURVE('',#10616,#12539);
#12539 = DEFINITIONAL_REPRESENTATION('',(#12540),#12544);
#12540 = LINE('',#12541,#12542);
#12541 = CARTESIAN_POINT('',(-0.335651838573,-0.786552668676));
#12542 = VECTOR('',#12543,1.);
#12543 = DIRECTION('',(-0.,1.));
#12544 = ( GEOMETRIC_REPRESENTATION_CONTEXT(2) 
PARAMETRIC_REPRESENTATION_CONTEXT() REPRESENTATION_CONTEXT('2D SPACE',''
  ) );
#12545 = ADVANCED_FACE('',(#12546),#10585,.T.);
#12546 = FACE_BOUND('',#12547,.F.);
#12547 = EDGE_LOOP('',(#12548,#12549,#12572));
#12548 = ORIENTED_EDGE('',*,*,#10571,.F.);
#12549 = ORIENTED_EDGE('',*,*,#12550,.T.);
#12550 = EDGE_CURVE('',#8254,#12551,#12553,.T.);
#12551 = VERTEX_POINT('',#12552);
#12552 = CARTESIAN_POINT('',(-161.345,32.997311594393,45.774351209636));
#12553 = SURFACE_CURVE('',#12554,(#12558,#12565),.PCURVE_S1.);
#12554 = LINE('',#12555,#12556);
#12555 = CARTESIAN_POINT('',(-162.545,32.997311594393,45.774351209636));
#12556 = VECTOR('',#12557,1.);
#12557 = DIRECTION('',(1.,-0.,-0.));
#12558 = PCURVE('',#10585,#12559);
#12559 = DEFINITIONAL_REPRESENTATION('',(#12560),#12564);
#12560 = LINE('',#12561,#12562);
#12561 = CARTESIAN_POINT('',(-0.335651838573,-0.786552668676));
#12562 = VECTOR('',#12563,1.);
#12563 = DIRECTION('',(-0.,1.));
#12564 = ( GEOMETRIC_REPRESENTATION_CONTEXT(2) 
PARAMETRIC_REPRESENTATION_CONTEXT() REPRESENTATION_CONTEXT('2D SPACE',''
  ) );
#12565 = PCURVE('',#10647,#12566);
#12566 = DEFINITIONAL_REPRESENTATION('',(#12567),#12571);
#12567 = LINE('',#12568,#12569);
#12568 = CARTESIAN_POINT('',(0.519862336179,-0.64444745255));
#12569 = VECTOR('',#12570,1.);
#12570 = DIRECTION('',(-0.,1.));
#12571 = ( GEOMETRIC_REPRESENTATION_CONTEXT(2) 
PARAMETRIC_REPRESENTATION_CONTEXT() REPRESENTATION_CONTEXT('2D SPACE',''
  ) );
#12572 = ORIENTED_EDGE('',*,*,#12573,.T.);
#12573 = EDGE_CURVE('',#12551,#8148,#12574,.T.);
#12574 = SURFACE_CURVE('',#12575,(#12579,#12586),.PCURVE_S1.);
#12575 = LINE('',#12576,#12577);
#12576 = CARTESIAN_POINT('',(-161.345,-7.952688996644,38.81666626456));
#12577 = VECTOR('',#12578,1.);
#12578 = DIRECTION('',(-0.,0.985871018518,0.167506223305));
#12579 = PCURVE('',#10585,#12580);
#12580 = DEFINITIONAL_REPRESENTATION('',(#12581),#12585);
#12581 = LINE('',#12582,#12583);
#12582 = CARTESIAN_POINT('',(-41.87252615767,0.413447331324));
#12583 = VECTOR('',#12584,1.);
#12584 = DIRECTION('',(1.,-0.));
#12585 = ( GEOMETRIC_REPRESENTATION_CONTEXT(2) 
PARAMETRIC_REPRESENTATION_CONTEXT() REPRESENTATION_CONTEXT('2D SPACE',''
  ) );
#12586 = PCURVE('',#11444,#12587);
#12587 = DEFINITIONAL_REPRESENTATION('',(#12588),#12592);
#12588 = LINE('',#12589,#12590);
#12589 = CARTESIAN_POINT('',(-37.81666626456,-36.04731100335));
#12590 = VECTOR('',#12591,1.);
#12591 = DIRECTION('',(-0.167506223305,-0.985871018518));
#12592 = ( GEOMETRIC_REPRESENTATION_CONTEXT(2) 
PARAMETRIC_REPRESENTATION_CONTEXT() REPRESENTATION_CONTEXT('2D SPACE',''
  ) );
#12593 = ADVANCED_FACE('',(#12594),#10616,.T.);
#12594 = FACE_BOUND('',#12595,.F.);
#12595 = EDGE_LOOP('',(#12596,#12597,#12598));
#12596 = ORIENTED_EDGE('',*,*,#10602,.F.);
#12597 = ORIENTED_EDGE('',*,*,#12525,.T.);
#12598 = ORIENTED_EDGE('',*,*,#12599,.T.);
#12599 = EDGE_CURVE('',#12503,#8307,#12600,.T.);
#12600 = SURFACE_CURVE('',#12601,(#12605,#12612),.PCURVE_S1.);
#12601 = LINE('',#12602,#12603);
#12602 = CARTESIAN_POINT('',(-161.345,-3.787617829765,30.178265894172));
#12603 = VECTOR('',#12604,1.);
#12604 = DIRECTION('',(-0.,-0.998426815018,5.607044723719E-02));
#12605 = PCURVE('',#10616,#12606);
#12606 = DEFINITIONAL_REPRESENTATION('',(#12607),#12611);
#12607 = LINE('',#12608,#12609);
#12608 = CARTESIAN_POINT('',(38.513082236215,0.413447331324));
#12609 = VECTOR('',#12610,1.);
#12610 = DIRECTION('',(1.,-0.));
#12611 = ( GEOMETRIC_REPRESENTATION_CONTEXT(2) 
PARAMETRIC_REPRESENTATION_CONTEXT() REPRESENTATION_CONTEXT('2D SPACE',''
  ) );
#12612 = PCURVE('',#11444,#12613);
#12613 = DEFINITIONAL_REPRESENTATION('',(#12614),#12618);
#12614 = LINE('',#12615,#12616);
#12615 = CARTESIAN_POINT('',(-29.17826589417,-40.21238217023));
#12616 = VECTOR('',#12617,1.);
#12617 = DIRECTION('',(-5.607044723719E-02,0.998426815018));
#12618 = ( GEOMETRIC_REPRESENTATION_CONTEXT(2) 
PARAMETRIC_REPRESENTATION_CONTEXT() REPRESENTATION_CONTEXT('2D SPACE',''
  ) );
#12619 = ADVANCED_FACE('',(#12620),#10647,.T.);
#12620 = FACE_BOUND('',#12621,.F.);
#12621 = EDGE_LOOP('',(#12622,#12623,#12644));
#12622 = ORIENTED_EDGE('',*,*,#10633,.F.);
#12623 = ORIENTED_EDGE('',*,*,#12624,.T.);
#12624 = EDGE_CURVE('',#8360,#12551,#12625,.T.);
#12625 = SURFACE_CURVE('',#12626,(#12630,#12637),.PCURVE_S1.);
#12626 = LINE('',#12627,#12628);
#12627 = CARTESIAN_POINT('',(-161.345,32.027488442403,45.494949972775));
#12628 = VECTOR('',#12629,1.);
#12629 = DIRECTION('',(-0.,0.960917321945,0.276835511425));
#12630 = PCURVE('',#10647,#12631);
#12631 = DEFINITIONAL_REPRESENTATION('',(#12632),#12636);
#12632 = LINE('',#12633,#12634);
#12633 = CARTESIAN_POINT('',(-0.489405714091,0.55555254745));
#12634 = VECTOR('',#12635,1.);
#12635 = DIRECTION('',(1.,-3.806253867691E-29));
#12636 = ( GEOMETRIC_REPRESENTATION_CONTEXT(2) 
PARAMETRIC_REPRESENTATION_CONTEXT() REPRESENTATION_CONTEXT('2D SPACE',''
  ) );
#12637 = PCURVE('',#11444,#12638);
#12638 = DEFINITIONAL_REPRESENTATION('',(#12639),#12643);
#12639 = LINE('',#12640,#12641);
#12640 = CARTESIAN_POINT('',(-44.49494997277,-76.0274884424));
#12641 = VECTOR('',#12642,1.);
#12642 = DIRECTION('',(-0.276835511425,-0.960917321945));
#12643 = ( GEOMETRIC_REPRESENTATION_CONTEXT(2) 
PARAMETRIC_REPRESENTATION_CONTEXT() REPRESENTATION_CONTEXT('2D SPACE',''
  ) );
#12644 = ORIENTED_EDGE('',*,*,#12550,.F.);
#12645 = ADVANCED_FACE('',(#12646),#10678,.T.);
#12646 = FACE_BOUND('',#12647,.F.);
#12647 = EDGE_LOOP('',(#12648,#12649,#12672));
#12648 = ORIENTED_EDGE('',*,*,#10664,.F.);
#12649 = ORIENTED_EDGE('',*,*,#12650,.T.);
#12650 = EDGE_CURVE('',#8307,#12651,#12653,.T.);
#12651 = VERTEX_POINT('',#12652);
#12652 = CARTESIAN_POINT('',(-161.345,32.997311594393,28.225648790364));
#12653 = SURFACE_CURVE('',#12654,(#12658,#12665),.PCURVE_S1.);
#12654 = LINE('',#12655,#12656);
#12655 = CARTESIAN_POINT('',(-161.345,33.99231971507,28.056590110961));
#12656 = VECTOR('',#12657,1.);
#12657 = DIRECTION('',(-0.,-0.985871018518,0.167506223305));
#12658 = PCURVE('',#10678,#12659);
#12659 = DEFINITIONAL_REPRESENTATION('',(#12660),#12664);
#12660 = LINE('',#12661,#12662);
#12661 = CARTESIAN_POINT('',(-0.489405714091,0.55555254745));
#12662 = VECTOR('',#12663,1.);
#12663 = DIRECTION('',(1.,1.528418003866E-30));
#12664 = ( GEOMETRIC_REPRESENTATION_CONTEXT(2) 
PARAMETRIC_REPRESENTATION_CONTEXT() REPRESENTATION_CONTEXT('2D SPACE',''
  ) );
#12665 = PCURVE('',#11444,#12666);
#12666 = DEFINITIONAL_REPRESENTATION('',(#12667),#12671);
#12667 = LINE('',#12668,#12669);
#12668 = CARTESIAN_POINT('',(-27.05659011096,-77.99231971507));
#12669 = VECTOR('',#12670,1.);
#12670 = DIRECTION('',(-0.167506223305,0.985871018518));
#12671 = ( GEOMETRIC_REPRESENTATION_CONTEXT(2) 
PARAMETRIC_REPRESENTATION_CONTEXT() REPRESENTATION_CONTEXT('2D SPACE',''
  ) );
#12672 = ORIENTED_EDGE('',*,*,#12673,.F.);
#12673 = EDGE_CURVE('',#8413,#12651,#12674,.T.);
#12674 = SURFACE_CURVE('',#12675,(#12679,#12686),.PCURVE_S1.);
#12675 = LINE('',#12676,#12677);
#12676 = CARTESIAN_POINT('',(-162.545,32.997311594393,28.225648790364));
#12677 = VECTOR('',#12678,1.);
#12678 = DIRECTION('',(1.,-0.,-0.));
#12679 = PCURVE('',#10678,#12680);
#12680 = DEFINITIONAL_REPRESENTATION('',(#12681),#12685);
#12681 = LINE('',#12682,#12683);
#12682 = CARTESIAN_POINT('',(0.519862336179,-0.64444745255));
#12683 = VECTOR('',#12684,1.);
#12684 = DIRECTION('',(-0.,1.));
#12685 = ( GEOMETRIC_REPRESENTATION_CONTEXT(2) 
PARAMETRIC_REPRESENTATION_CONTEXT() REPRESENTATION_CONTEXT('2D SPACE',''
  ) );
#12686 = PCURVE('',#10740,#12687);
#12687 = DEFINITIONAL_REPRESENTATION('',(#12688),#12692);
#12688 = LINE('',#12689,#12690);
#12689 = CARTESIAN_POINT('',(-0.335651838573,-0.786552668676));
#12690 = VECTOR('',#12691,1.);
#12691 = DIRECTION('',(-0.,1.));
#12692 = ( GEOMETRIC_REPRESENTATION_CONTEXT(2) 
PARAMETRIC_REPRESENTATION_CONTEXT() REPRESENTATION_CONTEXT('2D SPACE',''
  ) );
#12693 = ADVANCED_FACE('',(#12694),#10709,.T.);
#12694 = FACE_BOUND('',#12695,.F.);
#12695 = EDGE_LOOP('',(#12696,#12697,#12720));
#12696 = ORIENTED_EDGE('',*,*,#10695,.F.);
#12697 = ORIENTED_EDGE('',*,*,#12698,.T.);
#12698 = EDGE_CURVE('',#8466,#12699,#12701,.T.);
#12699 = VERTEX_POINT('',#12700);
#12700 = CARTESIAN_POINT('',(-161.345,31.095046347942,45.108719811122));
#12701 = SURFACE_CURVE('',#12702,(#12706,#12713),.PCURVE_S1.);
#12702 = LINE('',#12703,#12704);
#12703 = CARTESIAN_POINT('',(-162.545,31.095046347942,45.108719811122));
#12704 = VECTOR('',#12705,1.);
#12705 = DIRECTION('',(1.,-0.,-0.));
#12706 = PCURVE('',#10709,#12707);
#12707 = DEFINITIONAL_REPRESENTATION('',(#12708),#12712);
#12708 = LINE('',#12709,#12710);
#12709 = CARTESIAN_POINT('',(-0.335651838573,-0.786552668676));
#12710 = VECTOR('',#12711,1.);
#12711 = DIRECTION('',(-0.,1.));
#12712 = ( GEOMETRIC_REPRESENTATION_CONTEXT(2) 
PARAMETRIC_REPRESENTATION_CONTEXT() REPRESENTATION_CONTEXT('2D SPACE',''
  ) );
#12713 = PCURVE('',#10771,#12714);
#12714 = DEFINITIONAL_REPRESENTATION('',(#12715),#12719);
#12715 = LINE('',#12716,#12717);
#12716 = CARTESIAN_POINT('',(0.519862336179,-0.64444745255));
#12717 = VECTOR('',#12718,1.);
#12718 = DIRECTION('',(-1.972152263053E-31,1.));
#12719 = ( GEOMETRIC_REPRESENTATION_CONTEXT(2) 
PARAMETRIC_REPRESENTATION_CONTEXT() REPRESENTATION_CONTEXT('2D SPACE',''
  ) );
#12720 = ORIENTED_EDGE('',*,*,#12721,.T.);
#12721 = EDGE_CURVE('',#12699,#8360,#12722,.T.);
#12722 = SURFACE_CURVE('',#12723,(#12727,#12734),.PCURVE_S1.);
#12723 = LINE('',#12724,#12725);
#12724 = CARTESIAN_POINT('',(-161.345,-8.596112155702,28.668103652612));
#12725 = VECTOR('',#12726,1.);
#12726 = DIRECTION('',(-0.,0.923879532511,0.382683432365));
#12727 = PCURVE('',#10709,#12728);
#12728 = DEFINITIONAL_REPRESENTATION('',(#12729),#12733);
#12729 = LINE('',#12730,#12731);
#12730 = CARTESIAN_POINT('',(-43.29705222348,0.413447331324));
#12731 = VECTOR('',#12732,1.);
#12732 = DIRECTION('',(1.,-0.));
#12733 = ( GEOMETRIC_REPRESENTATION_CONTEXT(2) 
PARAMETRIC_REPRESENTATION_CONTEXT() REPRESENTATION_CONTEXT('2D SPACE',''
  ) );
#12734 = PCURVE('',#11444,#12735);
#12735 = DEFINITIONAL_REPRESENTATION('',(#12736),#12740);
#12736 = LINE('',#12737,#12738);
#12737 = CARTESIAN_POINT('',(-27.66810365261,-35.40388784429));
#12738 = VECTOR('',#12739,1.);
#12739 = DIRECTION('',(-0.382683432365,-0.923879532511));
#12740 = ( GEOMETRIC_REPRESENTATION_CONTEXT(2) 
PARAMETRIC_REPRESENTATION_CONTEXT() REPRESENTATION_CONTEXT('2D SPACE',''
  ) );
#12741 = ADVANCED_FACE('',(#12742),#10740,.T.);
#12742 = FACE_BOUND('',#12743,.F.);
#12743 = EDGE_LOOP('',(#12744,#12745,#12746));
#12744 = ORIENTED_EDGE('',*,*,#10726,.F.);
#12745 = ORIENTED_EDGE('',*,*,#12673,.T.);
#12746 = ORIENTED_EDGE('',*,*,#12747,.T.);
#12747 = EDGE_CURVE('',#12651,#8519,#12748,.T.);
#12748 = SURFACE_CURVE('',#12749,(#12753,#12760),.PCURVE_S1.);
#12749 = LINE('',#12750,#12751);
#12750 = CARTESIAN_POINT('',(-161.345,0.909074727362,37.470110578007));
#12751 = VECTOR('',#12752,1.);
#12752 = DIRECTION('',(-0.,-0.960917321945,0.276835511425));
#12753 = PCURVE('',#10740,#12754);
#12754 = DEFINITIONAL_REPRESENTATION('',(#12755),#12759);
#12755 = LINE('',#12756,#12757);
#12756 = CARTESIAN_POINT('',(33.057686104465,0.413447331324));
#12757 = VECTOR('',#12758,1.);
#12758 = DIRECTION('',(1.,-0.));
#12759 = ( GEOMETRIC_REPRESENTATION_CONTEXT(2) 
PARAMETRIC_REPRESENTATION_CONTEXT() REPRESENTATION_CONTEXT('2D SPACE',''
  ) );
#12760 = PCURVE('',#11444,#12761);
#12761 = DEFINITIONAL_REPRESENTATION('',(#12762),#12766);
#12762 = LINE('',#12763,#12764);
#12763 = CARTESIAN_POINT('',(-36.470110578,-44.90907472736));
#12764 = VECTOR('',#12765,1.);
#12765 = DIRECTION('',(-0.276835511425,0.960917321945));
#12766 = ( GEOMETRIC_REPRESENTATION_CONTEXT(2) 
PARAMETRIC_REPRESENTATION_CONTEXT() REPRESENTATION_CONTEXT('2D SPACE',''
  ) );
#12767 = ADVANCED_FACE('',(#12768),#10771,.T.);
#12768 = FACE_BOUND('',#12769,.F.);
#12769 = EDGE_LOOP('',(#12770,#12771,#12792));
#12770 = ORIENTED_EDGE('',*,*,#10757,.F.);
#12771 = ORIENTED_EDGE('',*,*,#12772,.T.);
#12772 = EDGE_CURVE('',#8572,#12699,#12773,.T.);
#12773 = SURFACE_CURVE('',#12774,(#12778,#12785),.PCURVE_S1.);
#12774 = LINE('',#12775,#12776);
#12775 = CARTESIAN_POINT('',(-161.345,30.211711311362,44.620517793055));
#12776 = VECTOR('',#12777,1.);
#12777 = DIRECTION('',(-0.,0.875223421909,0.483718887105));
#12778 = PCURVE('',#10771,#12779);
#12779 = DEFINITIONAL_REPRESENTATION('',(#12780),#12784);
#12780 = LINE('',#12781,#12782);
#12781 = CARTESIAN_POINT('',(-0.489405714091,0.55555254745));
#12782 = VECTOR('',#12783,1.);
#12783 = DIRECTION('',(1.,-1.558000287811E-29));
#12784 = ( GEOMETRIC_REPRESENTATION_CONTEXT(2) 
PARAMETRIC_REPRESENTATION_CONTEXT() REPRESENTATION_CONTEXT('2D SPACE',''
  ) );
#12785 = PCURVE('',#11444,#12786);
#12786 = DEFINITIONAL_REPRESENTATION('',(#12787),#12791);
#12787 = LINE('',#12788,#12789);
#12788 = CARTESIAN_POINT('',(-43.62051779305,-74.21171131136));
#12789 = VECTOR('',#12790,1.);
#12790 = DIRECTION('',(-0.483718887105,-0.875223421909));
#12791 = ( GEOMETRIC_REPRESENTATION_CONTEXT(2) 
PARAMETRIC_REPRESENTATION_CONTEXT() REPRESENTATION_CONTEXT('2D SPACE',''
  ) );
#12792 = ORIENTED_EDGE('',*,*,#12698,.F.);
#12793 = ADVANCED_FACE('',(#12794),#10802,.T.);
#12794 = FACE_BOUND('',#12795,.F.);
#12795 = EDGE_LOOP('',(#12796,#12797,#12820));
#12796 = ORIENTED_EDGE('',*,*,#10788,.F.);
#12797 = ORIENTED_EDGE('',*,*,#12798,.T.);
#12798 = EDGE_CURVE('',#8519,#12799,#12801,.T.);
#12799 = VERTEX_POINT('',#12800);
#12800 = CARTESIAN_POINT('',(-161.345,31.095046347942,28.891280188878));
#12801 = SURFACE_CURVE('',#12802,(#12806,#12813),.PCURVE_S1.);
#12802 = LINE('',#12803,#12804);
#12803 = CARTESIAN_POINT('',(-161.345,32.027488442403,28.505050027225));
#12804 = VECTOR('',#12805,1.);
#12805 = DIRECTION('',(-0.,-0.923879532511,0.382683432365));
#12806 = PCURVE('',#10802,#12807);
#12807 = DEFINITIONAL_REPRESENTATION('',(#12808),#12812);
#12808 = LINE('',#12809,#12810);
#12809 = CARTESIAN_POINT('',(-0.489405714091,0.55555254745));
#12810 = VECTOR('',#12811,1.);
#12811 = DIRECTION('',(1.,-1.380506584137E-28));
#12812 = ( GEOMETRIC_REPRESENTATION_CONTEXT(2) 
PARAMETRIC_REPRESENTATION_CONTEXT() REPRESENTATION_CONTEXT('2D SPACE',''
  ) );
#12813 = PCURVE('',#11444,#12814);
#12814 = DEFINITIONAL_REPRESENTATION('',(#12815),#12819);
#12815 = LINE('',#12816,#12817);
#12816 = CARTESIAN_POINT('',(-27.50505002722,-76.0274884424));
#12817 = VECTOR('',#12818,1.);
#12818 = DIRECTION('',(-0.382683432365,0.923879532511));
#12819 = ( GEOMETRIC_REPRESENTATION_CONTEXT(2) 
PARAMETRIC_REPRESENTATION_CONTEXT() REPRESENTATION_CONTEXT('2D SPACE',''
  ) );
#12820 = ORIENTED_EDGE('',*,*,#12821,.F.);
#12821 = EDGE_CURVE('',#8625,#12799,#12822,.T.);
#12822 = SURFACE_CURVE('',#12823,(#12827,#12834),.PCURVE_S1.);
#12823 = LINE('',#12824,#12825);
#12824 = CARTESIAN_POINT('',(-162.545,31.095046347942,28.891280188878));
#12825 = VECTOR('',#12826,1.);
#12826 = DIRECTION('',(1.,-0.,-0.));
#12827 = PCURVE('',#10802,#12828);
#12828 = DEFINITIONAL_REPRESENTATION('',(#12829),#12833);
#12829 = LINE('',#12830,#12831);
#12830 = CARTESIAN_POINT('',(0.519862336179,-0.64444745255));
#12831 = VECTOR('',#12832,1.);
#12832 = DIRECTION('',(-0.,1.));
#12833 = ( GEOMETRIC_REPRESENTATION_CONTEXT(2) 
PARAMETRIC_REPRESENTATION_CONTEXT() REPRESENTATION_CONTEXT('2D SPACE',''
  ) );
#12834 = PCURVE('',#10864,#12835);
#12835 = DEFINITIONAL_REPRESENTATION('',(#12836),#12840);
#12836 = LINE('',#12837,#12838);
#12837 = CARTESIAN_POINT('',(-0.335651838573,-0.786552668676));
#12838 = VECTOR('',#12839,1.);
#12839 = DIRECTION('',(-0.,1.));
#12840 = ( GEOMETRIC_REPRESENTATION_CONTEXT(2) 
PARAMETRIC_REPRESENTATION_CONTEXT() REPRESENTATION_CONTEXT('2D SPACE',''
  ) );
#12841 = ADVANCED_FACE('',(#12842),#10833,.T.);
#12842 = FACE_BOUND('',#12843,.F.);
#12843 = EDGE_LOOP('',(#12844,#12845,#12868));
#12844 = ORIENTED_EDGE('',*,*,#10819,.F.);
#12845 = ORIENTED_EDGE('',*,*,#12846,.T.);
#12846 = EDGE_CURVE('',#8678,#12847,#12849,.T.);
#12847 = VERTEX_POINT('',#12848);
#12848 = CARTESIAN_POINT('',(-161.345,29.388591783271,44.036483342212));
#12849 = SURFACE_CURVE('',#12850,(#12854,#12861),.PCURVE_S1.);
#12850 = LINE('',#12851,#12852);
#12851 = CARTESIAN_POINT('',(-162.545,29.388591783271,44.036483342212));
#12852 = VECTOR('',#12853,1.);
#12853 = DIRECTION('',(1.,-0.,-0.));
#12854 = PCURVE('',#10833,#12855);
#12855 = DEFINITIONAL_REPRESENTATION('',(#12856),#12860);
#12856 = LINE('',#12857,#12858);
#12857 = CARTESIAN_POINT('',(-0.335651838573,-0.786552668676));
#12858 = VECTOR('',#12859,1.);
#12859 = DIRECTION('',(-0.,1.));
#12860 = ( GEOMETRIC_REPRESENTATION_CONTEXT(2) 
PARAMETRIC_REPRESENTATION_CONTEXT() REPRESENTATION_CONTEXT('2D SPACE',''
  ) );
#12861 = PCURVE('',#10895,#12862);
#12862 = DEFINITIONAL_REPRESENTATION('',(#12863),#12867);
#12863 = LINE('',#12864,#12865);
#12864 = CARTESIAN_POINT('',(0.519862336179,-0.64444745255));
#12865 = VECTOR('',#12866,1.);
#12866 = DIRECTION('',(-0.,1.));
#12867 = ( GEOMETRIC_REPRESENTATION_CONTEXT(2) 
PARAMETRIC_REPRESENTATION_CONTEXT() REPRESENTATION_CONTEXT('2D SPACE',''
  ) );
#12868 = ORIENTED_EDGE('',*,*,#12869,.T.);
#12869 = EDGE_CURVE('',#12847,#8572,#12870,.T.);
#12870 = SURFACE_CURVE('',#12871,(#12875,#12882),.PCURVE_S1.);
#12871 = LINE('',#12872,#12873);
#12872 = CARTESIAN_POINT('',(-161.345,-5.036717528529,19.610423781175));
#12873 = VECTOR('',#12874,1.);
#12874 = DIRECTION('',(-0.,0.815560868959,0.57867129618));
#12875 = PCURVE('',#10833,#12876);
#12876 = DEFINITIONAL_REPRESENTATION('',(#12877),#12881);
#12877 = LINE('',#12878,#12879);
#12878 = CARTESIAN_POINT('',(-42.54624656184,0.413447331324));
#12879 = VECTOR('',#12880,1.);
#12880 = DIRECTION('',(1.,-6.162975822039E-33));
#12881 = ( GEOMETRIC_REPRESENTATION_CONTEXT(2) 
PARAMETRIC_REPRESENTATION_CONTEXT() REPRESENTATION_CONTEXT('2D SPACE',''
  ) );
#12882 = PCURVE('',#11444,#12883);
#12883 = DEFINITIONAL_REPRESENTATION('',(#12884),#12888);
#12884 = LINE('',#12885,#12886);
#12885 = CARTESIAN_POINT('',(-18.61042378117,-38.96328247147));
#12886 = VECTOR('',#12887,1.);
#12887 = DIRECTION('',(-0.57867129618,-0.815560868959));
#12888 = ( GEOMETRIC_REPRESENTATION_CONTEXT(2) 
PARAMETRIC_REPRESENTATION_CONTEXT() REPRESENTATION_CONTEXT('2D SPACE',''
  ) );
#12889 = ADVANCED_FACE('',(#12890),#10864,.T.);
#12890 = FACE_BOUND('',#12891,.F.);
#12891 = EDGE_LOOP('',(#12892,#12893,#12894));
#12892 = ORIENTED_EDGE('',*,*,#10850,.F.);
#12893 = ORIENTED_EDGE('',*,*,#12821,.T.);
#12894 = ORIENTED_EDGE('',*,*,#12895,.T.);
#12895 = EDGE_CURVE('',#12799,#8731,#12896,.T.);
#12896 = SURFACE_CURVE('',#12897,(#12901,#12908),.PCURVE_S1.);
#12897 = LINE('',#12898,#12899);
#12898 = CARTESIAN_POINT('',(-161.345,8.090211695311,41.605602883696));
#12899 = VECTOR('',#12900,1.);
#12900 = DIRECTION('',(-0.,-0.875223421909,0.483718887105));
#12901 = PCURVE('',#10864,#12902);
#12902 = DEFINITIONAL_REPRESENTATION('',(#12903),#12907);
#12903 = LINE('',#12904,#12905);
#12904 = CARTESIAN_POINT('',(25.948876290782,0.413447331324));
#12905 = VECTOR('',#12906,1.);
#12906 = DIRECTION('',(1.,-0.));
#12907 = ( GEOMETRIC_REPRESENTATION_CONTEXT(2) 
PARAMETRIC_REPRESENTATION_CONTEXT() REPRESENTATION_CONTEXT('2D SPACE',''
  ) );
#12908 = PCURVE('',#11444,#12909);
#12909 = DEFINITIONAL_REPRESENTATION('',(#12910),#12914);
#12910 = LINE('',#12911,#12912);
#12911 = CARTESIAN_POINT('',(-40.60560288369,-52.09021169531));
#12912 = VECTOR('',#12913,1.);
#12913 = DIRECTION('',(-0.483718887105,0.875223421909));
#12914 = ( GEOMETRIC_REPRESENTATION_CONTEXT(2) 
PARAMETRIC_REPRESENTATION_CONTEXT() REPRESENTATION_CONTEXT('2D SPACE',''
  ) );
#12915 = ADVANCED_FACE('',(#12916),#10895,.T.);
#12916 = FACE_BOUND('',#12917,.F.);
#12917 = EDGE_LOOP('',(#12918,#12919,#12940));
#12918 = ORIENTED_EDGE('',*,*,#10881,.F.);
#12919 = ORIENTED_EDGE('',*,*,#12920,.T.);
#12920 = EDGE_CURVE('',#8784,#12847,#12921,.T.);
#12921 = SURFACE_CURVE('',#12922,(#12926,#12933),.PCURVE_S1.);
#12922 = LINE('',#12923,#12924);
#12923 = CARTESIAN_POINT('',(-161.345,28.636038969321,43.363961030679));
#12924 = VECTOR('',#12925,1.);
#12925 = DIRECTION('',(-0.,0.745642164883,0.666346577952));
#12926 = PCURVE('',#10895,#12927);
#12927 = DEFINITIONAL_REPRESENTATION('',(#12928),#12932);
#12928 = LINE('',#12929,#12930);
#12929 = CARTESIAN_POINT('',(-0.489405714091,0.55555254745));
#12930 = VECTOR('',#12931,1.);
#12931 = DIRECTION('',(1.,-1.270066057406E-28));
#12932 = ( GEOMETRIC_REPRESENTATION_CONTEXT(2) 
PARAMETRIC_REPRESENTATION_CONTEXT() REPRESENTATION_CONTEXT('2D SPACE',''
  ) );
#12933 = PCURVE('',#11444,#12934);
#12934 = DEFINITIONAL_REPRESENTATION('',(#12935),#12939);
#12935 = LINE('',#12936,#12937);
#12936 = CARTESIAN_POINT('',(-42.36396103067,-72.63603896932));
#12937 = VECTOR('',#12938,1.);
#12938 = DIRECTION('',(-0.666346577952,-0.745642164883));
#12939 = ( GEOMETRIC_REPRESENTATION_CONTEXT(2) 
PARAMETRIC_REPRESENTATION_CONTEXT() REPRESENTATION_CONTEXT('2D SPACE',''
  ) );
#12940 = ORIENTED_EDGE('',*,*,#12846,.F.);
#12941 = ADVANCED_FACE('',(#12942),#10926,.T.);
#12942 = FACE_BOUND('',#12943,.F.);
#12943 = EDGE_LOOP('',(#12944,#12945,#12968));
#12944 = ORIENTED_EDGE('',*,*,#10912,.F.);
#12945 = ORIENTED_EDGE('',*,*,#12946,.T.);
#12946 = EDGE_CURVE('',#8731,#12947,#12949,.T.);
#12947 = VERTEX_POINT('',#12948);
#12948 = CARTESIAN_POINT('',(-161.345,29.388591783271,29.963516657788));
#12949 = SURFACE_CURVE('',#12950,(#12954,#12961),.PCURVE_S1.);
#12950 = LINE('',#12951,#12952);
#12951 = CARTESIAN_POINT('',(-161.345,30.211711311362,29.379482206945));
#12952 = VECTOR('',#12953,1.);
#12953 = DIRECTION('',(-0.,-0.815560868959,0.57867129618));
#12954 = PCURVE('',#10926,#12955);
#12955 = DEFINITIONAL_REPRESENTATION('',(#12956),#12960);
#12956 = LINE('',#12957,#12958);
#12957 = CARTESIAN_POINT('',(-0.489405714091,0.55555254745));
#12958 = VECTOR('',#12959,1.);
#12959 = DIRECTION('',(1.,-2.10625861694E-28));
#12960 = ( GEOMETRIC_REPRESENTATION_CONTEXT(2) 
PARAMETRIC_REPRESENTATION_CONTEXT() REPRESENTATION_CONTEXT('2D SPACE',''
  ) );
#12961 = PCURVE('',#11444,#12962);
#12962 = DEFINITIONAL_REPRESENTATION('',(#12963),#12967);
#12963 = LINE('',#12964,#12965);
#12964 = CARTESIAN_POINT('',(-28.37948220694,-74.21171131136));
#12965 = VECTOR('',#12966,1.);
#12966 = DIRECTION('',(-0.57867129618,0.815560868959));
#12967 = ( GEOMETRIC_REPRESENTATION_CONTEXT(2) 
PARAMETRIC_REPRESENTATION_CONTEXT() REPRESENTATION_CONTEXT('2D SPACE',''
  ) );
#12968 = ORIENTED_EDGE('',*,*,#12969,.F.);
#12969 = EDGE_CURVE('',#8837,#12947,#12970,.T.);
#12970 = SURFACE_CURVE('',#12971,(#12975,#12982),.PCURVE_S1.);
#12971 = LINE('',#12972,#12973);
#12972 = CARTESIAN_POINT('',(-162.545,29.388591783271,29.963516657788));
#12973 = VECTOR('',#12974,1.);
#12974 = DIRECTION('',(1.,-0.,-0.));
#12975 = PCURVE('',#10926,#12976);
#12976 = DEFINITIONAL_REPRESENTATION('',(#12977),#12981);
#12977 = LINE('',#12978,#12979);
#12978 = CARTESIAN_POINT('',(0.519862336179,-0.64444745255));
#12979 = VECTOR('',#12980,1.);
#12980 = DIRECTION('',(-0.,1.));
#12981 = ( GEOMETRIC_REPRESENTATION_CONTEXT(2) 
PARAMETRIC_REPRESENTATION_CONTEXT() REPRESENTATION_CONTEXT('2D SPACE',''
  ) );
#12982 = PCURVE('',#10988,#12983);
#12983 = DEFINITIONAL_REPRESENTATION('',(#12984),#12988);
#12984 = LINE('',#12985,#12986);
#12985 = CARTESIAN_POINT('',(-0.335651838573,-0.786552668676));
#12986 = VECTOR('',#12987,1.);
#12987 = DIRECTION('',(-0.,1.));
#12988 = ( GEOMETRIC_REPRESENTATION_CONTEXT(2) 
PARAMETRIC_REPRESENTATION_CONTEXT() REPRESENTATION_CONTEXT('2D SPACE',''
  ) );
#12989 = ADVANCED_FACE('',(#12990),#10957,.T.);
#12990 = FACE_BOUND('',#12991,.F.);
#12991 = EDGE_LOOP('',(#12992,#12993,#13016));
#12992 = ORIENTED_EDGE('',*,*,#10943,.F.);
#12993 = ORIENTED_EDGE('',*,*,#12994,.T.);
#12994 = EDGE_CURVE('',#8890,#12995,#12997,.T.);
#12995 = VERTEX_POINT('',#12996);
#12996 = CARTESIAN_POINT('',(-161.345,27.963516657788,42.611408216729));
#12997 = SURFACE_CURVE('',#12998,(#13002,#13009),.PCURVE_S1.);
#12998 = LINE('',#12999,#13000);
#12999 = CARTESIAN_POINT('',(-162.545,27.963516657788,42.611408216729));
#13000 = VECTOR('',#13001,1.);
#13001 = DIRECTION('',(1.,-0.,-0.));
#13002 = PCURVE('',#10957,#13003);
#13003 = DEFINITIONAL_REPRESENTATION('',(#13004),#13008);
#13004 = LINE('',#13005,#13006);
#13005 = CARTESIAN_POINT('',(0.335651838573,0.786552668676));
#13006 = VECTOR('',#13007,1.);
#13007 = DIRECTION('',(-0.,-1.));
#13008 = ( GEOMETRIC_REPRESENTATION_CONTEXT(2) 
PARAMETRIC_REPRESENTATION_CONTEXT() REPRESENTATION_CONTEXT('2D SPACE',''
  ) );
#13009 = PCURVE('',#11019,#13010);
#13010 = DEFINITIONAL_REPRESENTATION('',(#13011),#13015);
#13011 = LINE('',#13012,#13013);
#13012 = CARTESIAN_POINT('',(-0.519862336179,0.64444745255));
#13013 = VECTOR('',#13014,1.);
#13014 = DIRECTION('',(-0.,-1.));
#13015 = ( GEOMETRIC_REPRESENTATION_CONTEXT(2) 
PARAMETRIC_REPRESENTATION_CONTEXT() REPRESENTATION_CONTEXT('2D SPACE',''
  ) );
#13016 = ORIENTED_EDGE('',*,*,#13017,.T.);
#13017 = EDGE_CURVE('',#12995,#8784,#13018,.T.);
#13018 = SURFACE_CURVE('',#13019,(#13023,#13030),.PCURVE_S1.);
#13019 = LINE('',#13020,#13021);
#13020 = CARTESIAN_POINT('',(-161.345,1.76136597668,13.291188071675));
#13021 = VECTOR('',#13022,1.);
#13022 = DIRECTION('',(-0.,0.666346577952,0.745642164883));
#13023 = PCURVE('',#10957,#13024);
#13024 = DEFINITIONAL_REPRESENTATION('',(#13025),#13029);
#13025 = LINE('',#13026,#13027);
#13026 = CARTESIAN_POINT('',(39.65775770372,-0.413447331324));
#13027 = VECTOR('',#13028,1.);
#13028 = DIRECTION('',(-1.,0.));
#13029 = ( GEOMETRIC_REPRESENTATION_CONTEXT(2) 
PARAMETRIC_REPRESENTATION_CONTEXT() REPRESENTATION_CONTEXT('2D SPACE',''
  ) );
#13030 = PCURVE('',#11444,#13031);
#13031 = DEFINITIONAL_REPRESENTATION('',(#13032),#13036);
#13032 = LINE('',#13033,#13034);
#13033 = CARTESIAN_POINT('',(-12.29118807167,-45.76136597668));
#13034 = VECTOR('',#13035,1.);
#13035 = DIRECTION('',(-0.745642164883,-0.666346577952));
#13036 = ( GEOMETRIC_REPRESENTATION_CONTEXT(2) 
PARAMETRIC_REPRESENTATION_CONTEXT() REPRESENTATION_CONTEXT('2D SPACE',''
  ) );
#13037 = ADVANCED_FACE('',(#13038),#10988,.T.);
#13038 = FACE_BOUND('',#13039,.F.);
#13039 = EDGE_LOOP('',(#13040,#13041,#13042));
#13040 = ORIENTED_EDGE('',*,*,#10974,.F.);
#13041 = ORIENTED_EDGE('',*,*,#12969,.T.);
#13042 = ORIENTED_EDGE('',*,*,#13043,.T.);
#13043 = EDGE_CURVE('',#12947,#8943,#13044,.T.);
#13044 = SURFACE_CURVE('',#13045,(#13049,#13056),.PCURVE_S1.);
#13045 = LINE('',#13046,#13047);
#13046 = CARTESIAN_POINT('',(-161.345,16.057426984002,41.876973893001));
#13047 = VECTOR('',#13048,1.);
#13048 = DIRECTION('',(-0.,-0.745642164883,0.666346577952));
#13049 = PCURVE('',#10988,#13050);
#13050 = DEFINITIONAL_REPRESENTATION('',(#13051),#13055);
#13051 = LINE('',#13052,#13053);
#13052 = CARTESIAN_POINT('',(17.54311820303,0.413447331324));
#13053 = VECTOR('',#13054,1.);
#13054 = DIRECTION('',(1.,-0.));
#13055 = ( GEOMETRIC_REPRESENTATION_CONTEXT(2) 
PARAMETRIC_REPRESENTATION_CONTEXT() REPRESENTATION_CONTEXT('2D SPACE',''
  ) );
#13056 = PCURVE('',#11444,#13057);
#13057 = DEFINITIONAL_REPRESENTATION('',(#13058),#13062);
#13058 = LINE('',#13059,#13060);
#13059 = CARTESIAN_POINT('',(-40.876973893,-60.057426984));
#13060 = VECTOR('',#13061,1.);
#13061 = DIRECTION('',(-0.666346577952,0.745642164883));
#13062 = ( GEOMETRIC_REPRESENTATION_CONTEXT(2) 
PARAMETRIC_REPRESENTATION_CONTEXT() REPRESENTATION_CONTEXT('2D SPACE',''
  ) );
#13063 = ADVANCED_FACE('',(#13064),#11019,.T.);
#13064 = FACE_BOUND('',#13065,.F.);
#13065 = EDGE_LOOP('',(#13066,#13067,#13088));
#13066 = ORIENTED_EDGE('',*,*,#11005,.F.);
#13067 = ORIENTED_EDGE('',*,*,#13068,.T.);
#13068 = EDGE_CURVE('',#8996,#12995,#13069,.T.);
#13069 = SURFACE_CURVE('',#13070,(#13074,#13081),.PCURVE_S1.);
#13070 = LINE('',#13071,#13072);
#13071 = CARTESIAN_POINT('',(-161.345,27.379482206945,41.788288688638));
#13072 = VECTOR('',#13073,1.);
#13073 = DIRECTION('',(-0.,0.57867129618,0.815560868959));
#13074 = PCURVE('',#11019,#13075);
#13075 = DEFINITIONAL_REPRESENTATION('',(#13076),#13080);
#13076 = LINE('',#13077,#13078);
#13077 = CARTESIAN_POINT('',(0.489405714091,-0.55555254745));
#13078 = VECTOR('',#13079,1.);
#13079 = DIRECTION('',(-1.,6.610654385752E-28));
#13080 = ( GEOMETRIC_REPRESENTATION_CONTEXT(2) 
PARAMETRIC_REPRESENTATION_CONTEXT() REPRESENTATION_CONTEXT('2D SPACE',''
  ) );
#13081 = PCURVE('',#11444,#13082);
#13082 = DEFINITIONAL_REPRESENTATION('',(#13083),#13087);
#13083 = LINE('',#13084,#13085);
#13084 = CARTESIAN_POINT('',(-40.78828868863,-71.37948220694));
#13085 = VECTOR('',#13086,1.);
#13086 = DIRECTION('',(-0.815560868959,-0.57867129618));
#13087 = ( GEOMETRIC_REPRESENTATION_CONTEXT(2) 
PARAMETRIC_REPRESENTATION_CONTEXT() REPRESENTATION_CONTEXT('2D SPACE',''
  ) );
#13088 = ORIENTED_EDGE('',*,*,#12994,.F.);
#13089 = ADVANCED_FACE('',(#13090),#11050,.T.);
#13090 = FACE_BOUND('',#13091,.F.);
#13091 = EDGE_LOOP('',(#13092,#13093,#13116));
#13092 = ORIENTED_EDGE('',*,*,#11036,.F.);
#13093 = ORIENTED_EDGE('',*,*,#13094,.T.);
#13094 = EDGE_CURVE('',#8943,#13095,#13097,.T.);
#13095 = VERTEX_POINT('',#13096);
#13096 = CARTESIAN_POINT('',(-161.345,27.963516657788,31.388591783271));
#13097 = SURFACE_CURVE('',#13098,(#13102,#13109),.PCURVE_S1.);
#13098 = LINE('',#13099,#13100);
#13099 = CARTESIAN_POINT('',(-161.345,28.636038969321,30.636038969321));
#13100 = VECTOR('',#13101,1.);
#13101 = DIRECTION('',(-0.,-0.666346577952,0.745642164883));
#13102 = PCURVE('',#11050,#13103);
#13103 = DEFINITIONAL_REPRESENTATION('',(#13104),#13108);
#13104 = LINE('',#13105,#13106);
#13105 = CARTESIAN_POINT('',(0.489405714091,-0.55555254745));
#13106 = VECTOR('',#13107,1.);
#13107 = DIRECTION('',(-1.,1.341063538876E-28));
#13108 = ( GEOMETRIC_REPRESENTATION_CONTEXT(2) 
PARAMETRIC_REPRESENTATION_CONTEXT() REPRESENTATION_CONTEXT('2D SPACE',''
  ) );
#13109 = PCURVE('',#11444,#13110);
#13110 = DEFINITIONAL_REPRESENTATION('',(#13111),#13115);
#13111 = LINE('',#13112,#13113);
#13112 = CARTESIAN_POINT('',(-29.63603896932,-72.63603896932));
#13113 = VECTOR('',#13114,1.);
#13114 = DIRECTION('',(-0.745642164883,0.666346577952));
#13115 = ( GEOMETRIC_REPRESENTATION_CONTEXT(2) 
PARAMETRIC_REPRESENTATION_CONTEXT() REPRESENTATION_CONTEXT('2D SPACE',''
  ) );
#13116 = ORIENTED_EDGE('',*,*,#13117,.F.);
#13117 = EDGE_CURVE('',#9049,#13095,#13118,.T.);
#13118 = SURFACE_CURVE('',#13119,(#13123,#13130),.PCURVE_S1.);
#13119 = LINE('',#13120,#13121);
#13120 = CARTESIAN_POINT('',(-162.545,27.963516657788,31.388591783271));
#13121 = VECTOR('',#13122,1.);
#13122 = DIRECTION('',(1.,-0.,-0.));
#13123 = PCURVE('',#11050,#13124);
#13124 = DEFINITIONAL_REPRESENTATION('',(#13125),#13129);
#13125 = LINE('',#13126,#13127);
#13126 = CARTESIAN_POINT('',(-0.519862336179,0.64444745255));
#13127 = VECTOR('',#13128,1.);
#13128 = DIRECTION('',(-0.,-1.));
#13129 = ( GEOMETRIC_REPRESENTATION_CONTEXT(2) 
PARAMETRIC_REPRESENTATION_CONTEXT() REPRESENTATION_CONTEXT('2D SPACE',''
  ) );
#13130 = PCURVE('',#11112,#13131);
#13131 = DEFINITIONAL_REPRESENTATION('',(#13132),#13136);
#13132 = LINE('',#13133,#13134);
#13133 = CARTESIAN_POINT('',(0.335651838573,0.786552668676));
#13134 = VECTOR('',#13135,1.);
#13135 = DIRECTION('',(-0.,-1.));
#13136 = ( GEOMETRIC_REPRESENTATION_CONTEXT(2) 
PARAMETRIC_REPRESENTATION_CONTEXT() REPRESENTATION_CONTEXT('2D SPACE',''
  ) );
#13137 = ADVANCED_FACE('',(#13138),#11081,.T.);
#13138 = FACE_BOUND('',#13139,.F.);
#13139 = EDGE_LOOP('',(#13140,#13141,#13164));
#13140 = ORIENTED_EDGE('',*,*,#11067,.F.);
#13141 = ORIENTED_EDGE('',*,*,#13142,.T.);
#13142 = EDGE_CURVE('',#9102,#13143,#13145,.T.);
#13143 = VERTEX_POINT('',#13144);
#13144 = CARTESIAN_POINT('',(-161.345,26.891280188878,40.904953652058));
#13145 = SURFACE_CURVE('',#13146,(#13150,#13157),.PCURVE_S1.);
#13146 = LINE('',#13147,#13148);
#13147 = CARTESIAN_POINT('',(-162.545,26.891280188878,40.904953652058));
#13148 = VECTOR('',#13149,1.);
#13149 = DIRECTION('',(1.,-0.,-0.));
#13150 = PCURVE('',#11081,#13151);
#13151 = DEFINITIONAL_REPRESENTATION('',(#13152),#13156);
#13152 = LINE('',#13153,#13154);
#13153 = CARTESIAN_POINT('',(0.335651838573,0.786552668676));
#13154 = VECTOR('',#13155,1.);
#13155 = DIRECTION('',(-0.,-1.));
#13156 = ( GEOMETRIC_REPRESENTATION_CONTEXT(2) 
PARAMETRIC_REPRESENTATION_CONTEXT() REPRESENTATION_CONTEXT('2D SPACE',''
  ) );
#13157 = PCURVE('',#11143,#13158);
#13158 = DEFINITIONAL_REPRESENTATION('',(#13159),#13163);
#13159 = LINE('',#13160,#13161);
#13160 = CARTESIAN_POINT('',(-0.519862336179,0.64444745255));
#13161 = VECTOR('',#13162,1.);
#13162 = DIRECTION('',(-0.,-1.));
#13163 = ( GEOMETRIC_REPRESENTATION_CONTEXT(2) 
PARAMETRIC_REPRESENTATION_CONTEXT() REPRESENTATION_CONTEXT('2D SPACE',''
  ) );
#13164 = ORIENTED_EDGE('',*,*,#13165,.T.);
#13165 = EDGE_CURVE('',#13143,#8996,#13166,.T.);
#13166 = SURFACE_CURVE('',#13167,(#13171,#13178),.PCURVE_S1.);
#13167 = LINE('',#13168,#13169);
#13168 = CARTESIAN_POINT('',(-161.345,10.231626978423,10.761580963169));
#13169 = VECTOR('',#13170,1.);
#13170 = DIRECTION('',(-0.,0.483718887105,0.875223421909));
#13171 = PCURVE('',#11081,#13172);
#13172 = DEFINITIONAL_REPRESENTATION('',(#13173),#13177);
#13173 = LINE('',#13174,#13175);
#13174 = CARTESIAN_POINT('',(34.776426541734,-0.413447331324));
#13175 = VECTOR('',#13176,1.);
#13176 = DIRECTION('',(-1.,-0.));
#13177 = ( GEOMETRIC_REPRESENTATION_CONTEXT(2) 
PARAMETRIC_REPRESENTATION_CONTEXT() REPRESENTATION_CONTEXT('2D SPACE',''
  ) );
#13178 = PCURVE('',#11444,#13179);
#13179 = DEFINITIONAL_REPRESENTATION('',(#13180),#13184);
#13180 = LINE('',#13181,#13182);
#13181 = CARTESIAN_POINT('',(-9.761580963169,-54.23162697842));
#13182 = VECTOR('',#13183,1.);
#13183 = DIRECTION('',(-0.875223421909,-0.483718887105));
#13184 = ( GEOMETRIC_REPRESENTATION_CONTEXT(2) 
PARAMETRIC_REPRESENTATION_CONTEXT() REPRESENTATION_CONTEXT('2D SPACE',''
  ) );
#13185 = ADVANCED_FACE('',(#13186),#11112,.T.);
#13186 = FACE_BOUND('',#13187,.F.);
#13187 = EDGE_LOOP('',(#13188,#13189,#13190));
#13188 = ORIENTED_EDGE('',*,*,#11098,.F.);
#13189 = ORIENTED_EDGE('',*,*,#13117,.T.);
#13190 = ORIENTED_EDGE('',*,*,#13191,.T.);
#13191 = EDGE_CURVE('',#13095,#9155,#13192,.T.);
#13192 = SURFACE_CURVE('',#13193,(#13197,#13204),.PCURVE_S1.);
#13193 = LINE('',#13194,#13195);
#13194 = CARTESIAN_POINT('',(-161.345,22.988353449221,38.400428133855));
#13195 = VECTOR('',#13196,1.);
#13196 = DIRECTION('',(-0.,-0.57867129618,0.815560868959));
#13197 = PCURVE('',#11112,#13198);
#13198 = DEFINITIONAL_REPRESENTATION('',(#13199),#13203);
#13199 = LINE('',#13200,#13201);
#13200 = CARTESIAN_POINT('',(-8.261911651117,-0.413447331324));
#13201 = VECTOR('',#13202,1.);
#13202 = DIRECTION('',(-1.,0.));
#13203 = ( GEOMETRIC_REPRESENTATION_CONTEXT(2) 
PARAMETRIC_REPRESENTATION_CONTEXT() REPRESENTATION_CONTEXT('2D SPACE',''
  ) );
#13204 = PCURVE('',#11444,#13205);
#13205 = DEFINITIONAL_REPRESENTATION('',(#13206),#13210);
#13206 = LINE('',#13207,#13208);
#13207 = CARTESIAN_POINT('',(-37.40042813385,-66.98835344922));
#13208 = VECTOR('',#13209,1.);
#13209 = DIRECTION('',(-0.815560868959,0.57867129618));
#13210 = ( GEOMETRIC_REPRESENTATION_CONTEXT(2) 
PARAMETRIC_REPRESENTATION_CONTEXT() REPRESENTATION_CONTEXT('2D SPACE',''
  ) );
#13211 = ADVANCED_FACE('',(#13212),#11143,.T.);
#13212 = FACE_BOUND('',#13213,.F.);
#13213 = EDGE_LOOP('',(#13214,#13215,#13236));
#13214 = ORIENTED_EDGE('',*,*,#11129,.F.);
#13215 = ORIENTED_EDGE('',*,*,#13216,.T.);
#13216 = EDGE_CURVE('',#9208,#13143,#13217,.T.);
#13217 = SURFACE_CURVE('',#13218,(#13222,#13229),.PCURVE_S1.);
#13218 = LINE('',#13219,#13220);
#13219 = CARTESIAN_POINT('',(-161.345,26.505050027225,39.972511557597));
#13220 = VECTOR('',#13221,1.);
#13221 = DIRECTION('',(-0.,0.382683432365,0.923879532511));
#13222 = PCURVE('',#11143,#13223);
#13223 = DEFINITIONAL_REPRESENTATION('',(#13224),#13228);
#13224 = LINE('',#13225,#13226);
#13225 = CARTESIAN_POINT('',(0.489405714091,-0.55555254745));
#13226 = VECTOR('',#13227,1.);
#13227 = DIRECTION('',(-1.,1.617164855703E-29));
#13228 = ( GEOMETRIC_REPRESENTATION_CONTEXT(2) 
PARAMETRIC_REPRESENTATION_CONTEXT() REPRESENTATION_CONTEXT('2D SPACE',''
  ) );
#13229 = PCURVE('',#11444,#13230);
#13230 = DEFINITIONAL_REPRESENTATION('',(#13231),#13235);
#13231 = LINE('',#13232,#13233);
#13232 = CARTESIAN_POINT('',(-38.97251155759,-70.50505002722));
#13233 = VECTOR('',#13234,1.);
#13234 = DIRECTION('',(-0.923879532511,-0.382683432365));
#13235 = ( GEOMETRIC_REPRESENTATION_CONTEXT(2) 
PARAMETRIC_REPRESENTATION_CONTEXT() REPRESENTATION_CONTEXT('2D SPACE',''
  ) );
#13236 = ORIENTED_EDGE('',*,*,#13142,.F.);
#13237 = ADVANCED_FACE('',(#13238),#11174,.T.);
#13238 = FACE_BOUND('',#13239,.F.);
#13239 = EDGE_LOOP('',(#13240,#13241,#13264));
#13240 = ORIENTED_EDGE('',*,*,#11160,.F.);
#13241 = ORIENTED_EDGE('',*,*,#13242,.T.);
#13242 = EDGE_CURVE('',#9155,#13243,#13245,.T.);
#13243 = VERTEX_POINT('',#13244);
#13244 = CARTESIAN_POINT('',(-161.345,26.891280188878,33.095046347942));
#13245 = SURFACE_CURVE('',#13246,(#13250,#13257),.PCURVE_S1.);
#13246 = LINE('',#13247,#13248);
#13247 = CARTESIAN_POINT('',(-161.345,27.379482206945,32.211711311362));
#13248 = VECTOR('',#13249,1.);
#13249 = DIRECTION('',(-0.,-0.483718887105,0.875223421909));
#13250 = PCURVE('',#11174,#13251);
#13251 = DEFINITIONAL_REPRESENTATION('',(#13252),#13256);
#13252 = LINE('',#13253,#13254);
#13253 = CARTESIAN_POINT('',(0.489405714091,-0.55555254745));
#13254 = VECTOR('',#13255,1.);
#13255 = DIRECTION('',(-1.,9.860761315263E-31));
#13256 = ( GEOMETRIC_REPRESENTATION_CONTEXT(2) 
PARAMETRIC_REPRESENTATION_CONTEXT() REPRESENTATION_CONTEXT('2D SPACE',''
  ) );
#13257 = PCURVE('',#11444,#13258);
#13258 = DEFINITIONAL_REPRESENTATION('',(#13259),#13263);
#13259 = LINE('',#13260,#13261);
#13260 = CARTESIAN_POINT('',(-31.21171131136,-71.37948220694));
#13261 = VECTOR('',#13262,1.);
#13262 = DIRECTION('',(-0.875223421909,0.483718887105));
#13263 = ( GEOMETRIC_REPRESENTATION_CONTEXT(2) 
PARAMETRIC_REPRESENTATION_CONTEXT() REPRESENTATION_CONTEXT('2D SPACE',''
  ) );
#13264 = ORIENTED_EDGE('',*,*,#13265,.F.);
#13265 = EDGE_CURVE('',#9261,#13243,#13266,.T.);
#13266 = SURFACE_CURVE('',#13267,(#13271,#13278),.PCURVE_S1.);
#13267 = LINE('',#13268,#13269);
#13268 = CARTESIAN_POINT('',(-162.545,26.891280188878,33.095046347942));
#13269 = VECTOR('',#13270,1.);
#13270 = DIRECTION('',(1.,-0.,-0.));
#13271 = PCURVE('',#11174,#13272);
#13272 = DEFINITIONAL_REPRESENTATION('',(#13273),#13277);
#13273 = LINE('',#13274,#13275);
#13274 = CARTESIAN_POINT('',(-0.519862336179,0.64444745255));
#13275 = VECTOR('',#13276,1.);
#13276 = DIRECTION('',(-0.,-1.));
#13277 = ( GEOMETRIC_REPRESENTATION_CONTEXT(2) 
PARAMETRIC_REPRESENTATION_CONTEXT() REPRESENTATION_CONTEXT('2D SPACE',''
  ) );
#13278 = PCURVE('',#11236,#13279);
#13279 = DEFINITIONAL_REPRESENTATION('',(#13280),#13284);
#13280 = LINE('',#13281,#13282);
#13281 = CARTESIAN_POINT('',(0.335651838573,0.786552668676));
#13282 = VECTOR('',#13283,1.);
#13283 = DIRECTION('',(-0.,-1.));
#13284 = ( GEOMETRIC_REPRESENTATION_CONTEXT(2) 
PARAMETRIC_REPRESENTATION_CONTEXT() REPRESENTATION_CONTEXT('2D SPACE',''
  ) );
#13285 = ADVANCED_FACE('',(#13286),#11205,.T.);
#13286 = FACE_BOUND('',#13287,.F.);
#13287 = EDGE_LOOP('',(#13288,#13289,#13312));
#13288 = ORIENTED_EDGE('',*,*,#11191,.F.);
#13289 = ORIENTED_EDGE('',*,*,#13290,.T.);
#13290 = EDGE_CURVE('',#9314,#13291,#13293,.T.);
#13291 = VERTEX_POINT('',#13292);
#13292 = CARTESIAN_POINT('',(-161.345,26.225648790364,39.002688405607));
#13293 = SURFACE_CURVE('',#13294,(#13298,#13305),.PCURVE_S1.);
#13294 = LINE('',#13295,#13296);
#13295 = CARTESIAN_POINT('',(-162.545,26.225648790364,39.002688405607));
#13296 = VECTOR('',#13297,1.);
#13297 = DIRECTION('',(1.,-0.,-0.));
#13298 = PCURVE('',#11205,#13299);
#13299 = DEFINITIONAL_REPRESENTATION('',(#13300),#13304);
#13300 = LINE('',#13301,#13302);
#13301 = CARTESIAN_POINT('',(0.335651838573,0.786552668676));
#13302 = VECTOR('',#13303,1.);
#13303 = DIRECTION('',(-0.,-1.));
#13304 = ( GEOMETRIC_REPRESENTATION_CONTEXT(2) 
PARAMETRIC_REPRESENTATION_CONTEXT() REPRESENTATION_CONTEXT('2D SPACE',''
  ) );
#13305 = PCURVE('',#11267,#13306);
#13306 = DEFINITIONAL_REPRESENTATION('',(#13307),#13311);
#13307 = LINE('',#13308,#13309);
#13308 = CARTESIAN_POINT('',(-0.519862336179,0.64444745255));
#13309 = VECTOR('',#13310,1.);
#13310 = DIRECTION('',(-0.,-1.));
#13311 = ( GEOMETRIC_REPRESENTATION_CONTEXT(2) 
PARAMETRIC_REPRESENTATION_CONTEXT() REPRESENTATION_CONTEXT('2D SPACE',''
  ) );
#13312 = ORIENTED_EDGE('',*,*,#13313,.T.);
#13313 = EDGE_CURVE('',#13291,#9208,#13314,.T.);
#13314 = SURFACE_CURVE('',#13315,(#13319,#13326),.PCURVE_S1.);
#13315 = LINE('',#13316,#13317);
#13316 = CARTESIAN_POINT('',(-161.345,18.526473519895,12.278259722285));
#13317 = VECTOR('',#13318,1.);
#13318 = DIRECTION('',(-0.,0.276835511425,0.960917321945));
#13319 = PCURVE('',#11205,#13320);
#13320 = DEFINITIONAL_REPRESENTATION('',(#13321),#13325);
#13321 = LINE('',#13322,#13323);
#13322 = CARTESIAN_POINT('',(28.147023403012,-0.413447331324));
#13323 = VECTOR('',#13324,1.);
#13324 = DIRECTION('',(-1.,-0.));
#13325 = ( GEOMETRIC_REPRESENTATION_CONTEXT(2) 
PARAMETRIC_REPRESENTATION_CONTEXT() REPRESENTATION_CONTEXT('2D SPACE',''
  ) );
#13326 = PCURVE('',#11444,#13327);
#13327 = DEFINITIONAL_REPRESENTATION('',(#13328),#13332);
#13328 = LINE('',#13329,#13330);
#13329 = CARTESIAN_POINT('',(-11.27825972228,-62.52647351989));
#13330 = VECTOR('',#13331,1.);
#13331 = DIRECTION('',(-0.960917321945,-0.276835511425));
#13332 = ( GEOMETRIC_REPRESENTATION_CONTEXT(2) 
PARAMETRIC_REPRESENTATION_CONTEXT() REPRESENTATION_CONTEXT('2D SPACE',''
  ) );
#13333 = ADVANCED_FACE('',(#13334),#11236,.T.);
#13334 = FACE_BOUND('',#13335,.F.);
#13335 = EDGE_LOOP('',(#13336,#13337,#13338));
#13336 = ORIENTED_EDGE('',*,*,#11222,.F.);
#13337 = ORIENTED_EDGE('',*,*,#13265,.T.);
#13338 = ORIENTED_EDGE('',*,*,#13339,.T.);
#13339 = EDGE_CURVE('',#13243,#9367,#13340,.T.);
#13340 = SURFACE_CURVE('',#13341,(#13345,#13352),.PCURVE_S1.);
#13341 = LINE('',#13342,#13343);
#13342 = CARTESIAN_POINT('',(-161.345,27.309818408746,32.084605701166));
#13343 = VECTOR('',#13344,1.);
#13344 = DIRECTION('',(-0.,-0.382683432365,0.923879532511));
#13345 = PCURVE('',#11236,#13346);
#13346 = DEFINITIONAL_REPRESENTATION('',(#13347),#13351);
#13347 = LINE('',#13348,#13349);
#13348 = CARTESIAN_POINT('',(1.429344913501,-0.413447331324));
#13349 = VECTOR('',#13350,1.);
#13350 = DIRECTION('',(-1.,0.));
#13351 = ( GEOMETRIC_REPRESENTATION_CONTEXT(2) 
PARAMETRIC_REPRESENTATION_CONTEXT() REPRESENTATION_CONTEXT('2D SPACE',''
  ) );
#13352 = PCURVE('',#11444,#13353);
#13353 = DEFINITIONAL_REPRESENTATION('',(#13354),#13358);
#13354 = LINE('',#13355,#13356);
#13355 = CARTESIAN_POINT('',(-31.08460570116,-71.30981840874));
#13356 = VECTOR('',#13357,1.);
#13357 = DIRECTION('',(-0.923879532511,0.382683432365));
#13358 = ( GEOMETRIC_REPRESENTATION_CONTEXT(2) 
PARAMETRIC_REPRESENTATION_CONTEXT() REPRESENTATION_CONTEXT('2D SPACE',''
  ) );
#13359 = ADVANCED_FACE('',(#13360),#11267,.T.);
#13360 = FACE_BOUND('',#13361,.F.);
#13361 = EDGE_LOOP('',(#13362,#13363,#13384));
#13362 = ORIENTED_EDGE('',*,*,#11253,.F.);
#13363 = ORIENTED_EDGE('',*,*,#13364,.T.);
#13364 = EDGE_CURVE('',#9420,#13291,#13365,.T.);
#13365 = SURFACE_CURVE('',#13366,(#13370,#13377),.PCURVE_S1.);
#13366 = LINE('',#13367,#13368);
#13367 = CARTESIAN_POINT('',(-161.345,26.056590110961,38.00768028493));
#13368 = VECTOR('',#13369,1.);
#13369 = DIRECTION('',(-0.,0.167506223305,0.985871018518));
#13370 = PCURVE('',#11267,#13371);
#13371 = DEFINITIONAL_REPRESENTATION('',(#13372),#13376);
#13372 = LINE('',#13373,#13374);
#13373 = CARTESIAN_POINT('',(0.489405714091,-0.55555254745));
#13374 = VECTOR('',#13375,1.);
#13375 = DIRECTION('',(-1.,8.874685183736E-29));
#13376 = ( GEOMETRIC_REPRESENTATION_CONTEXT(2) 
PARAMETRIC_REPRESENTATION_CONTEXT() REPRESENTATION_CONTEXT('2D SPACE',''
  ) );
#13377 = PCURVE('',#11444,#13378);
#13378 = DEFINITIONAL_REPRESENTATION('',(#13379),#13383);
#13379 = LINE('',#13380,#13381);
#13380 = CARTESIAN_POINT('',(-37.00768028493,-70.05659011096));
#13381 = VECTOR('',#13382,1.);
#13382 = DIRECTION('',(-0.985871018518,-0.167506223305));
#13383 = ( GEOMETRIC_REPRESENTATION_CONTEXT(2) 
PARAMETRIC_REPRESENTATION_CONTEXT() REPRESENTATION_CONTEXT('2D SPACE',''
  ) );
#13384 = ORIENTED_EDGE('',*,*,#13290,.F.);
#13385 = ADVANCED_FACE('',(#13386),#11298,.T.);
#13386 = FACE_BOUND('',#13387,.F.);
#13387 = EDGE_LOOP('',(#13388,#13389,#13412));
#13388 = ORIENTED_EDGE('',*,*,#11284,.F.);
#13389 = ORIENTED_EDGE('',*,*,#13390,.T.);
#13390 = EDGE_CURVE('',#9367,#13391,#13393,.T.);
#13391 = VERTEX_POINT('',#13392);
#13392 = CARTESIAN_POINT('',(-161.345,26.225648790364,34.997311594393));
#13393 = SURFACE_CURVE('',#13394,(#13398,#13405),.PCURVE_S1.);
#13394 = LINE('',#13395,#13396);
#13395 = CARTESIAN_POINT('',(-161.345,26.505050027225,34.027488442403));
#13396 = VECTOR('',#13397,1.);
#13397 = DIRECTION('',(-0.,-0.276835511425,0.960917321945));
#13398 = PCURVE('',#11298,#13399);
#13399 = DEFINITIONAL_REPRESENTATION('',(#13400),#13404);
#13400 = LINE('',#13401,#13402);
#13401 = CARTESIAN_POINT('',(0.489405714091,-0.55555254745));
#13402 = VECTOR('',#13403,1.);
#13403 = DIRECTION('',(-1.,1.841990213691E-28));
#13404 = ( GEOMETRIC_REPRESENTATION_CONTEXT(2) 
PARAMETRIC_REPRESENTATION_CONTEXT() REPRESENTATION_CONTEXT('2D SPACE',''
  ) );
#13405 = PCURVE('',#11444,#13406);
#13406 = DEFINITIONAL_REPRESENTATION('',(#13407),#13411);
#13407 = LINE('',#13408,#13409);
#13408 = CARTESIAN_POINT('',(-33.0274884424,-70.50505002722));
#13409 = VECTOR('',#13410,1.);
#13410 = DIRECTION('',(-0.960917321945,0.276835511425));
#13411 = ( GEOMETRIC_REPRESENTATION_CONTEXT(2) 
PARAMETRIC_REPRESENTATION_CONTEXT() REPRESENTATION_CONTEXT('2D SPACE',''
  ) );
#13412 = ORIENTED_EDGE('',*,*,#13413,.F.);
#13413 = EDGE_CURVE('',#9473,#13391,#13414,.T.);
#13414 = SURFACE_CURVE('',#13415,(#13419,#13426),.PCURVE_S1.);
#13415 = LINE('',#13416,#13417);
#13416 = CARTESIAN_POINT('',(-162.545,26.225648790364,34.997311594393));
#13417 = VECTOR('',#13418,1.);
#13418 = DIRECTION('',(1.,-0.,-0.));
#13419 = PCURVE('',#11298,#13420);
#13420 = DEFINITIONAL_REPRESENTATION('',(#13421),#13425);
#13421 = LINE('',#13422,#13423);
#13422 = CARTESIAN_POINT('',(-0.519862336179,0.64444745255));
#13423 = VECTOR('',#13424,1.);
#13424 = DIRECTION('',(-0.,-1.));
#13425 = ( GEOMETRIC_REPRESENTATION_CONTEXT(2) 
PARAMETRIC_REPRESENTATION_CONTEXT() REPRESENTATION_CONTEXT('2D SPACE',''
  ) );
#13426 = PCURVE('',#11360,#13427);
#13427 = DEFINITIONAL_REPRESENTATION('',(#13428),#13432);
#13428 = LINE('',#13429,#13430);
#13429 = CARTESIAN_POINT('',(0.335651838573,0.786552668676));
#13430 = VECTOR('',#13431,1.);
#13431 = DIRECTION('',(-0.,-1.));
#13432 = ( GEOMETRIC_REPRESENTATION_CONTEXT(2) 
PARAMETRIC_REPRESENTATION_CONTEXT() REPRESENTATION_CONTEXT('2D SPACE',''
  ) );
#13433 = ADVANCED_FACE('',(#13434),#11329,.T.);
#13434 = FACE_BOUND('',#13435,.F.);
#13435 = EDGE_LOOP('',(#13436,#13437,#13460));
#13436 = ORIENTED_EDGE('',*,*,#11315,.F.);
#13437 = ORIENTED_EDGE('',*,*,#13438,.T.);
#13438 = EDGE_CURVE('',#9526,#13439,#13441,.T.);
#13439 = VERTEX_POINT('',#13440);
#13440 = CARTESIAN_POINT('',(-161.345,26.,37.));
#13441 = SURFACE_CURVE('',#13442,(#13446,#13453),.PCURVE_S1.);
#13442 = LINE('',#13443,#13444);
#13443 = CARTESIAN_POINT('',(-162.545,26.,37.));
#13444 = VECTOR('',#13445,1.);
#13445 = DIRECTION('',(1.,-0.,-0.));
#13446 = PCURVE('',#11329,#13447);
#13447 = DEFINITIONAL_REPRESENTATION('',(#13448),#13452);
#13448 = LINE('',#13449,#13450);
#13449 = CARTESIAN_POINT('',(0.335651838573,0.786552668676));
#13450 = VECTOR('',#13451,1.);
#13451 = DIRECTION('',(-0.,-1.));
#13452 = ( GEOMETRIC_REPRESENTATION_CONTEXT(2) 
PARAMETRIC_REPRESENTATION_CONTEXT() REPRESENTATION_CONTEXT('2D SPACE',''
  ) );
#13453 = PCURVE('',#11391,#13454);
#13454 = DEFINITIONAL_REPRESENTATION('',(#13455),#13459);
#13455 = LINE('',#13456,#13457);
#13456 = CARTESIAN_POINT('',(-0.519862336179,0.64444745255));
#13457 = VECTOR('',#13458,1.);
#13458 = DIRECTION('',(-0.,-1.));
#13459 = ( GEOMETRIC_REPRESENTATION_CONTEXT(2) 
PARAMETRIC_REPRESENTATION_CONTEXT() REPRESENTATION_CONTEXT('2D SPACE',''
  ) );
#13460 = ORIENTED_EDGE('',*,*,#13461,.T.);
#13461 = EDGE_CURVE('',#13439,#9420,#13462,.T.);
#13462 = SURFACE_CURVE('',#13463,(#13467,#13474),.PCURVE_S1.);
#13463 = LINE('',#13464,#13465);
#13464 = CARTESIAN_POINT('',(-161.345,24.891693462554,17.264773677223));
#13465 = VECTOR('',#13466,1.);
#13466 = DIRECTION('',(-0.,5.607044723719E-02,0.998426815018));
#13467 = PCURVE('',#11329,#13468);
#13468 = DEFINITIONAL_REPRESENTATION('',(#13469),#13473);
#13469 = LINE('',#13470,#13471);
#13470 = CARTESIAN_POINT('',(20.101974242909,-0.413447331324));
#13471 = VECTOR('',#13472,1.);
#13472 = DIRECTION('',(-1.,-0.));
#13473 = ( GEOMETRIC_REPRESENTATION_CONTEXT(2) 
PARAMETRIC_REPRESENTATION_CONTEXT() REPRESENTATION_CONTEXT('2D SPACE',''
  ) );
#13474 = PCURVE('',#11444,#13475);
#13475 = DEFINITIONAL_REPRESENTATION('',(#13476),#13480);
#13476 = LINE('',#13477,#13478);
#13477 = CARTESIAN_POINT('',(-16.26477367722,-68.89169346255));
#13478 = VECTOR('',#13479,1.);
#13479 = DIRECTION('',(-0.998426815018,-5.607044723719E-02));
#13480 = ( GEOMETRIC_REPRESENTATION_CONTEXT(2) 
PARAMETRIC_REPRESENTATION_CONTEXT() REPRESENTATION_CONTEXT('2D SPACE',''
  ) );
#13481 = ADVANCED_FACE('',(#13482),#11360,.T.);
#13482 = FACE_BOUND('',#13483,.F.);
#13483 = EDGE_LOOP('',(#13484,#13485,#13486));
#13484 = ORIENTED_EDGE('',*,*,#11346,.F.);
#13485 = ORIENTED_EDGE('',*,*,#13413,.T.);
#13486 = ORIENTED_EDGE('',*,*,#13487,.T.);
#13487 = EDGE_CURVE('',#13391,#9579,#13488,.T.);
#13488 = SURFACE_CURVE('',#13489,(#13493,#13500),.PCURVE_S1.);
#13489 = LINE('',#13490,#13491);
#13490 = CARTESIAN_POINT('',(-161.345,28.019479565787,24.439579835382));
#13491 = VECTOR('',#13492,1.);
#13492 = DIRECTION('',(-0.,-0.167506223305,0.985871018518));
#13493 = PCURVE('',#11360,#13494);
#13494 = DEFINITIONAL_REPRESENTATION('',(#13495),#13499);
#13495 = LINE('',#13496,#13497);
#13496 = CARTESIAN_POINT('',(11.04469141951,-0.413447331324));
#13497 = VECTOR('',#13498,1.);
#13498 = DIRECTION('',(-1.,0.));
#13499 = ( GEOMETRIC_REPRESENTATION_CONTEXT(2) 
PARAMETRIC_REPRESENTATION_CONTEXT() REPRESENTATION_CONTEXT('2D SPACE',''
  ) );
#13500 = PCURVE('',#11444,#13501);
#13501 = DEFINITIONAL_REPRESENTATION('',(#13502),#13506);
#13502 = LINE('',#13503,#13504);
#13503 = CARTESIAN_POINT('',(-23.43957983538,-72.01947956578));
#13504 = VECTOR('',#13505,1.);
#13505 = DIRECTION('',(-0.985871018518,0.167506223305));
#13506 = ( GEOMETRIC_REPRESENTATION_CONTEXT(2) 
PARAMETRIC_REPRESENTATION_CONTEXT() REPRESENTATION_CONTEXT('2D SPACE',''
  ) );
#13507 = ADVANCED_FACE('',(#13508),#11391,.T.);
#13508 = FACE_BOUND('',#13509,.F.);
#13509 = EDGE_LOOP('',(#13510,#13511,#13532));
#13510 = ORIENTED_EDGE('',*,*,#11377,.F.);
#13511 = ORIENTED_EDGE('',*,*,#13512,.T.);
#13512 = EDGE_CURVE('',#9579,#13439,#13513,.T.);
#13513 = SURFACE_CURVE('',#13514,(#13518,#13525),.PCURVE_S1.);
#13514 = LINE('',#13515,#13516);
#13515 = CARTESIAN_POINT('',(-161.345,26.056590110961,35.99231971507));
#13516 = VECTOR('',#13517,1.);
#13517 = DIRECTION('',(-0.,-5.607044723719E-02,0.998426815018));
#13518 = PCURVE('',#11391,#13519);
#13519 = DEFINITIONAL_REPRESENTATION('',(#13520),#13524);
#13520 = LINE('',#13521,#13522);
#13521 = CARTESIAN_POINT('',(0.489405714091,-0.55555254745));
#13522 = VECTOR('',#13523,1.);
#13523 = DIRECTION('',(-1.,2.544076419338E-29));
#13524 = ( GEOMETRIC_REPRESENTATION_CONTEXT(2) 
PARAMETRIC_REPRESENTATION_CONTEXT() REPRESENTATION_CONTEXT('2D SPACE',''
  ) );
#13525 = PCURVE('',#11444,#13526);
#13526 = DEFINITIONAL_REPRESENTATION('',(#13527),#13531);
#13527 = LINE('',#13528,#13529);
#13528 = CARTESIAN_POINT('',(-34.99231971507,-70.05659011096));
#13529 = VECTOR('',#13530,1.);
#13530 = DIRECTION('',(-0.998426815018,5.607044723719E-02));
#13531 = ( GEOMETRIC_REPRESENTATION_CONTEXT(2) 
PARAMETRIC_REPRESENTATION_CONTEXT() REPRESENTATION_CONTEXT('2D SPACE',''
  ) );
#13532 = ORIENTED_EDGE('',*,*,#13438,.F.);
#13533 = ADVANCED_FACE('',(#13534,#13592),#11444,.T.);
#13534 = FACE_BOUND('',#13535,.F.);
#13535 = EDGE_LOOP('',(#13536,#13537,#13538,#13539,#13540,#13541,#13542,
    #13543,#13544,#13545,#13546,#13547,#13548,#13549,#13550,#13551,
    #13552,#13553,#13554,#13555,#13556,#13557,#13558,#13559,#13560,
    #13561,#13562,#13563,#13564,#13565,#13566,#13567,#13568,#13569,
    #13570,#13571,#13572,#13573,#13574,#13575,#13576,#13577,#13578,
    #13579,#13580,#13581,#13582,#13583,#13584,#13585,#13586,#13587,
    #13588,#13589,#13590,#13591));
#13536 = ORIENTED_EDGE('',*,*,#11466,.F.);
#13537 = ORIENTED_EDGE('',*,*,#11537,.F.);
#13538 = ORIENTED_EDGE('',*,*,#11588,.F.);
#13539 = ORIENTED_EDGE('',*,*,#11685,.F.);
#13540 = ORIENTED_EDGE('',*,*,#11736,.F.);
#13541 = ORIENTED_EDGE('',*,*,#11833,.F.);
#13542 = ORIENTED_EDGE('',*,*,#11884,.F.);
#13543 = ORIENTED_EDGE('',*,*,#11981,.F.);
#13544 = ORIENTED_EDGE('',*,*,#12032,.F.);
#13545 = ORIENTED_EDGE('',*,*,#12129,.F.);
#13546 = ORIENTED_EDGE('',*,*,#12180,.F.);
#13547 = ORIENTED_EDGE('',*,*,#12277,.F.);
#13548 = ORIENTED_EDGE('',*,*,#12328,.F.);
#13549 = ORIENTED_EDGE('',*,*,#12425,.F.);
#13550 = ORIENTED_EDGE('',*,*,#12476,.F.);
#13551 = ORIENTED_EDGE('',*,*,#12573,.F.);
#13552 = ORIENTED_EDGE('',*,*,#12624,.F.);
#13553 = ORIENTED_EDGE('',*,*,#12721,.F.);
#13554 = ORIENTED_EDGE('',*,*,#12772,.F.);
#13555 = ORIENTED_EDGE('',*,*,#12869,.F.);
#13556 = ORIENTED_EDGE('',*,*,#12920,.F.);
#13557 = ORIENTED_EDGE('',*,*,#13017,.F.);
#13558 = ORIENTED_EDGE('',*,*,#13068,.F.);
#13559 = ORIENTED_EDGE('',*,*,#13165,.F.);
#13560 = ORIENTED_EDGE('',*,*,#13216,.F.);
#13561 = ORIENTED_EDGE('',*,*,#13313,.F.);
#13562 = ORIENTED_EDGE('',*,*,#13364,.F.);
#13563 = ORIENTED_EDGE('',*,*,#13461,.F.);
#13564 = ORIENTED_EDGE('',*,*,#13512,.F.);
#13565 = ORIENTED_EDGE('',*,*,#13487,.F.);
#13566 = ORIENTED_EDGE('',*,*,#13390,.F.);
#13567 = ORIENTED_EDGE('',*,*,#13339,.F.);
#13568 = ORIENTED_EDGE('',*,*,#13242,.F.);
#13569 = ORIENTED_EDGE('',*,*,#13191,.F.);
#13570 = ORIENTED_EDGE('',*,*,#13094,.F.);
#13571 = ORIENTED_EDGE('',*,*,#13043,.F.);
#13572 = ORIENTED_EDGE('',*,*,#12946,.F.);
#13573 = ORIENTED_EDGE('',*,*,#12895,.F.);
#13574 = ORIENTED_EDGE('',*,*,#12798,.F.);
#13575 = ORIENTED_EDGE('',*,*,#12747,.F.);
#13576 = ORIENTED_EDGE('',*,*,#12650,.F.);
#13577 = ORIENTED_EDGE('',*,*,#12599,.F.);
#13578 = ORIENTED_EDGE('',*,*,#12502,.F.);
#13579 = ORIENTED_EDGE('',*,*,#12451,.F.);
#13580 = ORIENTED_EDGE('',*,*,#12354,.F.);
#13581 = ORIENTED_EDGE('',*,*,#12303,.F.);
#13582 = ORIENTED_EDGE('',*,*,#12206,.F.);
#13583 = ORIENTED_EDGE('',*,*,#12155,.F.);
#13584 = ORIENTED_EDGE('',*,*,#12058,.F.);
#13585 = ORIENTED_EDGE('',*,*,#12007,.F.);
#13586 = ORIENTED_EDGE('',*,*,#11910,.F.);
#13587 = ORIENTED_EDGE('',*,*,#11859,.F.);
#13588 = ORIENTED_EDGE('',*,*,#11762,.F.);
#13589 = ORIENTED_EDGE('',*,*,#11711,.F.);
#13590 = ORIENTED_EDGE('',*,*,#11614,.F.);
#13591 = ORIENTED_EDGE('',*,*,#11563,.F.);
#13592 = FACE_BOUND('',#13593,.F.);
#13593 = EDGE_LOOP('',(#13594));
#13594 = ORIENTED_EDGE('',*,*,#11429,.F.);
#13595 = ( GEOMETRIC_REPRESENTATION_CONTEXT(3) 
GLOBAL_UNCERTAINTY_ASSIGNED_CONTEXT((#13599)) 
GLOBAL_UNIT_ASSIGNED_CONTEXT((#13596,#13597,#13598)) 
REPRESENTATION_CONTEXT('Context #1',
  '3D Context with UNIT and UNCERTAINTY') );
#13596 = ( LENGTH_UNIT() NAMED_UNIT(*) SI_UNIT(.MILLI.,.METRE.) );
#13597 = ( NAMED_UNIT(*) PLANE_ANGLE_UNIT() SI_UNIT($,.RADIAN.) );
#13598 = ( NAMED_UNIT(*) SI_UNIT($,.STERADIAN.) SOLID_ANGLE_UNIT() );
#13599 = UNCERTAINTY_MEASURE_WITH_UNIT(LENGTH_MEASURE(1.E-07),#13596,
  'distance_accuracy_value','confusion accuracy');
#13600 = PRODUCT_RELATED_PRODUCT_CATEGORY('part',$,(#7));
ENDSEC;
END-ISO-10303-21;
